User_ID,Age,Gender,City_Tier,City_Name,Occupation,Monthly_Income_INR,Rent_Housing_INR,Food_Groceries_INR,Utilities_Bills_INR,Healthcare_INR,Education_Childcare_INR,Entertainment_Dining_INR,Shopping_Lifestyle_INR,Investment_INR,Discretionary_Spending_INR,Essential_Spending_INR,Total_Monthly_Expenses_INR,Monthly_Savings_INR,Savings_Rate_Pct,Discretionary_Ratio_Pct,Financial_Resilience_Score,Emergency_Fund_Months
IN_USR_00001,29,Male,Tier 2,Chandigarh,Marketing Manager,63500,14000,11000,4800,1500,800,2700,2600,14500,5300,32100,37400,26100,41.1,14.2,59,2.7
IN_USR_00002,34,Female,Tier 1,Pune,Operations Executive,101500,34000,18400,4700,3700,5800,5400,6900,9500,12300,66600,78900,22600,22.3,15.6,42,2.4
IN_USR_00003,44,Female,Tier 2,Jaipur,Sales Consultant,51500,12500,7800,3200,2700,4000,4700,3000,8500,7700,30200,37900,13600,26.4,20.3,41,1.6
IN_USR_00004,36,Female,Tier 3,Salem,Data Analyst,85000,10500,14600,4600,3000,4500,4800,6500,21500,11300,37200,48500,36500,42.9,23.3,81,9.5
IN_USR_00005,32,Male,Tier 1,Hyderabad,Operations Executive,88500,27500,12200,4700,4500,3800,7900,6200,11500,14100,52700,66800,21700,24.5,21.1,39,1.5
IN_USR_00006,58,Female,Tier 1,Hyderabad,Healthcare Worker,115000,27500,15000,8000,4800,9800,7600,6800,18000,14400,65100,79500,35500,30.9,18.1,68,7.6
IN_USR_00007,30,Female,Tier 1,Bangalore,Data Analyst,80500,24500,14800,4600,1800,900,8000,4500,15000,12500,46600,59100,21400,26.6,21.2,56,5.7
IN_USR_00008,22,Male,Tier 2,Indore,Operations Executive,85500,18500,11000,4900,3300,2400,7900,3700,18500,11600,40100,51700,33800,39.5,22.4,61,4.2
IN_USR_00009,28,Female,Tier 2,Indore,Freelancer/Consultant,97000,16000,17600,6000,5000,1500,3900,4500,17000,8400,46100,54500,42500,43.8,15.4,94,12.2
IN_USR_00010,41,Male,Tier 1,Pune,Data Analyst,70500,22000,13000,5600,2900,3400,5600,5500,5500,11100,46900,58000,12500,17.7,19.1,36,2.3
IN_USR_00011,49,Male,Tier 3,Nagpur,Marketing Manager,73000,9500,12600,4000,4100,4900,4000,2400,13000,6400,35100,41500,31500,43.2,15.4,80,8.2
IN_USR_00012,36,Male,Tier 1,Chennai,Software Engineer,155500,35500,19000,8300,6300,8800,10700,8900,36000,19600,77900,97500,58000,37.3,20.1,80,9.5
IN_USR_00013,58,Female,Tier 1,Hyderabad,Healthcare Worker,74500,17500,12800,4000,2700,6800,3200,4700,13500,7900,43800,51700,22800,30.6,15.3,48,1.9
IN_USR_00014,43,Male,Tier 1,Mumbai,Teacher/Professor,68500,16500,9200,4000,3800,3000,6100,5000,9000,11100,36500,47600,20900,30.5,23.3,59,5.8
IN_USR_00015,56,Male,Tier 3,Salem,Financial Analyst,92000,13000,12600,5200,2100,5800,9100,4000,25500,13100,38700,51800,40200,43.7,25.3,76,8.3
IN_USR_00016,49,Female,Tier 1,Delhi-NCR,Marketing Manager,60500,18000,9800,4200,1300,4500,4200,4400,6500,8600,37800,46400,14100,23.3,18.5,52,5.1
IN_USR_00017,27,Male,Tier 1,Bangalore,Small Business Owner,128500,35000,25000,8100,5500,200,5800,8100,23000,13900,73800,87700,40800,31.8,15.8,55,3.6
IN_USR_00018,38,Male,Tier 2,Kochi,Marketing Manager,80000,15000,13800,4200,2600,6800,3500,4200,21000,7700,42400,50100,29900,37.4,15.4,83,9.8
IN_USR_00019,26,Male,Tier 2,Chandigarh,Civil Engineer,92500,14500,13000,4800,3500,1500,5400,7300,27500,12700,37300,50000,42500,45.9,25.4,82,10.0
IN_USR_00020,57,Female,Tier 3,Mysore,Financial Analyst,76000,8500,9800,4700,2300,5800,6300,3100,21000,9400,31100,40500,35500,46.7,23.2,71,6.7
IN_USR_00021,53,Female,Tier 3,Mysore,Data Analyst,113000,15000,16000,4500,5700,8800,6300,7600,28000,13900,50000,63900,49100,43.5,21.8,75,7.6
IN_USR_00022,22,Male,Tier 1,Chennai,Financial Analyst,145500,32500,21800,9000,5400,200,9000,11200,39000,20200,68900,89100,56400,38.8,22.7,55,2.8
IN_USR_00023,44,Male,Tier 2,Coimbatore,Data Analyst,96500,22000,18400,5400,4300,4800,9200,7100,17500,16300,54900,71200,25300,26.2,22.9,54,5.5
IN_USR_00024,48,Male,Tier 1,Delhi-NCR,Healthcare Worker,83500,21500,15200,3700,4600,7600,4500,5900,11000,10400,52600,63000,20500,24.6,16.5,44,2.5
IN_USR_00025,36,Male,Tier 1,Mumbai,Healthcare Worker,95500,24500,12000,6800,3300,6700,7700,6900,14000,14600,53300,67900,27600,28.9,21.5,43,1.7
IN_USR_00026,38,Male,Tier 2,Kochi,Software Engineer,103500,21500,15200,7400,3900,10300,4900,7800,15000,12700,58300,71000,32500,31.4,17.9,47,1.9
IN_USR_00027,49,Male,Tier 2,Indore,Small Business Owner,238500,58000,42600,11400,8900,23100,22700,14600,34500,37300,144000,181300,57200,24.0,20.6,39,1.7
IN_USR_00028,41,Female,Tier 2,Kochi,Healthcare Worker,79000,16000,10600,5300,2800,6700,4000,4600,15000,8600,41400,50000,29000,36.7,17.2,77,8.5
IN_USR_00029,41,Female,Tier 1,Pune,Freelancer/Consultant,149000,42000,23200,7200,5800,14000,13100,5700,16000,18800,92200,111000,38000,25.5,16.9,49,3.6
IN_USR_00030,43,Male,Tier 2,Chandigarh,Small Business Owner,131500,22500,17800,5400,3900,9000,12000,4400,29500,16400,58600,75000,56500,43.0,21.9,82,9.6
IN_USR_00031,34,Female,Tier 1,Mumbai,Financial Analyst,162000,50000,31000,12100,9000,14000,8600,11400,16000,20000,116100,136100,25900,16.0,14.7,35,1.8
IN_USR_00032,57,Male,Tier 3,Mysore,Sales Consultant,44500,7500,7800,3500,1900,4300,4200,2700,8000,6900,25000,31900,12600,28.3,21.6,52,4.3
IN_USR_00033,57,Female,Tier 3,Nagpur,Sales Consultant,80000,9500,11200,5200,4100,5700,6200,3500,14500,9700,35700,45400,34600,43.2,21.4,69,6.0
IN_USR_00034,39,Female,Tier 1,Pune,Data Analyst,78500,19000,11800,3600,2200,5100,4700,4200,11500,8900,41700,50600,27900,35.5,17.6,74,8.1
IN_USR_00035,46,Male,Tier 3,Dehradun,Healthcare Worker,87000,8500,12800,6100,4700,8500,5700,5900,19500,11600,40600,52200,34800,40.0,22.2,77,8.3
IN_USR_00036,36,Female,Tier 1,Hyderabad,Sales Consultant,44500,12000,7800,3200,2200,4000,4200,3500,4500,7700,29200,36900,7600,17.1,20.9,39,3.4
IN_USR_00037,58,Male,Tier 1,Hyderabad,Financial Analyst,133000,32500,18800,7100,5100,8000,12300,5800,29500,18100,71500,89600,43400,32.6,20.2,58,4.6
IN_USR_00038,27,Female,Tier 1,Pune,Software Engineer,192000,48000,24000,15000,4100,200,10500,13800,45000,24300,91300,115600,76400,39.8,21.0,64,4.7
IN_USR_00039,52,Male,Tier 2,Chandigarh,Sales Consultant,68500,15500,9200,4400,3400,3200,6100,5400,9000,11500,35700,47200,21300,31.1,24.4,45,2.0
IN_USR_00040,41,Female,Tier 1,Chennai,Marketing Manager,63000,18500,11800,3100,3000,3700,5100,4400,8500,9500,40100,49600,13400,21.3,19.2,43,3.1
IN_USR_00041,24,Female,Tier 2,Coimbatore,Civil Engineer,39500,8000,5800,2900,2100,100,3900,2400,9500,6300,18900,25200,14300,36.2,25.0,72,8.2
IN_USR_00042,49,Male,Tier 2,Coimbatore,Operations Executive,75500,17500,12400,4500,2800,6300,4200,5500,14500,9700,43500,53200,22300,29.5,18.2,46,2.0
IN_USR_00043,50,Male,Tier 2,Indore,Freelancer/Consultant,144500,26500,23000,7700,5700,8900,8000,6400,33500,14400,71800,86200,58300,40.3,16.7,87,10.3
IN_USR_00044,57,Male,Tier 2,Chandigarh,Data Analyst,81500,18000,13000,5700,3900,6400,5700,5700,10000,11400,47000,58400,23100,28.3,19.5,47,2.7
IN_USR_00045,37,Female,Tier 2,Kochi,Sales Consultant,104500,19500,20800,6500,3600,7000,6100,4300,22500,10400,57400,67800,36700,35.1,15.3,60,4.1
IN_USR_00046,56,Male,Tier 1,Chennai,Sales Consultant,82000,26000,16200,5000,2600,3800,4200,3400,9500,7600,53600,61200,20800,25.4,12.4,42,1.2
IN_USR_00047,56,Male,Tier 1,Bangalore,Teacher/Professor,56500,17500,7400,4200,2200,5200,4200,3000,7000,7200,36500,43700,12800,22.7,16.5,40,1.8
IN_USR_00048,25,Female,Tier 3,Warangal,Data Analyst,50000,6500,6200,3300,1100,200,3700,2300,18500,6000,17300,23300,26700,53.4,25.8,69,6.6
IN_USR_00049,48,Male,Tier 2,Ahmedabad,Sales Consultant,93000,16500,15600,5300,4000,4100,9100,3300,22000,12400,45500,57900,35100,37.7,21.4,73,7.6
IN_USR_00050,38,Male,Tier 1,Mumbai,Teacher/Professor,40000,9500,6200,2700,1600,1700,2300,1800,9500,4100,21700,25800,14200,35.5,15.9,54,2.5
IN_USR_00051,36,Female,Tier 2,Coimbatore,Freelancer/Consultant,97000,18500,15800,6400,5500,8700,4300,3700,17000,8000,54900,62900,34100,35.2,12.7,72,7.0
IN_USR_00052,58,Female,Tier 1,Hyderabad,Operations Executive,93000,25500,13200,5700,3500,7100,8700,6200,13500,14900,55000,69900,23100,24.8,21.3,38,1.4
IN_USR_00053,36,Male,Tier 3,Nagpur,Operations Executive,62000,6500,11200,3600,2900,5900,3200,3700,15000,6900,30100,37000,25000,40.3,18.6,74,7.0
IN_USR_00054,27,Female,Tier 1,Delhi-NCR,Civil Engineer,91000,21500,12000,5100,3600,1800,5800,6200,14500,12000,44000,56000,35000,38.5,21.4,57,3.2
IN_USR_00055,38,Female,Tier 1,Hyderabad,Teacher/Professor,96500,33500,16600,6000,3500,4900,6000,6500,11500,12500,64500,77000,19500,20.2,16.2,44,3.4
IN_USR_00056,35,Female,Tier 2,Kochi,Sales Consultant,98500,16000,19400,6300,2900,4900,7200,5700,15500,12900,49500,62400,36100,36.6,20.7,82,10.1
IN_USR_00057,29,Female,Tier 3,Nagpur,Financial Analyst,102500,18000,14600,7000,3800,1500,7000,5400,20000,12400,44900,57300,45200,44.1,21.6,65,5.1
IN_USR_00058,54,Male,Tier 3,Trichy,Healthcare Worker,72000,12500,11600,5200,2300,4200,5400,5800,13500,11200,35800,47000,25000,34.7,23.8,53,3.2
IN_USR_00059,56,Female,Tier 1,Pune,Teacher/Professor,63000,17500,9200,3000,3000,4700,3400,4300,7500,7700,37400,45100,17900,28.4,17.1,58,5.4
IN_USR_00060,46,Female,Tier 3,Nagpur,Financial Analyst,102000,18000,13200,8000,3400,4700,9300,3600,28000,12900,47300,60200,41800,41.0,21.4,57,2.8
IN_USR_00061,31,Female,Tier 3,Salem,Data Analyst,95000,15500,13400,6200,3400,4300,5700,6100,22500,11800,42800,54600,40400,42.5,21.6,91,12.7
IN_USR_00062,53,Male,Tier 2,Chandigarh,Small Business Owner,229500,55500,45800,16000,8600,10500,17900,16900,31000,34800,136400,171200,58300,25.4,20.3,51,4.5
IN_USR_00063,23,Male,Tier 1,Bangalore,Operations Executive,67500,18000,8800,4100,2900,1600,3400,2300,17500,5700,35400,41100,26400,39.1,13.9,76,7.3
IN_USR_00064,37,Female,Tier 3,Salem,Marketing Manager,89500,13500,14000,6000,5000,6100,5100,5100,14500,10200,44600,54800,34700,38.8,18.6,86,10.4
IN_USR_00065,41,Female,Tier 2,Ahmedabad,Operations Executive,48000,12000,9000,2100,1700,3000,2800,3100,6000,5900,27800,33700,14300,29.8,17.5,62,6.2
IN_USR_00066,47,Female,Tier 1,Chennai,Software Engineer,236000,77500,45400,16800,6900,20800,12500,9300,22000,21800,167400,189200,46800,19.8,11.5,45,3.2
IN_USR_00067,30,Male,Tier 3,Nagpur,Software Engineer,132500,21500,16200,7200,3300,3600,7900,6700,30500,14600,51800,66400,66100,49.9,22.0,91,14.9
IN_USR_00068,45,Female,Tier 2,Kochi,Sales Consultant,73500,16500,10800,3300,4300,3600,7200,5400,14000,12600,38500,51100,22400,30.5,24.7,67,8.0
IN_USR_00069,57,Female,Tier 1,Hyderabad,Software Engineer,166000,48000,26000,11100,7800,12500,14800,12800,14500,27600,105400,133000,33000,19.9,20.8,35,1.7
IN_USR_00070,23,Female,Tier 3,Salem,Small Business Owner,56500,8500,8800,3800,2600,200,2400,1800,20000,4200,23900,28100,28400,50.3,14.9,68,5.1
IN_USR_00071,37,Male,Tier 1,Delhi-NCR,Small Business Owner,281500,87500,46000,17900,13800,26200,22300,20200,28000,42500,191400,233900,47600,16.9,18.2,40,3.3
IN_USR_00072,39,Male,Tier 2,Chandigarh,Sales Consultant,93500,23000,17600,4100,4400,6800,9200,4500,12500,13700,55900,69600,23900,25.6,19.7,43,2.2
IN_USR_00073,29,Female,Tier 1,Mumbai,Small Business Owner,250500,74500,30400,17900,7500,900,18500,8400,58000,26900,131200,158100,92400,36.9,17.0,59,3.7
IN_USR_00074,35,Male,Tier 1,Mumbai,Freelancer/Consultant,52500,13500,10400,4200,2200,4600,2400,3800,5000,6200,34900,41100,11400,21.7,15.1,42,2.3
IN_USR_00075,37,Female,Tier 1,Delhi-NCR,Software Engineer,124500,39500,20200,8700,4900,10800,8800,4400,15000,13200,84100,97300,27200,21.8,13.6,50,4.3
IN_USR_00076,24,Female,Tier 1,Bangalore,Software Engineer,230500,76000,35600,10200,11200,3100,21700,10600,27500,32300,136100,168400,62100,26.9,19.2,43,2.0
IN_USR_00077,57,Female,Tier 1,Pune,Teacher/Professor,56500,16000,9600,2500,2700,5200,4500,3900,7500,8400,36000,44400,12100,21.4,18.9,38,1.8
IN_USR_00078,50,Male,Tier 1,Hyderabad,Healthcare Worker,108500,34000,15800,5700,3300,10500,8800,5800,10500,14600,69300,83900,24600,22.7,17.4,38,1.4
IN_USR_00079,49,Male,Tier 2,Kochi,Financial Analyst,128000,20000,25200,8000,6000,8300,11800,9900,20500,21700,67500,89200,38800,30.3,24.3,65,7.5
IN_USR_00080,25,Female,Tier 2,Kochi,Data Analyst,125500,25000,16600,7400,6800,1300,9200,4500,26500,13700,57100,70800,54700,43.6,19.4,67,5.3
IN_USR_00081,49,Male,Tier 2,Coimbatore,Operations Executive,37000,6000,6600,1900,1200,1500,3400,2200,7500,5600,17200,22800,14200,38.4,24.6,58,3.8
IN_USR_00082,23,Male,Tier 2,Chandigarh,Healthcare Worker,95000,18500,12600,5000,3100,2700,7200,7000,17500,14200,41900,56100,38900,40.9,25.3,84,10.5
IN_USR_00083,25,Male,Tier 1,Chennai,Healthcare Worker,119000,35500,18200,5800,4800,1200,5600,7600,23500,13200,65500,78700,40300,33.9,16.8,63,5.4
IN_USR_00084,41,Male,Tier 1,Pune,Software Engineer,88500,22000,17400,6300,4500,5100,4200,4900,13000,9100,55300,64400,24100,27.2,14.1,45,1.9
IN_USR_00085,56,Male,Tier 2,Coimbatore,Civil Engineer,39500,7500,7000,2300,1500,1800,2300,2000,8000,4300,20100,24400,15100,38.2,17.6,75,7.5
IN_USR_00086,40,Male,Tier 1,Delhi-NCR,Financial Analyst,156500,44000,27400,8500,5900,7300,10400,7800,19000,18200,93100,111300,45200,28.9,16.4,62,6.1
IN_USR_00087,43,Male,Tier 1,Mumbai,Data Analyst,134500,40500,21800,6400,6900,8200,13100,8400,13000,21500,83800,105300,29200,21.7,20.4,36,1.4
IN_USR_00088,38,Male,Tier 1,Mumbai,Small Business Owner,80000,19500,14600,4800,4000,6800,5400,6100,10500,11500,49700,61200,18800,23.5,18.8,47,3.8
IN_USR_00089,42,Female,Tier 1,Bangalore,Sales Consultant,107000,32500,19600,6800,3600,4800,7200,3400,15000,10600,67300,77900,29100,27.2,13.6,48,2.7
IN_USR_00090,27,Female,Tier 1,Pune,Software Engineer,222000,75000,36800,10600,9800,3300,21600,11700,34000,33300,135500,168800,53200,24.0,19.7,51,4.8
IN_USR_00091,27,Male,Tier 1,Chennai,Sales Consultant,106500,30500,18000,5800,6000,1200,9200,6800,12000,16000,61500,77500,29000,27.2,20.6,53,4.7
IN_USR_00092,43,Male,Tier 1,Pune,Small Business Owner,174000,44500,31000,11500,9800,16100,10400,10300,18000,20700,112900,133600,40400,23.2,15.5,43,2.5
IN_USR_00093,47,Male,Tier 2,Jaipur,Operations Executive,71500,13500,13200,5200,3300,6400,6000,4600,11000,10600,41600,52200,19300,27.0,20.3,53,4.7
IN_USR_00094,49,Female,Tier 1,Delhi-NCR,Financial Analyst,95500,25500,17400,4600,5700,4700,5500,6600,14000,12100,57900,70000,25500,26.7,17.3,51,3.9
IN_USR_00095,55,Male,Tier 2,Indore,Financial Analyst,133500,25000,17800,9800,6800,11800,6700,6900,25500,13600,71200,84800,48700,36.5,16.0,72,7.1
IN_USR_00096,37,Female,Tier 2,Coimbatore,Sales Consultant,65500,13500,9400,4700,2500,5900,4100,5100,14000,9200,36000,45200,20300,31.0,20.4,56,4.6
IN_USR_00097,40,Female,Tier 2,Ahmedabad,Financial Analyst,81000,18500,10600,4100,3700,7500,5900,2800,18000,8700,44400,53100,27900,34.4,16.4,73,7.8
IN_USR_00098,40,Male,Tier 2,Kochi,Sales Consultant,102500,17000,15800,8000,3000,6900,6200,3200,17500,9400,50700,60100,42400,41.4,15.6,75,7.1
IN_USR_00099,37,Female,Tier 3,Trichy,Marketing Manager,41500,5000,5400,2800,1400,2000,1800,3100,11000,4900,16600,21500,20000,48.2,22.8,91,14.6
IN_USR_00100,52,Female,Tier 2,Jaipur,Software Engineer,142000,24500,18800,11000,6300,9300,12300,5900,23500,18200,69900,88100,53900,38.0,20.7,61,4.3
IN_USR_00101,51,Male,Tier 1,Hyderabad,Freelancer/Consultant,56500,17000,9400,3900,1800,2300,3500,3300,7000,6800,34400,41200,15300,27.1,16.5,54,4.6
IN_USR_00102,55,Female,Tier 1,Pune,Teacher/Professor,72500,23500,11600,3000,4000,3100,4600,3500,12000,8100,45200,53300,19200,26.5,15.2,48,2.9
IN_USR_00103,26,Female,Tier 1,Chennai,Small Business Owner,89000,28500,16000,4700,1900,1500,7900,3400,16000,11300,52600,63900,25100,28.2,17.7,52,3.9
IN_USR_00104,52,Male,Tier 2,Jaipur,Sales Consultant,40000,7000,5000,1900,900,3800,2800,3200,8500,6000,18600,24600,15400,38.5,24.4,62,4.8
IN_USR_00105,34,Female,Tier 1,Bangalore,Small Business Owner,157500,40000,29000,9100,5700,10500,15300,7400,18500,22700,94300,117000,40500,25.7,19.4,52,4.6
IN_USR_00106,45,Female,Tier 2,Coimbatore,Healthcare Worker,50500,9500,10000,2400,1600,2300,3000,2300,10500,5300,25800,31100,19400,38.4,17.0,78,8.2
IN_USR_00107,32,Female,Tier 1,Bangalore,Civil Engineer,86500,30500,12200,6900,5000,3800,6800,4200,11000,11000,58400,69400,17100,19.8,15.9,43,3.1
IN_USR_00108,23,Male,Tier 2,Coimbatore,Sales Consultant,39500,6500,5400,2600,1400,1100,1700,1500,10500,3200,17000,20200,19300,48.9,15.8,79,8.0
IN_USR_00109,50,Male,Tier 2,Indore,Civil Engineer,61000,11000,8600,4800,1300,3100,4300,4600,10000,8900,28800,37700,23300,38.2,23.6,79,9.3
IN_USR_00110,50,Male,Tier 3,Trichy,Sales Consultant,52000,5500,9800,3000,2900,3500,2400,3300,14000,5700,24700,30400,21600,41.5,18.8,69,5.7
IN_USR_00111,44,Male,Tier 2,Kochi,Operations Executive,45500,10000,8800,3000,2400,3200,2200,1800,6000,4000,27400,31400,14100,31.0,12.7,65,6.0
IN_USR_00112,23,Female,Tier 2,Kochi,Sales Consultant,52000,11000,6600,2700,3100,1100,3700,3600,13000,7300,24500,31800,20200,38.8,23.0,56,3.1
IN_USR_00113,42,Male,Tier 1,Chennai,Teacher/Professor,60500,14500,11200,3800,2600,5200,2900,3300,11000,6200,37300,43500,17000,28.1,14.3,59,5.5
IN_USR_00114,55,Male,Tier 1,Mumbai,Civil Engineer,93500,23500,18400,5700,2900,4200,4800,7300,13000,12100,54700,66800,26700,28.6,18.1,56,4.8
IN_USR_00115,56,Male,Tier 2,Chandigarh,Freelancer/Consultant,85500,14500,14600,6500,2900,8200,3600,6300,12500,9900,46700,56600,28900,33.8,17.5,74,8.3
IN_USR_00116,58,Female,Tier 2,Indore,Healthcare Worker,44000,9000,7400,2300,2600,3000,3900,2800,6500,6700,24300,31000,13000,29.5,21.6,45,2.0
IN_USR_00117,25,Male,Tier 1,Hyderabad,Sales Consultant,71000,19000,9400,5300,2300,2100,4300,3500,16000,7800,38100,45900,25100,35.4,17.0,66,5.7
IN_USR_00118,28,Female,Tier 1,Bangalore,Operations Executive,74000,18500,9400,3800,2600,1400,4100,5400,13000,9500,35700,45200,28800,38.9,21.0,66,5.3
IN_USR_00119,58,Female,Tier 1,Mumbai,Sales Consultant,118000,33000,22400,7100,2800,7500,8000,5000,18500,13000,72800,85800,32200,27.3,15.2,44,1.6
IN_USR_00120,40,Female,Tier 2,Coimbatore,Small Business Owner,173500,31000,21000,7700,4400,9700,10700,8700,33000,19400,73800,93200,80300,46.3,20.8,61,3.9
IN_USR_00121,57,Male,Tier 1,Delhi-NCR,Data Analyst,115500,33000,21000,5900,6900,9300,5400,9100,13000,14500,76100,90600,24900,21.6,16.0,47,3.8
IN_USR_00122,43,Female,Tier 2,Chandigarh,Freelancer/Consultant,178500,34000,22000,7400,8700,15800,12700,6700,47500,19400,87900,107300,71200,39.9,18.1,62,3.7
IN_USR_00123,42,Male,Tier 1,Pune,Operations Executive,85000,22500,15800,5200,4100,4900,7600,4100,12500,11700,52500,64200,20800,24.5,18.2,55,5.5
IN_USR_00124,41,Male,Tier 2,Kochi,Small Business Owner,201500,42000,35800,12800,5400,15700,15600,14500,26500,30100,111700,141800,59700,29.6,21.2,58,5.6
IN_USR_00125,24,Male,Tier 1,Hyderabad,Civil Engineer,72000,17500,12600,4100,3700,2000,6700,4800,8500,11500,39900,51400,20600,28.6,22.4,45,2.3
IN_USR_00126,35,Female,Tier 3,Warangal,Teacher/Professor,46500,6000,6200,3600,1600,2800,4000,3100,11500,7100,20200,27300,19200,41.3,26.0,82,10.1
IN_USR_00127,52,Male,Tier 3,Trichy,Teacher/Professor,42000,5000,8400,2200,1300,2200,3500,1900,9000,5400,19100,24500,17500,41.7,22.0,91,12.2
IN_USR_00128,39,Female,Tier 1,Chennai,Teacher/Professor,63000,21000,9600,3400,3200,3100,2700,4900,6500,7600,40300,47900,15100,24.0,15.9,53,4.9
IN_USR_00129,38,Female,Tier 1,Pune,Operations Executive,82500,25500,10800,5300,3600,4500,6600,4700,12500,11300,49700,61000,21500,26.1,18.5,41,1.5
IN_USR_00130,48,Female,Tier 2,Jaipur,Small Business Owner,86000,13000,14200,6600,3100,8300,8000,4600,13000,12600,45200,57800,28200,32.8,21.8,72,8.5
IN_USR_00131,42,Female,Tier 2,Jaipur,Small Business Owner,200500,34500,36000,14800,4300,19100,13000,14400,44000,27400,108700,136100,64400,32.1,20.1,48,2.0
IN_USR_00132,47,Female,Tier 1,Chennai,Operations Executive,43000,9500,7200,1900,2600,2500,4300,2500,7000,6800,23700,30500,12500,29.1,22.3,63,7.0
IN_USR_00133,54,Female,Tier 1,Bangalore,Civil Engineer,52500,16500,9000,3600,1100,3200,3000,3300,6000,6300,33400,39700,12800,24.4,15.9,49,3.7
IN_USR_00134,47,Female,Tier 2,Jaipur,Healthcare Worker,52500,9000,6800,2800,1600,2900,2800,3600,16000,6400,23100,29500,23000,43.8,21.7,70,6.3
IN_USR_00135,58,Male,Tier 1,Delhi-NCR,Marketing Manager,61000,18500,9600,2800,2900,5800,5700,4200,7000,9900,39600,49500,11500,18.9,20.0,39,2.9
IN_USR_00136,40,Female,Tier 2,Chandigarh,Financial Analyst,117500,19500,21200,7500,4300,8600,8000,6700,25000,14700,61100,75800,41700,35.5,19.4,57,3.7
IN_USR_00137,37,Male,Tier 2,Indore,Civil Engineer,40000,9500,5200,2900,2200,2100,2900,1500,9000,4400,21900,26300,13700,34.2,16.7,62,4.9
IN_USR_00138,35,Female,Tier 1,Pune,Sales Consultant,48500,13500,7800,2800,1100,3300,4300,3200,6500,7500,28500,36000,12500,25.8,20.8,54,5.3
IN_USR_00139,35,Male,Tier 1,Delhi-NCR,Data Analyst,139000,48500,27000,5900,8000,5800,9000,9500,16000,18500,95200,113700,25300,18.2,16.3,43,3.7
IN_USR_00140,48,Female,Tier 3,Warangal,Sales Consultant,72000,9500,12600,4800,3000,5700,4400,2800,16500,7200,35600,42800,29200,40.6,16.8,75,7.2
IN_USR_00141,36,Male,Tier 2,Kochi,Sales Consultant,90500,18500,16800,4500,3100,5100,8700,6000,12000,14700,48000,62700,27800,30.7,23.4,63,6.9
IN_USR_00142,48,Male,Tier 1,Bangalore,Data Analyst,147000,33000,24600,10000,3200,12400,9400,6100,22500,15500,83200,98700,48300,32.9,15.7,70,7.3
IN_USR_00143,25,Male,Tier 2,Kochi,Marketing Manager,120500,22000,20200,8100,4000,1100,5900,7600,24000,13500,55400,68900,51600,42.8,19.6,69,5.9
IN_USR_00144,25,Male,Tier 2,Ahmedabad,Teacher/Professor,62500,9500,9200,4100,2200,1000,5100,3200,14000,8300,26000,34300,28200,45.1,24.2,66,5.4
IN_USR_00145,56,Female,Tier 1,Mumbai,Operations Executive,93500,22500,14600,4000,3400,6100,6700,4600,15000,11300,50600,61900,31600,33.8,18.3,58,4.1
IN_USR_00146,27,Female,Tier 2,Jaipur,Teacher/Professor,77500,18000,9600,4300,3400,100,3400,5400,19000,8800,35400,44200,33300,43.0,19.9,84,9.8
IN_USR_00147,35,Female,Tier 1,Delhi-NCR,Operations Executive,41500,10500,5600,2900,2100,3500,3900,2700,6500,6600,24600,31200,10300,24.8,21.2,45,3.1
IN_USR_00148,37,Female,Tier 2,Ahmedabad,Sales Consultant,105000,22500,15200,5700,5800,7100,9300,6900,20500,16200,56300,72500,32500,31.0,22.3,52,3.8
IN_USR_00149,35,Female,Tier 1,Bangalore,Freelancer/Consultant,118500,37500,14400,7400,5100,9900,6800,4700,15500,11500,74300,85800,32700,27.6,13.4,54,4.1
IN_USR_00150,37,Female,Tier 2,Coimbatore,Civil Engineer,52000,12000,8200,3600,2600,3500,4400,2500,6500,6900,29900,36800,15200,29.2,18.8,55,4.6
IN_USR_00151,33,Male,Tier 2,Jaipur,Small Business Owner,62500,14000,9600,4600,1800,5200,2500,3500,11000,6000,35200,41200,21300,34.1,14.6,66,5.9
IN_USR_00152,52,Female,Tier 1,Pune,Teacher/Professor,65500,14500,10600,3300,3900,2700,5800,4200,13000,10000,35000,45000,20500,31.3,22.2,67,7.6
IN_USR_00153,28,Male,Tier 2,Chandigarh,Marketing Manager,126000,25500,23400,6400,4500,1400,8100,7300,34500,15400,61200,76600,49400,39.2,20.1,63,4.4
IN_USR_00154,27,Male,Tier 1,Hyderabad,Healthcare Worker,117500,26500,14200,5500,4700,1500,10200,6800,31500,17000,52400,69400,48100,40.9,24.5,59,3.7
IN_USR_00155,55,Male,Tier 1,Chennai,Freelancer/Consultant,195000,50000,37800,13100,6100,14200,15500,7600,33000,23100,121200,144300,50700,26.0,16.0,41,1.3
IN_USR_00156,35,Male,Tier 2,Coimbatore,Healthcare Worker,50000,9000,8200,3100,2700,4000,3600,2500,10500,6100,27000,33100,16900,33.8,18.4,70,7.3
IN_USR_00157,27,Female,Tier 1,Hyderabad,Marketing Manager,63000,16500,11400,4900,2300,1500,2600,2800,14500,5400,36600,42000,21000,33.3,12.9,62,4.8
IN_USR_00158,44,Female,Tier 1,Chennai,Freelancer/Consultant,166500,38500,28200,12000,8100,7500,8200,10900,31500,19100,94300,113400,53100,31.9,16.8,65,6.3
IN_USR_00159,42,Female,Tier 1,Bangalore,Operations Executive,74000,19500,10400,3400,2000,5000,5400,3700,10000,9100,40300,49400,24600,33.2,18.4,57,4.2
IN_USR_00160,27,Female,Tier 3,Mysore,Operations Executive,53000,7000,6800,4000,3000,1600,3900,2000,12500,5900,22400,28300,24700,46.6,20.8,65,5.0
IN_USR_00161,41,Female,Tier 1,Bangalore,Financial Analyst,129000,33000,18600,9200,4400,12500,10700,7100,19500,17800,77700,95500,33500,26.0,18.6,48,3.5
IN_USR_00162,30,Female,Tier 1,Hyderabad,Civil Engineer,103500,31000,19000,5500,3500,2500,9500,8100,11000,17600,61500,79100,24400,23.6,22.3,41,2.6
IN_USR_00163,34,Female,Tier 1,Hyderabad,Civil Engineer,62000,19500,10600,4900,3200,3700,3500,4300,6500,7800,41900,49700,12300,19.8,15.7,46,3.9
IN_USR_00164,34,Male,Tier 2,Indore,Software Engineer,196000,48000,26800,14100,10400,8700,17800,13700,34000,31500,108000,139500,56500,28.8,22.6,45,2.4
IN_USR_00165,41,Male,Tier 1,Mumbai,Healthcare Worker,103000,23500,20600,6100,3700,7300,9800,6700,14000,16500,61200,77700,25300,24.6,21.2,51,4.8
IN_USR_00166,45,Male,Tier 1,Mumbai,Small Business Owner,258000,68500,44400,10800,15300,20800,16500,17400,44500,33900,159800,193700,64300,24.9,17.5,46,3.1
IN_USR_00167,22,Male,Tier 1,Pune,Teacher/Professor,76500,22500,12800,4400,2700,1800,5800,4200,11000,10000,44200,54200,22300,29.2,18.5,44,1.6
IN_USR_00168,28,Female,Tier 1,Bangalore,Data Analyst,79000,21000,11600,5600,3200,800,3600,5200,15000,8800,42200,51000,28000,35.4,17.3,53,2.5
IN_USR_00169,24,Male,Tier 1,Delhi-NCR,Small Business Owner,90500,28000,12000,7200,2700,500,4500,5200,21000,9700,50400,60100,30400,33.6,16.1,55,3.3
IN_USR_00170,47,Male,Tier 1,Chennai,Healthcare Worker,105500,23500,17800,5100,4600,6700,8700,4300,22000,13000,57700,70700,34800,33.0,18.4,69,7.2
IN_USR_00171,26,Male,Tier 2,Indore,Financial Analyst,103000,19000,16200,5200,5600,1600,8100,6200,24000,14300,47600,61900,41100,39.9,23.1,76,8.2
IN_USR_00172,44,Female,Tier 2,Indore,Financial Analyst,143500,31500,20600,9300,3400,6900,6800,6500,26500,13300,71700,85000,58500,40.8,15.6,81,8.7
IN_USR_00173,54,Female,Tier 1,Mumbai,Freelancer/Consultant,167500,46000,26600,10300,9500,16100,8400,6400,21500,14800,108500,123300,44200,26.4,12.0,46,2.1
IN_USR_00174,50,Male,Tier 3,Mysore,Sales Consultant,45000,5000,6800,2800,2100,2900,3100,2900,10500,6000,19600,25600,19400,43.1,23.4,64,4.8
IN_USR_00175,58,Male,Tier 2,Chandigarh,Operations Executive,37000,6500,6000,1700,1400,3100,3200,2100,5500,5300,18700,24000,13000,35.1,22.1,53,3.0
IN_USR_00176,56,Female,Tier 2,Jaipur,Sales Consultant,63500,16000,8200,4600,3200,3700,6300,3300,9000,9600,35700,45300,18200,28.7,21.2,60,6.1
IN_USR_00177,50,Male,Tier 2,Chandigarh,Marketing Manager,122000,26500,23000,7900,4500,9400,10600,8600,20000,19200,71300,90500,31500,25.8,21.2,49,4.1
IN_USR_00178,56,Female,Tier 2,Chandigarh,Civil Engineer,81000,14500,13400,6300,3300,7600,7200,3000,16000,10200,45100,55300,25700,31.7,18.4,57,4.3
IN_USR_00179,25,Female,Tier 3,Salem,Financial Analyst,74500,8500,10800,3700,4000,900,3600,4600,22500,8200,27900,36100,38400,51.5,22.7,83,9.8
IN_USR_00180,26,Male,Tier 1,Chennai,Operations Executive,92500,31500,13800,7200,3100,0,8000,6200,14000,14200,55600,69800,22700,24.5,20.3,46,3.3
IN_USR_00181,44,Male,Tier 2,Ahmedabad,Marketing Manager,101500,23500,16200,5400,3200,7400,4900,7400,21500,12300,55700,68000,33500,33.0,18.1,71,7.7
IN_USR_00182,25,Male,Tier 1,Hyderabad,Software Engineer,123500,42000,16400,7200,7400,1600,12300,9300,18000,21600,74600,96200,27300,22.1,22.5,39,2.3
IN_USR_00183,39,Male,Tier 2,Kochi,Data Analyst,98500,21500,17000,4100,4400,8200,8400,5100,12500,13500,55200,68700,29800,30.3,19.7,47,2.2
IN_USR_00184,35,Female,Tier 1,Pune,Marketing Manager,130000,40000,15600,8800,6800,12900,8500,4800,13500,13300,84100,97400,32600,25.1,13.7,47,2.8
IN_USR_00185,28,Male,Tier 1,Delhi-NCR,Financial Analyst,121000,39000,21800,5500,7200,500,8700,3700,20500,12400,74000,86400,34600,28.6,14.4,53,3.7
IN_USR_00186,35,Male,Tier 3,Dehradun,Small Business Owner,141000,24000,17800,6200,7100,10600,8900,11000,27500,19900,65700,85600,55400,39.3,23.2,59,3.8
IN_USR_00187,39,Male,Tier 1,Pune,Freelancer/Consultant,137500,44000,24000,10200,6400,8000,9800,7600,17000,17400,92600,110000,27500,20.0,15.8,38,1.9
IN_USR_00188,25,Male,Tier 1,Bangalore,Marketing Manager,127000,38500,16000,9600,2600,1400,7500,6300,29500,13800,68100,81900,45100,35.5,16.8,63,5.1
IN_USR_00189,56,Male,Tier 2,Jaipur,Software Engineer,92500,14000,12600,7100,5400,5900,5300,6100,22500,11400,45000,56400,36100,39.0,20.2,69,6.1
IN_USR_00190,47,Male,Tier 2,Indore,Freelancer/Consultant,85000,15000,12400,5100,2400,7500,6100,4200,19000,10300,42400,52700,32300,38.0,19.5,80,9.3
IN_USR_00191,26,Female,Tier 2,Coimbatore,Marketing Manager,52500,9000,10200,2300,2300,100,4200,3300,9500,7500,23900,31400,21100,40.2,23.9,56,2.8
IN_USR_00192,30,Male,Tier 1,Delhi-NCR,Teacher/Professor,73500,23500,13000,3400,1800,1700,4100,5500,13000,9600,43400,53000,20500,27.9,18.1,43,1.6
IN_USR_00193,49,Female,Tier 2,Kochi,Freelancer/Consultant,65000,13000,10400,2700,3500,3300,3200,4500,16500,7700,32900,40600,24400,37.5,19.0,74,7.7
IN_USR_00194,29,Male,Tier 2,Jaipur,Software Engineer,78000,13500,12400,4300,2000,2200,7100,4500,21500,11600,34400,46000,32000,41.0,25.2,84,10.4
IN_USR_00195,48,Male,Tier 1,Hyderabad,Civil Engineer,60500,20000,10000,2700,2800,2600,3200,3400,6500,6600,38100,44700,15800,26.1,14.8,49,3.1
IN_USR_00196,51,Female,Tier 2,Kochi,Civil Engineer,40500,8500,4800,1900,1700,2400,3100,2200,9000,5300,19300,24600,15900,39.3,21.5,72,6.9
IN_USR_00197,34,Male,Tier 1,Hyderabad,Software Engineer,156500,45500,26800,10600,3200,9400,13400,7600,25000,21000,95500,116500,40000,25.6,18.0,45,2.7
IN_USR_00198,35,Male,Tier 1,Bangalore,Financial Analyst,170500,43500,21000,8400,9200,11000,16000,9000,32500,25000,93100,118100,52400,30.7,21.2,58,5.3
IN_USR_00199,54,Male,Tier 2,Ahmedabad,Data Analyst,127500,26500,19800,10000,3800,7100,7500,8900,27000,16400,67200,83600,43900,34.4,19.6,69,7.2
IN_USR_00200,42,Female,Tier 1,Bangalore,Marketing Manager,72500,23500,12000,3400,1900,4900,4700,4100,12500,8800,45700,54500,18000,24.8,16.1,43,2.1
IN_USR_00201,41,Female,Tier 1,Bangalore,Data Analyst,81500,26500,11800,5600,3600,4300,7400,3000,12000,10400,51800,62200,19300,23.7,16.7,53,5.1
IN_USR_00202,47,Male,Tier 2,Kochi,Financial Analyst,59000,14500,11200,3700,2500,2700,2700,4100,7500,6800,34600,41400,17600,29.8,16.4,47,1.9
IN_USR_00203,36,Male,Tier 1,Hyderabad,Civil Engineer,92000,28000,15800,5800,2800,8200,3800,3100,16500,6900,60600,67500,24500,26.6,10.2,51,3.2
IN_USR_00204,30,Male,Tier 3,Trichy,Data Analyst,47500,8500,5800,3700,1800,1000,3300,2300,11000,5600,20800,26400,21100,44.4,21.2,73,7.0
IN_USR_00205,33,Female,Tier 1,Mumbai,Software Engineer,160500,49000,25600,12100,6300,7300,10100,8200,25000,18300,100300,118600,41900,26.1,15.4,55,4.9
IN_USR_00206,37,Male,Tier 3,Nagpur,Civil Engineer,56500,8000,9000,4300,2300,3600,2900,2600,11000,5500,27200,32700,23800,42.1,16.8,90,11.2
IN_USR_00207,39,Male,Tier 2,Ahmedabad,Teacher/Professor,53500,12000,10600,4200,1300,4200,3000,3800,9500,6800,32300,39100,14400,26.9,17.4,43,1.6
IN_USR_00208,36,Female,Tier 1,Mumbai,Financial Analyst,99000,29500,18200,6700,5600,4100,8100,7700,11000,15800,64100,79900,19100,19.3,19.8,39,2.7
IN_USR_00209,34,Female,Tier 2,Chandigarh,Sales Consultant,40000,6500,5600,2000,1600,1600,3800,1600,7500,5400,17300,22700,17300,43.2,23.8,86,10.9
IN_USR_00210,42,Male,Tier 1,Pune,Financial Analyst,80000,26500,15200,6300,2800,7700,5100,2800,6500,7900,58500,66400,13600,17.0,11.9,34,1.0
IN_USR_00211,32,Female,Tier 2,Ahmedabad,Small Business Owner,133000,22500,26200,9000,7600,11600,7100,7900,18500,15000,76900,91900,41100,30.9,16.3,53,3.4
IN_USR_00212,40,Male,Tier 1,Bangalore,Freelancer/Consultant,170000,56000,30800,10700,4600,10000,15000,10300,19500,25300,112100,137400,32600,19.2,18.4,34,1.2
IN_USR_00213,53,Male,Tier 1,Bangalore,Marketing Manager,104000,36000,13800,7800,2400,8600,8100,7700,10500,15800,68600,84400,19600,18.8,18.7,35,1.7
IN_USR_00214,37,Male,Tier 1,Bangalore,Software Engineer,101000,27500,18000,8000,5600,7000,6300,5800,10000,12100,66100,78200,22800,22.6,15.5,44,2.9
IN_USR_00215,58,Male,Tier 1,Bangalore,Software Engineer,175000,39000,24600,7700,5900,16300,8700,5900,45500,14600,93500,108100,66900,38.2,13.5,85,9.8
IN_USR_00216,43,Female,Tier 2,Ahmedabad,Small Business Owner,93500,19500,14400,3900,3100,9200,6000,5400,21500,11400,50100,61500,32000,34.2,18.5,64,5.7
IN_USR_00217,40,Female,Tier 1,Bangalore,Healthcare Worker,120000,29000,17800,6900,3800,9600,9100,4800,16000,13900,67100,81000,39000,32.5,17.2,52,2.8
IN_USR_00218,40,Male,Tier 1,Bangalore,Operations Executive,99500,27000,15800,6600,2400,7200,5100,7400,14500,12500,59000,71500,28000,28.1,17.5,52,3.8
IN_USR_00219,38,Female,Tier 1,Mumbai,Operations Executive,83000,19000,15000,5500,1900,5000,6000,6500,14000,12500,46400,58900,24100,29.0,21.2,55,4.7
IN_USR_00220,46,Female,Tier 3,Nagpur,Sales Consultant,56000,7500,7000,4300,2700,3900,5300,3900,13000,9200,25400,34600,21400,38.2,26.6,74,8.3
IN_USR_00221,29,Female,Tier 1,Mumbai,Marketing Manager,81000,19000,12400,6400,3000,2400,6300,5800,12500,12100,43200,55300,25700,31.7,21.9,68,7.7
IN_USR_00222,26,Male,Tier 1,Hyderabad,Teacher/Professor,59000,19500,9600,4500,1200,1200,4400,4100,6500,8500,36000,44500,14500,24.6,19.1,41,1.9
IN_USR_00223,58,Male,Tier 3,Dehradun,Data Analyst,74500,12500,14200,5600,2300,5900,5500,4000,11000,9500,40500,50000,24500,32.9,19.0,58,4.5
IN_USR_00224,47,Male,Tier 1,Delhi-NCR,Marketing Manager,59000,18500,11400,4500,1200,5300,3400,2600,6500,6000,40900,46900,12100,20.5,12.8,45,3.2
IN_USR_00225,28,Male,Tier 1,Chennai,Sales Consultant,88500,22500,13600,5800,2400,600,7900,5900,18500,13800,44900,58700,29800,33.7,23.5,71,8.3
IN_USR_00226,25,Male,Tier 1,Chennai,Teacher/Professor,65000,15500,12200,4900,1400,400,5800,4700,9500,10500,34400,44900,20100,30.9,23.4,55,4.7
IN_USR_00227,45,Male,Tier 1,Hyderabad,Teacher/Professor,64500,19500,8400,2700,2300,4900,3300,4700,11000,8000,37800,45800,18700,29.0,17.5,51,3.4
IN_USR_00228,32,Female,Tier 2,Coimbatore,Data Analyst,87500,13500,10800,6500,4500,4600,4700,3600,18000,8300,39900,48200,39300,44.9,17.2,86,10.0
IN_USR_00229,54,Male,Tier 3,Nagpur,Software Engineer,169500,29500,29200,10900,3400,9300,15000,7700,44500,22700,82300,105000,64500,38.1,21.6,74,7.9
IN_USR_00230,49,Female,Tier 3,Warangal,Operations Executive,42000,6000,7400,3100,1500,1900,3000,2700,10500,5700,19900,25600,16400,39.0,22.3,67,5.9
IN_USR_00231,40,Female,Tier 2,Ahmedabad,Data Analyst,94000,23500,16000,7000,2900,7800,8800,4200,10500,13000,57200,70200,23800,25.3,18.5,53,4.8
IN_USR_00232,25,Female,Tier 2,Coimbatore,Financial Analyst,149500,23000,23800,7700,8400,1800,12600,8800,44500,21400,64700,86100,63400,42.4,24.9,89,11.7
IN_USR_00233,43,Male,Tier 2,Coimbatore,Sales Consultant,82000,16500,15400,6000,4500,4200,3800,3000,13500,6800,46600,53400,28600,34.9,12.7,73,7.3
IN_USR_00234,33,Female,Tier 2,Chandigarh,Civil Engineer,49500,11000,7200,3500,1600,2800,2900,3600,9000,6500,26100,32600,16900,34.1,19.9,72,8.1
IN_USR_00235,26,Female,Tier 3,Dehradun,Data Analyst,118500,15500,17000,5000,6400,500,6200,6000,35500,12200,44400,56600,61900,52.2,21.6,91,18.1
IN_USR_00236,51,Male,Tier 1,Chennai,Financial Analyst,75500,21500,12800,3600,3400,3000,4300,5100,10000,9400,44300,53700,21800,28.9,17.5,59,5.6
IN_USR_00237,53,Male,Tier 1,Hyderabad,Small Business Owner,187000,51000,36800,10300,4000,9700,11700,5700,28500,17400,111800,129200,57800,30.9,13.5,65,6.3
IN_USR_00238,34,Male,Tier 2,Coimbatore,Marketing Manager,74500,16500,11000,3400,2600,5600,3700,5300,13000,9000,39100,48100,26400,35.4,18.7,59,4.2
IN_USR_00239,55,Female,Tier 1,Chennai,Financial Analyst,115000,40000,18400,8100,3100,10900,10200,3600,9500,13800,80500,94300,20700,18.0,14.6,43,3.6
IN_USR_00240,35,Male,Tier 2,Chandigarh,Data Analyst,98000,21500,18000,5400,4500,8500,7600,5900,11000,13500,57900,71400,26600,27.1,18.9,43,1.9
IN_USR_00241,23,Male,Tier 2,Ahmedabad,Sales Consultant,85000,14000,12000,5800,2400,1700,3400,4300,18000,7700,35900,43600,41400,48.7,17.7,86,10.1
IN_USR_00242,30,Female,Tier 2,Jaipur,Teacher/Professor,77000,16500,11000,5500,3100,1400,6700,5500,19000,12200,37500,49700,27300,35.5,24.5,60,5.1
IN_USR_00243,48,Female,Tier 1,Pune,Sales Consultant,71500,22000,11400,3500,1500,3200,3300,4200,12500,7500,41600,49100,22400,31.3,15.3,68,7.2
IN_USR_00244,54,Male,Tier 2,Jaipur,Operations Executive,77000,13500,15400,4000,3000,3500,3900,2500,15000,6400,39400,45800,31200,40.5,14.0,85,9.4
IN_USR_00245,42,Female,Tier 2,Jaipur,Software Engineer,77500,18000,13400,3600,2700,5100,6000,5700,10000,11700,42800,54500,23000,29.7,21.5,61,6.4
IN_USR_00246,33,Male,Tier 1,Hyderabad,Operations Executive,103000,28000,19400,7400,4700,9000,4800,6700,9500,11500,68500,80000,23000,22.3,14.4,51,4.5
IN_USR_00247,32,Male,Tier 1,Pune,Sales Consultant,106500,26000,16000,5800,2300,8600,9600,8400,13000,18000,58700,76700,29800,28.0,23.5,60,6.7
IN_USR_00248,29,Female,Tier 1,Bangalore,Operations Executive,89500,23500,15800,6000,4500,1500,6600,7100,14500,13700,51300,65000,24500,27.4,21.1,48,3.2
IN_USR_00249,55,Male,Tier 1,Chennai,Marketing Manager,124500,33000,21600,6900,6700,9200,12400,4100,18000,16500,77400,93900,30600,24.6,17.6,42,1.9
IN_USR_00250,52,Female,Tier 3,Mysore,Sales Consultant,65500,8000,13000,2800,1900,5100,4200,2700,15000,6900,30800,37700,27800,42.4,18.3,88,10.7
IN_USR_00251,50,Male,Tier 3,Warangal,Civil Engineer,36500,6500,6600,1500,1300,1500,2700,2600,9000,5300,17400,22700,13800,37.8,23.3,84,10.8
IN_USR_00252,41,Male,Tier 2,Ahmedabad,Civil Engineer,59000,13500,11000,4400,2000,5100,4500,3900,7500,8400,36000,44400,14600,24.7,18.9,46,3.2
IN_USR_00253,28,Male,Tier 1,Delhi-NCR,Small Business Owner,145500,42500,21800,6400,8100,2100,13000,9800,22000,22800,80900,103700,41800,28.7,22.0,48,3.0
IN_USR_00254,34,Male,Tier 1,Hyderabad,Marketing Manager,120500,39500,16200,6400,6100,5200,9400,7700,13000,17100,73400,90500,30000,24.9,18.9,54,5.2
IN_USR_00255,51,Male,Tier 3,Mysore,Teacher/Professor,66500,7000,13000,4900,2600,4700,6300,2600,14500,8900,32200,41100,25400,38.2,21.7,77,8.7
IN_USR_00256,30,Male,Tier 1,Pune,Freelancer/Consultant,149000,42500,22400,11800,8400,3400,8400,11600,28000,20000,88500,108500,40500,27.2,18.4,50,3.7
IN_USR_00257,30,Male,Tier 1,Chennai,Teacher/Professor,57000,19000,9400,3000,2800,900,3000,2300,10000,5300,35100,40400,16600,29.1,13.1,59,5.0
IN_USR_00258,30,Male,Tier 2,Coimbatore,Small Business Owner,134500,29500,24400,8400,5800,3800,11100,8600,28500,19700,71900,91600,42900,31.9,21.5,59,5.3
IN_USR_00259,49,Male,Tier 2,Jaipur,Healthcare Worker,59000,9000,7400,3000,3000,5800,4800,2200,10000,7000,28200,35200,23800,40.3,19.9,84,9.8
IN_USR_00260,35,Male,Tier 1,Hyderabad,Data Analyst,150500,50000,27000,11200,7500,11100,8200,10400,16000,18600,106800,125400,25100,16.7,14.8,34,1.4
IN_USR_00261,25,Female,Tier 1,Chennai,Civil Engineer,82000,18500,14800,3900,4500,2100,5500,3400,17500,8900,43800,52700,29300,35.7,16.9,71,7.2
IN_USR_00262,45,Male,Tier 2,Chandigarh,Operations Executive,64500,11000,11200,3100,1700,4600,4000,3300,14500,7300,31600,38900,25600,39.7,18.8,61,3.6
IN_USR_00263,38,Male,Tier 1,Chennai,Financial Analyst,69500,16500,10200,2900,4000,5300,5500,3800,12000,9300,38900,48200,21300,30.6,19.3,53,3.8
IN_USR_00264,42,Male,Tier 3,Dehradun,Data Analyst,99000,11000,16200,5600,3400,9200,7900,4600,20000,12500,45400,57900,41100,41.5,21.6,91,12.2
IN_USR_00265,55,Female,Tier 3,Nagpur,Software Engineer,89500,13500,14000,6800,4000,6900,8700,5700,15000,14400,45200,59600,29900,33.4,24.2,72,8.6
IN_USR_00266,29,Female,Tier 1,Chennai,Operations Executive,42000,14000,7800,2300,2200,600,1800,3100,4500,4900,26900,31800,10200,24.3,15.4,47,3.3
IN_USR_00267,28,Male,Tier 3,Dehradun,Teacher/Professor,26000,4000,3600,1700,700,500,2300,1000,8000,3300,10500,13800,12200,46.9,23.9,90,14.7
IN_USR_00268,49,Male,Tier 2,Chandigarh,Software Engineer,195500,43500,24000,8400,5300,10800,8600,13900,54500,22500,92000,114500,81000,41.4,19.7,72,6.6
IN_USR_00269,50,Female,Tier 1,Bangalore,Healthcare Worker,64000,18500,11000,4100,3200,4800,5300,2200,10000,7500,41600,49100,14900,23.3,15.3,40,1.5
IN_USR_00270,41,Male,Tier 1,Hyderabad,Healthcare Worker,105500,34500,13000,4900,3000,8900,9300,7600,12000,16900,64300,81200,24300,23.0,20.8,46,3.8
IN_USR_00271,41,Female,Tier 3,Mysore,Teacher/Professor,56500,6500,7000,3600,2000,4100,2500,2300,17500,4800,23200,28000,28500,50.4,17.1,93,13.5
IN_USR_00272,35,Female,Tier 3,Dehradun,Financial Analyst,64500,7500,11000,3200,1600,5200,4800,2100,18000,6900,28500,35400,29100,45.1,19.5,92,14.2
IN_USR_00273,57,Female,Tier 2,Jaipur,Operations Executive,79000,12500,10200,5500,3100,4700,3800,5000,14500,8800,36000,44800,34200,43.3,19.6,82,9.3
IN_USR_00274,34,Female,Tier 1,Delhi-NCR,Freelancer/Consultant,144000,44500,19000,9000,7500,14000,7200,6600,23000,13800,94000,107800,36200,25.1,12.8,53,4.2
IN_USR_00275,49,Female,Tier 2,Chandigarh,Small Business Owner,242000,44500,38400,14000,12300,16800,11300,15100,38000,26400,126000,152400,89600,37.0,17.3,62,4.3
IN_USR_00276,30,Male,Tier 1,Chennai,Data Analyst,69000,23000,13000,4500,3600,1200,5900,2800,6000,8700,45300,54000,15000,21.7,16.1,40,1.9
IN_USR_00277,56,Female,Tier 2,Chandigarh,Civil Engineer,60500,10500,11000,4200,1900,4100,4300,3000,12000,7300,31700,39000,21500,35.5,18.7,70,7.0
IN_USR_00278,32,Male,Tier 1,Mumbai,Freelancer/Consultant,96000,30500,15200,5200,2800,6600,4200,4700,11000,8900,60300,69200,26800,27.9,12.9,48,2.3
IN_USR_00279,45,Female,Tier 1,Hyderabad,Software Engineer,98500,34000,14400,6700,4000,8800,8900,4300,10000,13200,67900,81100,17400,17.7,16.3,34,1.3
IN_USR_00280,46,Female,Tier 2,Jaipur,Teacher/Professor,46500,8500,9000,2800,1600,4300,3200,2500,8500,5700,26200,31900,14600,31.4,17.9,58,4.7
IN_USR_00281,30,Female,Tier 1,Bangalore,Teacher/Professor,83000,21500,11000,3800,3700,2000,6600,4200,15000,10800,42000,52800,30200,36.4,20.5,55,3.1
IN_USR_00282,52,Female,Tier 1,Mumbai,Small Business Owner,181500,40500,22400,11400,4800,14100,7700,10600,29000,18300,93200,111500,70000,38.6,16.4,64,4.4
IN_USR_00283,33,Female,Tier 2,Indore,Small Business Owner,55000,13000,9800,4000,3200,2900,4200,2900,8000,7100,32900,40000,15000,27.3,17.8,46,2.5
IN_USR_00284,48,Male,Tier 2,Chandigarh,Freelancer/Consultant,179000,31500,31800,9600,6800,13500,9600,8800,29000,18400,93200,111600,67400,37.7,16.5,61,3.8
IN_USR_00285,54,Female,Tier 2,Indore,Data Analyst,73500,14500,12400,3100,3800,5200,3500,4000,12000,7500,39000,46500,27000,36.7,16.1,71,6.7
IN_USR_00286,22,Female,Tier 2,Kochi,Software Engineer,214000,41500,41800,12700,10900,2300,18900,16100,45500,35000,109200,144200,69800,32.6,24.3,61,6.0
IN_USR_00287,49,Male,Tier 1,Mumbai,Data Analyst,100000,30000,16400,5000,2000,8500,4000,5600,16000,9600,61900,71500,28500,28.5,13.4,52,3.3
IN_USR_00288,35,Female,Tier 1,Bangalore,Financial Analyst,127500,39000,17800,9500,4700,7900,7200,8200,21000,15400,78900,94300,33200,26.0,16.3,48,3.2
IN_USR_00289,57,Female,Tier 1,Pune,Teacher/Professor,71000,18000,10200,3800,3400,6000,6500,4500,11500,11000,41400,52400,18600,26.2,21.0,48,3.6
IN_USR_00290,32,Male,Tier 1,Hyderabad,Civil Engineer,100500,29500,17600,6900,2700,9800,4100,3500,11500,7600,66500,74100,26400,26.3,10.3,58,5.2
IN_USR_00291,49,Male,Tier 1,Mumbai,Civil Engineer,46500,14000,8200,3600,1700,3700,2700,3600,4000,6300,31200,37500,9000,19.4,16.8,43,3.3
IN_USR_00292,33,Female,Tier 1,Mumbai,Small Business Owner,213500,55000,26200,13700,8700,11500,10700,6800,38000,17500,115100,132600,80900,37.9,13.2,56,2.1
IN_USR_00293,32,Male,Tier 3,Warangal,Civil Engineer,67000,9000,11200,4100,3300,3000,3000,3000,19500,6000,30600,36600,30400,45.4,16.4,93,13.0
IN_USR_00294,44,Female,Tier 3,Trichy,Marketing Manager,106000,19000,16600,6000,2100,5400,7500,6100,24000,13600,49100,62700,43300,40.8,21.7,68,5.9
IN_USR_00295,29,Female,Tier 3,Dehradun,Operations Executive,68500,9500,10200,4100,2000,700,5900,4400,21000,10300,26500,36800,31700,46.3,28.0,89,14.9
IN_USR_00296,52,Male,Tier 1,Hyderabad,Small Business Owner,124000,38000,17200,6500,7200,8800,5000,8900,15500,13900,77700,91600,32400,26.1,15.2,43,1.7
IN_USR_00297,43,Male,Tier 2,Chandigarh,Sales Consultant,76000,14000,14600,3900,4400,6200,7200,4200,10000,11400,43100,54500,21500,28.3,20.9,57,5.5
IN_USR_00298,38,Male,Tier 1,Mumbai,Freelancer/Consultant,159000,38000,20400,12200,7500,12700,12200,10800,25500,23000,90800,113800,45200,28.4,20.2,43,1.7
IN_USR_00299,52,Female,Tier 2,Ahmedabad,Freelancer/Consultant,117000,23500,23200,9000,3700,6200,8700,3800,25000,12500,65600,78100,38900,33.2,16.0,61,4.9
IN_USR_00300,56,Male,Tier 2,Ahmedabad,Small Business Owner,96000,19000,12400,5800,3100,3900,7700,4700,17000,12400,44200,56600,39400,41.0,21.9,69,6.2
IN_USR_00301,38,Male,Tier 2,Chandigarh,Operations Executive,66000,16000,9800,3100,2400,4300,5600,3200,11000,8800,35600,44400,21600,32.7,19.8,59,4.8
IN_USR_00302,58,Male,Tier 3,Nagpur,Marketing Manager,49500,8000,9200,3100,2700,2600,4400,3300,9000,7700,25600,33300,16200,32.7,23.1,47,2.0
IN_USR_00303,48,Female,Tier 1,Chennai,Teacher/Professor,74500,23500,13600,3900,3200,5500,4800,4800,6500,9600,49700,59300,15200,20.4,16.2,45,3.7
IN_USR_00304,52,Male,Tier 1,Delhi-NCR,Operations Executive,67500,18000,11200,4900,2300,4400,4100,4300,10500,8400,40800,49200,18300,27.1,17.1,53,4.2
IN_USR_00305,56,Male,Tier 3,Trichy,Civil Engineer,48000,7500,7600,3300,2700,3000,2700,3000,8000,5700,24100,29800,18200,37.9,19.1,59,3.7
IN_USR_00306,43,Female,Tier 2,Indore,Healthcare Worker,49500,8000,7400,2600,2300,4100,3800,2500,12500,6300,24400,30700,18800,38.0,20.5,78,8.9
IN_USR_00307,45,Female,Tier 1,Mumbai,Software Engineer,124000,39000,21400,9600,6000,5600,6200,4400,13500,10600,81600,92200,31800,25.6,11.5,56,4.9
IN_USR_00308,57,Male,Tier 1,Hyderabad,Teacher/Professor,92000,32000,11800,6000,2200,8800,5800,3800,13500,9600,60800,70400,21600,23.5,13.6,46,2.8
IN_USR_00309,30,Male,Tier 2,Chandigarh,Software Engineer,84000,18000,15800,4500,3300,2500,6100,3700,16000,9800,44100,53900,30100,35.8,18.2,79,9.3
IN_USR_00310,56,Male,Tier 2,Ahmedabad,Small Business Owner,246500,52500,40800,15000,11200,14400,15000,14000,53500,29000,133900,162900,83600,33.9,17.8,61,4.9
IN_USR_00311,45,Female,Tier 1,Delhi-NCR,Software Engineer,86500,25000,15600,3900,2700,6200,7000,4700,13500,11700,53400,65100,21400,24.7,18.0,44,2.5
IN_USR_00312,49,Female,Tier 2,Jaipur,Teacher/Professor,54500,9000,10400,3100,1600,4500,4300,3900,8500,8200,28600,36800,17700,32.5,22.3,49,2.4
IN_USR_00313,37,Female,Tier 1,Chennai,Teacher/Professor,95500,24500,12800,4100,2400,4500,6400,5000,22000,11400,48300,59700,35800,37.5,19.1,68,6.2
IN_USR_00314,42,Male,Tier 1,Pune,Software Engineer,142500,49500,20400,6400,5300,5800,6500,4400,20500,10900,87400,98300,44200,31.0,11.1,57,3.9
IN_USR_00315,53,Female,Tier 1,Bangalore,Civil Engineer,46500,15500,9200,2000,2400,2100,3200,1800,6500,5000,31200,36200,10300,22.2,13.8,49,4.0
IN_USR_00316,22,Male,Tier 3,Nagpur,Marketing Manager,81000,13000,12600,5600,1700,1100,7000,4500,24500,11500,34000,45500,35500,43.8,25.3,77,8.6
IN_USR_00317,41,Female,Tier 1,Chennai,Software Engineer,252000,72500,35400,16500,7000,23500,23100,10300,27500,33400,154900,188300,63700,25.3,17.7,50,4.1
IN_USR_00318,42,Male,Tier 1,Delhi-NCR,Freelancer/Consultant,88000,24000,12200,6900,3800,7200,7200,3300,15000,10500,54100,64600,23400,26.6,16.3,46,2.5
IN_USR_00319,53,Male,Tier 2,Kochi,Small Business Owner,65500,10000,11200,4500,3400,3100,3500,5200,15500,8700,32200,40900,24600,37.6,21.3,77,8.7
IN_USR_00320,50,Male,Tier 1,Hyderabad,Civil Engineer,95000,22500,18200,5600,3600,5500,7800,3800,13000,11600,55400,67000,28000,29.5,17.3,52,3.4
IN_USR_00321,51,Female,Tier 3,Dehradun,Teacher/Professor,34500,3500,4600,1800,1100,2100,1400,2100,9000,3500,13100,16600,17900,51.9,21.1,72,6.9
IN_USR_00322,23,Female,Tier 2,Chandigarh,Civil Engineer,82500,13000,16200,6000,2300,1700,7100,3100,16000,10200,39200,49400,33100,40.1,20.6,70,6.3
IN_USR_00323,42,Male,Tier 1,Chennai,Data Analyst,64000,21000,8400,4800,1800,4400,2900,3700,11000,6600,40400,47000,17000,26.6,14.0,54,4.3
IN_USR_00324,55,Female,Tier 1,Mumbai,Freelancer/Consultant,73000,16000,14200,4800,4200,6600,5000,4500,9000,9500,45800,55300,17700,24.2,17.2,50,4.3
IN_USR_00325,48,Female,Tier 2,Jaipur,Freelancer/Consultant,114500,23000,20400,8400,2600,6100,8100,4000,19500,12100,60500,72600,41900,36.6,16.7,64,5.0
IN_USR_00326,34,Male,Tier 2,Chandigarh,Teacher/Professor,79000,16500,14200,5600,3400,6400,6500,4100,9500,10600,46100,56700,22300,28.2,18.7,59,5.7
IN_USR_00327,57,Female,Tier 2,Coimbatore,Financial Analyst,125000,31000,19400,6800,4100,12400,7400,6100,24000,13500,73700,87200,37800,30.2,15.5,55,4.0
IN_USR_00328,42,Male,Tier 2,Chandigarh,Healthcare Worker,73500,13500,11400,5800,1500,3100,4200,2300,14000,6500,35300,41800,31700,43.1,15.6,92,11.5
IN_USR_00329,22,Female,Tier 3,Salem,Civil Engineer,31000,5000,6000,2300,1800,500,2300,1800,5000,4100,15600,19700,11300,36.5,20.8,65,5.8
IN_USR_00330,31,Male,Tier 1,Pune,Marketing Manager,87000,22000,12600,5500,3700,4600,3900,4000,16500,7900,48400,56300,30700,35.3,14.0,65,5.3
IN_USR_00331,58,Male,Tier 2,Kochi,Software Engineer,175000,27500,21800,12400,5900,15600,11400,12800,44500,24200,83200,107400,67600,38.6,22.5,62,4.5
IN_USR_00332,22,Female,Tier 1,Pune,Software Engineer,182500,53000,24000,11000,5300,300,15300,9100,34500,24400,93600,118000,64500,35.3,20.7,67,6.6
IN_USR_00333,54,Male,Tier 1,Delhi-NCR,Healthcare Worker,68500,16000,8600,4300,1500,4400,3100,3800,17000,6900,34800,41700,26800,39.1,16.5,60,3.4
IN_USR_00334,30,Female,Tier 2,Ahmedabad,Healthcare Worker,65500,13500,13000,4000,1900,500,4300,4200,14000,8500,32900,41400,24100,36.8,20.5,56,3.1
IN_USR_00335,48,Female,Tier 1,Mumbai,Civil Engineer,66000,19500,8000,3400,3900,5100,6600,3400,7000,10000,39900,49900,16100,24.4,20.0,39,1.4
IN_USR_00336,36,Male,Tier 2,Chandigarh,Data Analyst,64500,14500,9000,4200,1700,5800,3700,3000,14500,6700,35200,41900,22600,35.0,16.0,60,4.1
IN_USR_00337,52,Male,Tier 1,Chennai,Teacher/Professor,50500,12500,8200,2500,2000,4200,2400,3300,6000,5700,29400,35100,15400,30.5,16.2,59,4.9
IN_USR_00338,55,Male,Tier 1,Bangalore,Operations Executive,55500,18000,9400,2300,2600,2200,3500,2400,10000,5900,34500,40400,15100,27.2,14.6,55,4.5
IN_USR_00339,28,Male,Tier 1,Chennai,Healthcare Worker,81000,28000,13000,5500,4500,1200,6100,2800,9000,8900,52200,61100,19900,24.6,14.6,55,5.2
IN_USR_00340,57,Male,Tier 1,Pune,Operations Executive,65500,18500,11800,2700,3100,4000,3800,5200,11500,9000,40100,49100,16400,25.0,18.3,44,2.5
IN_USR_00341,25,Female,Tier 3,Mysore,Teacher/Professor,41000,5000,6000,2300,1000,900,2900,2600,13500,5500,15200,20700,20300,49.5,26.6,89,14.1
IN_USR_00342,48,Male,Tier 2,Ahmedabad,Operations Executive,74500,13500,12200,3600,1900,5400,6600,5400,13000,12000,36600,48600,25900,34.8,24.7,69,7.6
IN_USR_00343,55,Male,Tier 1,Mumbai,Small Business Owner,228000,77500,33200,14200,13200,10700,13500,16900,30000,30400,148800,179200,48800,21.4,17.0,46,3.7
IN_USR_00344,48,Female,Tier 1,Chennai,Small Business Owner,280000,71500,51000,12400,7700,24000,21500,12100,45500,33600,166600,200200,79800,28.5,16.8,48,2.7
IN_USR_00345,36,Male,Tier 2,Kochi,Data Analyst,112500,18500,21200,6600,5200,5700,7100,6000,19000,13100,57200,70300,42200,37.5,18.6,60,4.0
IN_USR_00346,48,Male,Tier 3,Warangal,Marketing Manager,61000,10000,7600,4700,3600,5600,4200,2800,12000,7000,31500,38500,22500,36.9,18.2,60,4.1
IN_USR_00347,47,Male,Tier 2,Ahmedabad,Civil Engineer,61000,13000,11000,3900,2500,5600,5300,3400,8500,8700,36000,44700,16300,26.7,19.5,56,5.5
IN_USR_00348,24,Male,Tier 2,Ahmedabad,Software Engineer,176500,35500,30000,7400,5600,2100,10300,12600,39500,22900,80600,103500,73000,41.4,22.1,72,6.9
IN_USR_00349,25,Male,Tier 1,Chennai,Sales Consultant,54000,17000,7000,3800,3100,1100,2600,2700,9000,5300,32000,37300,16700,30.9,14.2,51,2.6
IN_USR_00350,34,Female,Tier 1,Delhi-NCR,Small Business Owner,272000,88000,48200,12200,6700,18200,16800,15300,34500,32100,173300,205400,66600,24.5,15.6,52,4.5
IN_USR_00351,54,Male,Tier 1,Hyderabad,Software Engineer,138000,46500,22800,9200,3600,12700,7000,9100,14500,16100,94800,110900,27100,19.6,14.5,38,1.8
IN_USR_00352,50,Female,Tier 2,Jaipur,Financial Analyst,81500,12500,14800,3300,3300,5700,7200,4900,16500,12100,39600,51700,29800,36.6,23.4,58,4.1
IN_USR_00353,52,Female,Tier 1,Bangalore,Freelancer/Consultant,53500,13500,8800,3500,2300,4800,2300,2000,9500,4300,32900,37200,16300,30.5,11.6,48,1.7
IN_USR_00354,24,Female,Tier 1,Bangalore,Software Engineer,119000,32500,16000,8000,5300,2500,9000,8300,17000,17300,64300,81600,37400,31.4,21.2,57,4.7
IN_USR_00355,45,Male,Tier 1,Delhi-NCR,Civil Engineer,68000,23000,12600,4800,3700,3000,4600,2500,9000,7100,47100,54200,13800,20.3,13.1,40,1.9
IN_USR_00356,48,Male,Tier 2,Indore,Software Engineer,103500,21500,20600,6300,2400,8600,7900,7200,17500,15100,59400,74500,29000,28.0,20.3,51,3.8
IN_USR_00357,42,Female,Tier 2,Indore,Civil Engineer,43500,9000,7000,3000,1700,3800,4000,1800,6500,5800,24500,30300,13200,30.3,19.1,49,2.8
IN_USR_00358,29,Male,Tier 1,Bangalore,Marketing Manager,144500,50500,22200,7700,6100,2800,5900,5800,21000,11700,89300,101000,43500,30.1,11.6,63,5.7
IN_USR_00359,41,Female,Tier 2,Kochi,Software Engineer,105000,23000,15400,7200,4700,4400,5300,4900,20000,10200,54700,64900,40100,38.2,15.7,76,7.6
IN_USR_00360,52,Male,Tier 2,Ahmedabad,Financial Analyst,137000,27000,26000,10400,5300,12200,13100,4500,21500,17600,80900,98500,38500,28.1,17.9,54,4.4
IN_USR_00361,42,Male,Tier 1,Chennai,Civil Engineer,100500,34000,18400,4300,2600,9100,6100,4900,12000,11000,68400,79400,21100,21.0,13.9,38,1.5
IN_USR_00362,46,Male,Tier 2,Kochi,Civil Engineer,81500,12500,12400,4900,2400,5500,7900,3300,16000,11200,37700,48900,32600,40.0,22.9,60,3.7
IN_USR_00363,24,Male,Tier 3,Warangal,Teacher/Professor,27000,4500,5200,1200,900,400,2500,1200,5500,3700,12200,15900,11100,41.1,23.3,85,10.4
IN_USR_00364,28,Male,Tier 1,Bangalore,Sales Consultant,98500,31000,16000,4000,5600,2000,7500,3400,15500,10900,58600,69500,29000,29.4,15.7,46,1.7
IN_USR_00365,55,Female,Tier 1,Delhi-NCR,Small Business Owner,121000,31500,16400,6200,4000,8000,5700,4500,21500,10200,66100,76300,44700,36.9,13.4,55,2.1
IN_USR_00366,57,Male,Tier 1,Delhi-NCR,Teacher/Professor,58500,15000,11400,4200,2500,2900,3400,4400,8500,7800,36000,43800,14700,25.1,17.8,40,1.5
IN_USR_00367,23,Female,Tier 3,Mysore,Data Analyst,85000,9000,13000,4000,3700,1500,7700,5500,23500,13200,31200,44400,40600,47.8,29.7,75,8.4
IN_USR_00368,34,Male,Tier 3,Warangal,Freelancer/Consultant,67500,7500,12400,4600,1600,4000,5300,4600,15000,9900,30100,40000,27500,40.7,24.8,90,12.3
IN_USR_00369,31,Female,Tier 3,Warangal,Financial Analyst,124500,21500,18200,9300,4100,8600,5500,4400,29000,9900,61700,71600,52900,42.5,13.8,89,10.5
IN_USR_00370,40,Female,Tier 2,Chandigarh,Teacher/Professor,36500,7000,6400,1600,1500,1600,2100,1900,8500,4000,18100,22100,14400,39.5,18.1,64,4.5
IN_USR_00371,37,Male,Tier 3,Warangal,Data Analyst,80500,9500,14200,4600,4800,6000,4900,5200,14000,10100,39100,49200,31300,38.9,20.5,77,8.3
IN_USR_00372,58,Female,Tier 1,Pune,Sales Consultant,89500,26000,16600,4200,5200,4000,4200,6300,14500,10500,56000,66500,23000,25.7,15.8,47,2.9
IN_USR_00373,53,Male,Tier 1,Mumbai,Freelancer/Consultant,52000,16500,9000,3000,1600,4000,3500,2100,8000,5600,34100,39700,12300,23.7,14.1,44,2.3
IN_USR_00374,41,Female,Tier 2,Kochi,Data Analyst,126500,19000,25200,7100,3200,7300,7900,7300,20500,15200,61800,77000,49500,39.1,19.7,79,8.6
IN_USR_00375,44,Male,Tier 3,Mysore,Marketing Manager,86500,13500,13200,4600,3100,5400,6300,5500,19000,11800,39800,51600,34900,40.3,22.9,62,4.4
IN_USR_00376,46,Female,Tier 2,Chandigarh,Operations Executive,79000,13000,9600,5200,2000,7400,6300,6200,13000,12500,37200,49700,29300,37.1,25.2,56,3.6
IN_USR_00377,48,Female,Tier 3,Nagpur,Freelancer/Consultant,133000,20000,20800,7600,7000,8400,7100,6800,22000,13900,63800,77700,55300,41.6,17.9,75,7.3
IN_USR_00378,37,Female,Tier 1,Pune,Freelancer/Consultant,162500,36500,20000,9600,5600,12200,15900,5500,35500,21400,83900,105300,57200,35.2,20.3,65,6.0
IN_USR_00379,39,Female,Tier 2,Indore,Freelancer/Consultant,68000,12000,11600,4500,3200,5500,4900,4000,13000,8900,36800,45700,22300,32.8,19.5,70,7.8
IN_USR_00380,56,Male,Tier 1,Pune,Sales Consultant,90000,24500,17800,6500,2800,3800,8600,6100,12500,14700,55400,70100,19900,22.1,21.0,43,3.3
IN_USR_00381,25,Female,Tier 2,Indore,Software Engineer,151500,35000,25800,7800,3500,2300,13800,6600,25000,20400,74400,94800,56700,37.4,21.5,61,4.6
IN_USR_00382,38,Male,Tier 2,Indore,Financial Analyst,132500,29500,22800,7300,3600,11500,7200,5200,25500,12400,74700,87100,45400,34.3,14.2,52,2.0
IN_USR_00383,27,Male,Tier 2,Chandigarh,Sales Consultant,89000,20000,12400,5100,4000,600,7500,4200,21000,11700,42100,53800,35200,39.6,21.7,82,9.5
IN_USR_00384,29,Male,Tier 1,Hyderabad,Sales Consultant,85500,24000,16800,6600,2500,1800,5400,3700,14000,9100,51700,60800,24700,28.9,15.0,53,3.7
IN_USR_00385,40,Female,Tier 1,Delhi-NCR,Teacher/Professor,86000,29500,11000,5300,2900,7800,6600,5400,8500,12000,56500,68500,17500,20.3,17.5,38,1.9
IN_USR_00386,28,Female,Tier 2,Ahmedabad,Sales Consultant,66500,15000,11200,3200,2200,1400,3400,3800,16000,7200,33000,40200,26300,39.5,17.9,84,9.7
IN_USR_00387,22,Female,Tier 1,Bangalore,Small Business Owner,192000,51000,34200,9600,4100,3600,8300,11500,46500,19800,102500,122300,69700,36.3,16.2,59,3.7
IN_USR_00388,29,Male,Tier 1,Pune,Financial Analyst,120000,36500,23000,7500,7000,3200,9800,5100,15000,14900,77200,92100,27900,23.2,16.2,52,4.8
IN_USR_00389,51,Female,Tier 2,Coimbatore,Small Business Owner,135000,23500,24600,6900,3000,8500,13500,5800,31500,19300,66500,85800,49200,36.4,22.5,57,3.7
IN_USR_00390,26,Female,Tier 3,Salem,Freelancer/Consultant,125500,14500,20000,5700,6400,800,9900,9500,36000,19400,47400,66800,58700,46.8,29.0,63,5.1
IN_USR_00391,26,Male,Tier 2,Kochi,Sales Consultant,37500,9000,5000,2500,2100,700,2100,2400,9000,4500,19300,23800,13700,36.5,18.9,69,6.6
IN_USR_00392,54,Female,Tier 1,Hyderabad,Data Analyst,139000,34500,21000,9400,7100,6600,10000,11100,19500,21100,78600,99700,39300,28.3,21.2,48,3.2
IN_USR_00393,25,Male,Tier 1,Delhi-NCR,Data Analyst,127000,40500,18200,6100,5400,3700,10100,5700,19500,15800,73900,89700,37300,29.4,17.6,47,2.1
IN_USR_00394,44,Female,Tier 1,Chennai,Sales Consultant,69000,16500,9400,4700,3000,4800,3000,3900,11500,6900,38400,45300,23700,34.3,15.2,65,5.5
IN_USR_00395,50,Male,Tier 1,Bangalore,Civil Engineer,99500,31000,15200,4800,4600,7100,9600,7300,11000,16900,62700,79600,19900,20.0,21.2,42,3.5
IN_USR_00396,36,Male,Tier 1,Mumbai,Sales Consultant,43000,12000,8400,1800,2100,2100,2200,1400,6500,3600,26400,30000,13000,30.2,12.0,63,5.8
IN_USR_00397,51,Male,Tier 2,Jaipur,Data Analyst,65000,13000,12000,3200,3400,4300,5800,5100,11000,10900,35900,46800,18200,28.0,23.3,48,3.3
IN_USR_00398,58,Male,Tier 1,Mumbai,Software Engineer,138500,36500,18000,6300,5100,11300,10100,7200,30000,17300,77200,94500,44000,31.8,18.3,48,2.0
IN_USR_00399,28,Female,Tier 2,Jaipur,Sales Consultant,45500,7000,6200,2000,2100,1200,3000,3200,13000,6200,18500,24700,20800,45.7,25.1,90,11.9
IN_USR_00400,35,Male,Tier 2,Indore,Sales Consultant,89000,15500,12000,6000,3900,7400,6800,3100,22000,9900,44800,54700,34300,38.5,18.1,64,4.8
IN_USR_00401,48,Male,Tier 2,Chandigarh,Data Analyst,119500,29500,20200,8900,7100,8400,8100,7300,14000,15400,74100,89500,30000,25.1,17.2,41,1.5
IN_USR_00402,29,Male,Tier 2,Ahmedabad,Sales Consultant,58000,9500,11200,2400,2000,400,3200,3500,17000,6700,25500,32200,25800,44.5,20.8,77,8.1
IN_USR_00403,28,Male,Tier 3,Salem,Financial Analyst,50000,7000,6400,3800,2400,900,3000,2000,15000,5000,20500,25500,24500,49.0,19.6,77,7.9
IN_USR_00404,29,Female,Tier 1,Mumbai,Healthcare Worker,76000,20500,10400,4500,3000,2000,3700,5800,14000,9500,40400,49900,26100,34.3,19.0,60,4.7
IN_USR_00405,30,Female,Tier 2,Coimbatore,Civil Engineer,52500,9000,6800,3600,1200,200,4800,2800,11000,7600,20800,28400,24100,45.9,26.8,74,7.9
IN_USR_00406,40,Male,Tier 2,Coimbatore,Freelancer/Consultant,89500,18500,14600,4400,3300,6400,8200,3700,16500,11900,47200,59100,30400,34.0,20.1,61,5.2
IN_USR_00407,22,Female,Tier 2,Chandigarh,Marketing Manager,88000,17000,12200,6800,5100,2400,8300,4500,13000,12800,43500,56300,31700,36.0,22.7,80,10.1
IN_USR_00408,54,Male,Tier 1,Hyderabad,Sales Consultant,55000,15500,7600,3400,1100,4600,5300,2000,7500,7300,32200,39500,15500,28.2,18.5,56,4.9
IN_USR_00409,27,Male,Tier 1,Delhi-NCR,Financial Analyst,169500,47500,28000,10700,10000,2400,8200,11000,23500,19200,98600,117800,51700,30.5,16.3,65,6.6
IN_USR_00410,51,Male,Tier 3,Mysore,Healthcare Worker,71000,10000,10200,5000,3400,5400,5300,2900,17500,8200,34000,42200,28800,40.6,19.4,78,8.3
IN_USR_00411,43,Male,Tier 2,Coimbatore,Civil Engineer,93000,14500,14000,5500,2000,5800,7300,6100,21500,13400,41800,55200,37800,40.6,24.3,84,10.4
IN_USR_00412,30,Female,Tier 1,Bangalore,Small Business Owner,201500,63500,36400,15100,9700,4600,17300,9300,30500,26600,129300,155900,45600,22.6,17.1,44,3.0
IN_USR_00413,49,Female,Tier 1,Delhi-NCR,Civil Engineer,74500,21000,12000,3300,3600,6000,5400,3300,11500,8700,45900,54600,19900,26.7,15.9,56,5.1
IN_USR_00414,26,Male,Tier 3,Warangal,Data Analyst,51500,7000,7000,4000,1200,300,2400,1900,12500,4300,19500,23800,27700,53.8,18.1,76,7.5
IN_USR_00415,23,Female,Tier 1,Chennai,Teacher/Professor,44500,12500,6800,3100,900,300,1800,3100,10500,4900,23600,28500,16000,36.0,17.2,67,5.9
IN_USR_00416,43,Female,Tier 2,Coimbatore,Small Business Owner,135500,27000,23400,8300,5700,9100,10000,10200,20500,20200,73500,93700,41800,30.8,21.6,63,6.6
IN_USR_00417,36,Female,Tier 1,Delhi-NCR,Software Engineer,131000,35000,20400,6100,7500,10800,7500,10300,22000,17800,79800,97600,33400,25.5,18.2,52,4.4
IN_USR_00418,31,Male,Tier 1,Bangalore,Civil Engineer,83500,19500,11800,4000,3500,3500,4900,3900,16500,8800,42300,51100,32400,38.8,17.2,73,6.8
IN_USR_00419,32,Female,Tier 1,Bangalore,Healthcare Worker,121500,39000,23800,9400,3200,11900,8800,6700,11000,15500,87300,102800,18700,15.4,15.1,32,1.3
IN_USR_00420,40,Male,Tier 2,Coimbatore,Sales Consultant,79500,17500,14200,6000,2000,5800,4600,4000,16500,8600,45500,54100,25400,31.9,15.9,58,4.4
IN_USR_00421,27,Female,Tier 1,Chennai,Marketing Manager,139500,40000,25400,9900,3900,300,12700,8900,26500,21600,79500,101100,38400,27.5,21.4,60,6.6
IN_USR_00422,47,Male,Tier 1,Pune,Freelancer/Consultant,206000,70500,39600,11200,5300,18800,12800,10000,18500,22800,145400,168200,37800,18.3,13.6,37,1.8
IN_USR_00423,50,Male,Tier 1,Hyderabad,Healthcare Worker,112500,29000,20800,8900,4200,10600,5400,6700,11500,12100,73500,85600,26900,23.9,14.1,42,1.9
IN_USR_00424,52,Female,Tier 1,Pune,Healthcare Worker,59500,13000,10200,3000,1600,4000,4400,4500,8500,8900,31800,40700,18800,31.6,21.9,66,7.2
IN_USR_00425,40,Female,Tier 1,Delhi-NCR,Freelancer/Consultant,143500,41000,25800,7000,7400,7100,8300,8900,22500,17200,88300,105500,38000,26.5,16.3,44,1.9
IN_USR_00426,40,Female,Tier 1,Chennai,Small Business Owner,131500,29500,23800,7900,7700,10000,8100,7100,20000,15200,78900,94100,37400,28.4,16.2,49,2.8
IN_USR_00427,52,Male,Tier 1,Chennai,Freelancer/Consultant,57000,19000,7600,2400,1900,5300,2700,2200,7500,4900,36200,41100,15900,27.9,11.9,52,3.3
IN_USR_00428,44,Male,Tier 1,Pune,Small Business Owner,80500,23000,14600,3800,1900,6900,5800,5900,12000,11700,50200,61900,18600,23.1,18.9,47,3.9
IN_USR_00429,41,Female,Tier 2,Coimbatore,Civil Engineer,41500,8500,6200,1900,1100,2400,3600,2100,10500,5700,20100,25800,15700,37.8,22.1,58,3.7
IN_USR_00430,35,Male,Tier 2,Chandigarh,Teacher/Professor,70000,15500,13800,5200,3400,5700,6200,3600,11000,9800,43600,53400,16600,23.7,18.4,39,1.6
IN_USR_00431,30,Male,Tier 1,Delhi-NCR,Civil Engineer,50500,16500,9600,3200,2600,500,4200,1600,8000,5800,32400,38200,12300,24.4,15.2,43,2.1
IN_USR_00432,31,Male,Tier 1,Mumbai,Financial Analyst,75000,20500,13600,3300,1600,5200,4900,3000,9500,7900,44200,52100,22900,30.5,15.2,60,5.3
IN_USR_00433,25,Female,Tier 1,Delhi-NCR,Software Engineer,106000,27500,12800,4600,2600,1900,8000,4200,26500,12200,49400,61600,44400,41.9,19.8,58,3.0
IN_USR_00434,31,Female,Tier 3,Trichy,Civil Engineer,38500,6500,7000,2500,1500,1700,3400,2600,7500,6000,19200,25200,13300,34.5,23.8,69,7.5
IN_USR_00435,40,Male,Tier 3,Dehradun,Software Engineer,85500,15000,16600,6300,3300,7000,4400,5400,12000,9800,48200,58000,27500,32.2,16.9,68,7.0
IN_USR_00436,46,Female,Tier 1,Mumbai,Healthcare Worker,63000,20000,9200,3700,2600,4400,3900,2800,10000,6700,39900,46600,16400,26.0,14.4,43,1.6
IN_USR_00437,53,Male,Tier 1,Hyderabad,Freelancer/Consultant,146000,45000,27400,7200,5300,14500,9600,10600,17500,20200,99400,119600,26400,18.1,16.9,41,3.1
IN_USR_00438,45,Male,Tier 1,Chennai,Sales Consultant,56000,15000,9000,3800,1400,3600,4600,4400,9000,9000,32800,41800,14200,25.4,21.5,54,5.5
IN_USR_00439,32,Male,Tier 1,Mumbai,Civil Engineer,55500,16500,11000,2500,3000,4600,3100,3600,6500,6700,37600,44300,11200,20.2,15.1,38,1.8
IN_USR_00440,47,Female,Tier 1,Pune,Healthcare Worker,119000,34000,15600,6900,3000,8300,6400,9200,14500,15600,67800,83400,35600,29.9,18.7,60,5.8
IN_USR_00441,26,Female,Tier 2,Chandigarh,Healthcare Worker,83000,13500,14000,3600,1900,1900,7100,5800,16000,12900,34900,47800,35200,42.4,27.0,83,10.4
IN_USR_00442,53,Female,Tier 2,Indore,Teacher/Professor,31000,7500,3800,1800,1800,2000,1800,1500,6000,3300,16900,20200,10800,34.8,16.3,52,2.1
IN_USR_00443,57,Female,Tier 3,Salem,Sales Consultant,77500,8500,13800,4600,1900,6200,6200,5000,18000,11200,35000,46200,31300,40.4,24.2,73,7.4
IN_USR_00444,32,Male,Tier 1,Hyderabad,Freelancer/Consultant,165500,49500,24600,13100,5400,6900,7100,11900,23500,19000,99500,118500,47000,28.4,16.0,58,5.3
IN_USR_00445,23,Female,Tier 1,Hyderabad,Civil Engineer,67000,18500,8400,3300,2000,600,3000,4300,18000,7300,32800,40100,26900,40.1,18.2,61,3.5
IN_USR_00446,32,Male,Tier 2,Jaipur,Sales Consultant,90500,18500,17400,4600,4300,6800,9000,4400,13000,13400,51600,65000,25500,28.2,20.6,54,4.6
IN_USR_00447,53,Male,Tier 2,Chandigarh,Civil Engineer,67500,13500,12200,3600,3000,4200,4500,3700,15000,8200,36500,44700,22800,33.8,18.3,70,7.3
IN_USR_00448,56,Male,Tier 1,Bangalore,Operations Executive,83500,22500,11600,5800,2000,7600,3800,3900,11000,7700,49500,57200,26300,31.5,13.5,66,6.3
IN_USR_00449,52,Female,Tier 1,Bangalore,Small Business Owner,148500,42500,21400,9900,4800,9600,8200,8300,26500,16500,88200,104700,43800,29.5,15.8,56,4.5
IN_USR_00450,23,Male,Tier 2,Chandigarh,Small Business Owner,244500,59500,34600,16000,12800,6300,23100,18800,45500,41900,129200,171100,73400,30.0,24.5,44,2.1
IN_USR_00451,34,Female,Tier 1,Mumbai,Financial Analyst,166500,53000,31200,9400,9100,15800,13000,12000,11000,25000,118500,143500,23000,13.8,17.4,30,1.2
IN_USR_00452,32,Female,Tier 2,Chandigarh,Healthcare Worker,71500,11500,9600,3600,3800,4900,5300,3700,17500,9000,33400,42400,29100,40.7,21.2,58,3.0
IN_USR_00453,32,Female,Tier 1,Delhi-NCR,Operations Executive,90000,26000,15400,3800,4400,7800,3900,6700,11000,10600,57400,68000,22000,24.4,15.6,44,2.4
IN_USR_00454,26,Female,Tier 3,Nagpur,Small Business Owner,62500,8000,11600,4600,1800,1100,4400,2300,17000,6700,27100,33800,28700,45.9,19.8,84,9.9
IN_USR_00455,55,Female,Tier 1,Bangalore,Marketing Manager,142000,33500,26200,7600,6200,9000,12100,5900,22000,18000,82500,100500,41500,29.2,17.9,47,2.3
IN_USR_00456,33,Male,Tier 3,Warangal,Healthcare Worker,62500,10500,7800,3800,3000,2900,4500,3400,12500,7900,28000,35900,26600,42.6,22.0,68,5.8
IN_USR_00457,31,Female,Tier 1,Delhi-NCR,Operations Executive,42000,13000,8000,1700,2100,3700,1800,3200,5000,5000,28500,33500,8500,20.2,14.9,38,1.7
IN_USR_00458,46,Female,Tier 2,Coimbatore,Civil Engineer,94000,21500,12200,7000,5100,6000,8900,4700,20000,13600,51800,65400,28600,30.4,20.8,50,3.2
IN_USR_00459,27,Male,Tier 1,Mumbai,Sales Consultant,88000,29500,16000,5000,1900,2300,7900,6800,10000,14700,54700,69400,18600,21.1,21.2,40,2.6
IN_USR_00460,43,Female,Tier 3,Mysore,Financial Analyst,124500,15000,15600,7100,6100,9100,7400,8100,35500,15500,52900,68400,56100,45.1,22.7,86,10.7
IN_USR_00461,33,Female,Tier 2,Chandigarh,Software Engineer,180000,30500,26000,11300,4400,9900,14900,12300,42000,27200,82100,109300,70700,39.3,24.9,59,3.8
IN_USR_00462,48,Female,Tier 1,Chennai,Financial Analyst,102500,25000,17200,5400,3200,4600,6400,5100,18500,11500,55400,66900,35600,34.7,17.2,73,7.8
IN_USR_00463,58,Male,Tier 1,Bangalore,Teacher/Professor,83500,25000,11600,3600,3200,4700,7600,2700,14500,10300,48100,58400,25100,30.1,17.6,58,5.0
IN_USR_00464,31,Male,Tier 3,Salem,Freelancer/Consultant,64500,6500,10400,4600,3700,5800,4500,2700,12000,7200,31000,38200,26300,40.8,18.8,90,11.4
IN_USR_00465,39,Female,Tier 2,Ahmedabad,Financial Analyst,111500,26500,18800,8900,3500,9000,7300,5600,14000,12900,66700,79600,31900,28.6,16.2,50,3.0
IN_USR_00466,38,Male,Tier 2,Chandigarh,Civil Engineer,73000,16000,11400,3000,1800,4300,6000,4700,16000,10700,36500,47200,25800,35.3,22.7,70,7.6
IN_USR_00467,38,Male,Tier 1,Bangalore,Software Engineer,186500,63500,29400,10100,8300,15000,16400,12200,20500,28600,126300,154900,31600,16.9,18.5,30,0.8
IN_USR_00468,54,Female,Tier 1,Hyderabad,Small Business Owner,169500,40000,32400,7100,4600,8500,11800,8000,31000,19800,92600,112400,57100,33.7,17.6,52,2.5
IN_USR_00469,55,Female,Tier 1,Bangalore,Civil Engineer,43500,15000,7000,3400,1400,2700,2900,3300,3500,6200,29500,35700,7800,17.9,17.4,41,3.2
IN_USR_00470,38,Female,Tier 1,Mumbai,Civil Engineer,96000,33500,17400,4400,5200,7600,8400,3100,7500,11500,68100,79600,16400,17.1,14.4,34,1.3
IN_USR_00471,24,Female,Tier 1,Chennai,Sales Consultant,106000,25000,20400,6300,4000,3100,7800,5600,14500,13400,58800,72200,33800,31.9,18.6,64,6.3
IN_USR_00472,31,Male,Tier 1,Mumbai,Operations Executive,54000,17500,9800,3900,2300,4300,2800,4300,3500,7100,37800,44900,9100,16.9,15.8,39,2.8
IN_USR_00473,33,Female,Tier 3,Salem,Sales Consultant,40500,7000,5000,2700,1900,2600,3100,3100,10000,6200,19200,25400,15100,37.3,24.4,57,3.7
IN_USR_00474,27,Female,Tier 2,Coimbatore,Sales Consultant,94500,20000,13400,6300,3100,100,7300,5000,27000,12300,42900,55200,39300,41.6,22.3,91,12.8
IN_USR_00475,58,Male,Tier 1,Bangalore,Small Business Owner,143000,37500,17800,6100,8300,9000,9100,5600,34000,14700,78700,93400,49600,34.7,15.7,74,7.9
IN_USR_00476,27,Male,Tier 3,Salem,Healthcare Worker,79000,9500,14200,5200,2000,1200,5200,5600,18000,10800,32100,42900,36100,45.7,25.2,89,11.8
IN_USR_00477,30,Female,Tier 2,Kochi,Teacher/Professor,43000,8500,8200,2500,1800,500,3700,3000,8500,6700,21500,28200,14800,34.4,23.8,61,5.4
IN_USR_00478,49,Male,Tier 1,Delhi-NCR,Sales Consultant,74000,22500,13200,5700,3000,5800,3300,4000,7000,7300,50200,57500,16500,22.3,12.7,49,3.9
IN_USR_00479,41,Male,Tier 3,Nagpur,Operations Executive,43500,6000,6200,1800,1000,1900,2000,2200,9500,4200,16900,21100,22400,51.5,19.9,92,13.6
IN_USR_00480,58,Female,Tier 1,Pune,Data Analyst,133500,29500,24000,7800,6900,12100,5700,6800,25000,12500,80300,92800,40700,30.5,13.5,54,3.3
IN_USR_00481,51,Female,Tier 2,Kochi,Civil Engineer,92000,21500,12600,4000,5500,5100,7400,4800,12500,12200,48700,60900,31100,33.8,20.0,59,4.7
IN_USR_00482,22,Male,Tier 2,Ahmedabad,Healthcare Worker,104000,18500,19200,6700,5000,3000,8400,7300,15500,15700,52400,68100,35900,34.5,23.1,53,3.1
IN_USR_00483,34,Male,Tier 2,Coimbatore,Marketing Manager,48500,8500,8400,3200,1800,3800,4200,1900,8000,6100,25700,31800,16700,34.4,19.2,62,5.3
IN_USR_00484,52,Female,Tier 1,Mumbai,Financial Analyst,169000,47000,26800,6900,6400,9200,9700,12100,26500,21800,96300,118100,50900,30.1,18.5,52,3.5
IN_USR_00485,28,Female,Tier 3,Warangal,Freelancer/Consultant,103000,10500,15600,6200,5000,2900,9700,7600,21500,17300,40200,57500,45500,44.2,30.1,59,4.2
IN_USR_00486,23,Female,Tier 2,Indore,Data Analyst,85000,20500,13000,5000,3400,2400,5200,5500,12000,10700,44300,55000,30000,35.3,19.5,59,4.2
IN_USR_00487,34,Female,Tier 1,Mumbai,Teacher/Professor,51000,15000,9000,3900,2800,4200,3500,3800,5500,7300,34900,42200,8800,17.3,17.3,35,1.8
IN_USR_00488,48,Female,Tier 2,Chandigarh,Freelancer/Consultant,99500,17500,18000,6600,2500,5200,7600,3500,20500,11100,49800,60900,38600,38.8,18.2,87,10.8
IN_USR_00489,41,Male,Tier 1,Bangalore,Software Engineer,194500,65000,28800,9000,10300,18200,8200,6500,25500,14700,131300,146000,48500,24.9,10.1,51,3.6
IN_USR_00490,29,Male,Tier 1,Delhi-NCR,Civil Engineer,98000,22000,18600,5000,2600,2000,7000,6200,21000,13200,50200,63400,34600,35.3,20.8,77,9.1
IN_USR_00491,50,Female,Tier 3,Mysore,Data Analyst,110500,16500,20800,4900,4700,7800,5500,4000,21500,9500,54700,64200,46300,41.9,14.8,71,5.9
IN_USR_00492,40,Female,Tier 2,Ahmedabad,Data Analyst,70000,15000,10200,3200,3800,4600,4500,4800,11500,9300,36800,46100,23900,34.1,20.2,71,7.7
IN_USR_00493,43,Female,Tier 2,Jaipur,Operations Executive,59500,13000,9200,3900,1800,5100,4300,4100,8000,8400,33000,41400,18100,30.4,20.3,54,4.2
IN_USR_00494,48,Female,Tier 3,Dehradun,Small Business Owner,123000,21500,19200,8700,6000,8700,5400,5800,25000,11200,64100,75300,47700,38.8,14.9,80,8.6
IN_USR_00495,49,Male,Tier 1,Bangalore,Small Business Owner,251000,60000,41600,19900,14900,22100,23200,19700,26000,42900,158500,201400,49600,19.8,21.3,44,4.0
IN_USR_00496,57,Female,Tier 2,Kochi,Civil Engineer,35500,8500,6800,2300,900,2300,2800,2600,5500,5400,20800,26200,9300,26.2,20.6,51,4.4
IN_USR_00497,50,Female,Tier 3,Nagpur,Healthcare Worker,56000,9500,7000,3400,2000,4700,5200,3100,12000,8300,26600,34900,21100,37.7,23.8,59,4.2
IN_USR_00498,54,Female,Tier 2,Coimbatore,Financial Analyst,58000,9000,10600,3700,1700,5000,4800,4600,8000,9400,30000,39400,18600,32.1,23.9,47,2.3
IN_USR_00499,45,Female,Tier 2,Kochi,Data Analyst,56500,12500,11000,3300,2400,2300,3400,2400,12000,5800,31500,37300,19200,34.0,15.5,65,5.7
IN_USR_00500,56,Male,Tier 1,Delhi-NCR,Small Business Owner,273000,80500,35800,15000,13500,12600,19400,10800,54000,30200,157400,187600,85400,31.3,16.1,57,4.3
IN_USR_00501,31,Female,Tier 2,Jaipur,Data Analyst,58000,11000,7600,2800,1300,4700,3700,3400,15000,7100,27400,34500,23500,40.5,20.6,87,10.8
IN_USR_00502,53,Female,Tier 3,Nagpur,Sales Consultant,76000,12500,10000,3400,3700,3600,6300,5600,13500,11900,33200,45100,30900,40.7,26.4,63,5.0
IN_USR_00503,52,Male,Tier 2,Indore,Civil Engineer,43000,9000,6600,1900,1800,1800,2100,2100,12500,4200,21100,25300,17700,41.2,16.6,68,5.3
IN_USR_00504,53,Male,Tier 2,Chandigarh,Freelancer/Consultant,155500,24000,29800,11700,4500,13900,10800,5600,28000,16400,83900,100300,55200,35.5,16.4,76,8.3
IN_USR_00505,48,Female,Tier 2,Indore,Sales Consultant,79500,18000,12600,5500,3500,6800,5600,4200,12500,9800,46400,56200,23300,29.3,17.4,54,4.0
IN_USR_00506,42,Male,Tier 2,Coimbatore,Freelancer/Consultant,152500,29000,29200,8200,3300,12200,10200,6700,23000,16900,81900,98800,53700,35.2,17.1,56,3.2
IN_USR_00507,23,Female,Tier 2,Jaipur,Small Business Owner,196500,31000,38600,12100,9900,5600,14000,13300,39500,27300,97200,124500,72000,36.6,21.9,52,2.4
IN_USR_00508,56,Male,Tier 3,Trichy,Marketing Manager,65500,11000,12200,4100,1500,4700,3900,3900,13000,7800,33500,41300,24200,36.9,18.9,81,9.6
IN_USR_00509,43,Female,Tier 1,Bangalore,Teacher/Professor,58500,16000,7400,4600,2400,3300,3000,4000,8000,7000,33700,40700,17800,30.4,17.2,66,7.1
IN_USR_00510,32,Male,Tier 2,Kochi,Financial Analyst,58500,13000,8400,2600,1500,5500,3200,4500,13500,7700,31000,38700,19800,33.8,19.9,50,2.3
IN_USR_00511,37,Male,Tier 1,Pune,Healthcare Worker,63500,16000,9200,3900,1400,2700,5000,4800,8500,9800,33200,43000,20500,32.3,22.8,60,5.6
IN_USR_00512,28,Male,Tier 2,Coimbatore,Financial Analyst,95000,19500,14800,7000,3800,2200,4600,5400,17000,10000,47300,57300,37700,39.7,17.5,65,4.5
IN_USR_00513,49,Female,Tier 1,Hyderabad,Freelancer/Consultant,139000,42500,18600,5900,7900,7800,7700,8900,28000,16600,82700,99300,39700,28.6,16.7,60,5.9
IN_USR_00514,35,Female,Tier 1,Chennai,Teacher/Professor,77000,17500,9800,5200,4100,6400,7700,5700,9500,13400,43000,56400,20600,26.8,23.8,49,4.1
IN_USR_00515,42,Female,Tier 2,Coimbatore,Sales Consultant,71000,12500,14200,3800,2700,5400,2900,4600,15000,7500,38600,46100,24900,35.1,16.3,51,1.9
IN_USR_00516,52,Male,Tier 3,Nagpur,Financial Analyst,93000,13500,16400,5500,3300,4200,8600,5800,20000,14400,42900,57300,35700,38.4,25.1,84,10.7
IN_USR_00517,50,Male,Tier 1,Hyderabad,Freelancer/Consultant,159500,43000,29800,11600,9500,7600,9900,6300,17000,16200,101500,117700,41800,26.2,13.8,55,4.6
IN_USR_00518,39,Female,Tier 1,Pune,Small Business Owner,149000,48500,20600,11800,8700,6300,10400,9700,19000,20100,95900,116000,33000,22.1,17.3,37,1.1
IN_USR_00519,47,Male,Tier 3,Dehradun,Teacher/Professor,53000,6000,7200,3700,2500,4000,2700,3100,15000,5800,23400,29200,23800,44.9,19.9,64,4.5
IN_USR_00520,58,Male,Tier 3,Nagpur,Operations Executive,40500,7000,5000,3200,1900,3100,3300,3000,5500,6300,20200,26500,14000,34.6,23.8,61,5.3
IN_USR_00521,25,Female,Tier 1,Hyderabad,Operations Executive,49500,15500,7800,2700,2500,1300,2600,2200,8000,4800,29800,34600,14900,30.1,13.9,56,4.0
IN_USR_00522,22,Female,Tier 1,Bangalore,Freelancer/Consultant,59500,20500,8200,4000,3500,1600,3100,2800,6500,5900,37800,43700,15800,26.6,13.5,53,4.1
IN_USR_00523,23,Female,Tier 1,Bangalore,Freelancer/Consultant,152500,50000,21400,9000,8900,3800,13600,8500,17500,22100,93100,115200,37300,24.5,19.2,39,1.5
IN_USR_00524,50,Male,Tier 2,Indore,Data Analyst,61000,15000,11800,3400,3400,5000,5300,2000,9500,7300,38600,45900,15100,24.8,15.9,41,1.4
IN_USR_00525,49,Male,Tier 1,Bangalore,Teacher/Professor,38500,10000,5800,1700,1900,2100,2900,2400,4500,5300,21500,26800,11700,30.4,19.8,53,3.9
IN_USR_00526,49,Male,Tier 1,Chennai,Software Engineer,223000,64000,37200,9900,4600,18500,16900,16100,37500,33000,134200,167200,55800,25.0,19.7,41,1.8
IN_USR_00527,54,Female,Tier 1,Hyderabad,Freelancer/Consultant,186000,45500,24400,7800,4700,14000,13200,11600,33000,24800,96400,121200,64800,34.8,20.5,66,6.3
IN_USR_00528,56,Male,Tier 1,Delhi-NCR,Freelancer/Consultant,155000,40000,30600,9400,7200,7500,8400,11000,23000,19400,94700,114100,40900,26.4,17.0,42,1.6
IN_USR_00529,44,Male,Tier 3,Nagpur,Marketing Manager,46000,6000,8000,3100,2700,3500,2800,2700,12000,5500,23300,28800,17200,37.4,19.1,72,7.2
IN_USR_00530,48,Female,Tier 1,Hyderabad,Software Engineer,236000,58500,28400,11500,6900,18300,12800,15700,57500,28500,123600,152100,83900,35.6,18.7,61,4.5
IN_USR_00531,46,Male,Tier 1,Bangalore,Civil Engineer,41000,9500,5000,1800,1300,2100,3100,2800,6500,5900,19700,25600,15400,37.6,23.0,53,2.6
IN_USR_00532,34,Female,Tier 1,Delhi-NCR,Financial Analyst,114500,38000,16000,5500,3100,6400,5300,8200,14000,13500,69000,82500,32000,27.9,16.4,55,4.7
IN_USR_00533,29,Female,Tier 3,Trichy,Sales Consultant,56500,7500,8400,2600,2300,1400,4400,2900,16500,7300,22200,29500,27000,47.8,24.7,65,5.2
IN_USR_00534,30,Male,Tier 1,Hyderabad,Civil Engineer,64000,19000,12600,3200,1400,1200,3300,3600,12500,6900,37400,44300,19700,30.8,15.6,54,3.5
IN_USR_00535,25,Female,Tier 3,Dehradun,Freelancer/Consultant,147000,17000,18600,8600,6800,300,10400,9900,45000,20300,51300,71600,75400,51.3,28.4,89,12.6
IN_USR_00536,53,Female,Tier 1,Chennai,Civil Engineer,80000,25000,14200,4800,2500,5100,7600,4700,6500,12300,51600,63900,16100,20.1,19.2,36,1.7
IN_USR_00537,34,Female,Tier 3,Warangal,Marketing Manager,72500,9500,10800,3400,3900,4000,3300,4900,16000,8200,31600,39800,32700,45.1,20.6,81,9.0
IN_USR_00538,36,Male,Tier 1,Pune,Civil Engineer,72500,20000,11200,4000,2900,4100,3000,3800,11500,6800,42200,49000,23500,32.4,13.9,51,2.1
IN_USR_00539,27,Female,Tier 2,Indore,Teacher/Professor,72000,11500,10200,3500,1800,800,5200,3400,21500,8600,27800,36400,35600,49.4,23.6,73,7.4
IN_USR_00540,39,Male,Tier 2,Chandigarh,Teacher/Professor,47000,7000,6800,3400,2400,3000,3000,2800,11000,5800,22600,28400,18600,39.6,20.4,72,6.7
IN_USR_00541,54,Male,Tier 3,Salem,Marketing Manager,61500,8500,10000,4400,3100,5100,4200,4300,11000,8500,31100,39600,21900,35.6,21.5,56,3.6
IN_USR_00542,48,Male,Tier 1,Pune,Software Engineer,199000,47500,37800,10400,9900,13900,15800,9500,25500,25300,119500,144800,54200,27.2,17.5,50,3.5
IN_USR_00543,47,Female,Tier 1,Bangalore,Freelancer/Consultant,61500,21000,8200,4800,2000,4800,4700,3700,8000,8400,40800,49200,12300,20.0,17.1,46,4.2
IN_USR_00544,35,Female,Tier 1,Hyderabad,Marketing Manager,123500,29000,20400,7200,6900,5600,5700,7100,17000,12800,69100,81900,41600,33.7,15.6,67,6.4
IN_USR_00545,53,Male,Tier 1,Bangalore,Healthcare Worker,89000,22000,12800,5400,3400,5500,3600,4100,21500,7700,49100,56800,32200,36.2,13.6,64,4.8
IN_USR_00546,29,Male,Tier 2,Ahmedabad,Data Analyst,101000,25000,19200,4600,2900,1300,8300,5400,20000,13700,53000,66700,34300,34.0,20.5,74,8.6
IN_USR_00547,34,Female,Tier 1,Bangalore,Financial Analyst,130500,30000,19800,9400,5400,12300,12100,6900,20000,19000,76900,95900,34600,26.5,19.8,54,5.0
IN_USR_00548,40,Female,Tier 1,Chennai,Operations Executive,69500,21000,12800,3300,2100,6500,5800,3700,9500,9500,45700,55200,14300,20.6,17.2,37,1.6
IN_USR_00549,58,Male,Tier 1,Bangalore,Marketing Manager,75500,19500,12800,3900,4300,6200,6300,3100,10500,9400,46700,56100,19400,25.7,16.8,58,5.8
IN_USR_00550,57,Male,Tier 3,Mysore,Data Analyst,98500,16000,14400,5700,3000,6900,6700,3300,26000,10000,46000,56000,42500,43.1,17.9,87,10.4
IN_USR_00551,46,Female,Tier 2,Chandigarh,Healthcare Worker,45000,7000,5800,3500,1500,3800,3100,1500,10500,4600,21600,26200,18800,41.8,17.6,66,4.9
IN_USR_00552,50,Male,Tier 1,Delhi-NCR,Financial Analyst,89000,29500,15000,4200,2200,7500,4500,5700,8000,10200,58400,68600,20400,22.9,14.9,42,2.1
IN_USR_00553,50,Female,Tier 1,Chennai,Software Engineer,246500,61000,43400,18100,12900,19300,20500,18500,27500,39000,154700,193700,52800,21.4,20.1,39,2.2
IN_USR_00554,25,Male,Tier 1,Hyderabad,Marketing Manager,89500,24000,12400,3900,3300,2700,5400,3500,20500,8900,46300,55200,34300,38.3,16.1,62,4.0
IN_USR_00555,28,Male,Tier 2,Jaipur,Healthcare Worker,107000,17000,15600,6700,3000,700,7800,8200,21000,16000,43000,59000,48000,44.9,27.1,67,6.0
IN_USR_00556,44,Female,Tier 1,Hyderabad,Small Business Owner,153000,34000,21000,7500,7100,8700,11800,4900,38500,16700,78300,95000,58000,37.9,17.6,67,5.6
IN_USR_00557,53,Male,Tier 2,Indore,Financial Analyst,88000,21500,14800,7000,4200,7100,8700,5700,9500,14400,54600,69000,19000,21.6,20.9,44,3.5
IN_USR_00558,42,Female,Tier 1,Bangalore,Freelancer/Consultant,187000,50500,32000,9200,8100,18600,10100,11400,31500,21500,118400,139900,47100,25.2,15.4,45,2.5
IN_USR_00559,49,Male,Tier 2,Jaipur,Financial Analyst,104000,21000,14200,5700,4800,5600,8700,8300,19000,17000,51300,68300,35700,34.3,24.9,73,8.8
IN_USR_00560,30,Female,Tier 1,Bangalore,Teacher/Professor,94000,32500,16200,4800,2000,2400,5600,4000,15000,9600,57900,67500,26500,28.2,14.2,61,5.9
IN_USR_00561,37,Male,Tier 2,Ahmedabad,Teacher/Professor,51000,8500,8600,2200,2000,5000,2200,4100,12500,6300,26300,32600,18400,36.1,19.3,55,3.1
IN_USR_00562,33,Male,Tier 1,Bangalore,Healthcare Worker,116500,30500,20800,5800,3200,6400,6700,6100,22000,12800,66700,79500,37000,31.8,16.1,54,3.3
IN_USR_00563,52,Male,Tier 3,Trichy,Healthcare Worker,76000,8500,11800,4600,3800,6500,6800,5300,11500,12100,35200,47300,28700,37.8,25.6,65,5.9
IN_USR_00564,27,Female,Tier 2,Chandigarh,Teacher/Professor,77500,13000,11600,4000,2400,1300,5300,3600,22500,8900,32300,41200,36300,46.8,21.6,68,5.8
IN_USR_00565,34,Male,Tier 1,Pune,Civil Engineer,77500,21000,11800,4300,3900,4900,4500,6200,9000,10700,45900,56600,20900,27.0,18.9,58,5.8
IN_USR_00566,29,Female,Tier 3,Salem,Marketing Manager,87000,15500,15800,6100,3000,1900,6800,4200,14000,11000,42300,53300,33700,38.7,20.6,67,5.8
IN_USR_00567,49,Male,Tier 1,Bangalore,Civil Engineer,88000,27500,10800,5900,2300,6700,8500,3300,11000,11800,53200,65000,23000,26.1,18.2,51,4.0
IN_USR_00568,32,Male,Tier 1,Bangalore,Small Business Owner,272000,92500,41200,17300,15200,19300,14000,13900,38000,27900,185500,213400,58600,21.5,13.1,40,1.8
IN_USR_00569,41,Female,Tier 2,Coimbatore,Healthcare Worker,51500,8500,8600,3700,2700,2900,2700,3500,11500,6200,26400,32600,18900,36.7,19.0,53,2.2
IN_USR_00570,32,Female,Tier 1,Bangalore,Healthcare Worker,125000,34500,17800,7200,3400,6400,6000,6800,23500,12800,69300,82100,42900,34.3,15.6,54,2.6
IN_USR_00571,58,Male,Tier 1,Bangalore,Financial Analyst,92000,23500,17600,5200,4100,7100,8500,3500,11000,12000,57500,69500,22500,24.5,17.3,45,2.8
IN_USR_00572,39,Male,Tier 1,Pune,Marketing Manager,124000,35000,22400,5000,3800,12100,9900,8600,11000,18500,78300,96800,27200,21.9,19.1,38,1.8
IN_USR_00573,22,Female,Tier 2,Kochi,Sales Consultant,97000,22000,16400,5200,4600,1000,5700,4100,19500,9800,49200,59000,38000,39.2,16.6,69,5.7
IN_USR_00574,25,Female,Tier 3,Mysore,Software Engineer,165500,28000,25200,12200,9400,100,7800,9400,50500,17200,74900,92100,73400,44.4,18.7,89,11.0
IN_USR_00575,37,Female,Tier 1,Chennai,Small Business Owner,201000,57500,34800,8100,9200,19400,11900,12400,31500,24300,129000,153300,47700,23.7,15.9,54,5.1
IN_USR_00576,42,Female,Tier 1,Hyderabad,Healthcare Worker,58500,15500,11400,4500,2300,4700,4800,2000,7000,6800,38400,45200,13300,22.7,15.0,47,3.4
IN_USR_00577,31,Male,Tier 1,Bangalore,Operations Executive,103000,31500,16800,7700,2800,6900,4800,6500,12500,11300,65700,77000,26000,25.2,14.7,44,2.1
IN_USR_00578,27,Male,Tier 1,Chennai,Software Engineer,134500,46000,19600,7400,4200,2900,10800,10400,20000,21200,80100,101300,33200,24.7,20.9,49,4.3
IN_USR_00579,56,Female,Tier 1,Chennai,Civil Engineer,106000,26500,17600,8200,2400,6400,10000,7100,17000,17100,61100,78200,27800,26.2,21.9,51,4.6
IN_USR_00580,57,Female,Tier 2,Chandigarh,Operations Executive,42500,7500,5400,2300,1900,2200,4100,2500,7500,6600,19300,25900,16600,39.1,25.5,65,5.5
IN_USR_00581,46,Male,Tier 1,Pune,Teacher/Professor,49000,16000,9800,2600,1700,4000,4300,2700,4500,7000,34100,41100,7900,16.1,17.0,32,1.3
IN_USR_00582,47,Male,Tier 2,Ahmedabad,Civil Engineer,44500,10500,6400,2200,2100,2200,2500,3000,10000,5500,23400,28900,15600,35.1,19.0,73,8.1
IN_USR_00583,24,Female,Tier 1,Chennai,Data Analyst,98500,34500,17400,5800,5200,1500,8100,4800,14500,12900,64400,77300,21200,21.5,16.7,40,2.2
IN_USR_00584,35,Male,Tier 2,Jaipur,Financial Analyst,119000,26500,17200,8600,6700,5900,4900,5900,23000,10800,64900,75700,43300,36.4,14.3,67,5.5
IN_USR_00585,44,Female,Tier 1,Pune,Operations Executive,61500,19000,8400,4600,2200,2900,5200,3600,10000,8800,37100,45900,15600,25.4,19.2,54,5.2
IN_USR_00586,41,Female,Tier 2,Indore,Financial Analyst,113000,25000,16200,5200,3200,9600,9500,3400,25500,12900,59200,72100,40900,36.2,17.9,69,6.4
IN_USR_00587,31,Female,Tier 3,Warangal,Small Business Owner,80000,14000,10200,6300,2200,3500,7900,5000,18000,12900,36200,49100,30900,38.6,26.3,87,11.7
IN_USR_00588,47,Male,Tier 1,Mumbai,Healthcare Worker,119500,31000,20000,5600,6000,10300,11900,7600,11500,19500,72900,92400,27100,22.7,21.1,43,3.0
IN_USR_00589,46,Female,Tier 2,Ahmedabad,Civil Engineer,36000,6000,4600,2100,1700,2500,1500,2100,9000,3600,16900,20500,15500,43.1,17.6,69,5.5
IN_USR_00590,28,Male,Tier 1,Chennai,Healthcare Worker,91000,27000,11600,3900,5100,2200,4600,6400,12500,11000,49800,60800,30200,33.2,18.1,62,5.5
IN_USR_00591,56,Female,Tier 1,Pune,Teacher/Professor,88500,29000,15200,6200,2500,7000,4200,6500,11000,10700,59900,70600,17900,20.2,15.2,35,0.9
IN_USR_00592,50,Female,Tier 1,Mumbai,Freelancer/Consultant,114000,35000,14400,5700,5700,5100,5400,5100,26000,10500,65900,76400,37600,33.0,13.7,54,2.8
IN_USR_00593,22,Male,Tier 1,Pune,Operations Executive,90000,26000,11800,5400,2900,2500,9000,5400,15000,14400,48600,63000,27000,30.0,22.9,59,5.9
IN_USR_00594,24,Male,Tier 1,Mumbai,Operations Executive,103000,25500,13400,6400,4500,900,8600,5300,21500,13900,50700,64600,38400,37.3,21.5,61,4.4
IN_USR_00595,32,Female,Tier 1,Delhi-NCR,Small Business Owner,185500,63500,24400,8900,8400,10400,14500,11600,27000,26100,115600,141700,43800,23.6,18.4,46,3.5
IN_USR_00596,54,Male,Tier 1,Mumbai,Civil Engineer,99500,27500,12200,6400,2300,4700,4600,5700,15000,10300,53100,63400,36100,36.3,16.2,71,6.8
IN_USR_00597,45,Female,Tier 2,Chandigarh,Marketing Manager,81000,12000,12200,6400,2800,3800,7700,3100,20500,10800,37200,48000,33000,40.7,22.5,67,5.7
IN_USR_00598,53,Male,Tier 2,Coimbatore,Freelancer/Consultant,119000,24500,20000,9000,3200,11500,7500,5600,23500,13100,68200,81300,37700,31.7,16.1,69,7.5
IN_USR_00599,56,Female,Tier 1,Mumbai,Operations Executive,41000,12500,7200,2700,1100,3000,2300,3100,5500,5400,26500,31900,9100,22.2,16.9,42,2.4
IN_USR_00600,37,Female,Tier 2,Chandigarh,Sales Consultant,81500,18500,13000,4200,3000,7900,7600,5800,10500,13400,46600,60000,21500,26.4,22.3,56,5.7
IN_USR_00601,41,Female,Tier 2,Jaipur,Small Business Owner,71000,11000,9800,3100,3100,3200,4100,5400,20000,9500,30200,39700,31300,44.1,23.9,57,3.2
IN_USR_00602,49,Male,Tier 1,Pune,Small Business Owner,261500,87500,46000,14700,11700,24800,22200,17200,23000,39400,184700,224100,37400,14.3,17.6,34,2.3
IN_USR_00603,37,Male,Tier 2,Chandigarh,Small Business Owner,187000,45000,25000,10200,4700,11400,8100,10200,32500,18300,96300,114600,72400,38.7,16.0,86,10.3
IN_USR_00604,43,Male,Tier 2,Jaipur,Operations Executive,54500,11000,7600,2200,2500,3500,5200,4200,12500,9400,26800,36200,18300,33.6,26.0,61,5.9
IN_USR_00605,24,Female,Tier 3,Warangal,Software Engineer,143000,14500,22400,7400,3500,1500,11900,7200,30000,19100,49300,68400,74600,52.2,27.9,88,11.7
IN_USR_00606,34,Male,Tier 2,Chandigarh,Healthcare Worker,56000,13500,6800,4000,1700,3800,3500,2700,13500,6200,29800,36000,20000,35.7,17.2,67,6.0
IN_USR_00607,39,Male,Tier 3,Nagpur,Sales Consultant,48000,5500,8600,1900,2700,4000,2200,2100,9000,4300,22700,27000,21000,43.8,15.9,75,7.1
IN_USR_00608,43,Male,Tier 1,Mumbai,Sales Consultant,80500,19000,12800,4800,3800,3800,6800,5600,12500,12400,44200,56600,23900,29.7,21.9,59,5.9
IN_USR_00609,46,Male,Tier 1,Bangalore,Software Engineer,124500,30000,20000,8800,3700,10000,7500,9800,21500,17300,72500,89800,34700,27.9,19.3,51,3.7
IN_USR_00610,40,Female,Tier 1,Hyderabad,Marketing Manager,145000,35000,23400,7200,7300,13300,14500,6100,24500,20600,86200,106800,38200,26.3,19.3,44,2.3
IN_USR_00611,28,Male,Tier 1,Pune,Small Business Owner,249000,59500,32200,14000,7700,1400,12100,7700,52500,19800,114800,134600,114400,45.9,14.7,94,12.5
IN_USR_00612,46,Female,Tier 2,Coimbatore,Small Business Owner,110500,19000,17000,4700,4100,4800,5100,5300,34500,10400,49600,60000,50500,45.7,17.3,89,11.0
IN_USR_00613,37,Female,Tier 3,Salem,Software Engineer,64000,6500,11400,3100,2500,6000,2900,2500,20000,5400,29500,34900,29100,45.5,15.5,75,6.9
IN_USR_00614,41,Male,Tier 1,Bangalore,Small Business Owner,224000,71500,29200,12200,11700,18900,16900,13500,23500,30400,143500,173900,50100,22.4,17.5,40,2.1
IN_USR_00615,46,Male,Tier 3,Salem,Small Business Owner,208000,31000,25600,16400,11500,18500,10700,10900,36000,21600,103000,124600,83400,40.1,17.3,89,10.8
IN_USR_00616,43,Female,Tier 2,Chandigarh,Teacher/Professor,77000,12500,10000,4400,3700,7200,6600,5600,15500,12200,37800,50000,27000,35.1,24.4,59,4.9
IN_USR_00617,45,Female,Tier 2,Jaipur,Healthcare Worker,49000,9500,8000,3800,2500,2500,2800,3800,8000,6600,26300,32900,16100,32.9,20.1,72,8.3
IN_USR_00618,25,Male,Tier 2,Ahmedabad,Sales Consultant,105000,25000,20800,4900,5300,1200,9100,5300,16000,14400,57200,71600,33400,31.8,20.1,51,2.9
IN_USR_00619,32,Male,Tier 2,Jaipur,Teacher/Professor,60000,12000,10600,3000,3200,3500,3400,2200,10500,5600,32300,37900,22100,36.8,14.8,69,6.1
IN_USR_00620,40,Male,Tier 2,Kochi,Financial Analyst,90500,21500,11200,7200,5400,4800,4300,5700,18000,10000,50100,60100,30400,33.6,16.6,74,8.3
IN_USR_00621,42,Male,Tier 3,Dehradun,Operations Executive,70000,7500,13400,3600,4200,5400,2800,3300,18500,6100,34100,40200,29800,42.6,15.2,69,5.3
IN_USR_00622,38,Male,Tier 2,Indore,Data Analyst,100000,24500,14000,6500,4400,5200,6700,4600,15500,11300,54600,65900,34100,34.1,17.1,66,6.2
IN_USR_00623,47,Male,Tier 1,Chennai,Healthcare Worker,101500,24500,16000,6100,3900,9000,5100,5900,21000,11000,59500,70500,31000,30.5,15.6,50,2.6
IN_USR_00624,40,Male,Tier 1,Mumbai,Healthcare Worker,74500,17000,9400,3700,4200,7300,3400,4200,15500,7600,41600,49200,25300,34.0,15.4,71,7.2
IN_USR_00625,28,Female,Tier 1,Bangalore,Software Engineer,99500,23500,18000,5000,5700,1800,8700,3000,21500,11700,54000,65700,33800,34.0,17.8,64,5.6
IN_USR_00626,43,Male,Tier 1,Hyderabad,Freelancer/Consultant,185500,60500,26800,11000,5500,13500,10400,10600,19000,21000,117300,138300,47200,25.4,15.2,41,1.4
IN_USR_00627,56,Female,Tier 1,Hyderabad,Financial Analyst,63500,21500,7800,3600,1600,5000,3400,4700,8000,8100,39500,47600,15900,25.0,17.0,54,5.1
IN_USR_00628,29,Female,Tier 1,Bangalore,Marketing Manager,67000,23000,9600,2900,2200,700,6400,2300,8000,8700,38400,47100,19900,29.7,18.5,48,2.4
IN_USR_00629,49,Female,Tier 2,Coimbatore,Healthcare Worker,59500,14000,10400,3900,1900,5500,3300,3300,9000,6600,35700,42300,17200,28.9,15.6,50,2.9
IN_USR_00630,26,Male,Tier 3,Salem,Small Business Owner,75000,9500,11400,5200,3900,1100,3300,4400,25000,7700,31100,38800,36200,48.3,19.8,74,7.1
IN_USR_00631,27,Female,Tier 3,Salem,Healthcare Worker,73500,9000,11400,5000,2700,1700,4400,5200,20500,9600,29800,39400,34100,46.4,24.4,70,6.5
IN_USR_00632,48,Female,Tier 2,Ahmedabad,Teacher/Professor,65000,15000,9800,4100,2400,4900,5300,4400,11500,9700,36200,45900,19100,29.4,21.1,48,2.9
IN_USR_00633,22,Male,Tier 3,Mysore,Civil Engineer,61000,8500,8000,2700,3400,700,5500,4200,12500,9700,23300,33000,28000,45.9,29.4,80,9.7
IN_USR_00634,57,Female,Tier 1,Mumbai,Software Engineer,128000,30000,22400,5900,6300,10500,8400,4200,17500,12600,75100,87700,40300,31.5,14.4,61,5.0
IN_USR_00635,52,Male,Tier 1,Delhi-NCR,Financial Analyst,75000,19000,9000,5500,2700,6400,5100,2800,13500,7900,42600,50500,24500,32.7,15.6,71,7.7
IN_USR_00636,52,Female,Tier 2,Ahmedabad,Small Business Owner,232500,35000,30000,9900,10600,17700,11700,8800,56500,20500,103200,123700,108800,46.8,16.6,79,8.1
IN_USR_00637,51,Female,Tier 3,Dehradun,Operations Executive,69500,8000,13600,3500,1600,4400,6700,4700,14000,11400,31100,42500,27000,38.8,26.8,55,3.1
IN_USR_00638,47,Male,Tier 2,Indore,Freelancer/Consultant,65000,15000,10200,3400,3000,5800,3200,4600,12000,7800,37400,45200,19800,30.5,17.3,50,2.7
IN_USR_00639,28,Male,Tier 1,Pune,Civil Engineer,42500,10500,5600,1900,1200,0,4000,1700,8000,5700,19200,24900,17600,41.4,22.9,91,12.1
IN_USR_00640,37,Female,Tier 1,Pune,Freelancer/Consultant,65500,19000,12000,2700,2100,6300,2700,3100,8500,5800,42100,47900,17600,26.9,12.1,50,3.1
IN_USR_00641,34,Female,Tier 2,Coimbatore,Civil Engineer,43500,9500,5600,2400,2200,2000,3800,1600,9500,5400,21700,27100,16400,37.7,19.9,65,5.4
IN_USR_00642,24,Female,Tier 1,Chennai,Sales Consultant,52000,17500,6600,3600,2900,1300,4100,3600,5500,7700,31900,39600,12400,23.8,19.4,53,5.3
IN_USR_00643,55,Female,Tier 1,Mumbai,Civil Engineer,62000,16500,11600,3500,3400,5400,3900,2500,9000,6400,40400,46800,15200,24.5,13.7,41,1.4
IN_USR_00644,31,Female,Tier 1,Bangalore,Financial Analyst,110000,32000,21800,7800,2600,5000,6500,8400,11500,14900,69200,84100,25900,23.5,17.7,42,2.3
IN_USR_00645,45,Female,Tier 1,Mumbai,Sales Consultant,79000,27500,15600,5600,3000,7500,7600,6200,3500,13800,59200,73000,6000,7.6,18.9,22,0.7
IN_USR_00646,40,Female,Tier 1,Pune,Small Business Owner,96500,27000,15600,6300,3100,4300,6300,5100,19000,11400,56300,67700,28800,29.8,16.8,66,7.1
IN_USR_00647,24,Male,Tier 2,Chandigarh,Teacher/Professor,30500,5000,4000,1700,1300,800,1600,2200,8500,3800,12800,16600,13900,45.6,22.9,74,7.4
IN_USR_00648,51,Female,Tier 1,Mumbai,Data Analyst,117500,37500,16000,6200,3800,11700,8100,7700,14500,15800,75200,91000,26500,22.6,17.4,41,2.1
IN_USR_00649,24,Male,Tier 3,Salem,Small Business Owner,90000,11500,11000,5800,3200,2500,5600,4600,25000,10200,34000,44200,45800,50.9,23.1,64,4.8
IN_USR_00650,23,Female,Tier 1,Chennai,Financial Analyst,76000,18000,10800,3300,4200,1000,5000,3100,20500,8100,37300,45400,30600,40.3,17.8,63,4.1
IN_USR_00651,25,Male,Tier 3,Warangal,Civil Engineer,71500,9000,9800,5600,2800,1100,6200,5600,16500,11800,28300,40100,31400,43.9,29.4,88,14.5
IN_USR_00652,58,Female,Tier 2,Indore,Freelancer/Consultant,97000,15500,16800,6300,3200,9600,9300,6500,18500,15800,51400,67200,29800,30.7,23.5,52,3.8
IN_USR_00653,31,Female,Tier 3,Warangal,Civil Engineer,36000,6000,6200,1800,1800,3600,3500,2600,6000,6100,19400,25500,10500,29.2,23.9,56,5.4
IN_USR_00654,28,Male,Tier 1,Mumbai,Healthcare Worker,71000,21000,9800,3400,2000,1400,6900,3400,12000,10300,37600,47900,23100,32.5,21.5,54,3.9
IN_USR_00655,41,Male,Tier 2,Coimbatore,Sales Consultant,89500,17000,13200,5500,3700,7700,4200,3500,18500,7700,47100,54800,34700,38.8,14.1,62,3.6
IN_USR_00656,32,Female,Tier 1,Chennai,Small Business Owner,189500,57500,33400,14700,10700,8700,8600,13600,18000,22200,125000,147200,42300,22.3,15.1,38,1.1
IN_USR_00657,48,Male,Tier 1,Pune,Teacher/Professor,42000,12500,6800,3000,2000,3800,2200,2900,5000,5100,28100,33200,8800,21.0,15.4,37,1.3
IN_USR_00658,52,Male,Tier 1,Hyderabad,Healthcare Worker,105500,23500,15800,5200,3300,9800,5900,7600,22000,13500,57600,71100,34400,32.6,19.0,58,4.5
IN_USR_00659,37,Male,Tier 3,Warangal,Software Engineer,67000,7000,12200,4900,2700,5700,4000,2600,16000,6600,32500,39100,27900,41.6,16.9,73,6.6
IN_USR_00660,57,Female,Tier 1,Chennai,Healthcare Worker,54000,17500,9000,2400,2500,5300,2700,4100,6000,6800,36700,43500,10500,19.4,15.6,39,2.2
IN_USR_00661,28,Male,Tier 2,Coimbatore,Freelancer/Consultant,148000,34500,25200,7500,6200,4200,7700,5100,30500,12800,77600,90400,57600,38.9,14.2,76,7.4
IN_USR_00662,31,Male,Tier 2,Indore,Data Analyst,125000,23500,22400,5700,4800,9700,7700,5200,31000,12900,66100,79000,46000,36.8,16.3,62,4.4
IN_USR_00663,56,Male,Tier 2,Ahmedabad,Operations Executive,78000,12000,9800,3600,1600,7700,7200,2800,22500,10000,34700,44700,33300,42.7,22.4,62,4.2
IN_USR_00664,31,Female,Tier 1,Mumbai,Data Analyst,69000,19500,10200,5100,2500,4800,2900,2300,15000,5200,42100,47300,21700,31.4,11.0,51,2.0
IN_USR_00665,48,Female,Tier 3,Nagpur,Sales Consultant,47500,5500,5800,2200,2000,3600,2000,3700,16000,5700,19100,24800,22700,47.8,23.0,83,9.9
IN_USR_00666,56,Male,Tier 1,Chennai,Operations Executive,49500,12000,6000,2000,2000,2400,4600,1800,8500,6400,24400,30800,18700,37.8,20.8,64,5.1
IN_USR_00667,36,Male,Tier 2,Chandigarh,Operations Executive,53000,10500,10400,2900,2200,3100,4500,2900,9000,7400,29100,36500,16500,31.1,20.3,55,4.2
IN_USR_00668,34,Female,Tier 1,Chennai,Operations Executive,70000,16500,12800,4400,1900,3700,5800,3600,11500,9400,39300,48700,21300,30.4,19.3,58,5.2
IN_USR_00669,39,Female,Tier 2,Indore,Healthcare Worker,96500,16500,14400,7300,5100,6500,9000,7500,14500,16500,49800,66300,30200,31.3,24.9,55,4.6
IN_USR_00670,55,Female,Tier 1,Bangalore,Financial Analyst,112000,31000,15200,5600,3200,7000,5500,5100,16000,10600,62000,72600,39400,35.2,14.6,70,6.7
IN_USR_00671,43,Male,Tier 1,Delhi-NCR,Marketing Manager,136500,31000,19400,6600,3900,10100,11300,10600,28000,21900,71000,92900,43600,31.9,23.6,62,6.4
IN_USR_00672,58,Female,Tier 2,Ahmedabad,Civil Engineer,88500,16000,12000,6400,3500,8800,5800,3200,15000,9000,46700,55700,32800,37.1,16.2,63,4.6
IN_USR_00673,46,Male,Tier 2,Kochi,Software Engineer,76000,18500,10800,5600,2700,7100,7200,2400,13000,9600,44700,54300,21700,28.6,17.7,45,1.8
IN_USR_00674,28,Female,Tier 2,Kochi,Civil Engineer,84500,15500,10600,6000,3400,100,4900,6700,20500,11600,35600,47200,37300,44.1,24.6,85,10.5
IN_USR_00675,29,Female,Tier 3,Mysore,Software Engineer,113500,12000,13800,5000,3700,2300,7500,4400,29500,11900,36800,48700,64800,57.1,24.4,90,22.8
IN_USR_00676,45,Male,Tier 3,Mysore,Operations Executive,73500,7500,9200,3800,2200,6000,6400,3600,21000,10000,28700,38700,34800,47.3,25.8,90,16.0
IN_USR_00677,51,Male,Tier 1,Mumbai,Freelancer/Consultant,176500,53500,30600,10700,5200,12100,12300,7800,28000,20100,112100,132200,44300,25.1,15.2,48,3.3
IN_USR_00678,27,Female,Tier 2,Coimbatore,Data Analyst,96500,20000,18400,6400,4800,600,4300,7600,14500,11900,50200,62100,34400,35.6,19.2,52,2.2
IN_USR_00679,35,Female,Tier 2,Chandigarh,Sales Consultant,48500,9000,9000,3400,2000,2900,4700,3200,8500,7900,26300,34200,14300,29.5,23.1,62,6.7
IN_USR_00680,28,Male,Tier 1,Delhi-NCR,Healthcare Worker,114000,38000,18400,8100,3100,1000,5700,5200,23000,10900,68600,79500,34500,30.3,13.7,60,5.1
IN_USR_00681,31,Female,Tier 3,Nagpur,Data Analyst,69500,7000,11000,3500,2700,5000,4200,2500,19000,6700,29200,35900,33600,48.3,18.7,77,7.9
IN_USR_00682,35,Male,Tier 1,Hyderabad,Teacher/Professor,59500,13500,8400,2600,2700,5000,3900,2700,11000,6600,32200,38800,20700,34.8,17.0,67,6.1
IN_USR_00683,55,Female,Tier 2,Jaipur,Small Business Owner,63000,13500,12400,3100,1400,2700,3500,2100,10500,5600,33100,38700,24300,38.6,14.5,63,4.0
IN_USR_00684,47,Female,Tier 1,Mumbai,Operations Executive,77500,19000,14200,4200,2400,5900,6500,2700,12500,9200,45700,54900,22600,29.2,16.8,59,5.3
IN_USR_00685,52,Female,Tier 3,Nagpur,Marketing Manager,57000,7000,7200,2700,3200,2800,2300,3100,14500,5400,22900,28300,28700,50.4,19.1,71,6.2
IN_USR_00686,38,Male,Tier 1,Bangalore,Freelancer/Consultant,158000,54500,26400,9400,4700,7400,14100,9200,22500,23300,102400,125700,32300,20.4,18.5,45,3.8
IN_USR_00687,55,Male,Tier 2,Jaipur,Data Analyst,90000,20500,13200,5400,3100,6500,7200,3800,16500,11000,48700,59700,30300,33.7,18.4,70,7.5
IN_USR_00688,41,Female,Tier 3,Nagpur,Freelancer/Consultant,146000,16000,25600,10100,3000,14400,13300,9200,24000,22500,69100,91600,54400,37.3,24.6,68,6.7
IN_USR_00689,37,Female,Tier 1,Chennai,Data Analyst,86500,29500,13000,3800,2700,6700,6300,6500,12500,12800,55700,68500,18000,20.8,18.7,46,4.1
IN_USR_00690,33,Female,Tier 3,Trichy,Civil Engineer,51500,7500,10000,2600,1400,3900,4200,3700,8000,7900,25400,33300,18200,35.3,23.7,73,8.4
IN_USR_00691,58,Female,Tier 1,Bangalore,Sales Consultant,62500,17500,8200,4900,2800,5000,3600,2800,11500,6400,38400,44800,17700,28.3,14.3,45,1.5
IN_USR_00692,24,Male,Tier 1,Pune,Data Analyst,65500,18500,7800,3500,3500,100,3200,4800,15500,8000,33400,41400,24100,36.8,19.3,67,6.1
IN_USR_00693,57,Male,Tier 3,Nagpur,Operations Executive,37500,6500,5000,2400,900,2000,2600,1800,10500,4400,16800,21200,16300,43.5,20.8,83,9.7
IN_USR_00694,49,Female,Tier 3,Mysore,Operations Executive,46500,7000,6200,2700,2600,4100,2200,3200,9000,5400,22600,28000,18500,39.8,19.3,70,6.2
IN_USR_00695,34,Female,Tier 1,Delhi-NCR,Freelancer/Consultant,191000,55500,28600,14300,7200,9200,12700,8700,37500,21400,114800,136200,54800,28.7,15.7,58,5.2
IN_USR_00696,51,Female,Tier 1,Hyderabad,Healthcare Worker,115500,26000,19000,9000,4300,9900,8900,5200,15500,14100,68200,82300,33200,28.7,17.1,54,4.2
IN_USR_00697,30,Female,Tier 1,Hyderabad,Financial Analyst,124000,38000,19400,8700,5000,3100,5600,5400,27000,11000,74200,85200,38800,31.3,12.9,50,2.2
IN_USR_00698,28,Female,Tier 2,Coimbatore,Civil Engineer,91500,14500,16400,6100,4500,100,4800,3400,26000,8200,41600,49800,41700,45.6,16.5,80,8.5
IN_USR_00699,36,Male,Tier 1,Delhi-NCR,Software Engineer,232500,70000,31600,9900,6100,21600,16600,9800,29000,26400,139200,165600,66900,28.8,15.9,45,1.6
IN_USR_00700,54,Female,Tier 1,Bangalore,Operations Executive,70500,20000,9400,3500,3800,3900,5400,3700,12500,9100,40600,49700,20800,29.5,18.3,47,2.2
IN_USR_00701,31,Male,Tier 1,Chennai,Small Business Owner,130000,31500,23400,8000,5100,7500,10400,10100,18500,20500,75500,96000,34000,26.2,21.4,52,4.7
IN_USR_00702,47,Female,Tier 2,Jaipur,Sales Consultant,89500,20500,11800,4600,2200,5700,6700,2800,21000,9500,44800,54300,35200,39.3,17.5,77,8.0
IN_USR_00703,50,Male,Tier 3,Trichy,Financial Analyst,99000,17000,15600,4000,2600,6900,9100,4000,26500,13100,46100,59200,39800,40.2,22.1,75,7.6
IN_USR_00704,54,Male,Tier 1,Mumbai,Civil Engineer,89500,28000,13200,6100,4600,5100,7700,4000,11000,11700,57000,68700,20800,23.2,17.0,52,4.8
IN_USR_00705,52,Female,Tier 3,Dehradun,Small Business Owner,82500,12000,16000,5900,3400,3900,4900,6400,15000,11300,41200,52500,30000,36.4,21.5,70,7.1
IN_USR_00706,47,Male,Tier 1,Chennai,Financial Analyst,98000,23000,12600,7600,3800,8400,9700,6900,16000,16600,55400,72000,26000,26.5,23.1,44,2.6
IN_USR_00707,33,Female,Tier 2,Ahmedabad,Data Analyst,58000,12000,7400,4300,1300,5000,4400,4200,13000,8600,30000,38600,19400,33.4,22.3,56,4.2
IN_USR_00708,50,Female,Tier 1,Chennai,Freelancer/Consultant,112000,27500,17800,7500,3300,9500,7400,6300,21000,13700,65600,79300,32700,29.2,17.3,46,2.0
IN_USR_00709,23,Male,Tier 1,Mumbai,Software Engineer,194500,62500,32200,14500,6500,4000,19000,12900,24000,31900,119700,151600,42900,22.1,21.0,38,1.8
IN_USR_00710,35,Female,Tier 2,Kochi,Freelancer/Consultant,81000,18500,12600,5300,4500,6000,3900,4500,11000,8400,46900,55300,25700,31.7,15.2,59,4.7
IN_USR_00711,25,Female,Tier 1,Delhi-NCR,Operations Executive,69500,21500,8800,5200,4100,200,5200,5000,13500,10200,39800,50000,19500,28.1,20.4,52,4.2
IN_USR_00712,47,Male,Tier 2,Jaipur,Freelancer/Consultant,168500,41000,33400,11100,3600,11000,8800,12500,19500,21300,100100,121400,47100,28.0,17.5,47,2.5
IN_USR_00713,43,Male,Tier 1,Bangalore,Freelancer/Consultant,62500,16500,7800,3500,3100,6000,5800,3400,7000,9200,36900,46100,16400,26.2,20.0,53,4.9
IN_USR_00714,28,Male,Tier 1,Mumbai,Small Business Owner,163000,45000,23600,12100,9600,100,7100,11200,35000,18300,90400,108700,54300,33.3,16.8,62,5.3
IN_USR_00715,46,Male,Tier 2,Jaipur,Healthcare Worker,89500,19500,13800,5100,2300,5900,8400,7100,14000,15500,46600,62100,27400,30.6,25.0,48,3.0
IN_USR_00716,49,Male,Tier 1,Bangalore,Freelancer/Consultant,55000,13500,9800,4200,2800,4100,5500,1700,8500,7200,34400,41600,13400,24.4,17.3,52,4.7
IN_USR_00717,26,Male,Tier 1,Mumbai,Operations Executive,43500,11500,7400,3300,2600,200,2800,2700,8000,5500,25000,30500,13000,29.9,18.0,46,2.0
IN_USR_00718,56,Male,Tier 1,Chennai,Civil Engineer,108000,36500,14800,7400,6200,9400,6200,6800,11500,13000,74300,87300,20700,19.2,14.9,37,1.7
IN_USR_00719,56,Male,Tier 1,Hyderabad,Freelancer/Consultant,198500,51000,27000,9000,11700,10700,16800,8000,33000,24800,109400,134200,64300,32.4,18.5,67,7.0
IN_USR_00720,31,Male,Tier 3,Nagpur,Sales Consultant,80500,14000,9800,5900,2500,6100,4700,6300,13000,11000,38300,49300,31200,38.8,22.3,83,10.1
IN_USR_00721,46,Female,Tier 1,Hyderabad,Healthcare Worker,113000,25500,15400,5400,4200,4900,6600,6400,22500,13000,55400,68400,44600,39.5,19.0,57,2.6
IN_USR_00722,43,Female,Tier 2,Indore,Marketing Manager,48500,9000,9000,2800,1800,4100,4100,1600,7000,5700,26700,32400,16100,33.2,17.6,59,4.4
IN_USR_00723,40,Female,Tier 1,Chennai,Freelancer/Consultant,130000,31500,19600,9100,7400,6200,5300,9100,28500,14400,73800,88200,41800,32.2,16.3,50,2.2
IN_USR_00724,37,Female,Tier 1,Hyderabad,Software Engineer,169000,45000,29200,12000,8900,12900,8000,9900,21500,17900,108000,125900,43100,25.5,14.2,46,2.4
IN_USR_00725,33,Female,Tier 1,Hyderabad,Software Engineer,227000,51000,33800,14900,9600,14600,17000,7700,52500,24700,123900,148600,78400,34.5,16.6,65,5.7
IN_USR_00726,26,Female,Tier 1,Delhi-NCR,Operations Executive,77500,18500,13200,3600,3500,100,3600,2500,19500,6100,38900,45000,32500,41.9,13.6,89,10.4
IN_USR_00727,42,Male,Tier 2,Chandigarh,Software Engineer,143000,35500,17400,10600,7700,10400,6100,6000,21500,12100,81600,93700,49300,34.5,12.9,65,5.2
IN_USR_00728,29,Male,Tier 1,Delhi-NCR,Freelancer/Consultant,163500,53500,28600,7000,6100,1400,6800,9900,25500,16700,96600,113300,50200,30.7,14.7,68,7.1
IN_USR_00729,45,Female,Tier 3,Trichy,Freelancer/Consultant,45000,5000,5600,3500,2500,1900,3400,3200,11000,6600,18500,25100,19900,44.2,26.3,89,12.5
IN_USR_00730,54,Female,Tier 3,Warangal,Freelancer/Consultant,45500,7000,6000,3200,2100,4400,4400,3600,8500,8000,22700,30700,14800,32.5,26.1,72,9.1
IN_USR_00731,57,Female,Tier 2,Jaipur,Teacher/Professor,82500,13000,13000,5000,3100,4600,7400,3700,15500,11100,38700,49800,32700,39.6,22.3,64,4.8
IN_USR_00732,45,Male,Tier 1,Chennai,Data Analyst,94000,26000,18400,5300,2200,6900,4200,4500,14500,8700,58800,67500,26500,28.2,12.9,49,2.5
IN_USR_00733,48,Male,Tier 2,Chandigarh,Teacher/Professor,46000,10500,7000,2900,1200,2600,2600,2100,7500,4700,24200,28900,17100,37.2,16.3,66,5.4
IN_USR_00734,31,Female,Tier 2,Chandigarh,Financial Analyst,114500,17500,14800,5800,4800,11000,9700,4200,19000,13900,53900,67800,46700,40.8,20.5,72,6.7
IN_USR_00735,32,Male,Tier 1,Pune,Healthcare Worker,109500,29000,16600,6800,5300,5200,10300,8200,16000,18500,62900,81400,28100,25.7,22.7,50,4.4
IN_USR_00736,24,Male,Tier 2,Kochi,Sales Consultant,88500,19000,15800,5100,4500,1900,7400,5900,16500,13300,46300,59600,28900,32.7,22.3,68,7.5
IN_USR_00737,54,Male,Tier 1,Bangalore,Freelancer/Consultant,163500,50500,25600,8600,4400,13600,9300,11200,19000,20500,102700,123200,40300,24.6,16.6,47,3.3
IN_USR_00738,25,Female,Tier 1,Hyderabad,Civil Engineer,97500,23500,12800,7100,4800,2900,5100,5500,20500,10600,51100,61700,35800,36.7,17.2,71,6.8
IN_USR_00739,28,Female,Tier 1,Bangalore,Operations Executive,61000,17500,8400,2900,3500,500,4700,2200,10000,6900,32800,39700,21300,34.9,17.4,58,3.9
IN_USR_00740,28,Male,Tier 2,Indore,Financial Analyst,58500,12500,7200,4400,2400,300,4100,4200,12000,8300,26800,35100,23400,40.0,23.6,65,5.3
IN_USR_00741,58,Female,Tier 2,Indore,Financial Analyst,114500,20500,14800,7800,6200,7600,7500,4900,30000,12400,56900,69300,45200,39.5,17.9,89,11.1
IN_USR_00742,29,Female,Tier 2,Coimbatore,Marketing Manager,54500,10000,8800,2800,2500,800,4700,3600,10500,8300,24900,33200,21300,39.1,25.0,87,11.3
IN_USR_00743,49,Male,Tier 3,Dehradun,Civil Engineer,40500,7000,7000,3000,900,3200,1600,1500,8500,3100,21100,24200,16300,40.2,12.8,89,10.3
IN_USR_00744,34,Female,Tier 1,Hyderabad,Financial Analyst,138000,35500,18800,10400,8000,12600,11700,4200,15500,15900,85300,101200,36800,26.7,15.7,52,3.9
IN_USR_00745,35,Male,Tier 1,Chennai,Operations Executive,86500,23500,14400,5700,3400,6900,4400,3900,11500,8300,53900,62200,24300,28.1,13.3,50,2.8
IN_USR_00746,53,Female,Tier 2,Ahmedabad,Freelancer/Consultant,138500,28500,19800,6800,8100,13000,11900,7100,23000,19000,76200,95200,43300,31.3,20.0,52,3.3
IN_USR_00747,49,Male,Tier 1,Delhi-NCR,Small Business Owner,91500,24500,13800,4100,5100,8300,8400,5500,13000,13900,55800,69700,21800,23.8,19.9,38,1.3
IN_USR_00748,39,Male,Tier 3,Warangal,Software Engineer,136000,16500,19800,7600,5100,8700,12900,5900,37000,18800,57700,76500,59500,43.8,24.6,71,6.9
IN_USR_00749,24,Female,Tier 1,Mumbai,Freelancer/Consultant,102000,29500,18600,4500,6000,1900,4900,5800,21000,10700,60500,71200,30800,30.2,15.0,46,1.6
IN_USR_00750,46,Male,Tier 2,Kochi,Civil Engineer,85500,19500,10600,3600,2400,6200,8500,6100,15000,14600,42300,56900,28600,33.5,25.7,67,7.4
IN_USR_00751,40,Male,Tier 3,Trichy,Healthcare Worker,58000,8500,8200,2400,3100,4900,4200,3200,15000,7400,27100,34500,23500,40.5,21.4,58,3.0
IN_USR_00752,40,Female,Tier 1,Chennai,Marketing Manager,57000,14500,7400,4100,2600,2700,4800,2500,8000,7300,31300,38600,18400,32.3,18.9,49,2.2
IN_USR_00753,48,Male,Tier 1,Pune,Freelancer/Consultant,97500,22500,16200,5400,5200,8900,8500,5000,16000,13500,58200,71700,25800,26.5,18.8,46,2.8
IN_USR_00754,51,Male,Tier 1,Chennai,Freelancer/Consultant,194000,52000,30000,9500,7000,11000,11100,12600,33500,23700,109500,133200,60800,31.3,17.8,55,4.0
IN_USR_00755,53,Female,Tier 3,Dehradun,Data Analyst,93000,11000,18400,5200,2700,5800,6900,5800,18500,12700,43100,55800,37200,40.0,22.8,85,10.3
IN_USR_00756,27,Male,Tier 2,Chandigarh,Sales Consultant,68000,11000,10400,5000,2800,1700,5800,2200,16000,8000,30900,38900,29100,42.8,20.6,73,7.1
IN_USR_00757,43,Male,Tier 1,Chennai,Freelancer/Consultant,174500,58000,24600,8400,7400,12100,12200,13600,18000,25800,110500,136300,38200,21.9,18.9,42,2.8
IN_USR_00758,52,Male,Tier 3,Warangal,Data Analyst,84500,9500,10200,5100,2100,4400,7800,3000,28000,10800,31300,42100,42400,50.2,25.7,87,11.4
IN_USR_00759,55,Female,Tier 1,Pune,Healthcare Worker,106000,23500,13800,8500,5200,9800,6000,4900,23000,10900,60800,71700,34300,32.4,15.2,62,5.2
IN_USR_00760,32,Male,Tier 1,Chennai,Marketing Manager,144500,49500,21600,9300,5600,7600,8600,9700,23000,18300,93600,111900,32600,22.6,16.4,50,4.6
IN_USR_00761,32,Female,Tier 1,Hyderabad,Financial Analyst,86000,24000,17200,3500,4100,4500,3900,4600,10500,8500,53300,61800,24200,28.1,13.8,56,4.5
IN_USR_00762,32,Male,Tier 1,Pune,Marketing Manager,103500,31000,20200,5300,5500,9500,7800,4700,11500,12500,71500,84000,19500,18.8,14.9,38,2.0
IN_USR_00763,38,Male,Tier 1,Mumbai,Data Analyst,90000,23000,12600,4000,4700,6800,7700,4200,17000,11900,51100,63000,27000,30.0,18.9,57,5.0
IN_USR_00764,39,Female,Tier 1,Bangalore,Marketing Manager,84500,19500,15600,3900,2200,7800,5000,6300,10000,11300,49000,60300,24200,28.6,18.7,54,4.3
IN_USR_00765,50,Female,Tier 2,Kochi,Operations Executive,68000,15500,9400,3800,3500,5600,4200,4900,10500,9100,37800,46900,21100,31.0,19.4,48,2.2
IN_USR_00766,35,Male,Tier 3,Trichy,Financial Analyst,95500,14000,15200,6800,4500,7000,6300,4500,15000,10800,47500,58300,37200,39.0,18.5,67,5.5
IN_USR_00767,51,Female,Tier 2,Chandigarh,Freelancer/Consultant,95000,18000,12800,6600,1900,6300,6800,2900,19500,9700,45600,55300,39700,41.8,17.5,61,3.5
IN_USR_00768,45,Female,Tier 2,Jaipur,Freelancer/Consultant,116500,18000,16600,6900,2500,9500,6400,7100,34000,13500,53500,67000,49500,42.5,20.1,89,11.2
IN_USR_00769,52,Female,Tier 1,Hyderabad,Small Business Owner,284000,82500,36400,15600,12600,23500,23400,11000,52000,34400,170600,205000,79000,27.8,16.8,44,1.8
IN_USR_00770,29,Male,Tier 1,Chennai,Software Engineer,181000,42000,29600,14400,5000,3300,7400,13000,43500,20400,94300,114700,66300,36.6,17.8,62,4.6
IN_USR_00771,32,Female,Tier 2,Coimbatore,Healthcare Worker,94500,22000,16400,4000,5000,6600,7900,3200,15500,11100,54000,65100,29400,31.1,17.1,53,3.3
IN_USR_00772,34,Female,Tier 1,Chennai,Software Engineer,180000,46000,26600,9700,7700,14700,13300,9600,23000,22900,104700,127600,52400,29.1,17.9,46,2.0
IN_USR_00773,27,Male,Tier 1,Chennai,Software Engineer,137500,44500,18800,7600,3200,3000,7500,9900,25500,17400,77100,94500,43000,31.3,18.4,67,7.2
IN_USR_00774,34,Male,Tier 1,Hyderabad,Operations Executive,53500,13500,8800,3000,2900,3000,2800,4200,7500,7000,31200,38200,15300,28.6,18.3,52,3.8
IN_USR_00775,27,Female,Tier 1,Delhi-NCR,Civil Engineer,98500,30000,15400,6400,5200,100,8900,4900,15500,13800,57100,70900,27600,28.0,19.5,46,2.6
IN_USR_00776,49,Female,Tier 2,Coimbatore,Operations Executive,48500,9000,9600,3000,2400,2700,3400,2000,7500,5400,26700,32100,16400,33.8,16.8,56,3.6
IN_USR_00777,29,Male,Tier 1,Hyderabad,Freelancer/Consultant,149000,40000,22400,9500,3200,3100,11600,10900,19500,22500,78200,100700,48300,32.4,22.3,57,4.7
IN_USR_00778,43,Female,Tier 2,Jaipur,Financial Analyst,102000,18500,16000,4800,2100,9000,6900,6000,20500,12900,50400,63300,38700,37.9,20.4,66,5.7
IN_USR_00779,37,Female,Tier 2,Indore,Civil Engineer,66500,14500,9600,5200,3700,5700,6300,3700,9500,10000,38700,48700,17800,26.8,20.5,55,5.3
IN_USR_00780,58,Female,Tier 2,Chandigarh,Teacher/Professor,41000,10000,7800,3200,2400,2100,4000,2800,4000,6800,25500,32300,8700,21.2,21.1,39,2.3
IN_USR_00781,25,Male,Tier 1,Mumbai,Civil Engineer,75000,20500,11800,5000,2100,400,4400,2900,18500,7300,39800,47100,27900,37.2,15.5,67,5.5
IN_USR_00782,37,Male,Tier 2,Kochi,Software Engineer,200000,33000,25600,12400,7200,10500,13700,9800,47500,23500,88700,112200,87800,43.9,20.9,68,5.6
IN_USR_00783,28,Female,Tier 1,Mumbai,Healthcare Worker,95500,32000,17800,6600,3500,1100,4200,5200,15500,9400,61000,70400,25100,26.3,13.4,52,3.9
IN_USR_00784,36,Male,Tier 2,Kochi,Civil Engineer,57500,11500,7000,3700,2100,2600,3100,3200,10000,6300,26900,33200,24300,42.3,19.0,69,5.7
IN_USR_00785,27,Female,Tier 1,Mumbai,Healthcare Worker,68500,17500,10400,5000,1500,2000,4500,2600,15000,7100,36400,43500,25000,36.5,16.3,77,8.4
IN_USR_00786,51,Male,Tier 1,Chennai,Data Analyst,156500,52000,28800,6300,5100,11700,9900,8300,19000,18200,103900,122100,34400,22.0,14.9,50,4.5
IN_USR_00787,47,Female,Tier 2,Kochi,Healthcare Worker,74000,16500,9600,5300,4200,5200,6400,4900,14500,11300,40800,52100,21900,29.6,21.7,65,7.3
IN_USR_00788,29,Male,Tier 3,Dehradun,Healthcare Worker,43000,5000,6400,3300,1900,300,3800,2900,10500,6700,16900,23600,19400,45.1,28.4,59,4.1
IN_USR_00789,40,Male,Tier 1,Hyderabad,Sales Consultant,95500,21500,16000,5200,3500,7700,8200,3000,14500,11200,53900,65100,30400,31.8,17.2,54,3.5
IN_USR_00790,48,Male,Tier 1,Delhi-NCR,Small Business Owner,68000,20000,10200,2800,3400,3700,3100,2400,14000,5500,40100,45600,22400,32.9,12.1,65,5.6
IN_USR_00791,49,Female,Tier 1,Hyderabad,Freelancer/Consultant,125500,42500,24200,9700,6600,9300,5300,5800,9000,11100,92300,103400,22100,17.6,10.7,40,2.3
IN_USR_00792,28,Female,Tier 2,Coimbatore,Data Analyst,94500,23000,17000,5400,2000,2700,5200,5900,22000,11100,50100,61200,33300,35.2,18.1,74,8.1
IN_USR_00793,49,Male,Tier 2,Indore,Operations Executive,55000,11500,9000,3900,2600,2400,4100,2200,13000,6300,29400,35700,19300,35.1,17.6,59,4.0
IN_USR_00794,33,Female,Tier 2,Jaipur,Freelancer/Consultant,149500,36000,26000,7600,5400,6100,9700,5500,25500,15200,81100,96300,53200,35.6,15.8,68,6.3
IN_USR_00795,42,Male,Tier 1,Bangalore,Civil Engineer,57000,13000,8200,3900,3000,4300,4500,2600,9000,7100,32400,39500,17500,30.7,18.0,66,7.1
IN_USR_00796,22,Female,Tier 1,Delhi-NCR,Sales Consultant,63000,17500,11400,3100,3000,1300,3500,2000,14000,5500,36300,41800,21200,33.7,13.2,74,8.0
IN_USR_00797,53,Female,Tier 1,Chennai,Teacher/Professor,62500,16000,11200,3600,2400,3100,4700,3800,10000,8500,36300,44800,17700,28.3,19.0,51,3.7
IN_USR_00798,23,Female,Tier 2,Ahmedabad,Marketing Manager,94000,23000,12200,6000,5100,300,5000,7500,20000,12500,46600,59100,34900,37.1,21.2,58,3.7
IN_USR_00799,32,Female,Tier 2,Kochi,Marketing Manager,100000,24000,14200,7100,4500,8000,8100,6200,16500,14300,57800,72100,27900,27.9,19.8,52,4.1
IN_USR_00800,56,Female,Tier 1,Hyderabad,Sales Consultant,110000,28500,21400,5100,6000,7000,4400,7900,18500,12300,68000,80300,29700,27.0,15.3,54,4.5
IN_USR_00801,28,Female,Tier 2,Ahmedabad,Healthcare Worker,94000,16000,11400,4600,4200,1400,4200,5500,24500,9700,37600,47300,46700,49.7,20.5,62,4.0
IN_USR_00802,37,Male,Tier 2,Ahmedabad,Small Business Owner,74000,18000,9000,4700,3800,4700,5200,2900,17500,8100,40200,48300,25700,34.7,16.8,63,5.1
IN_USR_00803,37,Male,Tier 1,Chennai,Marketing Manager,100500,24000,12600,4100,4300,6800,8100,5200,16500,13300,51800,65100,35400,35.2,20.4,55,3.4
IN_USR_00804,51,Male,Tier 2,Kochi,Financial Analyst,87000,17000,17200,3500,1900,7000,8000,6900,17000,14900,46600,61500,25500,29.3,24.2,44,2.1
IN_USR_00805,48,Female,Tier 3,Dehradun,Data Analyst,110000,16500,18000,4500,4300,9200,6300,5500,29500,11800,52500,64300,45700,41.5,18.4,85,10.0
IN_USR_00806,45,Female,Tier 2,Indore,Small Business Owner,220500,43000,40400,9700,11900,18800,16500,15300,40000,31800,123800,155600,64900,29.4,20.4,51,3.7
IN_USR_00807,43,Male,Tier 3,Warangal,Marketing Manager,67500,7500,11600,2900,3800,4700,3700,2900,15000,6600,30500,37100,30400,45.0,17.8,78,7.9
IN_USR_00808,50,Female,Tier 2,Indore,Software Engineer,111500,18500,16000,5400,3900,6900,6400,8600,20500,15000,50700,65700,45800,41.1,22.8,80,9.0
IN_USR_00809,52,Female,Tier 2,Chandigarh,Financial Analyst,74000,15500,14000,3700,2200,6700,5500,2800,9500,8300,42100,50400,23600,31.9,16.5,56,3.9
IN_USR_00810,54,Female,Tier 1,Mumbai,Civil Engineer,89000,21500,16800,4700,3100,8200,6200,3400,14000,9600,54300,63900,25100,28.2,15.0,47,2.3
IN_USR_00811,46,Male,Tier 2,Jaipur,Civil Engineer,49500,9000,6800,2500,2500,4300,3900,2400,9500,6300,25100,31400,18100,36.6,20.1,79,9.4
IN_USR_00812,22,Male,Tier 2,Kochi,Small Business Owner,58500,11000,7400,3100,1300,1000,4200,3900,17500,8100,23800,31900,26600,45.5,25.4,90,15.3
IN_USR_00813,25,Female,Tier 2,Chandigarh,Marketing Manager,78500,18000,10600,6100,4300,500,6500,3100,20500,9600,39500,49100,29400,37.5,19.6,61,4.4
IN_USR_00814,39,Male,Tier 2,Coimbatore,Data Analyst,67500,13500,8400,3300,2900,5100,4600,3800,16500,8400,33200,41600,25900,38.4,20.2,65,5.1
IN_USR_00815,26,Male,Tier 1,Hyderabad,Data Analyst,129500,32000,21200,6300,5100,2200,9700,9500,19000,19200,66800,86000,43500,33.6,22.3,72,8.3
IN_USR_00816,34,Female,Tier 3,Trichy,Healthcare Worker,64000,9000,8600,3900,2600,6200,3700,4700,12000,8400,30300,38700,25300,39.5,21.7,65,5.0
IN_USR_00817,57,Female,Tier 2,Jaipur,Financial Analyst,119000,18000,22800,7200,4700,6000,10200,7600,18000,17800,58700,76500,42500,35.7,23.3,76,9.0
IN_USR_00818,43,Male,Tier 1,Bangalore,Marketing Manager,84000,22000,12200,5900,3300,6800,8000,3400,13500,11400,50200,61600,22400,26.7,18.5,47,2.9
IN_USR_00819,34,Female,Tier 2,Chandigarh,Freelancer/Consultant,86000,15500,13800,5100,3800,5600,7200,3600,15000,10800,43800,54600,31400,36.5,19.8,80,9.5
IN_USR_00820,41,Female,Tier 1,Delhi-NCR,Civil Engineer,102500,32500,16000,5800,3700,6700,8800,5100,16500,13900,64700,78600,23900,23.3,17.7,43,2.5
IN_USR_00821,30,Female,Tier 2,Jaipur,Marketing Manager,72500,15500,10200,5300,1500,900,4600,4200,19000,8800,33400,42200,30300,41.8,20.9,87,10.7
IN_USR_00822,54,Female,Tier 3,Mysore,Data Analyst,69500,8000,12400,5400,3000,6800,6700,4800,11500,11500,35600,47100,22400,32.2,24.4,70,8.5
IN_USR_00823,53,Male,Tier 1,Pune,Freelancer/Consultant,165000,37500,20600,8900,6900,10900,9400,8800,41000,18200,84800,103000,62000,37.6,17.7,56,2.8
IN_USR_00824,48,Male,Tier 3,Dehradun,Operations Executive,61500,7000,7800,3100,2600,5300,3400,3500,14000,6900,25800,32700,28800,46.8,21.1,60,3.6
IN_USR_00825,26,Female,Tier 3,Trichy,Sales Consultant,53500,6000,8400,3100,1800,1100,4400,2300,16500,6700,20400,27100,26400,49.3,24.7,61,4.2
IN_USR_00826,29,Female,Tier 1,Hyderabad,Software Engineer,245500,56000,48800,13500,10500,7300,24000,18100,33500,42100,136100,178200,67300,27.4,23.6,51,4.4
IN_USR_00827,40,Female,Tier 2,Coimbatore,Data Analyst,124000,19500,20400,5500,3300,8800,11300,7300,26000,18600,57500,76100,47900,38.6,24.4,76,8.5
IN_USR_00828,34,Male,Tier 2,Ahmedabad,Operations Executive,65500,13000,12400,4600,3000,2900,5200,3100,12000,8300,35900,44200,21300,32.5,18.8,65,6.3
IN_USR_00829,49,Male,Tier 1,Delhi-NCR,Software Engineer,204000,45500,28200,11600,6200,10900,16400,9500,40500,25900,102400,128300,75700,37.1,20.2,73,7.6
IN_USR_00830,58,Female,Tier 3,Nagpur,Freelancer/Consultant,72500,8500,9600,3800,1700,5200,7000,2300,15000,9300,28800,38100,34400,47.4,24.4,76,8.2
IN_USR_00831,26,Female,Tier 3,Salem,Small Business Owner,89000,10500,11800,7100,2600,2500,7700,2800,29000,10500,34500,45000,44000,49.4,23.3,91,17.1
IN_USR_00832,29,Female,Tier 1,Chennai,Marketing Manager,109000,24500,17000,5200,5500,1900,5200,8600,22500,13800,54100,67900,41100,37.7,20.3,71,7.1
IN_USR_00833,55,Male,Tier 1,Mumbai,Data Analyst,131000,41500,19400,10500,4800,6900,6000,7300,19000,13300,83100,96400,34600,26.4,13.8,51,3.6
IN_USR_00834,51,Male,Tier 1,Hyderabad,Healthcare Worker,61000,16000,12000,4500,2300,5500,3500,4900,5000,8400,40300,48700,12300,20.2,17.2,42,3.1
IN_USR_00835,46,Female,Tier 1,Delhi-NCR,Small Business Owner,155000,35000,29200,7300,3200,11000,7500,8300,22000,15800,85700,101500,53500,34.5,15.6,66,6.0
IN_USR_00836,35,Female,Tier 1,Hyderabad,Financial Analyst,126500,30500,24600,9900,6300,11200,6400,9400,12000,15800,82500,98300,28200,22.3,16.1,39,1.6
IN_USR_00837,53,Male,Tier 1,Chennai,Civil Engineer,109000,36000,18600,4500,2300,4500,7400,7300,12500,14700,65900,80600,28400,26.1,18.2,48,3.2
IN_USR_00838,56,Female,Tier 2,Coimbatore,Teacher/Professor,41000,7000,5000,3100,1000,4100,1900,2200,11500,4100,20200,24300,16700,40.7,16.9,87,10.3
IN_USR_00839,56,Female,Tier 1,Pune,Small Business Owner,57500,15000,9000,4400,1400,4600,3600,3500,10000,7100,34400,41500,16000,27.8,17.1,52,3.8
IN_USR_00840,58,Male,Tier 1,Pune,Financial Analyst,84500,21000,10600,3700,3100,7900,3900,3500,14000,7400,46300,53700,30800,36.4,13.8,72,6.8
IN_USR_00841,43,Female,Tier 2,Indore,Teacher/Professor,68000,17000,9600,5200,2300,4200,3300,4500,14500,7800,38300,46100,21900,32.2,16.9,65,6.4
IN_USR_00842,46,Male,Tier 2,Chandigarh,Software Engineer,112500,24000,21000,5600,4000,4600,7700,8200,17000,15900,59200,75100,37400,33.2,21.2,70,7.9
IN_USR_00843,58,Female,Tier 1,Mumbai,Sales Consultant,80000,23500,10400,4100,4100,7600,4800,6000,9500,10800,49700,60500,19500,24.4,17.9,52,4.7
IN_USR_00844,53,Female,Tier 2,Coimbatore,Civil Engineer,85000,17000,10600,4600,3900,8300,4000,3500,18000,7500,44400,51900,33100,38.9,14.5,60,3.1
IN_USR_00845,57,Female,Tier 1,Delhi-NCR,Operations Executive,74500,20500,14800,3200,4100,5200,4800,5700,11500,10500,47800,58300,16200,21.7,18.0,38,1.7
IN_USR_00846,36,Male,Tier 1,Chennai,Civil Engineer,80000,24000,10600,6000,3300,7000,4900,3300,14500,8200,50900,59100,20900,26.1,13.9,51,3.6
IN_USR_00847,45,Male,Tier 1,Mumbai,Small Business Owner,248500,82500,34400,19200,12100,18000,24200,12700,21000,36900,166200,203100,45400,18.3,18.2,32,1.0
IN_USR_00848,47,Female,Tier 1,Pune,Healthcare Worker,118000,33000,15400,9100,2400,6500,8700,5400,25500,14100,66400,80500,37500,31.8,17.5,61,5.5
IN_USR_00849,26,Male,Tier 2,Chandigarh,Financial Analyst,118000,27500,21400,8500,6800,900,10300,7400,18000,17700,65100,82800,35200,29.8,21.4,48,2.8
IN_USR_00850,44,Male,Tier 1,Delhi-NCR,Financial Analyst,124000,29500,22200,9600,3200,8300,10000,8400,13000,18400,72800,91200,32800,26.5,20.2,42,1.9
IN_USR_00851,41,Male,Tier 2,Indore,Sales Consultant,65500,14000,9400,2900,3300,4400,2900,5200,16000,8100,34000,42100,23400,35.7,19.2,61,4.6
IN_USR_00852,39,Male,Tier 1,Delhi-NCR,Data Analyst,152000,42500,25400,11400,7200,13300,13000,6300,14000,19300,99800,119100,32900,21.6,16.2,50,4.6
IN_USR_00853,45,Male,Tier 3,Nagpur,Sales Consultant,78000,10500,13400,5800,2400,6500,4400,3300,17500,7700,38600,46300,31700,40.6,16.6,72,6.3
IN_USR_00854,38,Female,Tier 1,Bangalore,Sales Consultant,77000,23000,10600,4400,2400,7700,6900,4200,10500,11100,48100,59200,17800,23.1,18.8,45,3.4
IN_USR_00855,55,Female,Tier 1,Bangalore,Freelancer/Consultant,81500,24000,10600,5800,2800,6500,7700,4200,10500,11900,49700,61600,19900,24.4,19.3,51,4.5
IN_USR_00856,44,Female,Tier 3,Dehradun,Teacher/Professor,27500,5000,5000,1800,1400,2200,1100,1600,4000,2700,15400,18100,9400,34.2,14.9,75,8.2
IN_USR_00857,28,Female,Tier 3,Mysore,Sales Consultant,58000,7500,10200,3100,3400,500,5000,2700,15500,7700,24700,32400,25600,44.1,23.8,84,10.3
IN_USR_00858,32,Male,Tier 2,Indore,Small Business Owner,134500,30000,24200,9600,3600,9400,6100,6400,25500,12500,76800,89300,45200,33.6,14.0,70,7.0
IN_USR_00859,36,Female,Tier 2,Jaipur,Data Analyst,134000,25500,22800,8800,6700,7000,12200,7300,22000,19500,70800,90300,43700,32.6,21.6,58,4.8
IN_USR_00860,45,Male,Tier 3,Trichy,Software Engineer,88500,10000,12800,5300,4000,5100,6500,3400,24000,9900,37200,47100,41400,46.8,21.0,63,4.3
IN_USR_00861,27,Male,Tier 2,Coimbatore,Healthcare Worker,74500,12500,11000,4000,1900,900,6800,5000,21500,11800,30300,42100,32400,43.5,28.0,89,12.6
IN_USR_00862,58,Male,Tier 1,Mumbai,Sales Consultant,46500,11500,6200,3700,1000,2500,3800,1900,10500,5700,24900,30600,15900,34.2,18.6,61,5.0
IN_USR_00863,35,Male,Tier 1,Mumbai,Software Engineer,232000,76500,35600,14400,9900,15000,21100,13700,27000,34800,151400,186200,45800,19.7,18.7,44,3.9
IN_USR_00864,46,Female,Tier 2,Kochi,Operations Executive,63500,12000,12200,4900,2100,3900,6200,2300,13000,8500,35100,43600,19900,31.3,19.5,69,7.9
IN_USR_00865,37,Male,Tier 1,Pune,Sales Consultant,87500,20500,16200,4300,3000,7200,8600,6200,10000,14800,51200,66000,21500,24.6,22.4,42,2.5
IN_USR_00866,25,Female,Tier 2,Ahmedabad,Freelancer/Consultant,159500,25000,31800,6500,6100,3100,15000,8600,39000,23600,72500,96100,63400,39.7,24.6,57,3.2
IN_USR_00867,44,Male,Tier 3,Trichy,Freelancer/Consultant,94500,16500,16800,6500,3700,7800,9100,7500,12500,16600,51300,67900,26600,28.1,24.4,50,4.1
IN_USR_00868,56,Female,Tier 1,Pune,Teacher/Professor,65000,15500,10600,4400,2100,2600,5000,4300,10500,9300,35200,44500,20500,31.5,20.9,49,2.5
IN_USR_00869,26,Male,Tier 2,Coimbatore,Financial Analyst,80500,14000,13600,5700,2200,400,6400,4400,14500,10800,35900,46700,33800,42.0,23.1,60,3.7
IN_USR_00870,47,Female,Tier 2,Ahmedabad,Sales Consultant,53000,12500,7200,2800,1400,3500,2900,1800,10000,4700,27400,32100,20900,39.4,14.6,64,4.0
IN_USR_00871,44,Male,Tier 1,Bangalore,Teacher/Professor,54000,12000,9000,4300,1200,3400,2700,4200,9500,6900,29900,36800,17200,31.9,18.8,47,1.8
IN_USR_00872,46,Female,Tier 1,Pune,Freelancer/Consultant,165000,54500,32400,7800,7400,8400,8800,7800,25000,16600,110500,127100,37900,23.0,13.1,52,4.5
IN_USR_00873,45,Male,Tier 3,Nagpur,Financial Analyst,103500,11500,19200,4300,2200,7500,10100,8000,26000,18100,44700,62800,40700,39.3,28.8,65,5.9
IN_USR_00874,40,Male,Tier 1,Mumbai,Freelancer/Consultant,102000,34500,16400,6500,6100,9700,9800,7800,6500,17600,73200,90800,11200,11.0,19.4,26,1.1
IN_USR_00875,50,Male,Tier 2,Jaipur,Civil Engineer,51000,9500,7000,3700,1400,3300,3100,3900,13000,7000,24900,31900,19100,37.5,21.9,78,9.1
IN_USR_00876,28,Male,Tier 2,Kochi,Teacher/Professor,67000,14000,10800,3700,2800,400,4000,3500,13000,7500,31700,39200,27800,41.5,19.1,91,11.7
IN_USR_00877,49,Female,Tier 1,Bangalore,Sales Consultant,44000,12500,6400,2600,1600,3100,3800,2000,7500,5800,26200,32000,12000,27.3,18.1,43,1.7
IN_USR_00878,24,Male,Tier 3,Trichy,Freelancer/Consultant,77000,11500,13800,4700,1700,700,3900,6000,14500,9900,32400,42300,34700,45.1,23.4,91,12.9
IN_USR_00879,49,Male,Tier 2,Coimbatore,Software Engineer,131000,21000,25600,9900,6400,5800,6800,5300,29500,12100,68700,80800,50200,38.3,15.0,56,2.3
IN_USR_00880,46,Male,Tier 3,Mysore,Operations Executive,30000,5000,5200,2300,1000,1500,1900,1200,8000,3100,15000,18100,11900,39.7,17.1,70,5.9
IN_USR_00881,31,Male,Tier 2,Indore,Small Business Owner,117500,28000,18000,7400,6400,9100,6100,8700,21000,14800,68900,83700,33800,28.8,17.7,49,2.9
IN_USR_00882,22,Female,Tier 2,Ahmedabad,Operations Executive,47500,11000,7600,3000,2100,600,3900,2500,10000,6400,24300,30700,16800,35.4,20.8,57,3.8
IN_USR_00883,29,Male,Tier 1,Hyderabad,Data Analyst,85000,24500,11400,5900,4900,1800,6900,3800,12500,10700,48500,59200,25800,30.4,18.1,64,6.6
IN_USR_00884,38,Male,Tier 2,Ahmedabad,Marketing Manager,56500,11500,9000,2500,3400,3800,2600,2300,14000,4900,30200,35100,21400,37.9,14.0,61,3.6
IN_USR_00885,26,Male,Tier 1,Delhi-NCR,Sales Consultant,62000,17000,11200,4100,2500,1800,5300,4100,6500,9400,36600,46000,16000,25.8,20.4,40,1.4
IN_USR_00886,31,Female,Tier 3,Trichy,Financial Analyst,86000,12000,16600,3600,3000,8300,6000,3500,19500,9500,43500,53000,33000,38.4,17.9,66,5.1
IN_USR_00887,50,Male,Tier 3,Mysore,Marketing Manager,105500,15000,17400,4800,6200,4600,8600,5300,24500,13900,48000,61900,43600,41.3,22.5,79,8.9
IN_USR_00888,32,Female,Tier 1,Mumbai,Data Analyst,160500,40000,24200,10000,8400,13800,7600,6600,29500,14200,96400,110600,49900,31.1,12.8,60,4.8
IN_USR_00889,26,Male,Tier 2,Ahmedabad,Freelancer/Consultant,146000,26000,24800,8500,7300,3000,11200,6900,40500,18100,69600,87700,58300,39.9,20.6,72,6.7
IN_USR_00890,31,Female,Tier 2,Kochi,Marketing Manager,64000,11500,11400,5000,2300,3500,3200,4300,12000,7500,33700,41200,22800,35.6,18.2,60,4.3
IN_USR_00891,24,Female,Tier 1,Pune,Marketing Manager,112500,26500,19200,5400,4100,3000,7600,5900,28000,13500,58200,71700,40800,36.3,18.8,66,5.7
IN_USR_00892,43,Female,Tier 2,Chandigarh,Teacher/Professor,43500,7500,7600,2700,2500,3600,3800,2100,7500,5900,23900,29800,13700,31.5,19.8,67,7.2
IN_USR_00893,48,Female,Tier 2,Chandigarh,Healthcare Worker,58500,11500,9600,3400,3300,5700,5400,3000,7500,8400,33500,41900,16600,28.4,20.0,49,3.3
IN_USR_00894,32,Female,Tier 3,Warangal,Financial Analyst,96000,10000,13200,6000,2600,9500,7800,6600,24000,14400,41300,55700,40300,42.0,25.9,79,9.1
IN_USR_00895,34,Male,Tier 1,Hyderabad,Marketing Manager,71500,23000,11400,4600,3600,5100,5600,2300,7000,7900,47700,55600,15900,22.2,14.2,38,1.2
IN_USR_00896,23,Male,Tier 3,Mysore,Civil Engineer,77000,8500,15000,4200,3800,2200,4500,2600,21000,7100,33700,40800,36200,47.0,17.4,74,7.0
IN_USR_00897,50,Female,Tier 1,Mumbai,Operations Executive,63000,14500,10400,4800,1600,4100,4500,3800,8500,8300,35400,43700,19300,30.6,19.0,58,4.9
IN_USR_00898,52,Female,Tier 2,Chandigarh,Data Analyst,137000,33500,26400,6000,3000,12700,9400,7400,24500,16800,81600,98400,38600,28.2,17.1,55,4.5
IN_USR_00899,45,Female,Tier 2,Chandigarh,Sales Consultant,37500,9500,7400,2400,2100,3700,3500,1300,3500,4800,25100,29900,7600,20.3,16.1,38,1.9
IN_USR_00900,47,Male,Tier 1,Chennai,Marketing Manager,147500,38500,26000,11500,3400,11200,13000,4500,26500,17500,90600,108100,39400,26.7,16.2,49,3.3
IN_USR_00901,32,Female,Tier 3,Salem,Teacher/Professor,41000,7500,7800,1700,1300,2100,3200,2700,7000,5900,20400,26300,14700,35.9,22.4,80,10.1
IN_USR_00902,43,Male,Tier 1,Chennai,Sales Consultant,52500,14000,6400,3900,3000,2100,3900,2400,7500,6300,29400,35700,16800,32.0,17.6,59,4.7
IN_USR_00903,46,Male,Tier 2,Kochi,Healthcare Worker,84000,15500,13600,6700,3100,6900,4000,4000,14500,8000,45800,53800,30200,36.0,14.9,58,3.4
IN_USR_00904,40,Female,Tier 1,Hyderabad,Small Business Owner,83000,27000,16000,6200,4600,3400,4000,5700,7500,9700,57200,66900,16100,19.4,14.5,36,1.4
IN_USR_00905,26,Male,Tier 2,Chandigarh,Data Analyst,60000,9000,7200,4300,3300,1100,3000,3700,19000,6700,24900,31600,28400,47.3,21.2,81,9.2
IN_USR_00906,43,Male,Tier 2,Jaipur,Financial Analyst,81000,19500,15800,3800,3900,3700,5300,5200,11000,10500,46700,57200,23800,29.4,18.4,59,5.5
IN_USR_00907,46,Female,Tier 2,Chandigarh,Sales Consultant,61000,13500,9800,4200,2400,5100,4600,4500,9000,9100,35000,44100,16900,27.7,20.6,51,4.1
IN_USR_00908,27,Male,Tier 3,Trichy,Financial Analyst,107000,15500,14400,4800,5400,600,9700,7300,23000,17000,40700,57700,49300,46.1,29.5,77,8.9
IN_USR_00909,40,Female,Tier 2,Kochi,Marketing Manager,101000,17500,15000,5000,2000,9400,8200,4500,17500,12700,48900,61600,39400,39.0,20.6,57,3.0
IN_USR_00910,53,Female,Tier 3,Mysore,Freelancer/Consultant,134000,14500,24200,9200,2700,11300,6100,8000,39000,14100,61900,76000,58000,43.3,18.6,72,6.5
IN_USR_00911,26,Female,Tier 2,Kochi,Sales Consultant,82000,18500,13000,4900,4100,800,8200,3200,17000,11400,41300,52700,29300,35.7,21.6,52,2.5
IN_USR_00912,44,Female,Tier 1,Hyderabad,Civil Engineer,100500,33000,19800,5900,5600,6700,4900,6800,9500,11700,71000,82700,17800,17.7,14.1,33,0.8
IN_USR_00913,30,Female,Tier 1,Chennai,Financial Analyst,123500,33000,19200,9000,6900,600,12000,5000,15500,17000,68700,85700,37800,30.6,19.8,56,4.5
IN_USR_00914,39,Female,Tier 1,Hyderabad,Healthcare Worker,70000,18000,13800,4300,2000,4800,5800,3600,12000,9400,42900,52300,17700,25.3,18.0,42,2.0
IN_USR_00915,25,Female,Tier 3,Mysore,Civil Engineer,69000,9500,9800,3400,4000,1700,4500,2100,16500,6600,28400,35000,34000,49.3,18.9,69,5.7
IN_USR_00916,41,Female,Tier 2,Indore,Financial Analyst,124500,22000,22200,9000,6800,7700,12200,4100,21500,16300,67700,84000,40500,32.5,19.4,58,4.5
IN_USR_00917,35,Female,Tier 2,Kochi,Small Business Owner,175000,40000,28800,11000,5800,9000,8300,8100,37500,16400,94600,111000,64000,36.6,14.8,81,9.3
IN_USR_00918,36,Male,Tier 2,Chandigarh,Sales Consultant,96500,23000,14000,7300,3400,4700,5700,5400,18000,11100,52400,63500,33000,34.2,17.5,73,8.1
IN_USR_00919,39,Male,Tier 1,Mumbai,Operations Executive,94000,22500,17600,4000,2800,7300,5600,6700,15000,12300,54200,66500,27500,29.3,18.5,47,2.3
IN_USR_00920,39,Female,Tier 1,Delhi-NCR,Freelancer/Consultant,112000,36500,19200,8800,4900,5300,9400,7500,9500,16900,74700,91600,20400,18.2,18.4,41,3.2
IN_USR_00921,40,Male,Tier 2,Ahmedabad,Software Engineer,153000,27000,20200,6300,7000,13100,6800,8100,43500,14900,73600,88500,64500,42.2,16.8,64,4.1
IN_USR_00922,46,Male,Tier 2,Kochi,Data Analyst,86000,17000,11600,5500,2700,6500,5100,2700,14500,7800,43300,51100,34900,40.6,15.3,69,5.3
IN_USR_00923,52,Female,Tier 1,Chennai,Healthcare Worker,50000,15000,8600,2800,1700,4500,2100,2200,7500,4300,32600,36900,13100,26.2,11.7,52,3.7
IN_USR_00924,54,Male,Tier 2,Coimbatore,Financial Analyst,120000,19000,15000,5500,4900,11600,6500,8100,34000,14600,56000,70600,49400,41.2,20.7,69,5.9
IN_USR_00925,48,Female,Tier 2,Ahmedabad,Healthcare Worker,48000,9500,8200,2700,1300,4300,4300,2500,6500,6800,26000,32800,15200,31.7,20.7,68,7.6
IN_USR_00926,38,Male,Tier 1,Chennai,Small Business Owner,225500,50500,38600,15300,8800,9600,19300,17500,45000,36800,122800,159600,65900,29.2,23.1,45,2.4
IN_USR_00927,42,Female,Tier 1,Chennai,Small Business Owner,177000,39500,32000,10600,8300,14500,12900,5700,31000,18600,104900,123500,53500,30.2,15.1,51,2.7
IN_USR_00928,53,Male,Tier 1,Bangalore,Freelancer/Consultant,162500,46500,30200,9100,4200,6600,12600,9900,21000,22500,96600,119100,43400,26.7,18.9,48,3.2
IN_USR_00929,46,Male,Tier 2,Indore,Operations Executive,57000,9500,11000,3200,2600,3800,3800,4500,11000,8300,30100,38400,18600,32.6,21.6,67,7.1
IN_USR_00930,35,Male,Tier 1,Hyderabad,Data Analyst,88500,22000,14600,6200,4700,7100,8200,6300,10000,14500,54600,69100,19400,21.9,21.0,36,1.3
IN_USR_00931,36,Female,Tier 1,Bangalore,Operations Executive,41000,10000,5600,2200,1600,3400,3400,2200,6500,5600,22800,28400,12600,30.7,19.7,62,6.2
IN_USR_00932,53,Female,Tier 2,Kochi,Small Business Owner,115000,18000,14800,4600,2400,4900,4700,5000,24000,9700,44700,54400,60600,52.7,17.8,88,10.7
IN_USR_00933,58,Male,Tier 1,Delhi-NCR,Marketing Manager,149000,36500,23000,11200,3400,9700,6200,10200,32500,16400,83800,100200,48800,32.8,16.4,56,3.7
IN_USR_00934,38,Female,Tier 3,Salem,Data Analyst,113500,18000,19800,4700,6500,7800,4600,3900,22500,8500,56800,65300,48200,42.5,13.0,90,10.7
IN_USR_00935,57,Female,Tier 1,Chennai,Freelancer/Consultant,196500,45000,34400,9600,7100,12300,8300,10100,37500,18400,108400,126800,69700,35.5,14.5,57,3.2
IN_USR_00936,22,Male,Tier 2,Kochi,Operations Executive,82000,16000,15200,3400,2500,2100,4400,4300,13500,8700,39200,47900,34100,41.6,18.2,81,8.8
IN_USR_00937,58,Female,Tier 2,Coimbatore,Sales Consultant,65500,14500,11800,3400,1500,4100,5800,3700,10500,9500,35300,44800,20700,31.6,21.2,68,7.6
IN_USR_00938,57,Male,Tier 1,Chennai,Civil Engineer,71000,17000,10800,4200,2400,4100,6300,4800,11500,11100,38500,49600,21400,30.1,22.4,56,5.0
IN_USR_00939,45,Female,Tier 1,Delhi-NCR,Financial Analyst,113500,38500,19400,6600,4700,9200,10600,5400,13000,16000,78400,94400,19100,16.8,16.9,41,3.4
IN_USR_00940,31,Female,Tier 2,Coimbatore,Financial Analyst,130000,21500,24000,6300,6200,5800,8500,4600,29000,13100,63800,76900,53100,40.8,17.0,59,2.9
IN_USR_00941,28,Male,Tier 1,Pune,Small Business Owner,107000,34000,18600,7700,4200,1000,9700,5200,18000,14900,65500,80400,26600,24.9,18.5,48,3.6
IN_USR_00942,47,Male,Tier 2,Coimbatore,Healthcare Worker,54000,9500,9200,2500,2600,4600,4500,4000,12000,8500,28400,36900,17100,31.7,23.0,65,7.1
IN_USR_00943,53,Male,Tier 3,Nagpur,Operations Executive,43000,7000,6200,2100,2000,4200,2200,1300,9000,3500,21500,25000,18000,41.9,14.0,66,4.4
IN_USR_00944,26,Male,Tier 1,Bangalore,Healthcare Worker,100000,30500,12000,6400,3400,1100,5800,6100,23500,11900,53400,65300,34700,34.7,18.2,67,6.5
IN_USR_00945,24,Female,Tier 3,Warangal,Civil Engineer,49500,5000,8800,3700,1700,800,2300,3200,14000,5500,20000,25500,24000,48.5,21.6,77,8.2
IN_USR_00946,53,Male,Tier 1,Hyderabad,Data Analyst,129000,32500,16400,6400,6900,10000,5900,6300,22500,12200,72200,84400,44600,34.6,14.5,67,6.0
IN_USR_00947,52,Male,Tier 1,Pune,Sales Consultant,73000,22000,9400,4900,3200,5900,3000,4000,8500,7000,45400,52400,20600,28.2,13.4,48,2.3
IN_USR_00948,39,Female,Tier 2,Indore,Small Business Owner,240000,37000,40000,16300,9500,22600,13800,9200,44500,23000,125400,148400,91600,38.2,15.5,66,4.9
IN_USR_00949,29,Male,Tier 3,Mysore,Marketing Manager,92000,13000,11000,6500,4800,2500,7900,3000,19500,10900,37800,48700,43300,47.1,22.4,75,7.7
IN_USR_00950,53,Male,Tier 2,Coimbatore,Data Analyst,63500,10500,8200,5000,2800,2600,4400,4400,13500,8800,29100,37900,25600,40.3,23.2,81,9.5
IN_USR_00951,45,Male,Tier 1,Bangalore,Operations Executive,73000,21500,11200,3100,2200,7100,4500,3700,13500,8200,45100,53300,19700,27.0,15.4,59,5.7
IN_USR_00952,30,Male,Tier 1,Bangalore,Freelancer/Consultant,108000,33000,16800,8600,3800,900,4800,7500,15000,12300,63100,75400,32600,30.2,16.3,55,3.9
IN_USR_00953,57,Male,Tier 1,Mumbai,Operations Executive,50500,16000,7600,2800,2000,2100,3600,2200,8000,5800,30500,36300,14200,28.1,16.0,49,3.0
IN_USR_00954,30,Female,Tier 3,Warangal,Marketing Manager,59500,9000,9400,2900,1600,1000,4600,4300,11000,8900,23900,32800,26700,44.9,27.1,87,11.5
IN_USR_00955,54,Male,Tier 3,Mysore,Sales Consultant,87000,15500,11000,4100,3900,5600,6700,6700,21500,13400,40100,53500,33500,38.5,25.0,67,6.2
IN_USR_00956,49,Male,Tier 3,Warangal,Software Engineer,106500,16500,20800,5900,4700,9800,9000,3900,21000,12900,57700,70600,35900,33.7,18.3,70,7.3
IN_USR_00957,48,Male,Tier 1,Pune,Operations Executive,77500,25000,12000,3200,1800,3500,7200,2900,13000,10100,45500,55600,21900,28.3,18.2,50,3.4
IN_USR_00958,47,Female,Tier 1,Delhi-NCR,Operations Executive,103500,30000,15200,5400,6000,7300,6500,7600,15500,14100,63900,78000,25500,24.6,18.1,50,4.2
IN_USR_00959,58,Male,Tier 1,Bangalore,Sales Consultant,92000,26500,15600,3900,4200,8800,8500,5500,9000,14000,59000,73000,19000,20.7,19.2,46,4.2
IN_USR_00960,42,Male,Tier 2,Kochi,Operations Executive,47500,11000,7600,2700,1500,3100,3800,3200,9500,7000,25900,32900,14600,30.7,21.3,48,2.6
IN_USR_00961,40,Male,Tier 2,Kochi,Teacher/Professor,66000,12000,12200,4200,1800,5500,6100,4100,9500,10200,35700,45900,20100,30.5,22.2,63,6.6
IN_USR_00962,43,Male,Tier 3,Warangal,Civil Engineer,43500,5500,7800,3400,1700,2600,2400,1500,8000,3900,21000,24900,18600,42.8,15.7,72,6.3
IN_USR_00963,57,Female,Tier 1,Mumbai,Operations Executive,77500,21500,15400,4900,2400,5700,4000,2500,11000,6500,49900,56400,21100,27.2,11.5,61,5.8
IN_USR_00964,28,Female,Tier 1,Delhi-NCR,Data Analyst,78500,19000,11600,5700,1700,2000,4400,4500,14000,8900,40000,48900,29600,37.7,18.2,78,8.6
IN_USR_00965,49,Male,Tier 1,Chennai,Freelancer/Consultant,70000,15500,10200,4500,2200,4600,3800,4300,14000,8100,37000,45100,24900,35.6,18.0,59,4.0
IN_USR_00966,57,Female,Tier 2,Chandigarh,Software Engineer,158000,35500,21200,12400,5600,11500,6500,6000,34000,12500,86200,98700,59300,37.5,12.7,73,6.7
IN_USR_00967,39,Female,Tier 1,Mumbai,Healthcare Worker,79500,20000,13400,6000,4500,4500,3200,5100,12000,8300,48400,56700,22800,28.7,14.6,61,5.9
IN_USR_00968,46,Female,Tier 1,Bangalore,Data Analyst,119000,37000,18400,8300,4200,9200,7500,6800,13500,14300,77100,91400,27600,23.2,15.6,51,4.5
IN_USR_00969,53,Female,Tier 2,Indore,Civil Engineer,56000,8500,9000,3100,2100,2900,2700,1900,17000,4600,25600,30200,25800,46.1,15.2,89,10.6
IN_USR_00970,32,Female,Tier 1,Delhi-NCR,Civil Engineer,71000,18000,12600,5400,2500,6600,6900,4600,8000,11500,45100,56600,14400,20.3,20.3,42,3.2
IN_USR_00971,26,Female,Tier 2,Jaipur,Healthcare Worker,85000,16000,10400,4900,3200,1100,5600,4000,19000,9600,35600,45200,39800,46.8,21.2,92,14.6
IN_USR_00972,38,Female,Tier 1,Mumbai,Freelancer/Consultant,110500,36500,22000,6000,5600,5000,10500,3800,13000,14300,75100,89400,21100,19.1,16.0,34,1.0
IN_USR_00973,27,Female,Tier 1,Delhi-NCR,Financial Analyst,129000,33000,25000,6300,4200,2000,7000,4500,19500,11500,70500,82000,47000,36.4,14.0,72,6.8
IN_USR_00974,33,Female,Tier 2,Ahmedabad,Financial Analyst,86000,13000,17000,5500,2000,7400,4800,5900,17000,10700,44900,55600,30400,35.3,19.2,72,7.8
IN_USR_00975,57,Female,Tier 2,Chandigarh,Teacher/Professor,42000,7500,5000,3100,2100,3000,1700,2300,7000,4000,20700,24700,17300,41.2,16.2,62,3.7
IN_USR_00976,25,Female,Tier 1,Mumbai,Marketing Manager,143500,47000,23800,7300,4300,800,6700,6100,28000,12800,83200,96000,47500,33.1,13.3,68,6.5
IN_USR_00977,26,Female,Tier 1,Delhi-NCR,Sales Consultant,120000,39000,21000,6700,5000,1500,8600,9400,19500,18000,73200,91200,28800,24.0,19.7,43,2.7
IN_USR_00978,58,Female,Tier 2,Indore,Healthcare Worker,62000,12500,10000,4500,1800,4700,3800,2800,12500,6600,33500,40100,21900,35.3,16.5,63,4.9
IN_USR_00979,46,Female,Tier 1,Delhi-NCR,Sales Consultant,70000,22000,9600,5000,3500,4700,5300,4800,6500,10100,44800,54900,15100,21.6,18.4,47,4.0
IN_USR_00980,47,Male,Tier 1,Mumbai,Sales Consultant,78500,22000,12400,4600,4300,5300,5100,2600,15000,7700,48600,56300,22200,28.3,13.7,61,5.9
IN_USR_00981,28,Female,Tier 1,Delhi-NCR,Sales Consultant,98500,33000,18600,4200,3100,2400,7200,3200,18500,10400,61300,71700,26800,27.2,14.5,58,5.4
IN_USR_00982,26,Female,Tier 1,Delhi-NCR,Teacher/Professor,47000,10500,6000,3300,2000,100,3300,2900,9500,6200,21900,28100,18900,40.2,22.1,72,6.8
IN_USR_00983,43,Female,Tier 1,Delhi-NCR,Operations Executive,68000,15500,11000,3100,2600,4700,5800,2200,14500,8000,36900,44900,23100,34.0,17.8,69,6.9
IN_USR_00984,58,Male,Tier 3,Salem,Healthcare Worker,71000,11000,11000,4900,2200,3400,6700,2500,15000,9200,32500,41700,29300,41.3,22.1,71,6.6
IN_USR_00985,24,Male,Tier 1,Mumbai,Marketing Manager,115000,34000,17600,8400,3000,1900,6400,8700,14000,15100,64900,80000,35000,30.4,18.9,47,2.0
IN_USR_00986,24,Female,Tier 2,Jaipur,Marketing Manager,106500,25500,14200,7100,2600,2100,9400,5000,25000,14400,51500,65900,40600,38.1,21.9,66,5.6
IN_USR_00987,52,Female,Tier 2,Indore,Civil Engineer,76500,16500,12400,5100,4100,5800,6200,5400,13500,11600,43900,55500,21000,27.5,20.9,46,2.7
IN_USR_00988,23,Female,Tier 1,Delhi-NCR,Teacher/Professor,57000,16000,10200,3200,3300,500,5200,2000,7500,7200,33200,40400,16600,29.1,17.8,48,2.7
IN_USR_00989,36,Male,Tier 1,Mumbai,Data Analyst,139000,39500,21200,7800,5900,8100,7600,8500,27500,16100,82500,98600,40400,29.1,16.3,58,5.0
IN_USR_00990,42,Male,Tier 1,Hyderabad,Financial Analyst,125500,35500,15400,9700,3100,6800,11600,6900,25000,18500,70500,89000,36500,29.1,20.8,56,4.9
IN_USR_00991,47,Female,Tier 2,Kochi,Marketing Manager,125000,29000,18400,8000,5500,11400,5800,4300,26500,10100,72300,82400,42600,34.1,12.3,55,2.7
IN_USR_00992,49,Female,Tier 3,Nagpur,Small Business Owner,76500,13500,9200,3600,1900,7600,4700,4900,20000,9600,35800,45400,31100,40.7,21.1,69,6.0
IN_USR_00993,58,Male,Tier 1,Delhi-NCR,Civil Engineer,48000,11000,8000,3800,2100,4300,2500,1800,7500,4300,29200,33500,14500,30.2,12.8,67,6.9
IN_USR_00994,28,Female,Tier 2,Indore,Teacher/Professor,34500,8000,5000,1500,1500,300,2700,2200,5500,4900,16300,21200,13300,38.6,23.1,74,7.9
IN_USR_00995,40,Male,Tier 1,Delhi-NCR,Small Business Owner,106500,33000,19600,5800,4300,6100,8800,5300,15000,14100,68800,82900,23600,22.2,17.0,40,1.9
IN_USR_00996,41,Female,Tier 1,Hyderabad,Financial Analyst,169500,40500,21400,10800,4200,7900,11300,6400,28500,17700,84800,102500,67000,39.5,17.3,82,9.1
IN_USR_00997,42,Male,Tier 2,Ahmedabad,Healthcare Worker,56000,13500,9800,3700,2800,3300,4600,4200,8500,8800,33100,41900,14100,25.2,21.0,45,3.0
IN_USR_00998,47,Male,Tier 1,Bangalore,Software Engineer,162500,44000,30000,9500,9500,14100,14900,8500,20500,23400,107100,130500,32000,19.7,17.9,42,3.3
IN_USR_00999,49,Female,Tier 3,Dehradun,Financial Analyst,47500,8000,6400,2400,1100,4400,2900,1500,9000,4400,22300,26700,20800,43.8,16.5,79,8.1
IN_USR_01000,53,Female,Tier 3,Nagpur,Financial Analyst,93500,9500,11200,5100,3200,7200,5600,3300,30500,8900,36200,45100,48400,51.8,19.7,92,18.3
IN_USR_01001,34,Male,Tier 1,Chennai,Small Business Owner,279500,88500,39600,15500,11500,21100,26700,11100,41500,37800,176200,214000,65500,23.4,17.7,49,4.1
IN_USR_01002,24,Female,Tier 3,Dehradun,Teacher/Professor,41500,6000,7400,1700,1400,500,3200,2900,10000,6100,17000,23100,18400,44.3,26.4,89,13.7
IN_USR_01003,51,Male,Tier 3,Dehradun,Marketing Manager,88500,10500,17000,6600,4700,7100,6600,4400,12500,11000,45900,56900,31600,35.7,19.3,58,3.8
IN_USR_01004,36,Female,Tier 1,Bangalore,Healthcare Worker,53000,18500,9800,2700,2800,3900,3400,2900,6000,6300,37700,44000,9000,17.0,14.3,40,2.8
IN_USR_01005,41,Male,Tier 1,Pune,Marketing Manager,132500,40500,19000,5900,3900,13200,9800,6200,19000,16000,82500,98500,34000,25.7,16.2,44,2.1
IN_USR_01006,49,Male,Tier 1,Mumbai,Sales Consultant,43500,10000,8400,3000,1200,2500,2400,1700,7500,4100,25100,29200,14300,32.9,14.0,67,6.3
IN_USR_01007,45,Male,Tier 2,Kochi,Operations Executive,70500,15500,12000,3000,1800,3300,6800,5500,9500,12300,35600,47900,22600,32.1,25.7,65,7.3
IN_USR_01008,39,Male,Tier 1,Hyderabad,Civil Engineer,49500,14000,9200,3000,2000,3400,3800,3400,5500,7200,31600,38800,10700,21.6,18.6,37,1.4
IN_USR_01009,33,Female,Tier 2,Indore,Operations Executive,82500,12500,16000,6000,4300,3700,3600,3100,15000,6700,42500,49200,33300,40.4,13.6,85,9.4
IN_USR_01010,56,Male,Tier 1,Chennai,Civil Engineer,42500,11000,6400,3000,1000,3000,3800,1700,6000,5500,24400,29900,12600,29.6,18.4,58,5.2
IN_USR_01011,26,Male,Tier 2,Ahmedabad,Teacher/Professor,80500,16000,11800,4400,4500,100,4100,4700,14000,8800,36800,45600,34900,43.4,19.3,84,9.8
IN_USR_01012,45,Female,Tier 1,Bangalore,Civil Engineer,105000,29500,13800,4600,4300,9000,7900,5600,17000,13500,61200,74700,30300,28.9,18.1,55,4.5
IN_USR_01013,43,Male,Tier 2,Jaipur,Small Business Owner,133000,23000,21600,7600,2900,6200,12800,8400,35500,21200,61300,82500,50500,38.0,25.7,76,8.8
IN_USR_01014,46,Male,Tier 1,Hyderabad,Data Analyst,137500,37000,22000,9600,5000,5700,7900,5400,19000,13300,79300,92600,44900,32.7,14.4,53,2.6
IN_USR_01015,55,Male,Tier 1,Bangalore,Operations Executive,98000,26000,18800,4600,2800,8600,5300,4300,18000,9600,60800,70400,27600,28.2,13.6,55,4.1
IN_USR_01016,56,Male,Tier 2,Indore,Freelancer/Consultant,123000,29500,21200,5400,4400,11800,7200,9100,14500,16300,72300,88600,34400,28.0,18.4,49,3.2
IN_USR_01017,25,Male,Tier 1,Pune,Software Engineer,118500,40000,14600,8600,4300,400,5900,9100,24000,15000,67900,82900,35600,30.0,18.1,50,3.0
IN_USR_01018,43,Male,Tier 1,Pune,Data Analyst,152500,49500,24000,10500,3800,12900,13600,9800,13500,23400,100700,124100,28400,18.6,18.9,37,2.1
IN_USR_01019,55,Female,Tier 2,Coimbatore,Marketing Manager,109500,22500,13600,5300,5100,5600,7800,5200,23000,13000,52100,65100,44400,40.5,20.0,77,8.1
IN_USR_01020,40,Female,Tier 1,Bangalore,Healthcare Worker,84500,25500,13600,6700,3100,4300,4700,3100,10500,7800,53200,61000,23500,27.8,12.8,56,4.4
IN_USR_01021,29,Male,Tier 1,Bangalore,Marketing Manager,89500,28500,16000,6000,2300,600,8700,5300,13000,14000,53400,67400,22100,24.7,20.8,50,4.5
IN_USR_01022,22,Female,Tier 1,Mumbai,Sales Consultant,62000,15000,10600,2800,2200,1800,3900,3500,10500,7400,32400,39800,22200,35.8,18.6,71,7.1
IN_USR_01023,31,Male,Tier 1,Mumbai,Small Business Owner,257000,64500,40800,13100,5600,10300,17400,8500,64500,25900,134300,160200,96800,37.7,16.2,56,2.6
IN_USR_01024,51,Female,Tier 1,Bangalore,Operations Executive,51000,13000,6800,3600,2000,4400,2200,2700,8000,4900,29800,34700,16300,32.0,14.1,54,3.0
IN_USR_01025,34,Female,Tier 2,Ahmedabad,Operations Executive,45500,9000,7000,2100,2300,3600,2900,3600,8500,6500,24000,30500,15000,33.0,21.3,64,6.3
IN_USR_01026,31,Male,Tier 1,Delhi-NCR,Teacher/Professor,53500,16500,7600,3500,2800,4500,2200,3100,9000,5300,34900,40200,13300,24.9,13.2,45,2.2
IN_USR_01027,40,Female,Tier 2,Coimbatore,Teacher/Professor,70000,14500,13600,5400,3200,6900,2800,5500,9000,8300,43600,51900,18100,25.9,16.0,53,4.4
IN_USR_01028,57,Female,Tier 2,Jaipur,Sales Consultant,60500,10000,10800,4200,2200,4900,3400,2400,12000,5800,32100,37900,22600,37.4,15.3,79,8.6
IN_USR_01029,58,Female,Tier 1,Hyderabad,Freelancer/Consultant,111000,37500,16200,8200,3800,9500,8000,6100,11500,14100,75200,89300,21700,19.5,15.8,41,2.7
IN_USR_01030,26,Male,Tier 2,Chandigarh,Marketing Manager,99000,23500,13600,5600,5900,200,8000,7800,18500,15800,48800,64600,34400,34.7,24.5,53,3.2
IN_USR_01031,35,Male,Tier 1,Bangalore,Operations Executive,41000,14000,6200,3300,1900,3800,3800,1400,4500,5200,29200,34400,6600,16.1,15.1,36,2.2
IN_USR_01032,27,Female,Tier 2,Indore,Small Business Owner,249500,43500,39400,12700,6700,5700,20900,19000,55500,39900,108000,147900,101600,40.7,27.0,89,13.1
IN_USR_01033,48,Female,Tier 1,Pune,Freelancer/Consultant,121000,41000,17200,6900,4100,7400,8100,7800,11500,15900,76600,92500,28500,23.6,17.2,39,1.5
IN_USR_01034,58,Male,Tier 2,Chandigarh,Financial Analyst,75500,13000,9400,3600,4000,3900,4400,2500,18500,6900,33900,40800,34700,46.0,16.9,86,10.0
IN_USR_01035,24,Male,Tier 2,Coimbatore,Marketing Manager,93000,20000,17800,4800,4400,400,4100,7000,18500,11100,47400,58500,34500,37.1,19.0,53,2.2
IN_USR_01036,45,Male,Tier 2,Coimbatore,Healthcare Worker,54000,8500,7200,2300,2000,3600,4400,2100,14500,6500,23600,30100,23900,44.3,21.6,88,11.0
IN_USR_01037,55,Female,Tier 3,Salem,Freelancer/Consultant,86500,15000,13400,5600,4500,4900,4800,3500,21500,8300,43400,51700,34800,40.2,16.1,83,9.2
IN_USR_01038,23,Male,Tier 1,Hyderabad,Teacher/Professor,69500,23500,13200,3100,3300,1900,3700,4500,11000,8200,45000,53200,16300,23.5,15.4,40,1.5
IN_USR_01039,52,Female,Tier 3,Dehradun,Financial Analyst,52500,7500,8600,2600,1300,5000,3700,3200,13500,6900,25000,31900,20600,39.2,21.6,63,4.7
IN_USR_01040,57,Male,Tier 1,Pune,Data Analyst,96500,24500,15800,7100,2100,6700,8700,3600,18000,12300,56200,68500,28000,29.0,18.0,58,5.3
IN_USR_01041,27,Male,Tier 2,Jaipur,Healthcare Worker,50500,11500,7400,2400,1600,1300,2100,3400,13000,5500,24200,29700,20800,41.2,18.5,85,9.9
IN_USR_01042,23,Male,Tier 1,Mumbai,Small Business Owner,234000,54000,41000,13900,12200,3100,21900,14600,30500,36500,124200,160700,73300,31.3,22.7,60,5.9
IN_USR_01043,23,Male,Tier 3,Trichy,Healthcare Worker,47000,7500,7600,2400,1500,200,3400,1800,13500,5200,19200,24400,22600,48.1,21.3,86,10.5
IN_USR_01044,40,Female,Tier 2,Jaipur,Financial Analyst,78000,18000,11200,5100,1700,4900,3300,4000,12000,7300,40900,48200,29800,38.2,15.1,74,7.0
IN_USR_01045,22,Female,Tier 3,Warangal,Civil Engineer,65000,8500,9600,3900,2700,800,4800,2700,14000,7500,25500,33000,32000,49.2,22.7,74,7.5
IN_USR_01046,36,Female,Tier 1,Bangalore,Civil Engineer,63500,21000,11600,3500,1400,5300,4900,2100,6500,7000,42800,49800,13700,21.6,14.1,42,2.4
IN_USR_01047,57,Female,Tier 2,Jaipur,Freelancer/Consultant,93500,15000,11600,6700,5300,8600,5200,5300,24000,10500,47200,57700,35800,38.3,18.2,83,9.9
IN_USR_01048,22,Female,Tier 2,Kochi,Small Business Owner,96500,20000,15200,7300,2900,600,8000,3800,23000,11800,46000,57800,38700,40.1,20.4,70,6.2
IN_USR_01049,37,Male,Tier 2,Chandigarh,Healthcare Worker,78500,17500,12600,5200,3700,4600,4500,2400,18500,6900,43600,50500,28000,35.7,13.7,73,7.3
IN_USR_01050,30,Female,Tier 2,Indore,Healthcare Worker,68000,11000,13400,3400,2600,100,4300,5300,16500,9600,30500,40100,27900,41.0,23.9,62,4.3
IN_USR_01051,45,Female,Tier 3,Mysore,Financial Analyst,91500,15000,16200,5000,3800,4700,4700,6700,22000,11400,44700,56100,35400,38.7,20.3,76,8.2
IN_USR_01052,52,Female,Tier 1,Delhi-NCR,Operations Executive,79000,23500,14600,4800,4500,6800,6600,3800,8000,10400,54200,64600,14400,18.2,16.1,38,2.3
IN_USR_01053,33,Female,Tier 1,Mumbai,Sales Consultant,49500,15000,7200,2600,2300,4900,2800,2000,6000,4800,32000,36800,12700,25.7,13.0,58,5.4
IN_USR_01054,44,Male,Tier 2,Kochi,Freelancer/Consultant,127500,30500,16600,8800,6700,11300,5800,8400,21000,14200,73900,88100,39400,30.9,16.1,57,4.3
IN_USR_01055,29,Male,Tier 2,Chandigarh,Marketing Manager,123000,19500,21400,7300,3100,2400,12300,3900,27500,16200,53700,69900,53100,43.2,23.2,58,3.3
IN_USR_01056,26,Male,Tier 3,Dehradun,Teacher/Professor,53000,8500,7800,2900,2000,800,3400,3100,16000,6500,22000,28500,24500,46.2,22.8,91,14.3
IN_USR_01057,22,Male,Tier 1,Bangalore,Software Engineer,118500,31000,18200,7300,6300,1900,4800,7600,20500,12400,64700,77100,41400,34.9,16.1,68,6.4
IN_USR_01058,53,Female,Tier 2,Indore,Data Analyst,104500,25500,20000,7000,3700,8000,6300,7800,11000,14100,64200,78300,26200,25.1,18.0,49,3.9
IN_USR_01059,29,Female,Tier 1,Delhi-NCR,Marketing Manager,86500,23500,13600,6400,3800,2000,5600,3300,17500,8900,49300,58200,28300,32.7,15.3,71,7.7
IN_USR_01060,54,Male,Tier 1,Hyderabad,Operations Executive,65500,17500,8200,3300,1400,5600,5500,2400,12000,7900,36000,43900,21600,33.0,18.0,72,8.0
IN_USR_01061,24,Female,Tier 2,Kochi,Marketing Manager,109500,26500,16800,8600,5400,1700,5000,7400,20000,12400,59000,71400,38100,34.8,17.4,73,8.0
IN_USR_01062,24,Male,Tier 3,Mysore,Teacher/Professor,37000,5000,5600,2400,2000,800,2300,2400,7000,4700,15800,20500,16500,44.6,22.9,91,13.9
IN_USR_01063,35,Male,Tier 3,Salem,Operations Executive,48500,6000,9000,2900,1300,3600,3400,3500,10000,6900,22800,29700,18800,38.8,23.2,73,7.6
IN_USR_01064,31,Male,Tier 3,Trichy,Operations Executive,71500,12500,9200,3700,3000,6300,7100,4900,12500,12000,34700,46700,24800,34.7,25.7,55,4.0
IN_USR_01065,57,Male,Tier 1,Mumbai,Marketing Manager,149000,40000,26600,6300,7000,10000,12200,9000,15500,21200,89900,111100,37900,25.4,19.1,46,3.0
IN_USR_01066,58,Male,Tier 2,Kochi,Freelancer/Consultant,92500,22500,16400,5400,2800,8200,5900,5500,15000,11400,55300,66700,25800,27.9,17.1,61,6.2
IN_USR_01067,48,Female,Tier 3,Nagpur,Operations Executive,76000,11000,12800,4900,3700,6100,7500,4000,17500,11500,38500,50000,26000,34.2,23.0,56,4.2
IN_USR_01068,56,Female,Tier 2,Coimbatore,Freelancer/Consultant,110000,18000,18200,5700,5600,10300,8200,7700,24000,15900,57800,73700,36300,33.0,21.6,72,8.5
IN_USR_01069,34,Male,Tier 1,Mumbai,Operations Executive,99000,23500,19600,5600,4200,9500,6400,6400,16500,12800,62400,75200,23800,24.0,17.0,46,3.1
IN_USR_01070,47,Male,Tier 1,Hyderabad,Software Engineer,219500,53500,30200,13700,13100,11800,16800,10200,42000,27000,122300,149300,70200,32.0,18.1,69,7.5
IN_USR_01071,37,Male,Tier 2,Indore,Software Engineer,149500,35000,28600,11700,8300,7000,7300,9700,24500,17000,90600,107600,41900,28.0,15.8,50,3.1
IN_USR_01072,57,Male,Tier 1,Delhi-NCR,Teacher/Professor,85500,20500,14800,3700,3600,6400,5200,5300,17500,10500,49000,59500,26000,30.4,17.6,50,2.9
IN_USR_01073,57,Female,Tier 2,Jaipur,Small Business Owner,229500,54500,41600,16600,7500,13800,21900,8300,42500,30200,134000,164200,65300,28.5,18.4,59,5.6
IN_USR_01074,47,Male,Tier 1,Delhi-NCR,Teacher/Professor,55000,16500,6800,2300,3200,3800,2900,1700,11500,4600,32600,37200,17800,32.4,12.4,59,4.2
IN_USR_01075,47,Female,Tier 1,Bangalore,Data Analyst,116000,33000,14600,7700,6100,7000,11400,8400,11500,19800,68400,88200,27800,24.0,22.4,38,1.5
IN_USR_01076,55,Male,Tier 2,Kochi,Data Analyst,88500,19000,11200,6200,2000,5700,4500,5400,16000,9900,44100,54000,34500,39.0,18.3,75,7.4
IN_USR_01077,50,Female,Tier 2,Jaipur,Civil Engineer,49500,10500,7000,3800,1900,3800,3100,1600,12000,4700,27000,31700,17800,36.0,14.8,77,8.4
IN_USR_01078,47,Female,Tier 2,Indore,Financial Analyst,100000,15000,18400,7000,4000,7800,6800,4900,15000,11700,52200,63900,36100,36.1,18.3,57,3.3
IN_USR_01079,26,Female,Tier 1,Pune,Small Business Owner,218500,55500,43200,10500,8300,600,10500,16700,37000,27200,118100,145300,73200,33.5,18.7,73,8.2
IN_USR_01080,34,Female,Tier 3,Warangal,Data Analyst,94500,13500,12000,3800,5100,8900,4700,3300,25000,8000,43300,51300,43200,45.7,15.6,60,3.0
IN_USR_01081,29,Male,Tier 2,Chandigarh,Teacher/Professor,74000,13500,11600,4600,4400,800,3800,3900,21000,7700,34900,42600,31400,42.4,18.1,78,8.1
IN_USR_01082,41,Female,Tier 2,Coimbatore,Financial Analyst,131000,24000,17200,7300,5300,12900,6000,5700,36500,11700,66700,78400,52600,40.2,14.9,66,4.4
IN_USR_01083,35,Female,Tier 2,Ahmedabad,Sales Consultant,49000,12000,9400,3400,2000,3500,4700,1700,8000,6400,30300,36700,12300,25.1,17.4,50,4.1
IN_USR_01084,53,Male,Tier 1,Mumbai,Operations Executive,79500,27000,12200,5000,2700,7100,6900,5100,7000,12000,54000,66000,13500,17.0,18.2,38,2.8
IN_USR_01085,36,Male,Tier 3,Dehradun,Financial Analyst,107500,16500,15600,4400,3100,9100,10500,3300,28500,13800,48700,62500,45000,41.9,22.1,79,8.8
IN_USR_01086,49,Female,Tier 2,Jaipur,Sales Consultant,97500,21500,14800,7600,2900,6300,8500,3600,20500,12100,53100,65200,32300,33.1,18.6,58,4.3
IN_USR_01087,22,Female,Tier 2,Jaipur,Small Business Owner,95000,16000,16200,5000,2500,2800,7700,6000,15500,13700,42500,56200,38800,40.8,24.4,68,6.1
IN_USR_01088,50,Male,Tier 2,Ahmedabad,Freelancer/Consultant,84500,19000,13600,6000,2300,8400,4100,4900,18000,9000,49300,58300,26200,31.0,15.4,63,6.0
IN_USR_01089,24,Female,Tier 1,Pune,Freelancer/Consultant,139000,44500,26400,10900,3500,3800,12700,9700,19000,22400,89100,111500,27500,19.8,20.1,42,3.3
IN_USR_01090,36,Female,Tier 3,Dehradun,Operations Executive,58000,10500,10000,3000,2600,5300,4400,3300,8000,7700,31400,39100,18900,32.6,19.7,50,2.4
IN_USR_01091,44,Female,Tier 2,Indore,Sales Consultant,39500,8500,6200,2100,1100,3700,2500,2000,6000,4500,21600,26100,13400,33.9,17.2,69,7.1
IN_USR_01092,33,Male,Tier 3,Warangal,Operations Executive,51000,8500,10000,2200,2300,5000,3600,2900,8500,6500,28000,34500,16500,32.4,18.8,51,2.7
IN_USR_01093,58,Female,Tier 2,Coimbatore,Financial Analyst,72000,13000,12000,4300,3600,6300,5200,4600,9000,9800,39200,49000,23000,31.9,20.0,62,5.9
IN_USR_01094,37,Female,Tier 1,Delhi-NCR,Software Engineer,195000,62000,29400,13500,6500,13100,8200,12400,22500,20600,124500,145100,49900,25.6,14.2,56,5.2
IN_USR_01095,33,Female,Tier 3,Trichy,Operations Executive,40000,7000,6000,2500,1100,2400,3600,1800,9000,5400,19000,24400,15600,39.0,22.1,76,8.2
IN_USR_01096,30,Female,Tier 2,Chandigarh,Marketing Manager,116500,28500,22600,9000,3900,600,5200,7500,19500,12700,64600,77300,39200,33.6,16.4,63,5.4
IN_USR_01097,43,Female,Tier 1,Delhi-NCR,Healthcare Worker,71500,24500,9600,5600,2100,5800,4300,4300,9500,8600,47600,56200,15300,21.4,15.3,37,1.3
IN_USR_01098,54,Male,Tier 2,Ahmedabad,Civil Engineer,59000,9000,10200,3600,3400,5700,4300,1800,10500,6100,31900,38000,21000,35.6,16.1,65,5.5
IN_USR_01099,40,Female,Tier 1,Mumbai,Operations Executive,87500,26500,16600,6600,4600,3900,7900,6600,8500,14500,58200,72700,14800,16.9,19.9,31,1.2
IN_USR_01100,34,Female,Tier 2,Kochi,Software Engineer,97500,23000,13400,5100,3200,6600,5800,4500,15500,10300,51300,61600,35900,36.8,16.7,74,7.7
IN_USR_01101,45,Male,Tier 2,Ahmedabad,Teacher/Professor,36500,6500,5600,2700,800,3600,2000,2600,7500,4600,19200,23800,12700,34.8,19.3,68,6.7
IN_USR_01102,28,Female,Tier 3,Mysore,Software Engineer,142500,16500,21400,8700,8500,3000,10200,8300,38500,18500,58100,76600,65900,46.2,24.2,90,13.8
IN_USR_01103,52,Male,Tier 1,Mumbai,Marketing Manager,129500,37500,24400,7000,3400,6200,7800,9100,22000,16900,78500,95400,34100,26.3,17.7,48,3.3
IN_USR_01104,25,Female,Tier 3,Dehradun,Teacher/Professor,48500,8000,7600,2800,1500,200,3400,2300,11500,5700,20100,25800,22700,46.8,22.1,91,12.6
IN_USR_01105,39,Female,Tier 2,Ahmedabad,Civil Engineer,87000,20500,16000,6400,2700,6100,5100,5300,11000,10400,51700,62100,24900,28.6,16.7,45,1.9
IN_USR_01106,49,Female,Tier 1,Bangalore,Software Engineer,99000,24000,14400,6500,4300,9200,4400,4100,19000,8500,58400,66900,32100,32.4,12.7,68,6.6
IN_USR_01107,29,Female,Tier 3,Mysore,Marketing Manager,39000,5000,6200,2400,1800,500,3300,2500,8500,5800,15900,21700,17300,44.4,26.7,69,6.7
IN_USR_01108,55,Female,Tier 1,Pune,Sales Consultant,62000,17500,11600,4900,1800,4200,4900,3200,9500,8100,40000,48100,13900,22.4,16.8,46,3.5
IN_USR_01109,31,Male,Tier 1,Pune,Financial Analyst,119000,30500,23400,5100,3400,10600,9800,8400,12000,18200,73000,91200,27800,23.4,20.0,39,1.7
IN_USR_01110,26,Male,Tier 1,Mumbai,Small Business Owner,59500,18000,10200,2500,2900,1600,4200,3000,9500,7200,35200,42400,17100,28.7,17.0,48,2.5
IN_USR_01111,57,Female,Tier 1,Pune,Financial Analyst,134500,36500,23800,9000,3600,6800,8200,7200,19000,15400,79700,95100,39400,29.3,16.2,65,6.8
IN_USR_01112,57,Female,Tier 1,Hyderabad,Financial Analyst,149500,51000,21800,9700,6000,12900,12000,7900,19000,19900,101400,121300,28200,18.9,16.4,39,2.5
IN_USR_01113,28,Female,Tier 1,Mumbai,Sales Consultant,58500,18000,7800,3400,1700,800,4900,2400,11000,7300,31700,39000,19500,33.3,18.7,63,5.8
IN_USR_01114,33,Male,Tier 1,Mumbai,Financial Analyst,150000,51500,29000,7300,5500,7500,6900,7700,17000,14600,100800,115400,34600,23.1,12.7,51,4.3
IN_USR_01115,26,Female,Tier 1,Pune,Financial Analyst,99000,33500,14400,5400,5800,2300,9000,5600,11500,14600,61400,76000,23000,23.2,19.2,51,5.0
IN_USR_01116,39,Female,Tier 1,Chennai,Small Business Owner,197000,62000,37600,9600,10300,11300,19000,11500,17000,30500,130800,161300,35700,18.1,18.9,34,1.6
IN_USR_01117,53,Male,Tier 1,Hyderabad,Freelancer/Consultant,184000,40500,30400,10600,4900,11000,14700,11000,38000,25700,97400,123100,60900,33.1,20.9,71,8.1
IN_USR_01118,29,Male,Tier 1,Delhi-NCR,Financial Analyst,150500,51500,29400,9100,3800,100,12100,11800,14500,23900,93900,117800,32700,21.7,20.3,40,2.4
IN_USR_01119,25,Male,Tier 1,Bangalore,Operations Executive,97500,28500,16400,7600,5400,1500,6900,5700,13000,12600,59400,72000,25500,26.2,17.5,45,2.3
IN_USR_01120,45,Female,Tier 1,Chennai,Teacher/Professor,64000,22000,11800,4900,3300,5700,2700,2000,8000,4700,47700,52400,11600,18.1,9.0,37,1.4
IN_USR_01121,46,Male,Tier 2,Indore,Civil Engineer,42000,8000,6200,3100,2400,3900,3100,3200,5000,6300,23600,29900,12100,28.8,21.1,59,5.9
IN_USR_01122,58,Male,Tier 2,Coimbatore,Freelancer/Consultant,136500,29500,17400,6500,4200,12600,9600,4500,34000,14100,70200,84300,52200,38.2,16.7,83,9.7
IN_USR_01123,58,Female,Tier 3,Mysore,Marketing Manager,104500,14500,17600,4700,3800,8200,8800,3700,19500,12500,48800,61300,43200,41.3,20.4,88,11.1
IN_USR_01124,51,Female,Tier 1,Chennai,Financial Analyst,71500,17000,13000,4800,1800,4500,3300,5400,9000,8700,41100,49800,21700,30.3,17.5,59,5.2
IN_USR_01125,24,Female,Tier 1,Delhi-NCR,Small Business Owner,281500,96000,50800,21800,7900,5300,23600,9000,38500,32600,181800,214400,67100,23.8,15.2,46,2.9
IN_USR_01126,43,Male,Tier 2,Coimbatore,Financial Analyst,114500,24500,19800,6000,4700,5600,10000,4400,17000,14400,60600,75000,39500,34.5,19.2,50,2.1
IN_USR_01127,57,Female,Tier 2,Chandigarh,Civil Engineer,91500,14000,15800,7300,2400,5200,4400,6600,20500,11000,44700,55700,35800,39.1,19.7,79,8.6
IN_USR_01128,45,Female,Tier 2,Jaipur,Small Business Owner,50500,11500,7000,3400,2200,2400,4100,2800,7000,6900,26500,33400,17100,33.9,20.7,51,2.6
IN_USR_01129,51,Male,Tier 1,Mumbai,Healthcare Worker,100000,29000,16400,5500,5100,4800,9100,4300,11000,13400,60800,74200,25800,25.8,18.1,53,4.7
IN_USR_01130,31,Male,Tier 1,Hyderabad,Software Engineer,213500,50500,36200,12600,9000,12100,10700,13000,37000,23700,120400,144100,69400,32.5,16.4,66,6.3
IN_USR_01131,27,Female,Tier 1,Pune,Software Engineer,210500,52500,27400,10800,9700,5700,12700,9100,54500,21800,106100,127900,82600,39.2,17.0,83,9.4
IN_USR_01132,22,Male,Tier 2,Kochi,Software Engineer,140500,22000,17000,7700,7900,4000,10400,9600,33000,20000,58600,78600,61900,44.1,25.4,75,8.1
IN_USR_01133,41,Male,Tier 1,Pune,Small Business Owner,162500,43500,25000,7600,4800,11200,7500,11700,24500,19200,92100,111300,51200,31.5,17.3,57,4.3
IN_USR_01134,29,Male,Tier 2,Jaipur,Teacher/Professor,38000,6000,4600,2900,2000,600,1700,1900,11500,3600,16100,19700,18300,48.2,18.3,65,4.5
IN_USR_01135,32,Female,Tier 2,Indore,Software Engineer,210500,33500,37400,11500,5100,15900,19400,7500,40500,26900,103400,130300,80200,38.1,20.6,56,2.8
IN_USR_01136,27,Male,Tier 2,Ahmedabad,Sales Consultant,48500,8500,7600,2400,1100,100,4500,2300,12500,6800,19700,26500,22000,45.4,25.7,70,6.7
IN_USR_01137,41,Male,Tier 2,Chandigarh,Data Analyst,76000,11500,12600,3600,3100,5400,4700,3900,16500,8600,36200,44800,31200,41.1,19.2,66,5.0
IN_USR_01138,23,Male,Tier 1,Bangalore,Civil Engineer,55000,19000,10200,3900,2400,300,4900,4200,7000,9100,35800,44900,10100,18.4,20.3,41,3.4
IN_USR_01139,47,Female,Tier 2,Jaipur,Civil Engineer,73500,11500,10200,3300,4000,3000,3200,3200,18500,6400,32000,38400,35100,47.8,16.7,65,4.5
IN_USR_01140,43,Male,Tier 2,Jaipur,Software Engineer,192000,40000,33200,8600,5800,7900,15200,11400,39500,26600,95500,122100,69900,36.4,21.8,80,9.8
IN_USR_01141,26,Female,Tier 2,Kochi,Marketing Manager,53500,9500,7200,2700,2400,100,4000,3300,14000,7300,21900,29200,24300,45.4,25.0,80,9.4
IN_USR_01142,47,Female,Tier 2,Coimbatore,Data Analyst,76000,15000,11800,3400,2800,5800,6500,2700,19000,9200,38800,48000,28000,36.8,19.2,81,9.7
IN_USR_01143,31,Male,Tier 1,Bangalore,Sales Consultant,112500,33000,15800,8200,5700,7400,5900,7200,16500,13100,70100,83200,29300,26.0,15.7,51,4.0
IN_USR_01144,40,Male,Tier 3,Warangal,Software Engineer,78500,12500,15200,3700,2900,7800,6300,2500,15000,8800,42100,50900,27600,35.2,17.3,65,5.7
IN_USR_01145,56,Male,Tier 1,Hyderabad,Software Engineer,134000,41000,23200,8700,6200,7400,12200,10100,14000,22300,86500,108800,25200,18.8,20.5,43,4.0
IN_USR_01146,27,Male,Tier 1,Chennai,Freelancer/Consultant,206500,61500,39400,14700,7800,900,9600,16300,39000,25900,124300,150200,56300,27.3,17.2,56,5.0
IN_USR_01147,56,Female,Tier 3,Dehradun,Software Engineer,79500,14000,15400,6000,2600,3800,6800,4200,17500,11000,41800,52800,26700,33.6,20.8,58,4.4
IN_USR_01148,54,Male,Tier 2,Ahmedabad,Teacher/Professor,54500,10500,6600,2600,2900,3000,2300,2900,13000,5200,25600,30800,23700,43.5,16.9,62,3.7
IN_USR_01149,33,Male,Tier 1,Bangalore,Operations Executive,85000,23000,15400,5700,4900,6000,5900,6000,8500,11900,55000,66900,18100,21.3,17.8,38,1.6
IN_USR_01150,49,Male,Tier 1,Hyderabad,Freelancer/Consultant,195500,60000,24200,8200,6700,16200,10900,13600,35500,24500,115300,139800,55700,28.5,17.5,52,3.7
IN_USR_01151,44,Female,Tier 1,Pune,Small Business Owner,132500,32000,19000,10000,6300,9700,7900,6500,18000,14400,77000,91400,41100,31.0,15.8,67,7.1
IN_USR_01152,47,Male,Tier 1,Bangalore,Freelancer/Consultant,179000,55500,25600,11500,6300,9800,10000,10800,20000,20800,108700,129500,49500,27.7,16.1,51,3.6
IN_USR_01153,41,Male,Tier 1,Bangalore,Financial Analyst,148000,39000,22400,6900,8500,11100,8100,9100,20500,17200,87900,105100,42900,29.0,16.4,55,4.4
IN_USR_01154,22,Male,Tier 1,Hyderabad,Teacher/Professor,87000,25000,14800,6500,2200,700,6000,6900,15500,12900,49200,62100,24900,28.6,20.8,52,4.0
IN_USR_01155,58,Male,Tier 1,Pune,Data Analyst,71000,18500,9800,5200,3100,6100,5900,3400,12000,9300,42700,52000,19000,26.8,17.9,52,4.3
IN_USR_01156,32,Male,Tier 2,Jaipur,Marketing Manager,73000,14500,11200,2900,2000,4000,6900,3400,15500,10300,34600,44900,28100,38.5,22.9,67,6.0
IN_USR_01157,23,Male,Tier 1,Delhi-NCR,Operations Executive,77500,18500,10000,3400,2500,100,4000,3400,14500,7400,34500,41900,35600,45.9,17.7,84,9.5
IN_USR_01158,47,Male,Tier 1,Chennai,Sales Consultant,50000,16000,6600,2500,2100,4300,3900,2900,8000,6800,31500,38300,11700,23.4,17.8,49,4.1
IN_USR_01159,47,Female,Tier 2,Chandigarh,Data Analyst,85500,13500,12200,5200,5100,7500,7700,5200,19500,12900,43500,56400,29100,34.0,22.9,65,6.6
IN_USR_01160,38,Female,Tier 2,Indore,Freelancer/Consultant,110500,24500,18400,7500,4600,6500,7800,6400,21000,14200,61500,75700,34800,31.5,18.8,67,7.1
IN_USR_01161,42,Female,Tier 2,Kochi,Small Business Owner,63000,10000,10600,4300,3000,2700,5100,3400,12000,8500,30600,39100,23900,37.9,21.7,76,8.3
IN_USR_01162,46,Male,Tier 1,Bangalore,Sales Consultant,52000,14500,9200,2600,2300,4400,3800,2600,6500,6400,33000,39400,12600,24.2,16.2,43,2.2
IN_USR_01163,30,Male,Tier 2,Kochi,Civil Engineer,59500,12500,9000,2400,1200,1200,4400,4200,12000,8600,26300,34900,24600,41.3,24.6,90,12.8
IN_USR_01164,38,Male,Tier 1,Hyderabad,Healthcare Worker,87500,28000,15600,5400,3300,6100,3800,6100,9000,9900,58400,68300,19200,21.9,14.5,37,1.0
IN_USR_01165,41,Female,Tier 1,Delhi-NCR,Sales Consultant,107000,28500,20400,6700,5500,6300,6300,4400,18500,10700,67400,78100,28900,27.0,13.7,57,5.1
IN_USR_01166,23,Female,Tier 1,Delhi-NCR,Operations Executive,100500,27500,15200,4500,4600,2300,6000,4500,15500,10500,54100,64600,35900,35.7,16.3,69,6.6
IN_USR_01167,44,Male,Tier 3,Mysore,Small Business Owner,137500,15500,18600,6500,4400,13400,12100,7100,40000,19200,58400,77600,59900,43.6,24.7,86,10.9
IN_USR_01168,52,Female,Tier 1,Delhi-NCR,Freelancer/Consultant,72000,19500,9200,3400,3500,3300,4500,5700,12500,10200,38900,49100,22900,31.8,20.8,70,8.0
IN_USR_01169,56,Female,Tier 3,Mysore,Teacher/Professor,26500,3000,4400,2100,1000,1800,1900,1100,4500,3000,12300,15300,11200,42.3,19.6,79,8.5
IN_USR_01170,44,Female,Tier 3,Mysore,Operations Executive,54500,6000,9600,3900,2900,4300,3600,2000,9500,5600,26700,32300,22200,40.7,17.3,63,4.0
IN_USR_01171,35,Female,Tier 1,Hyderabad,Civil Engineer,57500,16000,10200,4000,3100,4100,3900,2700,8500,6600,37400,44000,13500,23.5,15.0,41,1.8
IN_USR_01172,38,Male,Tier 1,Bangalore,Small Business Owner,225500,70000,31200,11900,6800,19800,22300,9800,22000,32100,139700,171800,53700,23.8,18.7,52,5.1
IN_USR_01173,38,Female,Tier 2,Kochi,Small Business Owner,172500,31500,22800,8300,9500,8100,16700,6500,42500,23200,80200,103400,69100,40.1,22.4,72,6.8
IN_USR_01174,56,Female,Tier 2,Indore,Data Analyst,109000,21000,19800,7700,3200,6300,8600,7300,19000,15900,58000,73900,35100,32.2,21.5,47,2.0
IN_USR_01175,57,Female,Tier 2,Jaipur,Sales Consultant,81500,18000,14000,3500,4400,6200,5200,3500,11000,8700,46100,54800,26700,32.8,15.9,57,3.8
IN_USR_01176,34,Male,Tier 1,Mumbai,Civil Engineer,94500,27500,17600,4800,5300,5700,5100,4300,10000,9400,60900,70300,24200,25.6,13.4,57,5.2
IN_USR_01177,28,Male,Tier 2,Ahmedabad,Sales Consultant,97000,19500,15600,4100,3600,2900,5500,4100,25000,9600,45700,55300,41700,43.0,17.4,72,6.3
IN_USR_01178,38,Female,Tier 1,Pune,Marketing Manager,132500,44500,23200,7800,5900,8900,11500,4700,15500,16200,90300,106500,26000,19.6,15.2,42,2.9
IN_USR_01179,42,Male,Tier 2,Jaipur,Financial Analyst,125500,24500,20200,8300,6900,10600,11100,7300,19500,18400,70500,88900,36600,29.2,20.7,56,4.9
IN_USR_01180,54,Male,Tier 3,Nagpur,Freelancer/Consultant,52000,6500,10400,3100,2500,4700,2400,3700,11500,6100,27200,33300,18700,36.0,18.3,59,4.0
IN_USR_01181,36,Male,Tier 2,Coimbatore,Freelancer/Consultant,145000,32000,19400,6600,4100,10600,7800,7600,31500,15400,72700,88100,56900,39.2,17.5,64,4.4
IN_USR_01182,28,Male,Tier 3,Nagpur,Small Business Owner,165000,23000,25000,12000,9500,2800,16300,9200,37500,25500,72300,97800,67200,40.7,26.1,57,3.3
IN_USR_01183,58,Male,Tier 1,Bangalore,Software Engineer,121500,27000,16800,9200,2500,9900,7700,6300,18500,14000,65400,79400,42100,34.7,17.6,75,8.4
IN_USR_01184,54,Female,Tier 2,Jaipur,Software Engineer,218500,34500,31400,12000,11300,12500,20800,9100,49000,29900,101700,131600,86900,39.8,22.7,88,11.3
IN_USR_01185,37,Male,Tier 2,Jaipur,Sales Consultant,71000,13500,12800,5300,3200,3700,4200,5200,13500,9400,38500,47900,23100,32.5,19.6,68,7.3
IN_USR_01186,28,Male,Tier 1,Chennai,Software Engineer,224000,73500,34200,10600,7800,5500,21600,17400,31000,39000,131600,170600,53400,23.8,22.9,44,3.2
IN_USR_01187,26,Female,Tier 1,Chennai,Software Engineer,217500,60000,41800,12100,6700,500,20500,10800,33500,31300,121100,152400,65100,29.9,20.5,63,6.7
IN_USR_01188,27,Male,Tier 3,Mysore,Sales Consultant,66000,7000,11200,5100,2900,1500,4500,3700,12000,8200,27700,35900,30100,45.6,22.8,91,12.5
IN_USR_01189,34,Female,Tier 1,Mumbai,Operations Executive,82000,19500,13400,5100,3700,4100,6300,5700,13500,12000,45800,57800,24200,29.5,20.8,55,4.7
IN_USR_01190,57,Male,Tier 1,Chennai,Small Business Owner,250500,71000,42400,13700,8700,18900,12700,13200,29500,25900,154700,180600,69900,27.9,14.3,52,3.6
IN_USR_01191,46,Male,Tier 2,Chandigarh,Financial Analyst,58000,14000,7600,4400,2900,3600,5300,3600,9500,8900,32500,41400,16600,28.6,21.5,60,6.2
IN_USR_01192,33,Female,Tier 1,Bangalore,Teacher/Professor,35000,11000,7000,2200,2000,3400,3000,1700,2500,4700,25600,30300,4700,13.4,15.5,35,2.5
IN_USR_01193,29,Female,Tier 1,Delhi-NCR,Data Analyst,158500,50500,25200,8800,4300,400,11500,11100,27500,22600,89200,111800,46700,29.5,20.2,47,2.4
IN_USR_01194,27,Female,Tier 3,Warangal,Operations Executive,39500,4500,6600,2300,1600,100,1700,2600,14000,4300,15100,19400,20100,50.9,22.2,91,16.9
IN_USR_01195,45,Female,Tier 3,Mysore,Teacher/Professor,45000,7000,6800,3300,1000,3000,3200,1400,11000,4600,21100,25700,19300,42.9,17.9,63,4.0
IN_USR_01196,45,Female,Tier 2,Coimbatore,Freelancer/Consultant,49500,12000,6200,3200,1400,4100,3000,2200,7000,5200,26900,32100,17400,35.2,16.2,56,3.2
IN_USR_01197,30,Female,Tier 2,Ahmedabad,Financial Analyst,121000,20000,20000,6400,5900,2900,4900,4200,31500,9100,55200,64300,56700,46.9,14.2,94,13.8
IN_USR_01198,55,Male,Tier 1,Delhi-NCR,Sales Consultant,76500,17500,15200,3300,4400,5500,7300,5200,7500,12500,45900,58400,18100,23.7,21.4,38,1.5
IN_USR_01199,44,Male,Tier 1,Pune,Civil Engineer,40500,12000,7600,3100,1000,3600,1800,1600,4000,3400,27300,30700,9800,24.2,11.1,54,4.6
IN_USR_01200,45,Male,Tier 3,Warangal,Software Engineer,94000,11000,11600,4000,3500,5500,3800,7300,22500,11100,35600,46700,47300,50.3,23.8,90,14.2
IN_USR_01201,27,Female,Tier 2,Kochi,Operations Executive,50000,11500,6600,3100,1900,900,3700,3700,9500,7400,24000,31400,18600,37.2,23.6,56,3.4
IN_USR_01202,38,Female,Tier 3,Mysore,Healthcare Worker,44000,8000,8000,2700,1100,3000,3900,3100,6000,7000,22800,29800,14200,32.3,23.5,69,8.0
IN_USR_01203,26,Male,Tier 1,Bangalore,Financial Analyst,116500,37500,20200,6500,5500,200,10900,4700,20500,15600,69900,85500,31000,26.6,18.2,55,5.2
IN_USR_01204,45,Female,Tier 1,Mumbai,Civil Engineer,106000,36000,16200,4500,5800,10500,7000,7100,10000,14100,73000,87100,18900,17.8,16.2,38,2.5
IN_USR_01205,36,Female,Tier 3,Dehradun,Teacher/Professor,36500,5000,7200,1900,1100,3500,3200,2200,8000,5400,18700,24100,12400,34.0,22.4,59,4.9
IN_USR_01206,30,Male,Tier 1,Bangalore,Sales Consultant,107000,36500,18800,6000,4100,1100,4800,8400,12000,13200,66500,79700,27300,25.5,16.6,50,3.8
IN_USR_01207,22,Male,Tier 2,Kochi,Civil Engineer,42000,6500,7200,2200,900,1200,1900,1800,14000,3700,18000,21700,20300,48.3,17.1,93,15.7
IN_USR_01208,51,Female,Tier 1,Chennai,Software Engineer,129000,34000,18600,10000,6100,5600,10600,5000,16000,15600,74300,89900,39100,30.3,17.4,61,5.7
IN_USR_01209,45,Male,Tier 1,Delhi-NCR,Data Analyst,160500,39000,19200,7000,4100,10600,9400,11200,34000,20600,79900,100500,60000,37.4,20.5,80,9.5
IN_USR_01210,25,Male,Tier 1,Hyderabad,Software Engineer,110000,29000,16200,8200,6300,3000,6700,7700,20000,14400,62700,77100,32900,29.9,18.7,57,5.0
IN_USR_01211,50,Female,Tier 1,Delhi-NCR,Software Engineer,234500,54500,36400,11200,5900,17800,10100,11200,54500,21300,125800,147100,87400,37.3,14.5,74,7.2
IN_USR_01212,23,Male,Tier 2,Jaipur,Software Engineer,77500,19000,11000,5200,2200,700,6500,3100,20000,9600,38100,47700,29800,38.5,20.1,58,3.4
IN_USR_01213,39,Female,Tier 1,Bangalore,Marketing Manager,116500,26500,19600,9200,3700,5200,6800,7100,16500,13900,64200,78100,38400,33.0,17.8,54,3.3
IN_USR_01214,43,Male,Tier 3,Trichy,Civil Engineer,72000,11500,13800,4900,2400,3100,4600,2300,15500,6900,35700,42600,29400,40.8,16.2,74,6.9
IN_USR_01215,58,Male,Tier 2,Ahmedabad,Freelancer/Consultant,157500,38500,30400,9700,3600,10000,10500,6800,30500,17300,92200,109500,48000,30.5,15.8,65,6.7
IN_USR_01216,52,Female,Tier 2,Chandigarh,Marketing Manager,70500,14500,10000,4500,4100,4400,3800,2100,15000,5900,37500,43400,27100,38.4,13.6,68,5.2
IN_USR_01217,32,Female,Tier 1,Mumbai,Financial Analyst,158500,42000,19200,9500,9400,9300,7600,7900,26000,15500,89400,104900,53600,33.8,14.8,62,4.8
IN_USR_01218,38,Male,Tier 2,Coimbatore,Financial Analyst,141500,34500,25000,6500,7300,8300,12900,4700,26500,17600,81600,99200,42300,29.9,17.7,45,1.7
IN_USR_01219,24,Female,Tier 2,Jaipur,Civil Engineer,51000,7500,9200,3100,2900,800,2800,1900,15500,4700,23500,28200,22800,44.7,16.7,63,3.9
IN_USR_01220,47,Female,Tier 1,Mumbai,Freelancer/Consultant,53500,13500,9400,4200,3000,3600,4600,4300,6000,8900,33700,42600,10900,20.4,20.9,46,4.5
IN_USR_01221,50,Female,Tier 3,Salem,Data Analyst,61500,9000,10400,3500,1600,2600,6000,2600,15500,8600,27100,35700,25800,42.0,24.1,90,12.1
IN_USR_01222,22,Male,Tier 1,Delhi-NCR,Teacher/Professor,48500,11000,7600,2800,1000,900,1900,2500,9000,4400,23300,27700,20800,42.9,15.9,72,6.1
IN_USR_01223,32,Male,Tier 2,Indore,Software Engineer,122500,20500,21600,5700,5600,9400,9800,4100,31000,13900,62800,76700,45800,37.4,18.1,69,6.4
IN_USR_01224,29,Female,Tier 2,Coimbatore,Civil Engineer,72000,11500,9200,3200,2700,1200,4300,4100,22000,8400,27800,36200,35800,49.7,23.2,91,16.3
IN_USR_01225,58,Female,Tier 2,Ahmedabad,Financial Analyst,147500,32500,22200,8900,7100,12500,12700,11200,22000,23900,83200,107100,40400,27.4,22.3,56,5.5
IN_USR_01226,35,Male,Tier 2,Ahmedabad,Freelancer/Consultant,85500,17000,14200,6500,4500,4800,8400,3900,11000,12300,47000,59300,26200,30.6,20.7,47,2.3
IN_USR_01227,54,Male,Tier 1,Hyderabad,Financial Analyst,63500,14500,10400,4100,2600,4900,5700,2600,11000,8300,36500,44800,18700,29.4,18.5,47,2.4
IN_USR_01228,38,Male,Tier 1,Hyderabad,Operations Executive,89500,22000,11600,6300,3700,4200,5800,7000,14500,12800,47800,60600,28900,32.3,21.1,62,5.8
IN_USR_01229,34,Male,Tier 2,Coimbatore,Small Business Owner,242500,36500,29800,11700,5300,23300,19800,9900,46500,29700,106600,136300,106200,43.8,21.8,87,10.8
IN_USR_01230,53,Female,Tier 3,Salem,Data Analyst,69500,9000,9400,5300,3500,4900,4500,5200,14500,9700,32100,41800,27700,39.9,23.2,69,6.3
IN_USR_01231,22,Male,Tier 1,Pune,Marketing Manager,118000,33000,17600,9000,2800,1900,5700,4000,18000,9700,64300,74000,44000,37.3,13.1,60,3.3
IN_USR_01232,27,Female,Tier 2,Coimbatore,Data Analyst,111500,20000,21000,4600,6400,1900,10900,4600,29000,15500,53900,69400,42100,37.8,22.3,54,2.6
IN_USR_01233,37,Female,Tier 1,Hyderabad,Healthcare Worker,70500,17000,9000,5300,4100,4600,2900,2300,13000,5200,40000,45200,25300,35.9,11.5,77,8.1
IN_USR_01234,48,Female,Tier 1,Bangalore,Healthcare Worker,81500,25500,15800,3500,3300,5200,5000,3700,9500,8700,53300,62000,19500,23.9,14.0,51,4.2
IN_USR_01235,38,Female,Tier 2,Ahmedabad,Healthcare Worker,91500,22500,16000,5900,2500,4900,5900,2800,18500,8700,51800,60500,31000,33.9,14.4,60,4.3
IN_USR_01236,51,Male,Tier 1,Mumbai,Healthcare Worker,66500,18500,12400,2900,3900,3700,5800,4200,10000,10000,41400,51400,15100,22.7,19.5,47,4.1
IN_USR_01237,57,Female,Tier 1,Mumbai,Data Analyst,160000,46000,25800,12100,3500,13500,15500,9600,20500,25100,100900,126000,34000,21.2,19.9,36,1.4
IN_USR_01238,48,Male,Tier 2,Coimbatore,Operations Executive,89000,19500,15400,5600,3100,4700,6500,6300,18500,12800,48300,61100,27900,31.3,20.9,63,6.3
IN_USR_01239,40,Female,Tier 3,Salem,Civil Engineer,67000,7000,10800,3300,2000,3500,6000,4700,14000,10700,26600,37300,29700,44.3,28.7,60,4.3
IN_USR_01240,45,Female,Tier 1,Delhi-NCR,Operations Executive,68000,22500,12400,3800,3200,5500,4800,4700,6000,9500,47400,56900,11100,16.3,16.7,37,2.5
IN_USR_01241,39,Female,Tier 3,Trichy,Marketing Manager,87000,11500,13800,6500,3100,8300,6600,4800,22500,11400,43200,54600,32400,37.2,20.9,55,2.8
IN_USR_01242,35,Female,Tier 1,Mumbai,Civil Engineer,62000,16500,10000,4700,2700,5900,6000,4700,5500,10700,39800,50500,11500,18.5,21.2,32,1.1
IN_USR_01243,43,Male,Tier 2,Indore,Financial Analyst,97500,22500,14600,5400,3100,6500,4600,7400,13500,12000,52100,64100,33400,34.3,18.7,73,8.1
IN_USR_01244,39,Male,Tier 1,Chennai,Freelancer/Consultant,87500,22500,13200,6800,2800,8700,8500,5500,11000,14000,54000,68000,19500,22.3,20.6,39,2.1
IN_USR_01245,32,Female,Tier 2,Kochi,Civil Engineer,93000,17000,16600,3900,4000,4900,8000,3800,24000,11800,46400,58200,34800,37.4,20.3,74,7.9
IN_USR_01246,23,Male,Tier 2,Coimbatore,Data Analyst,115000,28000,21400,8800,3000,400,7100,6600,17000,13700,61600,75300,39700,34.5,18.2,75,8.5
IN_USR_01247,39,Female,Tier 1,Delhi-NCR,Small Business Owner,141500,44500,19000,10700,5700,9600,7900,9100,23500,17000,89500,106500,35000,24.7,16.0,48,3.3
IN_USR_01248,29,Female,Tier 1,Mumbai,Small Business Owner,261500,58500,42400,18800,14400,6400,14000,13700,50000,27700,140500,168200,93300,35.7,16.5,68,6.2
IN_USR_01249,47,Female,Tier 1,Mumbai,Sales Consultant,41000,9500,8000,2700,900,3500,3400,2900,6500,6300,24600,30900,10100,24.6,20.4,54,5.4
IN_USR_01250,26,Male,Tier 3,Trichy,Civil Engineer,66000,9500,13200,2700,3800,1000,5300,4400,11000,9700,30200,39900,26100,39.5,24.3,61,4.4
IN_USR_01251,51,Male,Tier 1,Bangalore,Freelancer/Consultant,142500,35500,23600,10200,7200,7600,9100,10000,24000,19100,84100,103200,39300,27.6,18.5,51,3.9
IN_USR_01252,32,Male,Tier 1,Mumbai,Healthcare Worker,98000,26000,13000,7000,2600,8200,7500,3900,18500,11400,56800,68200,29800,30.4,16.7,64,6.5
IN_USR_01253,37,Female,Tier 1,Delhi-NCR,Freelancer/Consultant,158000,52000,29800,10600,8900,7700,7700,10200,20000,17900,109000,126900,31100,19.7,14.1,38,1.6
IN_USR_01254,34,Male,Tier 1,Delhi-NCR,Sales Consultant,73500,23500,10200,3600,2700,5200,7200,3900,7500,11100,45200,56300,17200,23.4,19.7,37,1.3
IN_USR_01255,51,Male,Tier 2,Ahmedabad,Freelancer/Consultant,175500,40000,22800,10600,4600,16000,11000,6100,35500,17100,94000,111100,64400,36.7,15.4,58,3.2
IN_USR_01256,28,Female,Tier 2,Indore,Marketing Manager,118000,25500,20200,5600,2800,3000,9400,8500,23000,17900,57100,75000,43000,36.4,23.9,73,8.1
IN_USR_01257,38,Female,Tier 2,Ahmedabad,Marketing Manager,87500,17000,12400,4000,5200,8600,8700,6900,11000,15600,47200,62800,24700,28.2,24.8,44,2.5
IN_USR_01258,54,Male,Tier 2,Indore,Operations Executive,51500,13000,7600,4100,2800,3800,4300,3300,7500,7600,31300,38900,12600,24.5,19.5,52,5.0
IN_USR_01259,33,Female,Tier 1,Hyderabad,Financial Analyst,156500,54500,23000,8600,3400,9900,14100,9700,20500,23800,99400,123200,33300,21.3,19.3,47,4.2
IN_USR_01260,37,Male,Tier 3,Mysore,Teacher/Professor,28500,3500,5000,1700,700,1500,2000,1300,8500,3300,12400,15700,12800,44.9,21.0,92,13.9
IN_USR_01261,29,Female,Tier 1,Chennai,Data Analyst,90500,29000,12200,6000,3700,800,5800,5300,17000,11100,51700,62800,27700,30.6,17.7,60,5.5
IN_USR_01262,46,Male,Tier 1,Delhi-NCR,Sales Consultant,47000,12500,6600,2000,1300,3600,2100,1600,12000,3700,26000,29700,17300,36.8,12.5,62,4.0
IN_USR_01263,26,Female,Tier 1,Delhi-NCR,Software Engineer,114000,33500,17200,9100,5000,1500,8000,8000,13500,16000,66300,82300,31700,27.8,19.4,58,5.7
IN_USR_01264,30,Male,Tier 1,Hyderabad,Financial Analyst,163500,36500,27800,10800,3900,3600,7400,7400,45000,14800,82600,97400,66100,40.4,15.2,77,7.4
IN_USR_01265,49,Female,Tier 1,Pune,Small Business Owner,194500,53000,32200,11900,5600,9700,13500,10500,24500,24000,112400,136400,58100,29.9,17.6,58,5.0
IN_USR_01266,33,Male,Tier 1,Hyderabad,Small Business Owner,66000,18500,9800,4200,2700,5100,5200,3400,8000,8600,40300,48900,17100,25.9,17.6,51,4.2
IN_USR_01267,35,Female,Tier 1,Pune,Data Analyst,152500,49000,22400,7200,8900,12200,13300,9400,13500,22700,99700,122400,30100,19.7,18.5,35,1.3
IN_USR_01268,24,Male,Tier 1,Bangalore,Civil Engineer,103500,23000,15400,7500,3200,900,8100,7200,18500,15300,50000,65300,38200,36.9,23.4,52,2.3
IN_USR_01269,25,Male,Tier 1,Pune,Sales Consultant,100000,26000,16400,7100,4000,900,6700,5300,16500,12000,54400,66400,33600,33.6,18.1,73,8.2
IN_USR_01270,48,Male,Tier 1,Delhi-NCR,Healthcare Worker,51000,13000,7400,2100,1500,3000,2700,2000,11000,4700,27000,31700,19300,37.8,14.8,67,5.2
IN_USR_01271,39,Female,Tier 2,Ahmedabad,Sales Consultant,45500,7500,7800,3000,1200,3700,2400,1800,11000,4200,23200,27400,18100,39.8,15.3,76,7.4
IN_USR_01272,22,Male,Tier 1,Bangalore,Financial Analyst,143000,34500,21800,6900,4600,4200,13000,8700,33500,21700,72000,93700,49300,34.5,23.2,66,6.7
IN_USR_01273,57,Female,Tier 2,Kochi,Operations Executive,62000,13500,8600,4900,3100,5700,6000,2800,8000,8800,35800,44600,17400,28.1,19.7,56,5.2
IN_USR_01274,26,Female,Tier 2,Ahmedabad,Freelancer/Consultant,109000,24500,15200,7400,5900,900,7300,4500,29000,11800,53900,65700,43300,39.7,18.0,86,10.2
IN_USR_01275,38,Male,Tier 2,Coimbatore,Small Business Owner,233500,48000,30800,9800,7700,15200,17800,12600,62500,30400,111500,141900,91600,39.2,21.4,88,11.4
IN_USR_01276,56,Female,Tier 1,Mumbai,Data Analyst,58500,20500,10600,3400,1300,2900,5400,4000,5500,9400,38700,48100,10400,17.8,19.5,34,1.7
IN_USR_01277,55,Female,Tier 1,Chennai,Healthcare Worker,102000,27000,18800,4600,5200,4300,4100,4600,19000,8700,59900,68600,33400,32.7,12.7,69,6.9
IN_USR_01278,46,Male,Tier 1,Pune,Marketing Manager,137000,31000,16800,10400,7500,6400,11900,5500,31500,17400,72100,89500,47500,34.7,19.4,59,4.4
IN_USR_01279,47,Female,Tier 2,Indore,Healthcare Worker,65000,12000,9600,4400,2500,2600,6300,5100,9500,11400,31100,42500,22500,34.6,26.8,65,6.7
IN_USR_01280,35,Male,Tier 1,Delhi-NCR,Teacher/Professor,57000,14000,10000,3200,1600,2500,5500,3300,7000,8800,31300,40100,16900,29.6,21.9,48,2.8
IN_USR_01281,33,Male,Tier 2,Chandigarh,Small Business Owner,244000,40000,46000,11700,9300,12400,15700,15300,38000,31000,119400,150400,93600,38.4,20.6,62,4.4
IN_USR_01282,50,Female,Tier 2,Coimbatore,Small Business Owner,222500,42000,41400,16300,4700,19500,22100,13900,38500,36000,123900,159900,62600,28.1,22.5,60,6.5
IN_USR_01283,58,Female,Tier 1,Pune,Software Engineer,132500,44500,22800,8700,7800,8800,7600,7100,11500,14700,92600,107300,25200,19.0,13.7,35,0.9
IN_USR_01284,35,Female,Tier 1,Mumbai,Teacher/Professor,94500,30500,14200,4000,2500,7000,9100,4800,11000,13900,58200,72100,22400,23.7,19.3,45,3.1
IN_USR_01285,43,Male,Tier 1,Mumbai,Teacher/Professor,46000,14000,6400,2100,1200,2900,4600,1900,8500,6500,26600,33100,12900,28.0,19.6,47,2.7
IN_USR_01286,36,Male,Tier 1,Hyderabad,Sales Consultant,50500,16000,6600,3800,2600,3100,4500,2600,6000,7100,32100,39200,11300,22.4,18.1,48,4.1
IN_USR_01287,44,Female,Tier 1,Chennai,Software Engineer,138500,35500,20800,5900,8000,7000,7500,8200,29000,15700,77200,92900,45600,32.9,16.9,69,7.1
IN_USR_01288,32,Male,Tier 1,Delhi-NCR,Financial Analyst,70500,16500,10200,3000,4200,5300,6000,5600,12500,11600,39200,50800,19700,27.9,22.8,43,2.0
IN_USR_01289,32,Male,Tier 2,Chandigarh,Operations Executive,38500,9000,4800,2800,1900,3700,2100,2900,6000,5000,22200,27200,11300,29.4,18.4,60,5.9
IN_USR_01290,28,Female,Tier 2,Coimbatore,Sales Consultant,77000,18000,11800,5000,4100,2200,3900,3300,15000,7200,41100,48300,28700,37.3,14.9,73,7.0
IN_USR_01291,36,Female,Tier 1,Chennai,Sales Consultant,62500,16500,11800,2700,1600,4700,5500,3700,9500,9200,37300,46500,16000,25.6,19.8,46,3.1
IN_USR_01292,56,Female,Tier 2,Indore,Financial Analyst,87500,17500,14800,5100,4400,3900,4500,3200,14500,7700,45700,53400,34100,39.0,14.4,58,2.6
IN_USR_01293,55,Female,Tier 3,Mysore,Marketing Manager,77000,14000,12600,5600,3800,3300,7300,6100,10500,13400,39300,52700,24300,31.6,25.4,66,7.7
IN_USR_01294,53,Female,Tier 2,Coimbatore,Marketing Manager,123500,20500,15800,9700,5500,10100,6300,5700,33000,12000,61600,73600,49900,40.4,16.3,83,9.2
IN_USR_01295,53,Male,Tier 1,Mumbai,Sales Consultant,98500,31500,13800,6100,2700,4100,9000,3700,12000,12700,58200,70900,27600,28.0,17.9,46,2.3
IN_USR_01296,42,Female,Tier 2,Coimbatore,Healthcare Worker,65000,15500,11600,2600,2700,3400,6400,2900,10500,9300,35800,45100,19900,30.6,20.6,66,7.2
IN_USR_01297,23,Female,Tier 2,Indore,Sales Consultant,101500,21500,19600,4100,3900,2400,4100,4900,25000,9000,51500,60500,41000,40.4,14.9,83,9.1
IN_USR_01298,44,Male,Tier 2,Kochi,Marketing Manager,103500,20500,17600,7900,3700,8100,5400,8000,18500,13400,57800,71200,32300,31.2,18.8,53,3.6
IN_USR_01299,36,Female,Tier 1,Hyderabad,Sales Consultant,88500,28500,11800,4800,2300,5800,8200,4200,9500,12400,53200,65600,22900,25.9,18.9,54,5.1
IN_USR_01300,30,Male,Tier 2,Indore,Financial Analyst,75000,15500,9800,4000,4100,2100,4800,2400,18500,7200,35500,42700,32300,43.1,16.9,70,5.9
IN_USR_01301,47,Male,Tier 1,Hyderabad,Small Business Owner,274500,89500,47200,12900,12300,15900,23600,10700,33000,34300,177800,212100,62400,22.7,16.2,38,1.3
IN_USR_01302,38,Male,Tier 2,Indore,Civil Engineer,41500,7000,7400,2000,1700,3800,1800,2400,10000,4200,21900,26100,15400,37.1,16.1,60,3.8
IN_USR_01303,32,Male,Tier 2,Jaipur,Financial Analyst,75000,12000,14000,5300,2600,4300,6000,5600,15500,11600,38200,49800,25200,33.6,23.3,62,5.9
IN_USR_01304,49,Female,Tier 2,Ahmedabad,Operations Executive,35500,5500,6000,2200,1100,2600,2200,2800,8000,5000,17400,22400,13100,36.9,22.3,78,9.2
IN_USR_01305,22,Male,Tier 2,Chandigarh,Freelancer/Consultant,176500,42500,28200,11600,6900,4400,12600,12100,40000,24700,93600,118300,58200,33.0,20.9,64,6.2
IN_USR_01306,40,Female,Tier 2,Coimbatore,Data Analyst,128000,25000,16600,6600,3500,9800,10600,6600,22000,17200,61500,78700,49300,38.5,21.9,57,3.1
IN_USR_01307,33,Male,Tier 1,Bangalore,Software Engineer,172000,41500,24200,8400,10100,9800,11900,9600,37500,21500,94000,115500,56500,32.8,18.6,67,6.9
IN_USR_01308,29,Male,Tier 1,Pune,Sales Consultant,63500,21000,9600,4100,3800,500,5200,2200,7500,7400,39000,46400,17100,26.9,15.9,55,4.7
IN_USR_01309,29,Male,Tier 1,Hyderabad,Healthcare Worker,108000,24000,19000,5000,2200,0,10400,7300,22500,17700,50200,67900,40100,37.1,26.1,57,4.1
IN_USR_01310,47,Male,Tier 3,Mysore,Civil Engineer,65000,6500,12000,3300,3600,6100,4700,2000,13500,6700,31500,38200,26800,41.2,17.5,82,9.0
IN_USR_01311,48,Male,Tier 2,Indore,Freelancer/Consultant,61500,9500,9400,4200,1600,4100,4100,2600,12000,6700,28800,35500,26000,42.3,18.9,89,11.1
IN_USR_01312,35,Female,Tier 2,Chandigarh,Marketing Manager,108500,20500,19600,6500,4900,10100,10600,8200,17500,18800,61600,80400,28100,25.9,23.4,53,5.2
IN_USR_01313,33,Female,Tier 1,Mumbai,Healthcare Worker,92000,32000,11800,7300,2500,7300,8000,3700,9000,11700,60900,72600,19400,21.1,16.1,44,3.1
IN_USR_01314,28,Male,Tier 1,Mumbai,Sales Consultant,50000,14500,7400,3900,2500,1100,3200,3700,7500,6900,29400,36300,13700,27.4,19.0,44,1.9
IN_USR_01315,24,Female,Tier 2,Coimbatore,Civil Engineer,89000,18500,10800,6800,3700,300,7100,3900,24000,11000,40100,51100,37900,42.6,21.5,81,9.3
IN_USR_01316,51,Female,Tier 3,Mysore,Sales Consultant,86000,13500,12800,5500,3700,6200,4700,5600,17000,10300,41700,52000,34000,39.5,19.8,73,6.9
IN_USR_01317,23,Male,Tier 2,Ahmedabad,Civil Engineer,80500,19500,12200,4500,2200,2100,6000,2800,15500,8800,40500,49300,31200,38.8,17.8,62,4.0
IN_USR_01318,54,Male,Tier 1,Mumbai,Freelancer/Consultant,134000,41000,22800,5400,5100,7800,6500,9800,14500,16300,82100,98400,35600,26.6,16.6,46,2.6
IN_USR_01319,52,Male,Tier 2,Ahmedabad,Healthcare Worker,80000,12500,12400,5200,3200,5900,5900,4800,15000,10700,39200,49900,30100,37.6,21.4,74,8.0
IN_USR_01320,38,Female,Tier 2,Indore,Operations Executive,61500,11000,12000,2900,2700,4300,3600,3100,10500,6700,32900,39600,21900,35.6,16.9,75,8.1
IN_USR_01321,55,Female,Tier 1,Chennai,Freelancer/Consultant,84000,29500,12000,5300,1800,4800,3400,5100,13000,8500,53400,61900,22100,26.3,13.7,51,3.6
IN_USR_01322,47,Male,Tier 1,Mumbai,Data Analyst,62000,15000,8200,3600,2200,3600,4700,2000,15000,6700,32600,39300,22700,36.6,17.0,58,3.5
IN_USR_01323,56,Female,Tier 1,Bangalore,Marketing Manager,52000,15000,8400,3200,2900,4600,3100,2400,8000,5500,34100,39600,12400,23.8,13.9,48,3.3
IN_USR_01324,52,Female,Tier 2,Coimbatore,Data Analyst,122500,22500,24400,6100,3200,12000,10700,9300,14000,20000,68200,88200,34300,28.0,22.7,46,2.7
IN_USR_01325,44,Female,Tier 2,Ahmedabad,Data Analyst,127500,30500,23200,6900,3600,12100,12400,6300,14000,18700,76300,95000,32500,25.5,19.7,44,2.5
IN_USR_01326,58,Male,Tier 2,Indore,Small Business Owner,127000,24500,21000,7600,5000,10600,5200,4600,26500,9800,68700,78500,48500,38.2,12.5,68,5.3
IN_USR_01327,24,Male,Tier 1,Mumbai,Healthcare Worker,102000,34000,13200,5000,5800,900,10000,3700,17000,13700,58900,72600,29400,28.8,18.9,44,1.7
IN_USR_01328,52,Female,Tier 2,Ahmedabad,Teacher/Professor,56500,13000,8400,2900,1200,2700,4900,2000,14500,6900,28200,35100,21400,37.9,19.7,73,7.4
IN_USR_01329,49,Female,Tier 1,Hyderabad,Financial Analyst,91000,31000,12200,5900,3000,4800,7100,5700,11500,12800,56900,69700,21300,23.4,18.4,38,1.2
IN_USR_01330,53,Female,Tier 1,Hyderabad,Operations Executive,81000,21000,14800,4400,2300,5400,4100,5900,15000,10000,47900,57900,23100,28.5,17.3,54,4.3
IN_USR_01331,42,Male,Tier 1,Bangalore,Financial Analyst,106500,28000,15800,4700,5100,9800,8100,3200,15000,11300,63400,74700,31800,29.9,15.1,48,2.2
IN_USR_01332,33,Male,Tier 3,Mysore,Sales Consultant,56000,9500,9600,3700,2200,2800,4800,3200,11500,8000,27800,35800,20200,36.1,22.3,58,4.1
IN_USR_01333,44,Female,Tier 2,Kochi,Teacher/Professor,51500,8500,8600,2700,2400,3100,4300,2400,10000,6700,25300,32000,19500,37.9,20.9,85,10.6
IN_USR_01334,42,Female,Tier 1,Bangalore,Sales Consultant,50500,11500,9800,3100,2300,3100,3800,2200,8000,6000,29800,35800,14700,29.1,16.8,50,2.9
IN_USR_01335,36,Female,Tier 2,Kochi,Financial Analyst,94000,18000,15200,6600,4600,4400,8200,5000,16000,13200,48800,62000,32000,34.0,21.3,57,4.1
IN_USR_01336,58,Female,Tier 1,Delhi-NCR,Freelancer/Consultant,113000,25500,15600,6800,2400,5800,8100,5800,28500,13900,56100,70000,43000,38.1,19.9,56,2.9
IN_USR_01337,34,Male,Tier 2,Indore,Freelancer/Consultant,93000,18000,11400,5500,3900,4700,8800,3100,24000,11900,43500,55400,37600,40.4,21.5,73,7.2
IN_USR_01338,52,Male,Tier 1,Pune,Healthcare Worker,73500,19000,9200,3500,2800,4300,4400,4600,17500,9000,38800,47800,25700,35.0,18.8,70,7.3
IN_USR_01339,52,Male,Tier 1,Pune,Data Analyst,111000,30500,17600,5700,6100,7700,9300,5800,14500,15100,67600,82700,28300,25.5,18.3,42,2.0
IN_USR_01340,47,Male,Tier 3,Salem,Marketing Manager,82500,9000,13800,4100,2900,7200,4600,6200,14500,10800,37000,47800,34700,42.1,22.6,79,8.9
IN_USR_01341,23,Male,Tier 1,Pune,Freelancer/Consultant,154500,43500,25600,9500,4500,4300,12800,5900,29500,18700,87400,106100,48400,31.3,17.6,59,5.0
IN_USR_01342,48,Female,Tier 3,Salem,Small Business Owner,108000,14000,19400,6500,4400,8300,10400,7800,21500,18200,52600,70800,37200,34.4,25.7,61,5.7
IN_USR_01343,45,Female,Tier 1,Delhi-NCR,Sales Consultant,90000,27000,15000,6300,2300,6400,4200,5400,10500,9600,57000,66600,23400,26.0,14.4,43,1.6
IN_USR_01344,51,Male,Tier 2,Kochi,Teacher/Professor,65500,11000,11000,4900,3700,4400,6300,4400,11000,10700,35000,45700,19800,30.2,23.4,65,7.4
IN_USR_01345,38,Female,Tier 2,Kochi,Marketing Manager,101000,20000,19200,6200,3600,7200,4500,6700,20000,11200,56200,67400,33600,33.3,16.6,54,3.2
IN_USR_01346,54,Female,Tier 2,Indore,Data Analyst,60500,12500,10200,4800,3200,2700,5900,2800,7500,8700,33400,42100,18400,30.4,20.7,63,6.6
IN_USR_01347,58,Male,Tier 2,Ahmedabad,Sales Consultant,41000,7500,5400,3100,2300,3100,2200,2800,6000,5000,21400,26400,14600,35.6,18.9,75,8.3
IN_USR_01348,42,Male,Tier 2,Ahmedabad,Software Engineer,158500,27000,27600,6500,7900,7500,8600,9400,26000,18000,76500,94500,64000,40.4,19.0,90,11.3
IN_USR_01349,56,Male,Tier 3,Warangal,Operations Executive,37000,5500,5400,1700,1800,1600,1600,2100,11000,3700,16000,19700,17300,46.8,18.8,92,12.7
IN_USR_01350,54,Male,Tier 1,Delhi-NCR,Software Engineer,127000,33000,22600,6100,2900,7700,10400,8800,19500,19200,72300,91500,35500,28.0,21.0,49,3.5
IN_USR_01351,47,Male,Tier 3,Mysore,Marketing Manager,77000,11000,13000,4800,2200,4200,5900,5000,18000,10900,35200,46100,30900,40.1,23.6,75,7.9
IN_USR_01352,49,Male,Tier 1,Delhi-NCR,Sales Consultant,77500,18000,11400,4300,2700,5800,5700,3700,16500,9400,42200,51600,25900,33.4,18.2,52,2.6
IN_USR_01353,46,Female,Tier 1,Chennai,Freelancer/Consultant,64500,19500,12000,4900,2500,3300,2700,2400,10000,5100,42200,47300,17200,26.7,10.8,60,5.7
IN_USR_01354,46,Female,Tier 1,Mumbai,Operations Executive,53500,15500,8000,2700,1200,4400,3500,1700,7000,5200,31800,37000,16500,30.8,14.1,69,7.3
IN_USR_01355,51,Female,Tier 2,Chandigarh,Civil Engineer,70000,16500,12000,3600,3700,3000,4400,2500,11000,6900,38800,45700,24300,34.7,15.1,66,5.7
IN_USR_01356,22,Male,Tier 1,Mumbai,Software Engineer,166000,39500,25400,9400,9500,2500,7700,10200,37500,17900,86300,104200,61800,37.2,17.2,67,5.7
IN_USR_01357,55,Male,Tier 2,Chandigarh,Software Engineer,183000,38000,22600,10900,5600,15600,17400,13400,35000,30800,92700,123500,59500,32.5,24.9,64,6.8
IN_USR_01358,22,Male,Tier 1,Pune,Operations Executive,86500,25000,15600,6500,4300,900,7900,3600,14500,11500,52300,63800,22700,26.2,18.0,47,2.9
IN_USR_01359,51,Male,Tier 2,Jaipur,Sales Consultant,70000,16500,8600,5500,3700,6800,6900,4900,10500,11800,41100,52900,17100,24.4,22.3,52,5.1
IN_USR_01360,39,Male,Tier 1,Mumbai,Freelancer/Consultant,203500,65000,39000,12300,5700,13900,16100,9800,23000,25900,135900,161800,41700,20.5,16.0,44,3.4
IN_USR_01361,35,Female,Tier 1,Hyderabad,Sales Consultant,42500,14000,5400,2900,1900,3300,2000,3300,4500,5300,27500,32800,9700,22.8,16.2,50,4.3
IN_USR_01362,48,Male,Tier 1,Mumbai,Healthcare Worker,66000,17500,12000,5200,3800,2900,6000,4800,6500,10800,41400,52200,13800,20.9,20.7,35,1.3
IN_USR_01363,24,Female,Tier 1,Mumbai,Software Engineer,167000,53000,21000,7100,8000,3500,15100,7300,29500,22400,92600,115000,52000,31.1,19.5,50,2.7
IN_USR_01364,45,Male,Tier 2,Coimbatore,Data Analyst,58000,12500,10200,3000,3400,5500,2800,2500,12500,5300,34600,39900,18100,31.2,13.3,48,1.7
IN_USR_01365,57,Female,Tier 1,Hyderabad,Operations Executive,83500,23000,11200,4600,5000,7600,7300,3300,8500,10600,51400,62000,21500,25.7,17.1,55,5.1
IN_USR_01366,35,Male,Tier 1,Bangalore,Teacher/Professor,97000,29000,12000,5100,4000,4500,6100,3200,13500,9300,54600,63900,33100,34.1,14.6,65,5.5
IN_USR_01367,50,Male,Tier 1,Mumbai,Software Engineer,96000,28500,17600,4700,5400,6200,4600,5600,10500,10200,62400,72600,23400,24.4,14.0,55,5.1
IN_USR_01368,23,Male,Tier 1,Hyderabad,Freelancer/Consultant,146000,32500,18600,7300,4900,3500,14300,4600,32500,18900,66800,85700,60300,41.3,22.1,79,8.8
IN_USR_01369,27,Male,Tier 2,Jaipur,Small Business Owner,168500,28000,21400,8100,8800,2900,14300,9000,32000,23300,69200,92500,76000,45.1,25.2,75,8.0
IN_USR_01370,31,Male,Tier 1,Delhi-NCR,Civil Engineer,106000,36000,19200,7400,5500,10600,4900,4100,12000,9000,78700,87700,18300,17.3,10.3,43,3.2
IN_USR_01371,52,Male,Tier 1,Delhi-NCR,Marketing Manager,113000,25500,22400,8200,5700,6500,9900,8500,12000,18400,68300,86700,26300,23.3,21.2,39,1.8
IN_USR_01372,47,Male,Tier 1,Mumbai,Marketing Manager,140500,36000,17800,11000,7900,11200,5800,6100,28000,11900,83900,95800,44700,31.8,12.4,59,4.2
IN_USR_01373,52,Male,Tier 1,Bangalore,Marketing Manager,79500,22000,13600,4200,2300,3800,5100,5000,13500,10100,45900,56000,23500,29.6,18.0,51,3.2
IN_USR_01374,57,Male,Tier 3,Nagpur,Financial Analyst,77000,13500,14400,4200,3200,3600,3300,2700,18500,6000,38900,44900,32100,41.7,13.4,63,3.5
IN_USR_01375,56,Male,Tier 1,Hyderabad,Teacher/Professor,65000,22500,11400,4500,3400,6100,3600,3800,6000,7400,47900,55300,9700,14.9,13.4,37,2.6
IN_USR_01376,54,Female,Tier 1,Hyderabad,Healthcare Worker,55000,18500,8800,2800,2100,2300,4700,2900,7500,7600,34500,42100,12900,23.5,18.1,52,5.1
IN_USR_01377,58,Male,Tier 2,Ahmedabad,Operations Executive,75500,17500,9800,4300,1600,4800,6400,5100,17500,11500,38000,49500,26000,34.4,23.2,70,7.8
IN_USR_01378,34,Female,Tier 2,Coimbatore,Small Business Owner,83500,19500,15200,6600,2600,4700,5500,4400,17000,9900,48600,58500,25000,29.9,16.9,56,4.4
IN_USR_01379,29,Male,Tier 2,Indore,Healthcare Worker,82000,14500,11000,5600,1700,200,4100,5500,21500,9600,33000,42600,39400,48.0,22.5,91,15.9
IN_USR_01380,31,Male,Tier 1,Delhi-NCR,Software Engineer,149000,47500,18000,6100,6200,9300,13100,10000,27000,23100,87100,110200,38800,26.0,21.0,48,3.6
IN_USR_01381,29,Male,Tier 1,Pune,Freelancer/Consultant,79000,18500,10200,5700,1700,2300,7200,3900,18500,11100,38400,49500,29500,37.3,22.4,72,7.6
IN_USR_01382,37,Male,Tier 2,Chandigarh,Sales Consultant,104500,25500,17400,6100,5100,4500,4200,7300,17000,11500,58600,70100,34400,32.9,16.4,62,5.3
IN_USR_01383,27,Female,Tier 1,Delhi-NCR,Healthcare Worker,83000,18500,10200,5300,4500,1500,4700,3400,18500,8100,40000,48100,34900,42.0,16.8,90,11.2
IN_USR_01384,37,Female,Tier 1,Bangalore,Teacher/Professor,41000,10500,7000,2600,1400,2300,2900,2800,8000,5700,23800,29500,11500,28.0,19.3,48,3.1
IN_USR_01385,23,Male,Tier 2,Coimbatore,Software Engineer,93000,17500,13600,4600,3400,100,5500,7200,24000,12700,39200,51900,41100,44.2,24.5,68,6.0
IN_USR_01386,39,Female,Tier 1,Mumbai,Software Engineer,115000,26000,15000,8700,5600,10200,9500,6500,14500,16000,65500,81500,33500,29.1,19.6,54,4.4
IN_USR_01387,30,Male,Tier 2,Indore,Operations Executive,35000,6000,6600,1600,1400,500,1500,1500,8000,3000,16100,19100,15900,45.4,15.7,65,4.4
IN_USR_01388,36,Female,Tier 2,Chandigarh,Healthcare Worker,81000,13500,15800,4400,3100,3300,3700,4900,22500,8600,40100,48700,32300,39.9,17.7,76,7.4
IN_USR_01389,30,Female,Tier 1,Bangalore,Small Business Owner,183500,63000,31200,13100,10800,1900,7500,11600,29500,19100,120000,139100,44400,24.2,13.7,42,1.6
IN_USR_01390,24,Male,Tier 1,Mumbai,Marketing Manager,60000,15500,9200,2500,1500,400,2900,2100,11000,5000,29100,34100,25900,43.2,14.7,91,11.3
IN_USR_01391,33,Male,Tier 3,Salem,Freelancer/Consultant,133500,14000,17000,5500,7500,12900,11100,4100,38000,15200,56900,72100,61400,46.0,21.1,78,8.4
IN_USR_01392,42,Male,Tier 3,Nagpur,Operations Executive,47000,6000,5800,3500,2200,4400,4600,2400,8500,7000,21900,28900,18100,38.5,24.2,75,8.2
IN_USR_01393,46,Male,Tier 1,Bangalore,Civil Engineer,58000,13000,9200,4000,2600,3000,4900,3200,8000,8100,31800,39900,18100,31.2,20.3,51,3.2
IN_USR_01394,57,Female,Tier 1,Hyderabad,Teacher/Professor,47000,11500,6800,2100,2200,4200,3800,1800,8000,5600,26800,32400,14600,31.1,17.3,47,1.7
IN_USR_01395,47,Female,Tier 2,Ahmedabad,Civil Engineer,81000,18500,15800,6000,2500,3600,7700,6000,14000,13700,46400,60100,20900,25.8,22.8,46,3.4
IN_USR_01396,56,Female,Tier 2,Kochi,Freelancer/Consultant,122000,24000,22800,8100,5300,9600,7500,3900,28500,11400,69800,81200,40800,33.4,14.0,53,2.5
IN_USR_01397,54,Female,Tier 2,Ahmedabad,Operations Executive,44500,7000,6400,2300,1300,1900,3700,3300,11500,7000,18900,25900,18600,41.8,27.0,78,8.9
IN_USR_01398,29,Male,Tier 1,Chennai,Healthcare Worker,84000,25000,15200,3900,2500,2000,3400,4200,17000,7600,48600,56200,27800,33.1,13.5,69,6.8
IN_USR_01399,27,Male,Tier 1,Chennai,Freelancer/Consultant,200500,64500,32800,8700,5200,1500,18300,10300,29000,28600,112700,141300,59200,29.5,20.2,51,3.5
IN_USR_01400,40,Male,Tier 2,Indore,Teacher/Professor,48000,10000,7400,2000,1700,2700,4100,2300,7500,6400,23800,30200,17800,37.1,21.2,56,3.1
IN_USR_01401,24,Male,Tier 1,Delhi-NCR,Operations Executive,55000,17000,7800,4000,1500,1400,2600,2800,9000,5400,31700,37100,17900,32.5,14.6,66,6.3
IN_USR_01402,55,Female,Tier 1,Mumbai,Sales Consultant,61500,14500,11000,4600,2200,6100,3200,2000,11000,5200,38400,43600,17900,29.1,11.9,48,1.9
IN_USR_01403,50,Male,Tier 1,Delhi-NCR,Software Engineer,90000,22500,17400,5300,2200,4200,7300,6100,14500,13400,51600,65000,25000,27.8,20.6,51,3.9
IN_USR_01404,57,Female,Tier 1,Chennai,Data Analyst,152500,48500,29000,7000,9100,9300,12600,12000,17500,24600,102900,127500,25000,16.4,19.3,37,2.7
IN_USR_01405,38,Male,Tier 2,Kochi,Small Business Owner,172500,40000,25200,9400,3500,8100,9000,8900,32000,17900,86200,104100,68400,39.7,17.2,74,7.0
IN_USR_01406,29,Male,Tier 1,Mumbai,Teacher/Professor,74500,23000,14000,4500,1500,300,5100,5100,13000,10200,43300,53500,21000,28.2,19.1,52,4.0
IN_USR_01407,48,Male,Tier 1,Pune,Teacher/Professor,43000,14000,6800,3200,1100,2200,3300,2900,5500,6200,27300,33500,9500,22.1,18.5,41,2.5
IN_USR_01408,52,Female,Tier 2,Indore,Marketing Manager,108500,20000,15000,6300,4000,10000,10200,3300,25500,13500,55300,68800,39700,36.6,19.6,69,6.5
IN_USR_01409,57,Female,Tier 2,Ahmedabad,Teacher/Professor,32000,5000,5600,2100,1000,2800,1500,2400,8000,3900,16500,20400,11600,36.2,19.1,57,3.4
IN_USR_01410,29,Female,Tier 2,Ahmedabad,Freelancer/Consultant,145000,29500,27200,7300,6800,100,12800,9300,26500,22100,70900,93000,52000,35.9,23.8,63,5.7
IN_USR_01411,29,Male,Tier 2,Kochi,Financial Analyst,66500,12000,11800,4900,3700,1600,4200,2000,18000,6200,34000,40200,26300,39.5,15.4,64,4.2
IN_USR_01412,45,Male,Tier 3,Nagpur,Teacher/Professor,68000,8000,12400,3500,1900,5800,3200,3900,13500,7100,31600,38700,29300,43.1,18.3,63,4.2
IN_USR_01413,56,Female,Tier 2,Chandigarh,Software Engineer,77500,14000,10000,4400,4100,3400,3200,5700,13500,8900,35900,44800,32700,42.2,19.9,61,3.7
IN_USR_01414,26,Female,Tier 1,Delhi-NCR,Teacher/Professor,64000,20000,9800,4600,1900,1700,4900,3000,9000,7900,38000,45900,18100,28.3,17.2,45,1.9
IN_USR_01415,22,Female,Tier 1,Bangalore,Operations Executive,78000,21500,14200,3600,3100,1900,6800,5700,9500,12500,44300,56800,21200,27.2,22.0,50,3.9
IN_USR_01416,57,Female,Tier 1,Bangalore,Financial Analyst,145500,46500,28000,11100,4800,6700,7900,7100,19000,15000,97100,112100,33400,23.0,13.4,46,2.9
IN_USR_01417,43,Female,Tier 1,Hyderabad,Small Business Owner,71500,23000,13200,4200,2100,4500,3500,5000,8500,8500,47000,55500,16000,22.4,15.3,48,3.8
IN_USR_01418,45,Female,Tier 1,Hyderabad,Sales Consultant,61500,14000,7600,2700,2400,2700,4300,2200,13000,6500,29400,35900,25600,41.6,18.1,67,5.1
IN_USR_01419,52,Male,Tier 1,Chennai,Software Engineer,151500,35500,22000,12000,6200,13100,14100,6800,17500,20900,88800,109700,41800,27.6,19.1,48,3.0
IN_USR_01420,42,Female,Tier 2,Ahmedabad,Software Engineer,117500,24000,17200,8300,4200,8400,11600,8800,16000,20400,62100,82500,35000,29.8,24.7,55,4.9
IN_USR_01421,41,Male,Tier 1,Hyderabad,Operations Executive,50500,11000,8600,2800,1400,3500,2200,3600,8000,5800,27300,33100,17400,34.5,17.5,59,4.3
IN_USR_01422,57,Female,Tier 1,Chennai,Financial Analyst,117000,35000,16000,7200,5700,10500,8900,5900,16500,14800,74400,89200,27800,23.8,16.6,39,1.2
IN_USR_01423,38,Female,Tier 2,Chandigarh,Financial Analyst,62500,13500,11400,4400,1900,3800,2600,3500,14000,6100,35000,41100,21400,34.2,14.8,70,7.0
IN_USR_01424,52,Male,Tier 2,Coimbatore,Data Analyst,93000,19500,14600,7300,4700,5500,7500,6200,14500,13700,51600,65300,27700,29.8,21.0,45,2.0
IN_USR_01425,52,Female,Tier 1,Delhi-NCR,Civil Engineer,59500,14500,11200,3800,3200,3200,5200,2600,10500,7800,35900,43700,15800,26.6,17.8,50,3.6
IN_USR_01426,47,Male,Tier 1,Mumbai,Financial Analyst,72000,22500,9600,4700,2800,3300,3200,3800,11500,7000,42900,49900,22100,30.7,14.0,66,6.6
IN_USR_01427,49,Male,Tier 3,Mysore,Healthcare Worker,52500,5500,7600,3400,2200,2500,2900,3000,14500,5900,21200,27100,25400,48.4,21.8,71,6.7
IN_USR_01428,45,Male,Tier 3,Warangal,Freelancer/Consultant,40000,4500,7600,1900,800,2000,2600,3100,10000,5700,16800,22500,17500,43.8,25.3,80,9.4
IN_USR_01429,28,Female,Tier 1,Hyderabad,Operations Executive,77500,25500,9600,4800,4200,1000,7200,5300,13500,12500,45100,57600,19900,25.7,21.7,53,5.2
IN_USR_01430,27,Female,Tier 3,Warangal,Software Engineer,140000,21500,27400,7200,3900,800,12600,5500,41000,18100,60800,78900,61100,43.6,22.9,73,7.2
IN_USR_01431,36,Male,Tier 3,Warangal,Financial Analyst,109500,13500,17000,8700,6200,4400,5800,6400,29500,12200,49800,62000,47500,43.4,19.7,88,10.8
IN_USR_01432,42,Female,Tier 1,Delhi-NCR,Freelancer/Consultant,149500,35000,25200,10400,4300,10100,7400,10200,21500,17600,85000,102600,46900,31.4,17.2,66,6.9
IN_USR_01433,32,Male,Tier 2,Chandigarh,Civil Engineer,77500,12000,15400,4800,2900,3700,5100,4000,15500,9100,38800,47900,29600,38.2,19.0,65,5.1
IN_USR_01434,32,Female,Tier 3,Dehradun,Small Business Owner,110000,14000,15000,6600,4900,8500,6900,5800,19500,12700,49000,61700,48300,43.9,20.6,92,12.3
IN_USR_01435,49,Female,Tier 2,Ahmedabad,Sales Consultant,82500,18500,15400,3400,1800,3400,6800,2900,21000,9700,42500,52200,30300,36.7,18.6,78,8.8
IN_USR_01436,24,Male,Tier 1,Bangalore,Civil Engineer,99000,32500,14200,7200,4400,800,7200,7500,14500,14700,59100,73800,25200,25.5,19.9,42,2.1
IN_USR_01437,32,Female,Tier 3,Salem,Marketing Manager,57500,6000,7600,3100,1200,5100,5400,4000,12500,9400,23000,32400,25100,43.7,29.0,88,15.0
IN_USR_01438,29,Male,Tier 3,Trichy,Civil Engineer,74000,11500,14200,3600,2700,1100,5400,4300,19000,9700,33100,42800,31200,42.2,22.7,65,5.0
IN_USR_01439,34,Male,Tier 1,Mumbai,Operations Executive,59000,16000,7800,3400,1200,4300,3600,4000,10500,7600,32700,40300,18700,31.7,18.9,62,5.8
IN_USR_01440,29,Male,Tier 2,Kochi,Operations Executive,41000,7000,6800,2400,1400,700,2400,3000,10000,5400,18300,23700,17300,42.2,22.8,62,4.2
IN_USR_01441,25,Male,Tier 1,Hyderabad,Healthcare Worker,76000,17500,12000,4800,2400,100,3100,3000,21000,6100,36800,42900,33100,43.6,14.2,70,5.4
IN_USR_01442,27,Male,Tier 3,Trichy,Freelancer/Consultant,60000,9000,8000,3500,2900,200,3700,4000,12500,7700,23600,31300,28700,47.8,24.6,80,9.3
IN_USR_01443,39,Female,Tier 1,Chennai,Teacher/Professor,82000,28000,11400,3600,4600,6700,7700,4200,8500,11900,54300,66200,15800,19.3,18.0,42,3.3
IN_USR_01444,23,Male,Tier 2,Chandigarh,Small Business Owner,244500,58000,47000,12900,6200,400,12200,8600,50000,20800,124500,145300,99200,40.6,14.3,66,4.4
IN_USR_01445,43,Female,Tier 1,Bangalore,Operations Executive,56000,17500,7400,3500,1400,3000,5100,3100,8000,8200,32800,41000,15000,26.8,20.0,58,6.0
IN_USR_01446,51,Male,Tier 1,Pune,Financial Analyst,119500,37000,16800,5400,7000,8400,6500,8500,17500,15000,74600,89600,29900,25.0,16.7,51,4.2
IN_USR_01447,56,Male,Tier 2,Coimbatore,Software Engineer,154500,35000,24600,6400,6100,9700,11500,12100,32500,23600,81800,105400,49100,31.8,22.4,64,6.8
IN_USR_01448,57,Female,Tier 1,Delhi-NCR,Freelancer/Consultant,69000,16500,10800,4300,2200,4600,3000,3900,14000,6900,38400,45300,23700,34.3,15.2,71,7.2
IN_USR_01449,44,Male,Tier 2,Indore,Financial Analyst,97000,21500,17200,5700,3500,4900,8200,4200,17500,12400,52800,65200,31800,32.8,19.0,64,6.2
IN_USR_01450,32,Female,Tier 1,Mumbai,Small Business Owner,153500,48500,19400,9700,4100,7600,7800,7300,31000,15100,89300,104400,49100,32.0,14.5,61,4.9
IN_USR_01451,44,Female,Tier 1,Delhi-NCR,Sales Consultant,66000,19500,9000,4600,3600,5200,3000,5100,10000,8100,41900,50000,16000,24.2,16.2,43,2.2
IN_USR_01452,39,Male,Tier 1,Pune,Financial Analyst,153000,34000,18600,10400,5600,7700,12500,4900,31000,17400,76300,93700,59300,38.8,18.6,55,2.3
IN_USR_01453,43,Male,Tier 3,Trichy,Healthcare Worker,55500,6500,8800,2900,1200,4600,4300,1800,16000,6100,24000,30100,25400,45.8,20.3,84,9.9
IN_USR_01454,37,Female,Tier 2,Indore,Freelancer/Consultant,91500,15000,13200,5400,2100,6900,5800,2800,16500,8600,42600,51200,40300,44.0,16.8,93,12.9
IN_USR_01455,55,Male,Tier 1,Chennai,Software Engineer,183000,50000,27800,14100,9100,16400,7900,14400,28500,22300,117400,139700,43300,23.7,16.0,44,2.7
IN_USR_01456,35,Female,Tier 1,Pune,Civil Engineer,57500,16000,7800,3300,2200,3800,2800,2400,8500,5200,33100,38300,19200,33.4,13.6,74,8.0
IN_USR_01457,34,Female,Tier 1,Chennai,Freelancer/Consultant,130000,33500,16600,7500,3300,6800,6000,6200,33500,12200,67700,79900,50100,38.5,15.3,65,4.6
IN_USR_01458,34,Female,Tier 1,Hyderabad,Small Business Owner,174500,50500,27600,9900,9900,7300,16000,7100,22000,23100,105200,128300,46200,26.5,18.0,46,2.7
IN_USR_01459,24,Female,Tier 3,Mysore,Sales Consultant,66500,11000,8600,4100,1400,200,6000,4100,17500,10100,25300,35400,31100,46.8,28.5,66,6.0
IN_USR_01460,33,Male,Tier 3,Trichy,Teacher/Professor,37500,5000,5200,1900,1900,1900,2100,1900,9000,4000,15900,19900,17600,46.9,20.1,68,5.7
IN_USR_01461,46,Female,Tier 1,Bangalore,Financial Analyst,117500,39000,21400,6400,3400,10600,5700,6800,10000,12500,80800,93300,24200,20.6,13.4,45,3.2
IN_USR_01462,33,Male,Tier 2,Coimbatore,Operations Executive,39000,8500,7800,1600,1300,2700,2300,2900,6500,5200,21900,27100,11900,30.5,19.2,66,7.3
IN_USR_01463,33,Male,Tier 1,Delhi-NCR,Marketing Manager,100000,32000,16800,7300,2100,8700,6900,3400,13500,10300,66900,77200,22800,22.8,13.3,39,1.2
IN_USR_01464,53,Female,Tier 2,Kochi,Marketing Manager,104500,21000,20200,5300,3000,4500,8700,3600,24000,12300,54000,66300,38200,36.6,18.6,77,8.7
IN_USR_01465,44,Female,Tier 1,Hyderabad,Sales Consultant,60000,18500,9000,3000,2500,5300,5900,2000,8000,7900,38300,46200,13800,23.0,17.1,51,4.6
IN_USR_01466,27,Female,Tier 2,Coimbatore,Freelancer/Consultant,54000,13000,7200,3200,2600,900,2500,3700,10500,6200,26900,33100,20900,38.7,18.7,57,2.7
IN_USR_01467,51,Female,Tier 1,Mumbai,Civil Engineer,71500,22500,11000,3800,1500,5900,4800,5400,9500,10200,44700,54900,16600,23.2,18.6,41,2.1
IN_USR_01468,23,Female,Tier 1,Hyderabad,Small Business Owner,121000,27000,18400,8200,6700,400,11600,4700,20000,16300,60700,77000,44000,36.4,21.2,64,5.4
IN_USR_01469,52,Female,Tier 2,Indore,Software Engineer,209000,41000,35800,12000,6000,17900,16800,14700,27000,31500,112700,144200,64800,31.0,21.8,56,4.7
IN_USR_01470,35,Female,Tier 1,Chennai,Financial Analyst,168000,48000,28400,12400,8400,16700,7000,12100,22500,19100,113900,133000,35000,20.8,14.4,44,3.1
IN_USR_01471,23,Female,Tier 2,Chandigarh,Data Analyst,109500,17000,18800,6800,5500,2500,8000,5500,28000,13500,50600,64100,45400,41.5,21.1,58,3.0
IN_USR_01472,47,Male,Tier 1,Bangalore,Data Analyst,118000,37500,19600,9300,6600,4800,6100,8300,15000,14400,77800,92200,25800,21.9,15.6,47,3.8
IN_USR_01473,54,Male,Tier 2,Indore,Teacher/Professor,40500,8000,6600,2300,1300,3800,2100,2800,7500,4900,22000,26900,13600,33.6,18.2,61,5.0
IN_USR_01474,22,Female,Tier 2,Kochi,Freelancer/Consultant,114000,19000,19000,5300,3200,2400,8200,8900,22500,17100,48900,66000,48000,42.1,25.9,90,12.5
IN_USR_01475,37,Female,Tier 1,Chennai,Freelancer/Consultant,57500,13500,8600,3600,3400,3900,5700,3400,6500,9100,33000,42100,15400,26.8,21.6,46,3.1
IN_USR_01476,56,Female,Tier 1,Delhi-NCR,Operations Executive,86000,25000,17000,4400,3700,6100,7400,5400,8000,12800,56200,69000,17000,19.8,18.6,34,1.1
IN_USR_01477,31,Male,Tier 1,Pune,Data Analyst,120000,34000,22600,4800,5400,11700,6800,4900,13000,11700,78500,90200,29800,24.8,13.0,54,4.8
IN_USR_01478,55,Male,Tier 1,Chennai,Operations Executive,98500,29000,17600,4500,5300,7000,5900,3900,13500,9800,63400,73200,25300,25.7,13.4,42,1.4
IN_USR_01479,52,Male,Tier 3,Salem,Healthcare Worker,67000,7000,12800,3200,2700,4800,4800,5000,18500,9800,30500,40300,26700,39.9,24.3,58,3.3
IN_USR_01480,32,Female,Tier 1,Mumbai,Freelancer/Consultant,176500,51500,30400,12500,9400,16000,10500,13600,19500,24100,119800,143900,32600,18.5,16.7,33,0.9
IN_USR_01481,31,Female,Tier 3,Salem,Small Business Owner,186500,25500,26400,8000,7800,12200,14100,6600,50000,20700,79900,100600,85900,46.1,20.6,92,13.8
IN_USR_01482,29,Male,Tier 2,Ahmedabad,Healthcare Worker,57500,8500,7000,2600,1200,1100,3900,3600,19000,7500,20400,27900,29600,51.5,26.9,89,20.2
IN_USR_01483,48,Male,Tier 2,Kochi,Operations Executive,52500,9000,9600,2900,2400,4100,3200,2900,12000,6100,28000,34100,18400,35.0,17.9,64,5.5
IN_USR_01484,22,Male,Tier 1,Chennai,Operations Executive,101500,31000,17600,5300,4700,1100,6500,3100,13500,9600,59700,69300,32200,31.7,13.9,69,7.1
IN_USR_01485,36,Female,Tier 1,Bangalore,Financial Analyst,146500,49500,24200,8200,7700,12100,8100,7200,18500,15300,101700,117000,29500,20.1,13.1,36,0.9
IN_USR_01486,40,Male,Tier 1,Mumbai,Operations Executive,43500,11500,6000,3100,1300,3700,3600,3100,7000,6700,25600,32300,11200,25.7,20.7,53,5.1
IN_USR_01487,39,Male,Tier 3,Warangal,Operations Executive,58000,8500,7600,4300,2500,5800,3200,2800,16000,6000,28700,34700,23300,40.2,17.3,71,6.0
IN_USR_01488,31,Male,Tier 3,Salem,Healthcare Worker,38500,5000,7200,2500,1700,2800,2200,1300,8000,3500,19200,22700,15800,41.0,15.4,69,5.3
IN_USR_01489,53,Male,Tier 1,Bangalore,Operations Executive,54500,16500,8200,2500,2000,4200,2200,2800,7000,5000,33400,38400,16100,29.5,13.0,55,3.9
IN_USR_01490,58,Female,Tier 1,Delhi-NCR,Healthcare Worker,69500,20500,12400,5000,3400,3800,4100,4000,9000,8100,45100,53200,16300,23.5,15.2,53,5.0
IN_USR_01491,57,Female,Tier 2,Ahmedabad,Freelancer/Consultant,94000,17500,17200,3800,2300,5200,4700,5300,25000,10000,46000,56000,38000,40.4,17.9,66,4.8
IN_USR_01492,37,Male,Tier 1,Pune,Teacher/Professor,90500,22000,16400,3900,5400,5800,3800,6800,13000,10600,53500,64100,26400,29.2,16.5,45,1.7
IN_USR_01493,51,Female,Tier 1,Pune,Data Analyst,103500,32500,17800,7700,5700,8700,7600,4200,8500,11800,72400,84200,19300,18.6,14.0,36,1.4
IN_USR_01494,58,Female,Tier 1,Chennai,Teacher/Professor,70000,16500,11800,4300,3200,6300,4400,2700,13000,7100,42100,49200,20800,29.7,14.4,65,6.6
IN_USR_01495,30,Female,Tier 3,Trichy,Freelancer/Consultant,72000,7500,9600,3900,2100,1200,5000,3700,22500,8700,24300,33000,39000,54.2,26.4,89,18.9
IN_USR_01496,38,Female,Tier 1,Pune,Teacher/Professor,96000,21500,19200,5300,4000,8900,4300,6000,12500,10300,58900,69200,26800,27.9,14.9,61,6.0
IN_USR_01497,50,Female,Tier 1,Pune,Healthcare Worker,96000,33500,12600,6800,5400,7500,8300,7000,6000,15300,65800,81100,14900,15.5,18.9,31,1.3
IN_USR_01498,41,Female,Tier 1,Chennai,Financial Analyst,111000,27500,14000,5300,5200,6500,7100,3400,23000,10500,58500,69000,42000,37.8,15.2,70,6.1
IN_USR_01499,32,Male,Tier 1,Delhi-NCR,Software Engineer,154500,42500,28000,10900,4200,6600,12600,11100,24000,23700,92200,115900,38600,25.0,20.4,48,3.9
IN_USR_01500,26,Male,Tier 2,Chandigarh,Marketing Manager,105000,16000,15200,5000,3300,3100,5900,5500,29000,11400,42600,54000,51000,48.6,21.1,60,3.6
IN_USR_01501,39,Female,Tier 1,Hyderabad,Teacher/Professor,66000,22000,12000,3500,1500,6500,2700,4700,7000,7400,45500,52900,13100,19.8,14.0,36,1.1
IN_USR_01502,26,Female,Tier 2,Coimbatore,Teacher/Professor,81000,20000,10400,5500,4700,400,5900,3800,14500,9700,41000,50700,30300,37.4,19.1,65,5.3
IN_USR_01503,38,Male,Tier 2,Jaipur,Teacher/Professor,82000,15000,9800,4400,4100,6900,7300,3800,20000,11100,40200,51300,30700,37.4,21.6,61,4.5
IN_USR_01504,47,Female,Tier 1,Chennai,Data Analyst,117500,26500,18800,6900,2600,4800,6400,8400,17500,14800,59600,74400,43100,36.7,19.9,61,4.6
IN_USR_01505,41,Male,Tier 2,Jaipur,Marketing Manager,124000,30000,22000,5700,2900,9000,10000,7400,19000,17400,69600,87000,37000,29.8,20.0,47,2.5
IN_USR_01506,24,Male,Tier 2,Indore,Teacher/Professor,56000,12000,8000,4400,2800,1100,4000,1700,11500,5700,28300,34000,22000,39.3,16.8,62,3.7
IN_USR_01507,43,Male,Tier 3,Warangal,Operations Executive,68500,9000,11600,5100,3300,4100,4500,2700,19000,7200,33100,40300,28200,41.2,17.9,79,8.2
IN_USR_01508,51,Female,Tier 1,Bangalore,Teacher/Professor,72500,24500,13200,5300,2900,5100,7100,4200,7000,11300,51000,62300,10200,14.1,18.1,28,0.7
IN_USR_01509,32,Male,Tier 3,Nagpur,Data Analyst,109500,17000,14000,8100,5800,8500,10800,8000,16000,18800,53400,72200,37300,34.1,26.0,53,3.6
IN_USR_01510,31,Female,Tier 1,Bangalore,Civil Engineer,80500,20500,11800,3400,2100,5100,4100,2900,17500,7000,42900,49900,30600,38.0,14.0,68,5.3
IN_USR_01511,40,Female,Tier 2,Coimbatore,Financial Analyst,74000,11000,10200,5600,3500,5100,7200,3600,13500,10800,35400,46200,27800,37.6,23.4,68,6.5
IN_USR_01512,25,Male,Tier 3,Salem,Data Analyst,92000,14500,13200,6400,4900,1600,7700,5400,20000,13100,40600,53700,38300,41.6,24.4,87,11.1
IN_USR_01513,46,Female,Tier 1,Hyderabad,Financial Analyst,100500,26500,18200,5500,2000,5400,4100,6800,13500,10900,57600,68500,32000,31.8,15.9,60,4.9
IN_USR_01514,23,Male,Tier 1,Pune,Sales Consultant,41000,10000,6200,2300,1400,1000,2600,1300,8500,3900,20900,24800,16200,39.5,15.7,71,6.0
IN_USR_01515,22,Female,Tier 1,Chennai,Teacher/Professor,83000,19000,14200,4200,1700,1400,3900,6100,18500,10000,40500,50500,32500,39.2,19.8,75,7.6
IN_USR_01516,32,Male,Tier 2,Chandigarh,Small Business Owner,57500,9500,7600,3700,1900,4700,4900,3000,11500,7900,27400,35300,22200,38.6,22.4,70,6.6
IN_USR_01517,45,Male,Tier 3,Dehradun,Small Business Owner,84000,15000,10400,5500,3500,3600,7700,4500,23000,12200,38000,50200,33800,40.2,24.3,90,11.9
IN_USR_01518,40,Female,Tier 1,Delhi-NCR,Small Business Owner,235500,81000,29000,12100,10000,18000,19200,18000,22500,37200,150100,187300,48200,20.5,19.9,35,1.3
IN_USR_01519,57,Male,Tier 2,Jaipur,Teacher/Professor,69000,13000,11800,4200,2200,6200,3900,3200,17000,7100,37400,44500,24500,35.5,16.0,56,3.1
IN_USR_01520,32,Female,Tier 1,Hyderabad,Freelancer/Consultant,201000,45500,35400,11100,5900,17800,9300,10300,29000,19600,115700,135300,65700,32.7,14.5,62,5.1
IN_USR_01521,23,Female,Tier 1,Hyderabad,Small Business Owner,104000,33000,20000,5800,2600,1100,10400,5000,13500,15400,62500,77900,26100,25.1,19.8,40,1.6
IN_USR_01522,34,Male,Tier 1,Mumbai,Small Business Owner,276500,83500,35200,16600,6600,18100,16800,14400,35500,31200,160000,191200,85300,30.8,16.3,49,2.4
IN_USR_01523,38,Female,Tier 1,Mumbai,Freelancer/Consultant,150000,39000,24800,6300,5300,8400,12700,6100,28500,18800,83800,102600,47400,31.6,18.3,54,3.7
IN_USR_01524,51,Male,Tier 1,Hyderabad,Data Analyst,144000,49000,18200,9500,5900,10700,9200,11300,20500,20500,93300,113800,30200,21.0,18.0,46,4.0
IN_USR_01525,47,Male,Tier 1,Hyderabad,Data Analyst,141000,35500,26800,9700,5600,10900,10400,7000,24000,17400,88500,105900,35100,24.9,16.4,46,2.8
IN_USR_01526,51,Male,Tier 2,Chandigarh,Sales Consultant,97000,22500,12400,4900,5300,8600,4500,3800,14500,8300,53700,62000,35000,36.1,13.4,63,4.5
IN_USR_01527,53,Male,Tier 1,Mumbai,Freelancer/Consultant,196000,48500,34200,9500,11700,12600,10900,7700,34500,18600,116500,135100,60900,31.1,13.8,50,2.3
IN_USR_01528,37,Male,Tier 2,Ahmedabad,Healthcare Worker,64500,11500,10000,4900,2900,5300,3400,3700,11500,7100,34600,41700,22800,35.3,17.0,55,3.0
IN_USR_01529,30,Male,Tier 2,Jaipur,Freelancer/Consultant,69500,12000,13800,3000,3100,500,6100,3900,13000,10000,32400,42400,27100,39.0,23.6,62,4.5
IN_USR_01530,41,Female,Tier 2,Indore,Freelancer/Consultant,84000,20000,10200,5600,2800,5000,3800,6100,18500,9900,43600,53500,30500,36.3,18.5,56,3.1
IN_USR_01531,46,Male,Tier 3,Warangal,Civil Engineer,54000,8000,9200,2300,2300,2900,2300,3600,12000,5900,24700,30600,23400,43.3,19.3,69,5.8
IN_USR_01532,37,Male,Tier 2,Chandigarh,Healthcare Worker,59500,14500,9400,3500,1700,5700,3900,3900,10500,7800,34800,42600,16900,28.4,18.3,44,1.6
IN_USR_01533,47,Female,Tier 3,Nagpur,Sales Consultant,33000,5500,5200,1600,1100,1800,2900,1500,6500,4400,15200,19600,13400,40.6,22.4,79,8.7
IN_USR_01534,41,Male,Tier 2,Jaipur,Software Engineer,199000,45500,28600,8400,11100,11200,16000,14600,34500,30600,104800,135400,63600,32.0,22.6,65,6.9
IN_USR_01535,54,Male,Tier 1,Hyderabad,Financial Analyst,119000,35000,14400,9200,6300,4900,5000,7800,16500,12800,69800,82600,36400,30.6,15.5,57,4.5
IN_USR_01536,44,Female,Tier 3,Trichy,Healthcare Worker,42000,5000,6600,2200,1700,3200,1900,3200,12500,5100,18700,23800,18200,43.3,21.4,85,10.4
IN_USR_01537,58,Female,Tier 2,Indore,Operations Executive,74000,17000,10400,5700,3000,3100,6200,5500,15000,11700,39200,50900,23100,31.2,23.0,45,1.9
IN_USR_01538,40,Male,Tier 1,Hyderabad,Healthcare Worker,90500,22500,11800,4400,3900,8500,4200,3200,19500,7400,51100,58500,32000,35.4,12.6,68,5.9
IN_USR_01539,56,Male,Tier 2,Jaipur,Civil Engineer,75500,13500,14600,3700,1600,6200,3800,4000,17500,7800,39600,47400,28100,37.2,16.5,83,9.8
IN_USR_01540,32,Male,Tier 3,Dehradun,Teacher/Professor,64500,11000,12600,3400,3400,6200,3200,3200,11500,6400,36600,43000,21500,33.3,14.9,62,5.0
IN_USR_01541,53,Male,Tier 2,Indore,Teacher/Professor,39500,9500,5200,2300,1800,3100,1700,2500,9500,4200,21900,26100,13400,33.9,16.1,57,3.8
IN_USR_01542,46,Male,Tier 1,Bangalore,Marketing Manager,90000,26500,13400,4700,4500,6700,6500,6600,10000,13100,55800,68900,21100,23.4,19.0,37,1.2
IN_USR_01543,42,Female,Tier 2,Indore,Operations Executive,72000,16500,10800,5400,3000,7100,6600,5200,9500,11800,42800,54600,17400,24.2,21.6,40,2.1
IN_USR_01544,29,Male,Tier 2,Jaipur,Freelancer/Consultant,82000,15500,12400,3700,2000,800,7700,5500,21000,13200,34400,47600,34400,42.0,27.7,72,7.5
IN_USR_01545,39,Female,Tier 1,Pune,Healthcare Worker,94500,25000,17000,7100,3200,9400,4800,5100,11000,9900,61700,71600,22900,24.2,13.8,40,1.1
IN_USR_01546,46,Female,Tier 1,Hyderabad,Teacher/Professor,44500,11500,5600,1900,1600,2500,2100,1700,8500,3800,23100,26900,17600,39.6,14.1,67,4.8
IN_USR_01547,26,Female,Tier 3,Mysore,Financial Analyst,69000,8000,10600,4200,2600,1100,3700,3200,19500,6900,26500,33400,35600,51.6,20.7,64,4.6
IN_USR_01548,26,Female,Tier 1,Mumbai,Healthcare Worker,75000,17000,12800,5400,2300,2100,5300,3800,12000,9100,39600,48700,26300,35.1,18.7,72,7.8
IN_USR_01549,43,Male,Tier 2,Coimbatore,Teacher/Professor,44500,7000,7600,3300,2200,2300,3600,1400,11000,5000,22400,27400,17100,38.4,18.2,75,7.6
IN_USR_01550,52,Female,Tier 3,Dehradun,Sales Consultant,45000,7500,6600,2100,1400,2400,2900,2000,8000,4900,20000,24900,20100,44.7,19.7,71,6.5
IN_USR_01551,24,Female,Tier 1,Hyderabad,Sales Consultant,85500,30000,17000,3500,2800,1600,8300,5000,10500,13300,54900,68200,17300,20.2,19.5,45,4.0
IN_USR_01552,57,Male,Tier 1,Hyderabad,Software Engineer,137000,43000,19200,6300,7500,12500,12100,10800,13000,22900,88500,111400,25600,18.7,20.6,38,2.6
IN_USR_01553,30,Female,Tier 2,Indore,Software Engineer,198000,33500,28800,8200,4700,4400,15800,10600,51500,26400,79600,106000,92000,46.5,24.9,80,9.3
IN_USR_01554,45,Male,Tier 2,Jaipur,Teacher/Professor,58000,13000,11600,3900,2800,3000,4100,3900,7000,8000,34300,42300,15700,27.1,18.9,53,4.4
IN_USR_01555,55,Female,Tier 2,Kochi,Data Analyst,125000,24000,17400,8800,3300,11700,5200,7800,29000,13000,65200,78200,46800,37.4,16.6,65,5.1
IN_USR_01556,39,Male,Tier 1,Hyderabad,Operations Executive,79000,19500,14800,4600,3800,5000,4000,4700,13500,8700,47700,56400,22600,28.6,15.4,57,4.8
IN_USR_01557,27,Female,Tier 1,Pune,Data Analyst,128000,37000,16800,9100,7100,3200,11400,7400,19000,18800,73200,92000,36000,28.1,20.4,53,4.4
IN_USR_01558,23,Female,Tier 3,Salem,Financial Analyst,98000,15500,13400,5800,3700,1500,7300,7700,28500,15000,39900,54900,43100,44.0,27.3,66,5.9
IN_USR_01559,58,Male,Tier 1,Hyderabad,Civil Engineer,102500,26000,18800,6300,4700,4400,9600,4500,15000,14100,60200,74300,28200,27.5,19.0,50,3.7
IN_USR_01560,42,Female,Tier 1,Hyderabad,Healthcare Worker,121000,31500,16400,7400,7200,11200,8800,7400,13000,16200,73700,89900,31100,25.7,18.0,48,3.4
IN_USR_01561,35,Female,Tier 2,Kochi,Freelancer/Consultant,62000,11500,10400,3900,2000,4400,4700,4100,11000,8800,32200,41000,21000,33.9,21.5,59,4.9
IN_USR_01562,57,Male,Tier 2,Indore,Teacher/Professor,59000,11500,9600,4400,3400,4800,3800,2200,11000,6000,33700,39700,19300,32.7,15.1,65,6.0
IN_USR_01563,33,Male,Tier 3,Nagpur,Freelancer/Consultant,44500,6500,6600,1900,2500,3200,2200,2600,12000,4800,20700,25500,19000,42.7,18.8,77,8.0
IN_USR_01564,46,Male,Tier 2,Chandigarh,Software Engineer,203000,30500,30800,13900,11000,15400,18800,6600,44000,25400,101600,127000,76000,37.4,20.0,60,4.0
IN_USR_01565,31,Male,Tier 1,Pune,Marketing Manager,85500,22000,15000,5700,4600,6800,6500,4500,8500,11000,54100,65100,20400,23.9,16.9,50,4.1
IN_USR_01566,24,Female,Tier 1,Hyderabad,Teacher/Professor,81000,22000,13000,5600,2300,2400,4900,5200,10500,10100,45300,55400,25600,31.6,18.2,58,4.7
IN_USR_01567,37,Male,Tier 2,Coimbatore,Marketing Manager,58000,10500,8600,2400,3100,3400,4700,1800,10500,6500,28000,34500,23500,40.5,18.8,60,3.4
IN_USR_01568,52,Male,Tier 2,Coimbatore,Operations Executive,52500,8000,7800,3200,1500,5200,3100,2400,11500,5500,25700,31200,21300,40.6,17.6,59,3.0
IN_USR_01569,28,Male,Tier 3,Nagpur,Civil Engineer,77000,8000,11800,6100,1900,1500,4900,5900,20500,10800,29300,40100,36900,47.9,26.9,62,4.8
IN_USR_01570,24,Female,Tier 3,Warangal,Freelancer/Consultant,137500,19500,26200,6300,6300,1200,11900,6000,31500,17900,59500,77400,60100,43.7,23.1,69,6.3
IN_USR_01571,48,Female,Tier 2,Kochi,Software Engineer,136000,31500,21000,10100,7900,12100,6000,5600,18500,11600,82600,94200,41800,30.7,12.3,54,3.3
IN_USR_01572,35,Female,Tier 2,Chandigarh,Data Analyst,96500,20000,15400,5600,5500,7300,7900,3600,16500,11500,53800,65300,31200,32.3,17.6,50,2.4
IN_USR_01573,47,Male,Tier 2,Chandigarh,Freelancer/Consultant,68500,12500,10200,4700,2200,3400,6100,2800,13000,8900,33000,41900,26600,38.8,21.2,67,5.8
IN_USR_01574,45,Male,Tier 2,Coimbatore,Operations Executive,70000,12000,10800,3900,4100,6600,4100,4900,15500,9000,37400,46400,23600,33.7,19.4,67,6.8
IN_USR_01575,46,Male,Tier 2,Kochi,Small Business Owner,200000,37000,28600,8700,9000,11200,19200,15300,31000,34500,94500,129000,71000,35.5,26.7,51,2.8
IN_USR_01576,22,Female,Tier 1,Mumbai,Financial Analyst,75000,21500,9600,4700,1700,1900,4300,6000,12000,10300,39400,49700,25300,33.7,20.7,69,7.3
IN_USR_01577,39,Female,Tier 1,Bangalore,Freelancer/Consultant,128500,42000,17600,7600,4900,5300,12800,7700,19000,20500,77400,97900,30600,23.8,20.9,39,1.7
IN_USR_01578,47,Female,Tier 2,Chandigarh,Marketing Manager,49000,11500,7600,3600,1700,4700,2000,3200,8500,5200,29100,34300,14700,30.0,15.2,60,5.4
IN_USR_01579,33,Male,Tier 2,Chandigarh,Healthcare Worker,89500,17500,11600,6300,5300,5800,8700,2700,22000,11400,46500,57900,31600,35.3,19.7,72,7.6
IN_USR_01580,37,Female,Tier 1,Bangalore,Financial Analyst,82500,19500,14600,4000,3700,6000,3700,6600,15000,10300,47800,58100,24400,29.6,17.7,65,7.0
IN_USR_01581,57,Male,Tier 3,Warangal,Civil Engineer,64000,10000,8200,4800,2900,3800,5000,2800,14000,7800,29700,37500,26500,41.4,20.8,67,5.4
IN_USR_01582,23,Male,Tier 1,Delhi-NCR,Data Analyst,126500,33000,19200,6900,7000,500,11200,8900,17000,20100,66600,86700,39800,31.5,23.2,54,4.3
IN_USR_01583,53,Male,Tier 1,Bangalore,Freelancer/Consultant,159500,50500,27400,12100,7200,9800,13600,9900,16000,23500,107000,130500,29000,18.2,18.0,37,2.1
IN_USR_01584,38,Male,Tier 1,Bangalore,Software Engineer,151500,51500,30000,11600,6300,6100,7700,10600,14000,18300,105500,123800,27700,18.3,14.8,41,2.9
IN_USR_01585,35,Female,Tier 2,Coimbatore,Operations Executive,71000,13500,9400,4400,2900,5300,4100,4800,18500,8900,35500,44400,26600,37.5,20.0,55,2.8
IN_USR_01586,45,Female,Tier 1,Chennai,Data Analyst,114000,35500,16400,8300,3000,5200,6300,7900,17000,14200,68400,82600,31400,27.5,17.2,52,4.0
IN_USR_01587,42,Male,Tier 1,Chennai,Software Engineer,173500,38500,25200,8600,6900,11500,7900,6900,41500,14800,90700,105500,68000,39.2,14.0,82,8.9
IN_USR_01588,54,Male,Tier 1,Chennai,Teacher/Professor,70500,24500,9000,3400,1600,3200,3100,2900,12500,6000,41700,47700,22800,32.3,12.6,59,4.1
IN_USR_01589,28,Male,Tier 1,Pune,Data Analyst,140000,39000,17400,9400,6300,1300,8100,6500,28000,14600,73400,88000,52000,37.1,16.6,55,2.5
IN_USR_01590,57,Male,Tier 1,Hyderabad,Freelancer/Consultant,111500,28000,20600,4800,6400,5700,9400,3400,13500,12800,65500,78300,33200,29.8,16.3,49,2.6
IN_USR_01591,25,Male,Tier 3,Warangal,Civil Engineer,66000,10500,9600,4500,3100,1800,3200,2900,13000,6100,29500,35600,30400,46.1,17.1,72,6.4
IN_USR_01592,31,Male,Tier 1,Hyderabad,Software Engineer,117500,30500,16600,8200,5000,4800,11600,5900,23500,17500,65100,82600,34900,29.7,21.2,48,2.8
IN_USR_01593,55,Male,Tier 1,Mumbai,Operations Executive,43000,9500,6200,3200,1900,2200,2200,2100,7000,4300,23000,27300,15700,36.5,15.8,54,2.3
IN_USR_01594,24,Male,Tier 1,Mumbai,Operations Executive,80500,21000,11200,3500,2300,400,4100,3900,23500,8000,38400,46400,34100,42.4,17.2,87,10.4
IN_USR_01595,32,Male,Tier 2,Kochi,Civil Engineer,89500,21000,15600,4800,2600,4600,5700,6100,14000,11800,48600,60400,29100,32.5,19.5,58,4.7
IN_USR_01596,22,Male,Tier 1,Pune,Healthcare Worker,110500,27000,14800,4700,5800,3200,6100,7500,24500,13600,55500,69100,41400,37.5,19.7,68,6.1
IN_USR_01597,37,Female,Tier 2,Indore,Small Business Owner,214000,40000,36400,15700,7300,19300,9700,13800,50000,23500,118700,142200,71800,33.6,16.5,74,8.3
IN_USR_01598,47,Female,Tier 2,Indore,Data Analyst,85000,17000,16400,6700,3000,4700,6700,2800,18500,9500,47800,57300,27700,32.6,16.6,58,4.4
IN_USR_01599,28,Female,Tier 1,Delhi-NCR,Marketing Manager,89500,24500,15000,4900,2800,1200,8900,3900,18000,12800,48400,61200,28300,31.6,20.9,56,4.5
IN_USR_01600,42,Male,Tier 1,Pune,Freelancer/Consultant,174500,41500,29800,12300,7300,10500,9600,7800,37000,17400,101400,118800,55700,31.9,14.6,64,5.9
IN_USR_01601,46,Female,Tier 3,Salem,Operations Executive,35500,4500,4400,2300,1900,2900,2300,1400,9500,3700,16000,19700,15800,44.5,18.8,92,13.1
IN_USR_01602,42,Female,Tier 1,Chennai,Operations Executive,71000,20500,11400,4100,3300,3000,6200,3500,10500,9700,42300,52000,19000,26.8,18.7,46,2.8
IN_USR_01603,52,Male,Tier 2,Indore,Small Business Owner,70000,13500,10400,3400,4000,3100,4500,4800,15500,9300,34400,43700,26300,37.6,21.3,75,8.1
IN_USR_01604,27,Male,Tier 1,Hyderabad,Marketing Manager,123000,29000,15400,8300,6300,2900,11900,5400,25500,17300,61900,79200,43800,35.6,21.8,74,8.5
IN_USR_01605,57,Male,Tier 2,Chandigarh,Healthcare Worker,76000,16000,9800,6000,4500,4900,3900,5200,16500,9100,41200,50300,25700,33.8,18.1,61,4.9
IN_USR_01606,33,Female,Tier 2,Chandigarh,Freelancer/Consultant,88000,16500,15600,4700,3200,8400,4500,3100,14000,7600,48400,56000,32000,36.4,13.6,79,8.8
IN_USR_01607,41,Male,Tier 1,Pune,Operations Executive,78500,26000,10000,5200,2100,5100,7400,5200,10000,12600,48400,61000,17500,22.3,20.7,36,1.4
IN_USR_01608,48,Female,Tier 3,Mysore,Healthcare Worker,59000,7000,8200,2600,1400,3700,3000,4100,16500,7100,22900,30000,29000,49.2,23.7,66,5.4
IN_USR_01609,37,Female,Tier 2,Jaipur,Data Analyst,75500,13000,10800,3800,2900,6000,6800,4700,12500,11500,36500,48000,27500,36.4,24.0,72,7.9
IN_USR_01610,56,Male,Tier 1,Pune,Teacher/Professor,94500,29500,12000,4000,2200,6200,7200,3000,21000,10200,53900,64100,30400,32.2,15.9,69,7.3
IN_USR_01611,27,Male,Tier 1,Delhi-NCR,Freelancer/Consultant,77000,24500,9600,4000,4300,400,7300,2900,13500,10200,42800,53000,24000,31.2,19.2,66,7.1
IN_USR_01612,48,Male,Tier 1,Pune,Software Engineer,108000,36000,18200,5400,2800,10500,9300,4600,14000,13900,72900,86800,21200,19.6,16.0,45,3.9
IN_USR_01613,41,Female,Tier 3,Mysore,Marketing Manager,74000,8500,11400,5000,3200,5900,5100,5700,17000,10800,34000,44800,29200,39.5,24.1,62,4.5
IN_USR_01614,56,Female,Tier 1,Delhi-NCR,Sales Consultant,55000,18000,10400,3900,1400,5100,4800,1900,5500,6700,38800,45500,9500,17.3,14.7,41,3.2
IN_USR_01615,23,Male,Tier 1,Hyderabad,Small Business Owner,59000,14000,11400,3700,2700,500,2800,4200,10500,7000,32300,39300,19700,33.4,17.8,65,6.1
IN_USR_01616,42,Male,Tier 3,Nagpur,Data Analyst,110000,13000,17000,8100,3800,6900,10100,4300,19500,14400,48800,63200,46800,42.5,22.8,79,8.7
IN_USR_01617,27,Male,Tier 3,Warangal,Operations Executive,64000,11500,11000,3500,3300,1900,3200,4000,11000,7200,31200,38400,25600,40.0,18.8,66,5.0
IN_USR_01618,25,Male,Tier 2,Jaipur,Civil Engineer,49500,9000,7600,3300,2900,300,2200,2800,14000,5000,23100,28100,21400,43.2,17.8,71,6.2
IN_USR_01619,42,Male,Tier 2,Ahmedabad,Operations Executive,40000,6000,6800,2100,2000,1800,3300,2400,9000,5700,18700,24400,15600,39.0,23.4,75,8.1
IN_USR_01620,55,Female,Tier 1,Pune,Operations Executive,78500,23000,15400,3800,1800,4900,5900,4800,11500,10700,48900,59600,18900,24.1,18.0,45,3.0
IN_USR_01621,44,Female,Tier 1,Delhi-NCR,Teacher/Professor,57000,19000,10800,2700,2600,2600,2800,2900,8500,5700,37700,43400,13600,23.9,13.1,45,2.5
IN_USR_01622,45,Male,Tier 1,Bangalore,Sales Consultant,43500,13500,5600,3200,2000,2500,3900,1300,7500,5200,26800,32000,11500,26.4,16.2,50,3.7
IN_USR_01623,48,Male,Tier 1,Chennai,Teacher/Professor,68000,22000,8800,2700,4000,6700,4400,3900,6500,8300,44200,52500,15500,22.8,15.8,42,2.1
IN_USR_01624,28,Female,Tier 1,Mumbai,Software Engineer,228500,62500,31000,15700,5700,6000,18200,8500,36000,26700,120900,147600,80900,35.4,18.1,55,3.1
IN_USR_01625,33,Male,Tier 1,Pune,Operations Executive,76000,20000,10000,3600,4600,5700,4400,2300,11000,6700,43900,50600,25400,33.4,13.2,68,6.4
IN_USR_01626,57,Female,Tier 1,Bangalore,Marketing Manager,108000,36500,13800,4800,3200,8600,9700,8300,11500,18000,66900,84900,23100,21.4,21.2,38,2.2
IN_USR_01627,50,Male,Tier 1,Chennai,Teacher/Professor,79000,18500,14600,5700,3000,3700,6500,5000,15000,11500,45500,57000,22000,27.8,20.2,53,4.4
IN_USR_01628,24,Female,Tier 2,Jaipur,Financial Analyst,126000,19000,15800,9600,3000,1100,11600,9700,26500,21300,48500,69800,56200,44.6,30.5,60,4.5
IN_USR_01629,43,Male,Tier 2,Indore,Data Analyst,136000,24000,21400,7700,5200,11400,10600,7800,21500,18400,69700,88100,47900,35.2,20.9,68,6.9
IN_USR_01630,57,Male,Tier 1,Mumbai,Civil Engineer,78000,27000,12800,5300,1600,7800,5300,4600,6000,9900,54500,64400,13600,17.4,15.4,33,1.1
IN_USR_01631,36,Female,Tier 1,Mumbai,Healthcare Worker,48000,12500,7000,2500,1600,3300,3000,2800,9500,5800,26900,32700,15300,31.9,17.7,48,1.8
IN_USR_01632,39,Male,Tier 2,Coimbatore,Software Engineer,185000,39000,28600,12100,8800,11400,9100,11200,36500,20300,99900,120200,64800,35.0,16.9,52,2.1
IN_USR_01633,26,Male,Tier 1,Hyderabad,Sales Consultant,76500,19000,13800,4200,4300,200,4500,4000,11500,8500,41500,50000,26500,34.6,17.0,57,3.5
IN_USR_01634,57,Male,Tier 1,Pune,Software Engineer,128500,34000,22000,7800,3600,10700,9900,4900,21000,14800,78100,92900,35600,27.7,15.9,51,3.4
IN_USR_01635,39,Female,Tier 1,Hyderabad,Financial Analyst,112000,36500,20800,6900,5300,6100,5400,4800,12000,10200,75600,85800,26200,23.4,11.9,47,3.0
IN_USR_01636,24,Female,Tier 1,Chennai,Financial Analyst,109500,25500,16000,5500,6000,2000,6500,5100,23000,11600,55000,66600,42900,39.2,17.4,83,9.6
IN_USR_01637,23,Female,Tier 1,Hyderabad,Freelancer/Consultant,166000,37000,23600,9100,3700,5000,8800,10400,40000,19200,78400,97600,68400,41.2,19.7,69,5.9
IN_USR_01638,40,Female,Tier 1,Mumbai,Data Analyst,106000,32000,20600,4800,3800,4500,4400,7600,16500,12000,65700,77700,28300,26.7,15.4,49,3.2
IN_USR_01639,27,Female,Tier 1,Hyderabad,Operations Executive,52000,15500,9600,2100,1200,700,5000,2000,7000,7000,29100,36100,15900,30.6,19.4,61,5.8
IN_USR_01640,33,Female,Tier 1,Mumbai,Sales Consultant,41000,11000,8200,3000,2100,4000,1900,1700,4000,3600,28300,31900,9100,22.2,11.3,39,1.1
IN_USR_01641,56,Female,Tier 1,Mumbai,Software Engineer,212500,49500,35400,9400,6300,11600,13300,8800,45500,22100,112200,134300,78200,36.8,16.5,56,2.7
IN_USR_01642,25,Male,Tier 1,Bangalore,Financial Analyst,170000,50500,25000,7500,4400,4300,10600,11200,27500,21800,91700,113500,56500,33.2,19.2,61,5.2
IN_USR_01643,54,Female,Tier 1,Pune,Operations Executive,40500,12500,6800,2600,2300,2200,2300,2800,5500,5100,26400,31500,9000,22.2,16.2,51,4.7
IN_USR_01644,30,Male,Tier 1,Hyderabad,Small Business Owner,246500,69500,47600,15100,5700,2500,14100,16400,49000,30500,140400,170900,75600,30.7,17.8,55,4.2
IN_USR_01645,29,Female,Tier 3,Trichy,Marketing Manager,106500,16500,13600,4600,4100,1600,10500,7000,24500,17500,40400,57900,48600,45.6,30.2,74,8.2
IN_USR_01646,52,Female,Tier 1,Bangalore,Freelancer/Consultant,100000,29000,18600,6600,3900,4300,8000,7000,13500,15000,62400,77400,22600,22.6,19.4,38,1.7
IN_USR_01647,37,Male,Tier 2,Ahmedabad,Sales Consultant,93000,14000,15800,5500,3500,5600,4500,3700,22000,8200,44400,52600,40400,43.4,15.6,79,8.1
IN_USR_01648,31,Male,Tier 3,Warangal,Small Business Owner,157500,25000,27000,8600,4500,11000,7100,11400,36500,18500,76100,94600,62900,39.9,19.6,63,4.2
IN_USR_01649,24,Male,Tier 3,Salem,Sales Consultant,67500,11000,9400,4700,2900,1400,6200,4400,11500,10600,29400,40000,27500,40.7,26.5,61,4.3
IN_USR_01650,49,Female,Tier 2,Coimbatore,Teacher/Professor,55000,10500,7600,4300,2800,4000,3100,3000,11000,6100,29200,35300,19700,35.8,17.3,74,8.0
IN_USR_01651,53,Female,Tier 1,Bangalore,Civil Engineer,107500,26500,17400,4500,2600,6100,9900,7600,21000,17500,57100,74600,32900,30.6,23.5,48,2.8
IN_USR_01652,49,Female,Tier 1,Hyderabad,Sales Consultant,73500,24500,11000,5300,2900,7300,4300,3500,10000,7800,51000,58800,14700,20.0,13.3,46,3.7
IN_USR_01653,53,Female,Tier 2,Kochi,Healthcare Worker,101500,25000,14200,5900,3200,6700,5100,7200,19500,12300,55000,67300,34200,33.7,18.3,67,6.7
IN_USR_01654,29,Male,Tier 1,Chennai,Financial Analyst,110500,24500,17000,5000,4700,1100,8000,5200,19500,13200,52300,65500,45000,40.7,20.2,86,10.3
IN_USR_01655,25,Female,Tier 2,Ahmedabad,Healthcare Worker,104500,17500,20400,7300,5000,1900,7800,4300,24500,12100,52100,64200,40300,38.6,18.8,64,4.6
IN_USR_01656,30,Male,Tier 1,Bangalore,Operations Executive,73000,24500,12600,5600,2000,1700,4200,4000,10500,8200,46400,54600,18400,25.2,15.0,54,4.9
IN_USR_01657,22,Female,Tier 3,Warangal,Freelancer/Consultant,141500,24000,18600,6300,5800,3000,6100,4400,34500,10500,57700,68200,73300,51.8,15.4,94,12.3
IN_USR_01658,30,Male,Tier 1,Pune,Small Business Owner,101000,32500,13600,6600,5600,2100,9700,6600,11500,16300,60400,76700,24300,24.1,21.3,38,1.5
IN_USR_01659,47,Female,Tier 1,Chennai,Sales Consultant,42000,11500,6400,2000,1100,3900,4100,2400,5000,6500,24900,31400,10600,25.2,20.7,41,1.8
IN_USR_01660,30,Male,Tier 1,Bangalore,Small Business Owner,213500,55000,41400,9600,11200,5000,19700,8600,44000,28300,122200,150500,63000,29.5,18.8,49,2.8
IN_USR_01661,50,Female,Tier 1,Pune,Financial Analyst,167500,48500,25600,11500,7600,13700,10500,12200,22500,22700,106900,129600,37900,22.6,17.5,41,2.1
IN_USR_01662,40,Female,Tier 3,Dehradun,Financial Analyst,49500,7000,7400,2800,2100,4500,2300,1900,10500,4200,23800,28000,21500,43.4,15.0,73,6.4
IN_USR_01663,27,Male,Tier 1,Chennai,Software Engineer,109500,25500,16000,6100,4300,2600,7900,7100,24500,15000,54500,69500,40000,36.5,21.6,53,2.7
IN_USR_01664,25,Male,Tier 3,Nagpur,Teacher/Professor,57500,8500,10200,2400,1700,100,3300,2500,12000,5800,22900,28700,28800,50.1,20.2,82,9.4
IN_USR_01665,54,Female,Tier 1,Mumbai,Civil Engineer,54500,15500,9400,2800,2500,3700,3700,2600,6000,6300,33900,40200,14300,26.2,15.7,42,1.5
IN_USR_01666,22,Male,Tier 3,Dehradun,Civil Engineer,51000,6000,6600,3800,1900,400,2300,3900,10500,6200,18700,24900,26100,51.2,24.9,90,17.8
IN_USR_01667,28,Female,Tier 3,Dehradun,Teacher/Professor,61500,9500,9800,2700,1500,700,5900,3100,18000,9000,24200,33200,28300,46.0,27.1,89,16.1
IN_USR_01668,29,Male,Tier 2,Ahmedabad,Healthcare Worker,97500,18000,17400,5900,4500,500,4300,7200,24500,11500,46300,57800,39700,40.7,19.9,87,10.7
IN_USR_01669,43,Male,Tier 1,Delhi-NCR,Civil Engineer,89000,26000,14800,5100,3300,4400,5500,4300,12000,9800,53600,63400,25600,28.8,15.5,49,2.7
IN_USR_01670,54,Male,Tier 1,Hyderabad,Healthcare Worker,67500,15500,13000,4600,2300,2900,5500,3800,9500,9300,38300,47600,19900,29.5,19.5,53,4.0
IN_USR_01671,57,Female,Tier 2,Chandigarh,Software Engineer,128000,19500,23400,6900,3400,11500,6500,8700,25500,15200,64700,79900,48100,37.6,19.0,71,6.8
IN_USR_01672,36,Female,Tier 1,Chennai,Civil Engineer,101500,32000,12600,5400,5600,6300,5900,3600,14000,9500,61900,71400,30100,29.7,13.3,62,5.8
IN_USR_01673,51,Male,Tier 3,Mysore,Teacher/Professor,57000,10000,7400,3900,1200,3800,5100,3300,13500,8400,26300,34700,22300,39.1,24.2,60,4.1
IN_USR_01674,52,Female,Tier 1,Chennai,Data Analyst,75500,25000,12000,3400,1900,6300,6000,5700,7000,11700,48600,60300,15200,20.1,19.4,43,3.6
IN_USR_01675,25,Male,Tier 1,Bangalore,Financial Analyst,74500,17000,9800,5500,1900,700,4300,3000,19500,7300,34900,42200,32300,43.4,17.3,60,3.3
IN_USR_01676,52,Female,Tier 3,Mysore,Freelancer/Consultant,133500,23500,23200,8500,5200,8400,11000,6900,29500,17900,68800,86700,46800,35.1,20.6,62,5.1
IN_USR_01677,51,Female,Tier 1,Pune,Freelancer/Consultant,165500,47500,23000,8500,5100,6800,13700,6200,37000,19900,90900,110800,54700,33.1,18.0,70,7.4
IN_USR_01678,30,Female,Tier 2,Kochi,Marketing Manager,105000,22500,20600,5000,5600,1800,9000,4400,21000,13400,55500,68900,36100,34.4,19.4,50,2.0
IN_USR_01679,23,Female,Tier 2,Ahmedabad,Small Business Owner,114000,22000,20600,6100,5900,2000,5100,8800,18000,13900,56600,70500,43500,38.2,19.7,76,8.2
IN_USR_01680,24,Male,Tier 1,Mumbai,Healthcare Worker,47500,10500,5800,2700,2000,1000,3800,3400,12500,7200,22000,29200,18300,38.5,24.7,74,8.0
IN_USR_01681,57,Male,Tier 1,Delhi-NCR,Teacher/Professor,72000,22500,10800,5500,3200,3300,5300,3900,7500,9200,45300,54500,17500,24.3,16.9,43,2.2
IN_USR_01682,37,Female,Tier 3,Warangal,Operations Executive,67500,11000,12400,2800,1900,6500,6500,4400,14000,10900,34600,45500,22000,32.6,24.0,57,4.8
IN_USR_01683,45,Male,Tier 2,Chandigarh,Operations Executive,60500,12500,8600,4600,3400,6000,4200,2200,7500,6400,35100,41500,19000,31.4,15.4,66,6.5
IN_USR_01684,31,Male,Tier 2,Coimbatore,Software Engineer,97500,17500,17600,7000,3200,7300,7200,4600,15500,11800,52600,64400,33100,33.9,18.3,53,2.9
IN_USR_01685,29,Female,Tier 3,Salem,Software Engineer,108000,19500,15800,6100,5000,700,8200,7400,30500,15600,47100,62700,45300,41.9,24.9,88,11.5
IN_USR_01686,27,Male,Tier 1,Bangalore,Freelancer/Consultant,67500,19500,11400,3300,2800,1100,5600,4800,9500,10400,38100,48500,19000,28.1,21.4,59,6.0
IN_USR_01687,24,Male,Tier 2,Chandigarh,Civil Engineer,81000,20000,10200,5000,4700,1800,6300,2600,19000,8900,41700,50600,30400,37.5,17.6,56,2.6
IN_USR_01688,38,Male,Tier 2,Ahmedabad,Healthcare Worker,51500,9000,8000,2400,2900,2100,4500,1800,14500,6300,24400,30700,20800,40.4,20.5,80,8.9
IN_USR_01689,49,Male,Tier 1,Pune,Operations Executive,99000,27500,17400,5000,3800,4000,6000,6500,12000,12500,57700,70200,28800,29.1,17.8,61,6.0
IN_USR_01690,27,Male,Tier 3,Nagpur,Teacher/Professor,37500,6000,6800,1500,1700,600,2000,2000,9500,4000,16600,20600,16900,45.1,19.4,92,14.0
IN_USR_01691,28,Male,Tier 2,Chandigarh,Small Business Owner,160500,34000,25400,9000,8800,3100,13700,5600,39000,19300,80300,99600,60900,37.9,19.4,67,5.8
IN_USR_01692,28,Female,Tier 1,Mumbai,Small Business Owner,217500,63000,42800,12300,6400,3600,20500,13800,22500,34300,128100,162400,55100,25.3,21.1,51,4.7
IN_USR_01693,47,Male,Tier 1,Hyderabad,Financial Analyst,152500,36500,23400,8800,6200,12400,6200,9900,22500,16100,87300,103400,49100,32.2,15.6,63,5.7
IN_USR_01694,27,Female,Tier 3,Trichy,Financial Analyst,67500,9500,11600,4500,3300,2000,2700,3000,18000,5700,30900,36600,30900,45.8,15.6,93,11.9
IN_USR_01695,58,Male,Tier 1,Delhi-NCR,Freelancer/Consultant,195500,55000,25800,10300,8600,13600,11300,11200,27000,22500,113300,135800,59700,30.5,16.6,58,4.8
IN_USR_01696,56,Male,Tier 1,Bangalore,Operations Executive,49500,16000,6400,3900,1800,3400,3700,2900,8000,6600,31500,38100,11400,23.0,17.3,39,1.6
IN_USR_01697,44,Female,Tier 1,Bangalore,Teacher/Professor,74500,20500,12800,5500,2400,4900,3200,4700,13000,7900,46100,54000,20500,27.5,14.6,43,1.4
IN_USR_01698,33,Female,Tier 1,Chennai,Small Business Owner,112000,32500,17400,8200,4400,8800,11100,6900,13500,18000,71300,89300,22700,20.3,20.2,44,3.7
IN_USR_01699,34,Male,Tier 1,Chennai,Financial Analyst,114500,34500,14400,6900,6100,4800,6500,6700,24000,13200,66700,79900,34600,30.2,16.5,54,3.8
IN_USR_01700,44,Male,Tier 3,Salem,Marketing Manager,59500,8000,8200,2700,2500,3800,5500,1800,18500,7300,25200,32500,27000,45.4,22.5,86,10.7
IN_USR_01701,23,Male,Tier 2,Chandigarh,Healthcare Worker,95500,15500,16800,6000,3300,1300,8400,5900,26500,14300,42900,57200,38300,40.1,25.0,81,9.5
IN_USR_01702,42,Female,Tier 3,Nagpur,Data Analyst,114000,18500,16400,8900,6700,7100,7400,7800,22500,15200,57600,72800,41200,36.1,20.9,53,2.5
IN_USR_01703,46,Female,Tier 2,Kochi,Small Business Owner,129500,22500,19400,6500,6300,7400,10300,9700,33000,20000,62100,82100,47400,36.6,24.4,72,7.9
IN_USR_01704,48,Female,Tier 3,Dehradun,Marketing Manager,68000,9500,12400,4200,3700,5400,6500,4300,15000,10800,35200,46000,22000,32.4,23.5,62,6.2
IN_USR_01705,48,Female,Tier 1,Hyderabad,Operations Executive,79500,20500,10600,5900,4200,5400,5700,2400,13500,8100,46600,54700,24800,31.2,14.8,61,5.2
IN_USR_01706,37,Male,Tier 2,Coimbatore,Healthcare Worker,68500,15000,11800,3600,3800,5700,6800,4400,11500,11200,39900,51100,17400,25.4,21.9,39,1.5
IN_USR_01707,23,Female,Tier 1,Bangalore,Civil Engineer,94500,21000,12600,4800,3600,2100,3800,5000,20000,8800,44100,52900,41600,44.0,16.6,93,12.4
IN_USR_01708,34,Male,Tier 2,Ahmedabad,Marketing Manager,109000,26000,20400,6900,3400,9500,6600,6700,18000,13300,66200,79500,29500,27.1,16.7,46,2.5
IN_USR_01709,23,Male,Tier 1,Delhi-NCR,Teacher/Professor,61000,14500,7600,2800,2900,0,6100,1900,11500,8000,27800,35800,25200,41.3,22.3,77,8.3
IN_USR_01710,41,Male,Tier 1,Bangalore,Financial Analyst,133000,39500,24200,9000,6300,11900,11300,8100,14500,19400,90900,110300,22700,17.1,17.6,34,1.7
IN_USR_01711,27,Male,Tier 1,Mumbai,Small Business Owner,164000,48500,23200,12300,5900,900,11100,7100,31000,18200,90800,109000,55000,33.5,16.7,70,7.4
IN_USR_01712,46,Male,Tier 2,Kochi,Data Analyst,56500,11500,9000,3500,2400,4600,3400,2700,8000,6100,31000,37100,19400,34.3,16.4,67,6.2
IN_USR_01713,49,Male,Tier 2,Coimbatore,Data Analyst,126500,22000,16200,7500,7100,7400,11400,5800,29500,17200,60200,77400,49100,38.8,22.2,77,8.6
IN_USR_01714,24,Female,Tier 1,Mumbai,Teacher/Professor,42500,11500,5800,2500,1500,1300,2100,1500,8000,3600,22600,26200,16300,38.4,13.7,70,5.9
IN_USR_01715,49,Male,Tier 2,Kochi,Data Analyst,73000,16500,9000,3700,1800,7200,5800,3600,10500,9400,38200,47600,25400,34.8,19.7,67,6.5
IN_USR_01716,25,Female,Tier 2,Jaipur,Freelancer/Consultant,158000,27500,29000,7800,7100,1600,7000,10600,46000,17600,73000,90600,67400,42.7,19.4,69,5.9
IN_USR_01717,24,Female,Tier 2,Indore,Teacher/Professor,39500,9500,5200,2600,1900,500,3200,1400,7000,4600,19700,24300,15200,38.5,18.9,79,8.8
IN_USR_01718,39,Male,Tier 2,Indore,Teacher/Professor,65000,16000,9400,3500,3700,5200,5100,2100,10000,7200,37800,45000,20000,30.8,16.0,64,6.3
IN_USR_01719,47,Female,Tier 1,Chennai,Financial Analyst,146500,35500,26000,6500,4400,10000,12600,7600,23500,20200,82400,102600,43900,30.0,19.7,58,5.2
IN_USR_01720,26,Male,Tier 2,Kochi,Freelancer/Consultant,51500,11500,8800,2500,1200,1300,2700,2300,11500,5000,25300,30300,21200,41.2,16.5,79,8.2
IN_USR_01721,36,Male,Tier 3,Nagpur,Small Business Owner,77500,12000,13000,4600,3700,3600,3200,2900,20000,6100,36900,43000,34500,44.5,14.2,94,12.6
IN_USR_01722,51,Male,Tier 1,Delhi-NCR,Data Analyst,125500,31000,16600,5600,4700,10200,5600,4100,26500,9700,68100,77800,47700,38.0,12.5,63,3.9
IN_USR_01723,31,Male,Tier 1,Pune,Marketing Manager,111500,33000,14000,5900,3200,7500,9700,4000,14000,13700,63600,77300,34200,30.7,17.7,49,2.4
IN_USR_01724,54,Female,Tier 1,Hyderabad,Small Business Owner,145500,38500,24400,9400,7200,9100,7500,6200,21500,13700,88600,102300,43200,29.7,13.4,46,1.5
IN_USR_01725,33,Male,Tier 1,Chennai,Healthcare Worker,124500,31500,19800,8000,6900,10500,7300,5900,14500,13200,76700,89900,34600,27.8,14.7,55,4.3
IN_USR_01726,54,Female,Tier 1,Hyderabad,Software Engineer,158000,48000,19600,6400,8100,13800,8900,10200,23000,19100,95900,115000,43000,27.2,16.6,49,3.1
IN_USR_01727,26,Male,Tier 1,Hyderabad,Teacher/Professor,72500,17000,9200,3600,3000,300,3700,2400,21000,6100,33100,39200,33300,45.9,15.6,64,4.1
IN_USR_01728,37,Female,Tier 1,Bangalore,Teacher/Professor,58000,14000,7000,2900,2700,2900,5100,2200,13500,7300,29500,36800,21200,36.6,19.8,74,8.0
IN_USR_01729,26,Female,Tier 2,Coimbatore,Small Business Owner,158000,27000,29600,7800,6700,3200,7100,12200,35000,19300,74300,93600,64400,40.8,20.6,65,4.9
IN_USR_01730,46,Male,Tier 1,Pune,Freelancer/Consultant,144000,44000,22200,6800,3100,8800,6500,9400,18500,15900,84900,100800,43200,30.0,15.8,47,1.8
IN_USR_01731,52,Male,Tier 1,Hyderabad,Marketing Manager,92500,27000,17600,3800,4300,6700,7100,3300,10500,10400,59400,69800,22700,24.5,14.9,40,1.2
IN_USR_01732,45,Male,Tier 2,Indore,Data Analyst,131500,23000,22600,7200,7500,8600,9000,8000,23000,17000,68900,85900,45600,34.7,19.8,60,4.8
IN_USR_01733,29,Male,Tier 1,Hyderabad,Data Analyst,93000,26000,16600,6700,4400,1900,6500,6300,16000,12800,55600,68400,24600,26.5,18.7,45,2.5
IN_USR_01734,44,Female,Tier 1,Chennai,Healthcare Worker,103500,35000,16000,5000,2200,6400,5400,3600,17000,9000,64600,73600,29900,28.9,12.2,62,5.7
IN_USR_01735,52,Female,Tier 2,Jaipur,Financial Analyst,73500,12500,12600,5000,4300,5900,7200,3300,14500,10500,40300,50800,22700,30.9,20.7,66,7.2
IN_USR_01736,33,Female,Tier 1,Chennai,Marketing Manager,52000,13500,9000,2200,2000,4500,4200,2000,9000,6200,31200,37400,14600,28.1,16.6,50,3.3
IN_USR_01737,40,Male,Tier 1,Hyderabad,Teacher/Professor,90000,24500,17200,5100,3500,8100,5700,4400,15000,10100,58400,68500,21500,23.9,14.7,45,2.7
IN_USR_01738,54,Female,Tier 3,Salem,Healthcare Worker,60000,6000,8600,2900,2800,5700,3200,4000,16500,7200,26000,33200,26800,44.7,21.7,61,4.0
IN_USR_01739,44,Male,Tier 2,Chandigarh,Freelancer/Consultant,75000,16000,10000,5800,2600,5700,4300,2400,13500,6700,40100,46800,28200,37.6,14.3,66,5.0
IN_USR_01740,31,Male,Tier 1,Hyderabad,Financial Analyst,82500,23500,11800,3700,2300,3700,3900,5300,18000,9200,45000,54200,28300,34.3,17.0,75,8.4
IN_USR_01741,25,Female,Tier 1,Hyderabad,Teacher/Professor,80500,25500,15000,4900,2400,1400,7500,4800,10000,12300,49200,61500,19000,23.6,20.0,47,3.7
IN_USR_01742,42,Male,Tier 3,Salem,Data Analyst,97000,10500,13800,7200,5000,9600,6000,6500,21500,12500,46100,58600,38400,39.6,21.3,74,7.4
IN_USR_01743,28,Male,Tier 1,Hyderabad,Marketing Manager,147000,47500,27600,11000,4800,3800,6700,7400,25000,14100,94700,108800,38200,26.0,13.0,45,2.0
IN_USR_01744,51,Female,Tier 2,Ahmedabad,Financial Analyst,109500,17500,18400,7000,3100,10400,7700,3800,27000,11500,56400,67900,41600,38.0,16.9,61,3.9
IN_USR_01745,25,Female,Tier 2,Chandigarh,Software Engineer,105000,24000,18000,4300,2400,3100,6400,7300,24000,13700,51800,65500,39500,37.6,20.9,57,3.3
IN_USR_01746,36,Male,Tier 1,Bangalore,Marketing Manager,63500,18000,12000,3400,2700,5400,2700,4100,10000,6800,41500,48300,15200,23.9,14.1,43,2.1
IN_USR_01747,32,Female,Tier 2,Kochi,Teacher/Professor,81000,15000,11200,5500,4500,7200,4400,4900,16500,9300,43400,52700,28300,34.9,17.6,71,7.4
IN_USR_01748,29,Male,Tier 1,Delhi-NCR,Marketing Manager,143000,43000,18800,7600,8400,1500,9500,6200,31000,15700,79300,95000,48000,33.6,16.5,67,6.5
IN_USR_01749,33,Female,Tier 2,Jaipur,Small Business Owner,243500,57000,46800,17800,13000,22400,22900,18300,19500,41200,157000,198200,45300,18.6,20.8,40,3.1
IN_USR_01750,33,Male,Tier 1,Bangalore,Data Analyst,139000,37500,23000,7000,4200,12400,11600,8000,17500,19600,84100,103700,35300,25.4,18.9,41,1.7
IN_USR_01751,46,Male,Tier 2,Indore,Marketing Manager,46000,11000,8400,2900,1900,3900,4000,2800,6500,6800,28100,34900,11100,24.1,19.5,45,3.0
IN_USR_01752,41,Female,Tier 3,Dehradun,Teacher/Professor,51500,5500,7400,3600,2200,4400,3900,2000,9500,5900,23100,29000,22500,43.7,20.3,77,8.1
IN_USR_01753,34,Female,Tier 2,Jaipur,Healthcare Worker,92500,18500,11600,4500,5400,6300,8900,4900,17500,13800,46300,60100,32400,35.0,23.0,53,3.1
IN_USR_01754,52,Male,Tier 2,Jaipur,Financial Analyst,95000,15500,12800,4400,5100,5300,7700,5300,25000,13000,43100,56100,38900,40.9,23.2,83,9.9
IN_USR_01755,25,Female,Tier 2,Chandigarh,Financial Analyst,86000,16500,12400,3500,4800,300,7500,3800,17000,11300,37500,48800,37200,43.3,23.2,88,11.3
IN_USR_01756,57,Female,Tier 1,Chennai,Software Engineer,133500,41500,18600,9800,4600,10900,7800,6800,20500,14600,85400,100000,33500,25.1,14.6,56,5.2
IN_USR_01757,29,Female,Tier 2,Kochi,Healthcare Worker,76000,11500,14000,3900,2500,800,5900,4600,14000,10500,32700,43200,32800,43.2,24.3,64,5.1
IN_USR_01758,24,Female,Tier 1,Chennai,Financial Analyst,108500,35500,21600,7300,4900,1700,9700,5300,9500,15000,71000,86000,22500,20.7,17.4,47,4.1
IN_USR_01759,26,Male,Tier 2,Kochi,Healthcare Worker,82000,17500,11000,5200,4900,100,8000,3500,16500,11500,38700,50200,31800,38.8,22.9,67,5.9
IN_USR_01760,49,Male,Tier 2,Indore,Civil Engineer,50500,8500,7600,3200,1200,2200,4500,3500,9000,8000,22700,30700,19800,39.2,26.1,78,9.1
IN_USR_01761,36,Female,Tier 1,Chennai,Small Business Owner,102500,26500,15400,6900,4200,5300,6600,4100,16500,10700,58300,69000,33500,32.7,15.5,61,5.0
IN_USR_01762,36,Male,Tier 1,Hyderabad,Civil Engineer,48000,16500,8600,2700,2700,2700,2000,2500,6500,4500,33200,37700,10300,21.5,11.9,48,3.7
IN_USR_01763,33,Female,Tier 1,Pune,Financial Analyst,121000,41500,23600,7500,4100,8100,6300,8600,8500,14900,84800,99700,21300,17.6,14.9,41,3.1
IN_USR_01764,32,Female,Tier 2,Ahmedabad,Small Business Owner,52000,9000,8000,4000,2900,3400,3100,2400,8000,5500,27300,32800,19200,36.9,16.8,79,8.8
IN_USR_01765,47,Female,Tier 1,Hyderabad,Data Analyst,140500,40500,17000,9900,7300,8500,6800,7800,23000,14600,83200,97800,42700,30.4,14.9,66,6.8
IN_USR_01766,40,Female,Tier 2,Indore,Healthcare Worker,96500,19000,15800,6100,3700,6200,4500,6300,23000,10800,50800,61600,34900,36.2,17.5,53,2.2
IN_USR_01767,49,Male,Tier 1,Delhi-NCR,Freelancer/Consultant,184500,62500,23400,14500,5300,13200,16200,14300,24000,30500,118900,149400,35100,19.0,20.4,37,2.3
IN_USR_01768,43,Female,Tier 1,Delhi-NCR,Healthcare Worker,111000,35000,13400,5900,4600,7800,10700,7100,13500,17800,66700,84500,26500,23.9,21.1,48,4.1
IN_USR_01769,38,Male,Tier 1,Chennai,Marketing Manager,107000,32000,18400,6100,4400,4400,10500,8200,11500,18700,65300,84000,23000,21.5,22.3,47,4.6
IN_USR_01770,43,Female,Tier 1,Chennai,Freelancer/Consultant,121000,34000,17600,5500,5900,11400,11400,8400,14000,19800,74400,94200,26800,22.1,21.0,42,2.9
IN_USR_01771,56,Male,Tier 3,Warangal,Data Analyst,76000,13500,14200,4000,4500,6200,4100,3500,16000,7600,42400,50000,26000,34.2,15.2,63,5.1
IN_USR_01772,33,Female,Tier 3,Trichy,Teacher/Professor,69500,7500,10600,4900,2800,4000,3800,4700,20500,8500,29800,38300,31200,44.9,22.2,91,13.1
IN_USR_01773,46,Male,Tier 1,Delhi-NCR,Marketing Manager,54500,17000,7000,3900,2900,2600,4000,2700,7000,6700,33400,40100,14400,26.4,16.7,59,5.9
IN_USR_01774,35,Male,Tier 2,Coimbatore,Teacher/Professor,54000,9000,10200,3700,2100,3900,4600,1800,8500,6400,28900,35300,18700,34.6,18.1,59,4.3
IN_USR_01775,31,Male,Tier 3,Nagpur,Healthcare Worker,58000,7000,10200,2800,2500,3700,5000,2800,15000,7800,26200,34000,24000,41.4,22.9,65,5.2
IN_USR_01776,28,Male,Tier 2,Chandigarh,Marketing Manager,74000,14000,13000,3200,3600,1600,3200,5500,19500,8700,35400,44100,29900,40.4,19.7,88,10.8
IN_USR_01777,41,Female,Tier 3,Warangal,Sales Consultant,77500,9000,11800,3500,2300,4900,5600,5000,19500,10600,31500,42100,35400,45.7,25.2,90,14.5
IN_USR_01778,57,Female,Tier 2,Kochi,Sales Consultant,84000,18000,14600,5500,4800,7600,7000,3100,12000,10100,50500,60600,23400,27.9,16.7,47,2.4
IN_USR_01779,51,Female,Tier 3,Mysore,Marketing Manager,91500,12000,14000,5400,1900,8400,3800,6700,20500,10500,41700,52200,39300,43.0,20.1,71,6.5
IN_USR_01780,41,Female,Tier 1,Delhi-NCR,Data Analyst,69000,18000,10800,3300,3500,3000,5200,4800,12000,10000,38600,48600,20400,29.6,20.6,45,1.9
IN_USR_01781,39,Male,Tier 2,Kochi,Healthcare Worker,87000,19500,11400,6100,4300,5300,6200,6800,13500,13000,46600,59600,27400,31.5,21.8,61,6.0
IN_USR_01782,45,Male,Tier 1,Mumbai,Marketing Manager,71500,24500,11000,3000,3400,6800,6100,5200,4500,11300,48700,60000,11500,16.1,18.8,34,1.9
IN_USR_01783,58,Male,Tier 1,Chennai,Marketing Manager,98000,29000,17600,5300,3600,4400,8000,5900,14000,13900,59900,73800,24200,24.7,18.8,51,4.5
IN_USR_01784,42,Male,Tier 1,Bangalore,Small Business Owner,153500,44000,27600,8900,8800,9800,6800,10200,20000,17000,99100,116100,37400,24.4,14.6,46,2.9
IN_USR_01785,27,Female,Tier 2,Coimbatore,Software Engineer,148500,33000,26600,8400,7000,3800,13400,8500,21000,21900,78800,100700,47800,32.2,21.7,62,5.9
IN_USR_01786,45,Male,Tier 1,Delhi-NCR,Freelancer/Consultant,165000,36500,28200,7000,8000,13500,13400,5000,24500,18400,93200,111600,53400,32.4,16.5,65,6.2
IN_USR_01787,53,Female,Tier 3,Mysore,Civil Engineer,45000,7500,7800,2900,1700,4300,2000,1500,7500,3500,24200,27700,17300,38.4,12.6,82,9.0
IN_USR_01788,56,Female,Tier 1,Delhi-NCR,Sales Consultant,86500,24000,12000,5400,4600,4800,7300,4800,10500,12100,50800,62900,23600,27.3,19.2,50,3.7
IN_USR_01789,41,Male,Tier 1,Delhi-NCR,Freelancer/Consultant,131000,33500,15800,9900,7200,6500,10900,9100,20500,20000,72900,92900,38100,29.1,21.5,48,2.9
IN_USR_01790,44,Male,Tier 2,Coimbatore,Small Business Owner,233500,52500,35600,12200,12800,16300,13600,9400,56000,23000,129400,152400,81100,34.7,15.1,75,8.2
IN_USR_01791,26,Male,Tier 1,Delhi-NCR,Teacher/Professor,62500,15500,12000,4900,3200,1000,2800,2500,12000,5300,36600,41900,20600,33.0,12.6,63,5.0
IN_USR_01792,56,Female,Tier 2,Coimbatore,Data Analyst,114000,23500,16600,8600,6000,5000,8500,5200,27000,13700,59700,73400,40600,35.6,18.7,74,8.0
IN_USR_01793,26,Male,Tier 3,Dehradun,Healthcare Worker,71000,9000,11400,5400,3900,800,4300,4300,15000,8600,30500,39100,31900,44.9,22.0,67,5.5
IN_USR_01794,28,Male,Tier 1,Pune,Data Analyst,140000,47000,25400,9700,8400,4000,6100,6000,17000,12100,94500,106600,33400,23.9,11.4,44,2.1
IN_USR_01795,33,Female,Tier 3,Mysore,Freelancer/Consultant,120500,17500,21600,6000,6100,5200,9100,9200,20500,18300,56400,74700,45800,38.0,24.5,70,7.0
IN_USR_01796,31,Female,Tier 3,Trichy,Data Analyst,52000,6500,8000,2500,1200,4800,3200,2100,10000,5300,23000,28300,23700,45.6,18.7,62,3.8
IN_USR_01797,36,Male,Tier 1,Delhi-NCR,Operations Executive,41000,11500,6600,2700,1000,1800,4100,2700,5500,6800,23600,30400,10600,25.9,22.4,49,4.1
IN_USR_01798,42,Female,Tier 1,Chennai,Healthcare Worker,82000,26000,11800,6500,2600,7100,6900,3200,10500,10100,54000,64100,17900,21.8,15.8,38,1.5
IN_USR_01799,39,Female,Tier 1,Hyderabad,Operations Executive,92000,21000,15600,6400,2200,6000,4300,6000,15500,10300,51200,61500,30500,33.2,16.7,65,6.0
IN_USR_01800,27,Male,Tier 1,Chennai,Teacher/Professor,82500,19500,14200,3700,4100,1000,4000,5900,20500,9900,42500,52400,30100,36.5,18.9,57,3.3
IN_USR_01801,27,Female,Tier 1,Chennai,Healthcare Worker,71500,22000,10800,4600,3700,2000,3000,2800,11000,5800,43100,48900,22600,31.6,11.9,61,4.9
IN_USR_01802,27,Male,Tier 1,Pune,Marketing Manager,72500,22000,12400,5600,4200,800,3500,2700,12500,6200,45000,51200,21300,29.4,12.1,47,1.7
IN_USR_01803,34,Male,Tier 1,Bangalore,Small Business Owner,257000,72000,48200,16000,11500,21600,14200,10200,34000,24400,169300,193700,63300,24.6,12.6,42,1.6
IN_USR_01804,44,Male,Tier 1,Mumbai,Software Engineer,186000,57500,30000,14300,8500,15300,9100,11500,22000,20600,125600,146200,39800,21.4,14.1,37,1.0
IN_USR_01805,46,Male,Tier 1,Bangalore,Financial Analyst,90500,23000,13800,4900,2900,6200,6100,6400,16500,12500,50800,63300,27200,30.1,19.7,58,5.2
IN_USR_01806,43,Male,Tier 2,Jaipur,Operations Executive,40500,8500,8000,2600,1300,2600,3300,1600,5500,4900,23000,27900,12600,31.1,17.6,55,4.0
IN_USR_01807,44,Female,Tier 2,Chandigarh,Teacher/Professor,66500,13000,10600,4000,3300,4200,4400,5300,15000,9700,35100,44800,21700,32.6,21.7,63,6.1
IN_USR_01808,37,Male,Tier 1,Chennai,Software Engineer,212000,64500,40400,9700,9300,19700,21100,14800,21500,35900,143600,179500,32500,15.3,20.0,33,2.1
IN_USR_01809,22,Female,Tier 1,Pune,Operations Executive,90500,29000,17400,3900,3900,0,6400,3700,11500,10100,54200,64300,26200,29.0,15.7,59,5.3
IN_USR_01810,38,Female,Tier 2,Indore,Financial Analyst,149000,31000,21600,9500,7500,8300,13200,9900,33000,23100,77900,101000,48000,32.2,22.9,52,3.4
IN_USR_01811,50,Male,Tier 2,Indore,Civil Engineer,93000,15000,16600,5500,4200,8300,5600,3800,20500,9400,49600,59000,34000,36.6,15.9,64,5.0
IN_USR_01812,22,Female,Tier 3,Dehradun,Healthcare Worker,93000,15000,14200,6700,3300,1800,7000,3600,26000,10600,41000,51600,41400,44.5,20.5,92,13.5
IN_USR_01813,56,Male,Tier 3,Salem,Teacher/Professor,34500,5500,6600,2400,800,1800,1900,1400,7500,3300,17100,20400,14100,40.9,16.2,75,7.1
IN_USR_01814,43,Female,Tier 2,Kochi,Small Business Owner,160500,32000,24600,9600,3300,15600,9100,11200,25500,20300,85100,105400,55100,34.3,19.3,76,8.9
IN_USR_01815,39,Female,Tier 2,Ahmedabad,Civil Engineer,44500,7000,6600,2100,2600,2600,2700,3100,9000,5800,20900,26700,17800,40.0,21.7,78,8.4
IN_USR_01816,54,Female,Tier 1,Chennai,Sales Consultant,82000,19000,14400,5600,2600,5900,6600,6500,9500,13100,47500,60600,21400,26.1,21.6,48,3.6
IN_USR_01817,29,Male,Tier 2,Indore,Sales Consultant,90500,16000,12400,5800,3100,900,7800,6200,20500,14000,38200,52200,38300,42.3,26.8,89,12.8
IN_USR_01818,47,Female,Tier 2,Ahmedabad,Marketing Manager,46000,11000,5800,3600,1600,3200,2300,3300,8000,5600,25200,30800,15200,33.0,18.2,53,3.1
IN_USR_01819,24,Male,Tier 2,Kochi,Freelancer/Consultant,169500,36500,22400,13000,4400,2700,14500,11800,30000,26300,79000,105300,64200,37.9,25.0,78,9.3
IN_USR_01820,32,Female,Tier 1,Pune,Software Engineer,243000,77500,37600,16500,14100,21400,22500,19100,16500,41600,167100,208700,34300,14.1,19.9,33,2.4
IN_USR_01821,34,Female,Tier 2,Jaipur,Civil Engineer,92000,16000,16600,5100,5100,5900,9100,5000,20000,14100,48700,62800,29200,31.7,22.5,54,4.0
IN_USR_01822,39,Female,Tier 3,Trichy,Marketing Manager,103500,11500,15600,6700,3900,9500,9900,7400,20500,17300,47200,64500,39000,37.7,26.8,75,8.8
IN_USR_01823,53,Male,Tier 1,Delhi-NCR,Marketing Manager,111500,38000,21000,5800,4800,5200,9100,7300,13000,16400,74800,91200,20300,18.2,18.0,36,1.9
IN_USR_01824,50,Male,Tier 2,Kochi,Software Engineer,120000,30000,22800,9400,7100,10000,10900,7500,13500,18400,79300,97700,22300,18.6,18.8,39,2.6
IN_USR_01825,23,Female,Tier 1,Delhi-NCR,Teacher/Professor,45000,10500,6000,2100,1400,1300,2800,2400,10000,5200,21300,26500,18500,41.1,19.6,67,5.4
IN_USR_01826,47,Male,Tier 1,Pune,Software Engineer,231000,75500,29200,16500,9800,17100,10600,12800,32000,23400,148100,171500,59500,25.8,13.6,48,2.9
IN_USR_01827,26,Male,Tier 2,Coimbatore,Operations Executive,54500,8500,7800,3900,1800,1100,3600,2400,14500,6000,23100,29100,25400,46.6,20.6,83,9.6
IN_USR_01828,37,Female,Tier 2,Ahmedabad,Operations Executive,64000,12500,9400,4600,2800,2700,2600,3000,16500,5600,32000,37600,26400,41.2,14.9,67,4.9
IN_USR_01829,35,Female,Tier 1,Hyderabad,Teacher/Professor,70000,21500,9000,5200,3600,3500,3400,2100,12500,5500,42800,48300,21700,31.0,11.4,64,5.8
IN_USR_01830,25,Female,Tier 1,Chennai,Marketing Manager,96500,32000,14200,5200,3700,400,4200,3100,14500,7300,55500,62800,33700,34.9,11.6,61,4.0
IN_USR_01831,38,Female,Tier 1,Mumbai,Operations Executive,86500,30000,12000,3700,4800,4800,6200,3200,11000,9400,55300,64700,21800,25.2,14.5,47,2.8
IN_USR_01832,54,Female,Tier 1,Bangalore,Marketing Manager,103500,26500,20400,6800,3300,6600,6200,6500,14500,12700,63600,76300,27200,26.3,16.6,52,4.2
IN_USR_01833,42,Male,Tier 1,Mumbai,Teacher/Professor,62000,21500,9200,2500,3200,5300,5400,4500,5500,9900,41700,51600,10400,16.8,19.2,36,2.4
IN_USR_01834,53,Female,Tier 3,Mysore,Small Business Owner,133500,17500,17600,10100,5500,12600,10400,4800,25000,15200,63300,78500,55000,41.2,19.4,63,4.2
IN_USR_01835,35,Female,Tier 1,Delhi-NCR,Software Engineer,226500,53000,34400,14400,13400,17700,10400,15100,37500,25500,132900,158400,68100,30.1,16.1,58,4.9
IN_USR_01836,37,Female,Tier 1,Delhi-NCR,Civil Engineer,83500,22000,10200,5700,3300,4800,6900,4200,11500,11100,46000,57100,26400,31.6,19.4,47,1.9
IN_USR_01837,46,Male,Tier 1,Hyderabad,Civil Engineer,86500,26500,15000,3600,2100,7400,8300,4600,12000,12900,54600,67500,19000,22.0,19.1,39,2.1
IN_USR_01838,24,Female,Tier 2,Coimbatore,Freelancer/Consultant,91500,22500,13200,6100,3300,1900,4300,6400,19500,10700,47000,57700,33800,36.9,18.5,76,8.3
IN_USR_01839,57,Female,Tier 1,Chennai,Marketing Manager,105000,36500,19200,6200,3100,9700,9200,6800,8500,16000,74700,90700,14300,13.6,17.6,27,0.7
IN_USR_01840,25,Female,Tier 1,Pune,Teacher/Professor,50500,13000,6400,2500,2600,1200,4300,3100,7500,7400,25700,33100,17400,34.5,22.4,54,3.4
IN_USR_01841,51,Female,Tier 1,Chennai,Operations Executive,86500,21500,13200,5800,2500,6000,7500,5100,13500,12600,49000,61600,24900,28.8,20.5,60,6.1
IN_USR_01842,26,Female,Tier 2,Jaipur,Marketing Manager,46500,10000,9000,3100,1400,500,3600,3400,9000,7000,24000,31000,15500,33.3,22.6,51,3.0
IN_USR_01843,23,Male,Tier 3,Trichy,Financial Analyst,121500,16000,23200,7100,5300,1000,10500,4100,36000,14600,52600,67200,54300,44.7,21.7,91,12.9
IN_USR_01844,55,Female,Tier 1,Pune,Data Analyst,71000,23000,12400,5600,3700,3500,4000,4500,7000,8500,48200,56700,14300,20.1,15.0,37,1.4
IN_USR_01845,46,Male,Tier 3,Dehradun,Sales Consultant,46000,7500,8600,3400,1600,3900,2700,3600,8500,6300,25000,31300,14700,32.0,20.1,53,3.5
IN_USR_01846,45,Male,Tier 1,Chennai,Civil Engineer,61500,16000,7800,3700,3200,5000,4900,4200,10000,9100,35700,44800,16700,27.2,20.3,42,1.8
IN_USR_01847,46,Female,Tier 1,Bangalore,Small Business Owner,159500,38000,21800,11600,7300,7300,12100,8300,36500,20400,86000,106400,53100,33.3,19.2,59,4.8
IN_USR_01848,41,Male,Tier 2,Kochi,Sales Consultant,45500,8000,8000,2100,2600,2500,3200,1800,8500,5000,23200,28200,17300,38.0,17.7,84,10.2
IN_USR_01849,28,Male,Tier 1,Mumbai,Teacher/Professor,50000,17000,6000,2000,2000,1200,4800,2700,8000,7500,28200,35700,14300,28.6,21.0,58,5.6
IN_USR_01850,22,Female,Tier 2,Ahmedabad,Healthcare Worker,54000,13500,7600,3200,1400,1000,2200,2800,12000,5000,26700,31700,22300,41.3,15.8,87,10.2
IN_USR_01851,48,Male,Tier 3,Warangal,Financial Analyst,51500,6500,8400,3100,2200,4100,2400,2500,13000,4900,24300,29200,22300,43.3,16.8,60,3.2
IN_USR_01852,32,Female,Tier 2,Coimbatore,Civil Engineer,87000,16500,14800,5100,2100,6700,5600,4000,21500,9600,45200,54800,32200,37.0,17.5,75,8.0
IN_USR_01853,23,Female,Tier 2,Kochi,Freelancer/Consultant,53500,13000,9400,3700,2500,400,2600,3800,12500,6400,29000,35400,18100,33.8,18.1,67,6.7
IN_USR_01854,50,Male,Tier 1,Bangalore,Civil Engineer,82500,24500,11200,6600,2100,5200,8000,4400,9500,12400,49600,62000,20500,24.8,20.0,55,5.6
IN_USR_01855,37,Male,Tier 2,Coimbatore,Healthcare Worker,58000,13000,8600,2700,3000,2800,2700,3400,15000,6100,30100,36200,21800,37.6,16.9,55,2.4
IN_USR_01856,54,Female,Tier 1,Delhi-NCR,Teacher/Professor,35500,8500,6600,2300,1000,3500,2600,2400,5500,5000,21900,26900,8600,24.2,18.6,41,2.0
IN_USR_01857,27,Male,Tier 1,Hyderabad,Marketing Manager,101000,33500,16000,5400,3000,1700,8700,6600,11500,15300,59600,74900,26100,25.8,20.4,55,5.5
IN_USR_01858,27,Female,Tier 1,Bangalore,Financial Analyst,145000,36500,18400,7700,5900,2800,11900,8500,21500,20400,71300,91700,53300,36.8,22.2,59,4.1
IN_USR_01859,51,Male,Tier 1,Hyderabad,Data Analyst,130500,40500,17600,7000,5200,12300,12200,5900,13000,18100,82600,100700,29800,22.8,18.0,50,4.7
IN_USR_01860,46,Male,Tier 1,Hyderabad,Operations Executive,81000,26500,14600,5300,3500,4300,5400,4700,7500,10100,54200,64300,16700,20.6,15.7,42,2.8
IN_USR_01861,47,Female,Tier 1,Chennai,Healthcare Worker,55000,12000,7800,2900,3200,4400,4600,3300,10500,7900,30300,38200,16800,30.5,20.7,60,5.8
IN_USR_01862,36,Male,Tier 2,Ahmedabad,Marketing Manager,51000,9000,6800,3200,1900,4600,4300,2400,12000,6700,25500,32200,18800,36.9,20.8,68,6.3
IN_USR_01863,38,Female,Tier 1,Bangalore,Operations Executive,81000,21000,13200,3400,2600,7500,5400,5700,14500,11100,47700,58800,22200,27.4,18.9,52,4.2
IN_USR_01864,44,Female,Tier 1,Delhi-NCR,Operations Executive,52500,15000,8200,3700,2300,5100,4700,3500,5000,8200,34300,42500,10000,19.0,19.3,38,2.4
IN_USR_01865,29,Male,Tier 1,Hyderabad,Freelancer/Consultant,194000,52500,37000,10600,9100,2000,11700,7300,36500,19000,111200,130200,63800,32.9,14.6,60,4.6
IN_USR_01866,32,Female,Tier 2,Chandigarh,Operations Executive,68000,12500,13200,4600,3400,5100,5200,2900,13000,8100,38800,46900,21100,31.0,17.3,58,4.8
IN_USR_01867,44,Female,Tier 1,Hyderabad,Healthcare Worker,73500,25000,14400,5100,2700,3900,3500,3700,8500,7200,51100,58300,15200,20.7,12.3,37,1.0
IN_USR_01868,50,Female,Tier 3,Warangal,Freelancer/Consultant,121500,16500,22000,5900,5200,10900,5900,5000,27000,10900,60500,71400,50100,41.2,15.3,65,4.2
IN_USR_01869,50,Male,Tier 2,Jaipur,Software Engineer,190000,43000,37800,8500,8000,12400,9700,13200,30000,22900,109700,132600,57400,30.2,17.3,66,7.1
IN_USR_01870,32,Female,Tier 1,Mumbai,Marketing Manager,88000,20000,11600,5700,5000,4900,5500,6100,19000,11600,47200,58800,29200,33.2,19.7,71,7.9
IN_USR_01871,46,Female,Tier 2,Coimbatore,Software Engineer,179500,38000,31000,8500,6700,16700,10700,6600,30000,17300,100900,118200,61300,34.2,14.6,54,2.7
IN_USR_01872,43,Male,Tier 1,Bangalore,Software Engineer,201500,67000,28400,12300,10700,12100,14500,13900,21500,28400,130500,158900,42600,21.1,17.9,37,1.4
IN_USR_01873,55,Male,Tier 1,Delhi-NCR,Civil Engineer,63500,21500,10400,2600,1900,4200,5400,2900,6500,8300,40600,48900,14600,23.0,17.0,42,2.4
IN_USR_01874,23,Female,Tier 2,Ahmedabad,Teacher/Professor,64500,14000,10000,3600,3000,100,5400,5000,10500,10400,30700,41100,23400,36.3,25.3,58,4.4
IN_USR_01875,26,Female,Tier 1,Bangalore,Freelancer/Consultant,150000,44000,29600,11500,8700,3500,12000,8500,17500,20500,97300,117800,32200,21.5,17.4,43,2.9
IN_USR_01876,52,Male,Tier 3,Dehradun,Sales Consultant,52500,8500,9200,2600,1400,3100,3200,2600,12500,5800,24800,30600,21900,41.7,19.0,61,3.7
IN_USR_01877,58,Female,Tier 1,Bangalore,Healthcare Worker,47500,12000,8600,2900,1900,3200,2000,1600,6500,3600,28600,32200,15300,32.2,11.2,61,4.7
IN_USR_01878,41,Female,Tier 2,Chandigarh,Software Engineer,113500,25000,20200,7500,2300,9500,7900,5100,24500,13000,64500,77500,36000,31.7,16.8,49,2.1
IN_USR_01879,39,Female,Tier 2,Coimbatore,Data Analyst,57500,13500,8200,3300,3200,3400,4900,4000,8500,8900,31600,40500,17000,29.6,22.0,52,4.0
IN_USR_01880,58,Female,Tier 1,Mumbai,Software Engineer,155500,52000,23600,9200,8800,9400,13100,11900,17500,25000,103000,128000,27500,17.7,19.5,33,1.4
IN_USR_01881,58,Female,Tier 2,Ahmedabad,Financial Analyst,86000,19000,11800,5300,3900,5600,7500,6300,13500,13800,45600,59400,26600,30.9,23.2,68,8.0
IN_USR_01882,31,Male,Tier 1,Hyderabad,Data Analyst,98000,31000,16000,5900,2400,7600,4000,4700,16500,8700,62900,71600,26400,26.9,12.2,53,3.9
IN_USR_01883,53,Female,Tier 2,Jaipur,Freelancer/Consultant,79000,14500,13000,3300,4300,3900,6600,3800,14000,10400,39000,49400,29600,37.5,21.1,75,8.2
IN_USR_01884,58,Female,Tier 2,Kochi,Freelancer/Consultant,97000,22000,16200,5800,4200,4500,7000,7500,20000,14500,52700,67200,29800,30.7,21.6,66,7.4
IN_USR_01885,29,Male,Tier 1,Mumbai,Freelancer/Consultant,185500,43000,31200,14600,10400,2600,16700,9800,35000,26500,101800,128300,57200,30.8,20.7,48,2.4
IN_USR_01886,41,Male,Tier 1,Hyderabad,Marketing Manager,139500,38000,21000,7500,3200,13300,7600,4700,21500,12300,83000,95300,44200,31.7,12.9,61,5.0
IN_USR_01887,52,Female,Tier 1,Chennai,Healthcare Worker,115500,32500,22000,5800,3200,6700,9000,5400,15000,14400,70200,84600,30900,26.8,17.0,58,5.7
IN_USR_01888,55,Female,Tier 1,Hyderabad,Civil Engineer,76000,18000,14600,5300,4100,4100,5400,4900,8000,10300,46100,56400,19600,25.8,18.3,43,2.0
IN_USR_01889,58,Male,Tier 2,Chandigarh,Operations Executive,70000,15000,12000,3200,2700,6400,6800,4300,12000,11100,39300,50400,19600,28.0,22.0,53,4.6
IN_USR_01890,22,Male,Tier 1,Delhi-NCR,Sales Consultant,74500,21000,9600,5600,2700,1600,7300,5300,9500,12600,40500,53100,21400,28.7,23.7,47,3.1
IN_USR_01891,31,Male,Tier 1,Pune,Marketing Manager,59500,17500,7600,4700,3400,4600,2600,2100,8500,4700,37800,42500,17000,28.6,11.1,54,3.7
IN_USR_01892,28,Male,Tier 2,Chandigarh,Financial Analyst,107000,19500,13400,6400,5800,1400,10500,3300,19000,13800,46500,60300,46700,43.6,22.9,60,3.7
IN_USR_01893,39,Male,Tier 3,Salem,Marketing Manager,75000,11000,15000,3800,3900,3700,5600,4600,18000,10200,37400,47600,27400,36.5,21.4,81,10.0
IN_USR_01894,42,Female,Tier 2,Coimbatore,Sales Consultant,97500,22500,12400,5300,5300,4000,4900,5000,25500,9900,49500,59400,38100,39.1,16.7,80,8.6
IN_USR_01895,51,Male,Tier 1,Bangalore,Software Engineer,147500,35000,24400,9300,7100,11500,9700,10600,21000,20300,87300,107600,39900,27.1,18.9,58,5.7
IN_USR_01896,41,Female,Tier 1,Pune,Sales Consultant,78000,25500,13800,4100,3600,3400,7400,3000,8000,10400,50400,60800,17200,22.1,17.1,42,2.5
IN_USR_01897,53,Male,Tier 2,Coimbatore,Software Engineer,188500,36500,28200,14000,10900,10100,9800,14700,39000,24500,99700,124200,64300,34.1,19.7,60,4.8
IN_USR_01898,23,Female,Tier 1,Mumbai,Small Business Owner,235500,78500,43200,15900,6400,3300,19200,11000,26500,30200,147300,177500,58000,24.6,17.0,53,4.8
IN_USR_01899,54,Male,Tier 3,Salem,Software Engineer,171000,20500,25200,11100,9200,9000,8700,7100,39500,15800,75000,90800,80200,46.9,17.4,93,13.1
IN_USR_01900,31,Female,Tier 2,Kochi,Software Engineer,216000,40500,38200,12600,4800,11600,9200,16400,43000,25600,107700,133300,82700,38.3,19.2,59,3.4
IN_USR_01901,30,Female,Tier 1,Bangalore,Sales Consultant,54000,14500,8000,3300,2200,1300,5300,2300,12000,7600,29300,36900,17100,31.7,20.6,47,2.1
IN_USR_01902,31,Male,Tier 3,Nagpur,Small Business Owner,109000,19000,16600,4700,4800,5400,9700,7900,18000,17600,50500,68100,40900,37.5,25.8,59,4.5
IN_USR_01903,24,Female,Tier 2,Jaipur,Freelancer/Consultant,69000,16000,12800,4800,3800,1900,4200,4600,13000,8800,39300,48100,20900,30.3,18.3,52,3.4
IN_USR_01904,38,Male,Tier 2,Ahmedabad,Data Analyst,93500,20500,17600,4900,3700,4400,9000,4800,13500,13800,51100,64900,28600,30.6,21.3,67,7.6
IN_USR_01905,30,Female,Tier 1,Bangalore,Healthcare Worker,64000,20500,8400,4700,3000,1700,5100,4800,9500,9900,38300,48200,15800,24.7,20.5,42,2.3
IN_USR_01906,30,Male,Tier 3,Mysore,Sales Consultant,78500,14000,11400,4000,1700,1400,6200,4300,18000,10500,32500,43000,35500,45.2,24.4,87,11.1
IN_USR_01907,50,Female,Tier 3,Trichy,Marketing Manager,62500,9500,9600,4800,2500,5300,4700,2200,10000,6900,31700,38600,23900,38.2,17.9,64,4.6
IN_USR_01908,48,Male,Tier 2,Coimbatore,Marketing Manager,123500,20500,23000,7500,5200,8900,6500,5400,32000,11900,65100,77000,46500,37.7,15.5,66,5.2
IN_USR_01909,29,Female,Tier 3,Dehradun,Teacher/Professor,32000,4000,5200,2200,1600,100,2800,1500,7500,4300,13100,17400,14600,45.6,24.7,85,10.6
IN_USR_01910,44,Male,Tier 2,Ahmedabad,Civil Engineer,61000,14000,10000,2800,2400,4400,2500,4700,12500,7200,33600,40800,20200,33.1,17.6,52,2.8
IN_USR_01911,22,Male,Tier 2,Kochi,Sales Consultant,55000,11500,8600,3000,1700,800,2900,3600,14500,6500,25600,32100,22900,41.6,20.2,92,12.1
IN_USR_01912,36,Male,Tier 2,Indore,Sales Consultant,103000,23500,17200,8200,3600,8100,6300,4600,18000,10900,60600,71500,31500,30.6,15.2,55,3.9
IN_USR_01913,27,Female,Tier 1,Delhi-NCR,Freelancer/Consultant,62500,21500,9400,3800,2300,700,5800,2900,9000,8700,37700,46400,16100,25.8,18.8,42,1.8
IN_USR_01914,49,Female,Tier 1,Bangalore,Civil Engineer,90500,27000,13600,5100,5400,5000,7700,5000,14500,12700,56100,68800,21700,24.0,18.5,49,4.0
IN_USR_01915,35,Male,Tier 1,Bangalore,Financial Analyst,116000,33500,22800,6600,5800,6100,10000,7600,13000,17600,74800,92400,23600,20.3,19.0,37,1.8
IN_USR_01916,34,Male,Tier 1,Chennai,Teacher/Professor,71000,16500,13000,5200,1700,4000,4900,2700,15000,7600,40400,48000,23000,32.4,15.8,52,2.6
IN_USR_01917,25,Male,Tier 3,Trichy,Civil Engineer,47500,5000,6000,2500,2100,0,4700,3100,14500,7800,15600,23400,24100,50.7,33.3,87,14.6
IN_USR_01918,57,Male,Tier 2,Ahmedabad,Healthcare Worker,100000,17500,16000,4500,3500,6400,4100,7000,26000,11100,47900,59000,41000,41.0,18.8,66,4.9
IN_USR_01919,36,Male,Tier 1,Pune,Data Analyst,101500,25500,13400,5300,5800,10100,7100,8000,12500,15100,60100,75200,26300,25.9,20.1,47,3.4
IN_USR_01920,58,Female,Tier 1,Delhi-NCR,Healthcare Worker,104500,25000,17800,7100,3600,7500,9200,4000,15000,13200,61000,74200,30300,29.0,17.8,53,4.0
IN_USR_01921,42,Female,Tier 1,Mumbai,Financial Analyst,101000,22500,14000,7900,2200,6400,6900,7300,23500,14200,53000,67200,33800,33.5,21.1,51,2.6
IN_USR_01922,45,Male,Tier 2,Indore,Freelancer/Consultant,56500,13000,7200,3400,2600,4900,4000,4300,8500,8300,31100,39400,17100,30.3,21.1,53,4.1
IN_USR_01923,49,Male,Tier 2,Jaipur,Financial Analyst,83500,17500,13200,5200,4200,5800,6400,4900,13500,11300,45900,57200,26300,31.5,19.8,51,2.9
IN_USR_01924,27,Female,Tier 1,Hyderabad,Freelancer/Consultant,149000,49000,27600,11100,4700,1400,6100,5700,30000,11800,93800,105600,43400,29.1,11.2,59,4.9
IN_USR_01925,31,Female,Tier 2,Ahmedabad,Marketing Manager,54000,9500,8400,3200,1700,2300,5200,3900,13000,9100,25100,34200,19800,36.7,26.6,80,10.3
IN_USR_01926,24,Male,Tier 1,Hyderabad,Small Business Owner,234500,76500,45400,16800,10400,1700,17500,7100,25000,24600,150800,175400,59100,25.2,14.0,45,2.3
IN_USR_01927,27,Male,Tier 2,Indore,Freelancer/Consultant,78000,17500,14600,4300,3600,1400,7300,5200,12500,12500,41400,53900,24100,30.9,23.2,58,5.3
IN_USR_01928,35,Female,Tier 1,Bangalore,Marketing Manager,91000,21000,11600,6400,3700,4200,8300,6600,17000,14900,46900,61800,29200,32.1,24.1,53,4.0
IN_USR_01929,43,Male,Tier 2,Chandigarh,Financial Analyst,96500,20500,15000,6100,1900,5700,4100,4600,15500,8700,49200,57900,38600,40.0,15.0,82,8.8
IN_USR_01930,25,Female,Tier 1,Delhi-NCR,Small Business Owner,209000,58500,28600,8500,5100,5100,12800,15800,36000,28600,105800,134400,74600,35.7,21.3,64,5.8
IN_USR_01931,31,Female,Tier 1,Hyderabad,Freelancer/Consultant,133000,43000,20800,6700,3800,12200,12800,5800,16500,18600,86500,105100,27900,21.0,17.7,43,3.0
IN_USR_01932,55,Female,Tier 1,Mumbai,Marketing Manager,143500,33500,19800,10000,8600,8200,7300,8800,32500,16100,80100,96200,47300,33.0,16.7,50,2.2
IN_USR_01933,46,Male,Tier 1,Hyderabad,Sales Consultant,93000,23500,11600,6100,2000,6400,9000,3900,18500,12900,49600,62500,30500,32.8,20.6,48,2.1
IN_USR_01934,23,Female,Tier 2,Kochi,Healthcare Worker,52500,8500,7200,2200,3000,0,3000,2300,14500,5300,20900,26200,26300,50.1,20.2,85,10.2
IN_USR_01935,41,Female,Tier 2,Coimbatore,Freelancer/Consultant,116000,23500,18800,6800,6500,6400,10300,3600,16500,13900,62000,75900,40100,34.6,18.3,74,8.3
IN_USR_01936,51,Male,Tier 2,Ahmedabad,Sales Consultant,64000,14000,9200,4900,2800,5700,5700,4900,9000,10600,36600,47200,16800,26.2,22.5,41,1.9
IN_USR_01937,26,Female,Tier 1,Chennai,Healthcare Worker,54000,19000,7600,2200,3100,400,3100,4200,9500,7300,32300,39600,14400,26.7,18.4,47,3.0
IN_USR_01938,49,Female,Tier 1,Mumbai,Marketing Manager,130000,33500,21400,7300,6200,7900,12500,5400,25000,17900,76300,94200,35800,27.5,19.0,51,3.9
IN_USR_01939,23,Male,Tier 2,Kochi,Marketing Manager,45000,10500,8200,2400,2200,800,2300,2800,11000,5100,24100,29200,15800,35.1,17.5,57,3.5
IN_USR_01940,46,Male,Tier 3,Dehradun,Sales Consultant,80500,9500,16000,3900,3400,4700,5300,6100,15000,11400,37500,48900,31600,39.3,23.3,72,7.1
IN_USR_01941,31,Male,Tier 2,Indore,Civil Engineer,90500,18500,17000,7100,2700,7000,8300,5700,12500,14000,52300,66300,24200,26.7,21.1,49,3.7
IN_USR_01942,27,Female,Tier 2,Chandigarh,Operations Executive,73000,12500,9400,5200,4100,900,7000,3800,15500,10800,32100,42900,30100,41.2,25.2,77,8.6
IN_USR_01943,28,Female,Tier 3,Trichy,Sales Consultant,43500,5000,7800,2400,1500,500,3900,2500,9000,6400,17200,23600,19900,45.7,27.1,89,14.6
IN_USR_01944,38,Female,Tier 1,Mumbai,Freelancer/Consultant,187000,41500,36400,12400,8400,11200,12900,13500,24000,26400,109900,136300,50700,27.1,19.4,55,5.0
IN_USR_01945,38,Male,Tier 1,Bangalore,Teacher/Professor,64500,17500,11600,5100,2200,3100,5800,4000,7500,9800,39500,49300,15200,23.6,19.9,47,3.8
IN_USR_01946,33,Female,Tier 3,Mysore,Software Engineer,81500,13500,15000,3600,4100,3500,7300,4200,16000,11500,39700,51200,30300,37.2,22.5,79,9.4
IN_USR_01947,51,Male,Tier 2,Kochi,Freelancer/Consultant,180000,28500,35200,13400,3600,14500,13200,6700,41000,19900,95200,115100,64900,36.1,17.3,67,6.0
IN_USR_01948,41,Female,Tier 2,Indore,Software Engineer,181000,36000,24600,14000,4200,10100,10100,6600,45500,16700,88900,105600,75400,41.7,15.8,91,11.4
IN_USR_01949,51,Male,Tier 2,Ahmedabad,Civil Engineer,56000,12500,7000,2600,3300,4800,4000,2100,8500,6100,30200,36300,19700,35.2,16.8,62,4.9
IN_USR_01950,27,Female,Tier 2,Jaipur,Sales Consultant,85500,13500,14600,6800,2500,100,4400,3700,17500,8100,37500,45600,39900,46.7,17.8,87,10.5
IN_USR_01951,37,Female,Tier 2,Kochi,Small Business Owner,210000,44000,32200,12300,6500,18900,10300,14500,43000,24800,113900,138700,71300,34.0,17.9,68,6.8
IN_USR_01952,36,Male,Tier 3,Salem,Teacher/Professor,34000,6000,5800,1900,1300,1600,2100,2000,7000,4100,16600,20700,13300,39.1,19.8,64,4.7
IN_USR_01953,58,Female,Tier 2,Chandigarh,Financial Analyst,96000,16000,16200,6800,2900,7800,5400,7500,21500,12900,49700,62600,33400,34.8,20.6,70,7.5
IN_USR_01954,49,Female,Tier 2,Jaipur,Data Analyst,90500,20500,12400,3800,2700,6900,6400,4200,18500,10600,46300,56900,33600,37.1,18.6,56,2.9
IN_USR_01955,43,Female,Tier 2,Indore,Small Business Owner,223000,51000,27800,14600,7900,20800,19400,12600,47000,32000,122100,154100,68900,30.9,20.8,46,2.0
IN_USR_01956,44,Male,Tier 2,Jaipur,Operations Executive,60500,15000,9600,2700,1600,5000,3900,4000,8500,7900,33900,41800,18700,30.9,18.9,50,2.8
IN_USR_01957,54,Female,Tier 1,Bangalore,Financial Analyst,157000,41000,27200,10000,9100,10700,8400,8300,28500,16700,98000,114700,42300,26.9,14.6,53,4.0
IN_USR_01958,44,Female,Tier 3,Trichy,Civil Engineer,33500,5000,5800,1500,1600,1900,1500,1100,9000,2600,15800,18400,15100,45.1,14.1,94,13.2
IN_USR_01959,51,Male,Tier 1,Pune,Healthcare Worker,68500,23500,10400,4500,3700,3200,3400,5300,7000,8700,45300,54000,14500,21.2,16.1,47,4.0
IN_USR_01960,35,Male,Tier 1,Bangalore,Teacher/Professor,37500,10000,7400,1500,2200,3100,2800,1400,4500,4200,24200,28400,9100,24.3,14.8,50,3.8
IN_USR_01961,30,Female,Tier 1,Mumbai,Data Analyst,63500,21500,11000,3900,1800,300,4200,4200,11500,8400,38500,46900,16600,26.1,17.9,54,4.9
IN_USR_01962,40,Female,Tier 1,Bangalore,Sales Consultant,60500,13500,10200,4500,2500,2900,4100,4300,8000,8400,33600,42000,18500,30.6,20.0,61,5.8
IN_USR_01963,32,Female,Tier 2,Ahmedabad,Marketing Manager,127500,24000,16000,8300,6300,7800,5800,8300,20500,14100,62400,76500,51000,40.0,18.4,69,5.7
IN_USR_01964,27,Male,Tier 2,Indore,Operations Executive,80000,16500,11200,3600,3000,400,6500,2500,19000,9000,34700,43700,36300,45.4,20.6,92,14.6
IN_USR_01965,30,Male,Tier 1,Bangalore,Financial Analyst,162000,47000,19400,12300,7600,3300,15000,10000,22000,25000,89600,114600,47400,29.3,21.8,53,4.2
IN_USR_01966,35,Male,Tier 3,Dehradun,Financial Analyst,109000,11000,18400,8200,5300,5800,7100,8200,24000,15300,48700,64000,45000,41.3,23.9,71,6.7
IN_USR_01967,57,Female,Tier 2,Kochi,Software Engineer,140000,24000,16800,7700,7900,6100,5800,4900,34500,10700,62500,73200,66800,47.7,14.6,87,10.0
IN_USR_01968,22,Male,Tier 2,Kochi,Operations Executive,86500,19500,14200,3800,4300,200,5600,3200,24500,8800,42000,50800,35700,41.3,17.3,87,10.3
IN_USR_01969,32,Male,Tier 2,Kochi,Data Analyst,65500,12000,9600,2700,2900,5800,5000,5200,11500,10200,33000,43200,22300,34.0,23.6,68,7.5
IN_USR_01970,34,Male,Tier 1,Mumbai,Civil Engineer,68500,16500,9600,3200,3200,6800,6600,3200,12500,9800,39300,49100,19400,28.3,20.0,46,2.5
IN_USR_01971,51,Female,Tier 2,Chandigarh,Civil Engineer,53000,12000,10400,3900,1700,5300,2700,2500,9500,5200,33300,38500,14500,27.4,13.5,47,2.3
IN_USR_01972,45,Male,Tier 2,Jaipur,Data Analyst,93000,21000,17200,4900,4400,8400,6300,6100,14000,12400,55900,68300,24700,26.6,18.2,44,2.2
IN_USR_01973,24,Male,Tier 1,Hyderabad,Operations Executive,80500,24000,16000,3300,4500,900,7600,6000,10000,13600,48700,62300,18200,22.6,21.8,46,4.0
IN_USR_01974,52,Male,Tier 2,Ahmedabad,Data Analyst,90500,21000,11800,5800,5000,5600,7400,7100,17000,14500,49200,63700,26800,29.6,22.8,58,5.6
IN_USR_01975,45,Male,Tier 1,Chennai,Civil Engineer,82500,22500,12000,4900,3700,7500,3800,3300,13500,7100,50600,57700,24800,30.1,12.3,59,4.7
IN_USR_01976,57,Male,Tier 1,Delhi-NCR,Civil Engineer,75500,20500,10000,5700,2500,7000,3500,6000,8000,9500,45700,55200,20300,26.9,17.2,52,4.1
IN_USR_01977,44,Female,Tier 3,Mysore,Data Analyst,81500,12500,16000,3900,4200,4200,6700,4900,15000,11600,40800,52400,29100,35.7,22.1,51,2.2
IN_USR_01978,54,Male,Tier 1,Hyderabad,Small Business Owner,283000,65000,49200,18500,15700,21300,23600,8600,56500,32200,169700,201900,81100,28.7,15.9,54,4.0
IN_USR_01979,46,Male,Tier 2,Coimbatore,Marketing Manager,120000,25500,20600,7600,6500,9100,8200,7400,24000,15600,69300,84900,35100,29.2,18.4,58,5.4
IN_USR_01980,25,Male,Tier 1,Chennai,Sales Consultant,118500,36500,22600,5400,4100,2300,11400,8700,15000,20100,70900,91000,27500,23.2,22.1,44,3.4
IN_USR_01981,28,Female,Tier 2,Indore,Sales Consultant,87000,19000,10800,6600,3700,1700,5900,4800,16500,10700,41800,52500,34500,39.7,20.4,76,7.8
IN_USR_01982,41,Female,Tier 1,Chennai,Small Business Owner,256500,65000,47200,13100,13900,10900,16500,19300,32000,35800,150100,185900,70600,27.5,19.3,50,3.6
IN_USR_01983,46,Female,Tier 1,Mumbai,Operations Executive,98000,27500,14600,6100,4700,4100,8600,4200,14000,12800,57000,69800,28200,28.8,18.3,57,5.0
IN_USR_01984,54,Male,Tier 3,Dehradun,Civil Engineer,64500,9500,12200,4500,2500,4900,5600,5100,10500,10700,33600,44300,20200,31.3,24.2,66,7.5
IN_USR_01985,50,Male,Tier 3,Warangal,Civil Engineer,53000,8000,9800,2300,2100,3100,4700,4200,11500,8900,25300,34200,18800,35.5,26.0,64,6.2
IN_USR_01986,35,Male,Tier 3,Nagpur,Small Business Owner,64500,10500,12000,3800,2300,6000,5200,4700,10000,9900,34600,44500,20000,31.0,22.2,45,1.9
IN_USR_01987,22,Female,Tier 2,Chandigarh,Healthcare Worker,60500,10000,8200,4100,2000,0,5700,3100,16000,8800,24300,33100,27400,45.3,26.6,73,7.6
IN_USR_01988,57,Female,Tier 2,Jaipur,Financial Analyst,84500,13500,16800,3800,4500,7400,5000,3200,14500,8200,46000,54200,30300,35.9,15.1,72,7.0
IN_USR_01989,43,Male,Tier 1,Hyderabad,Financial Analyst,103000,30500,12800,4700,2600,5800,7100,4600,22500,11700,56400,68100,34900,33.9,17.2,58,4.1
IN_USR_01990,24,Male,Tier 2,Kochi,Civil Engineer,57500,12500,11400,2400,3400,100,3700,3100,9000,6800,29800,36600,20900,36.3,18.6,64,5.3
IN_USR_01991,41,Female,Tier 3,Trichy,Freelancer/Consultant,99500,16500,18400,4400,2600,7300,5500,6300,16500,11800,49200,61000,38500,38.7,19.3,75,7.8
IN_USR_01992,52,Male,Tier 2,Kochi,Software Engineer,189500,42500,24400,8700,10400,17900,13700,7900,39000,21600,103900,125500,64000,33.8,17.2,50,2.0
IN_USR_01993,46,Female,Tier 1,Pune,Civil Engineer,59000,18000,11600,3200,1900,5700,4400,1900,8500,6300,40400,46700,12300,20.8,13.5,39,1.6
IN_USR_01994,43,Female,Tier 1,Hyderabad,Sales Consultant,87000,29500,12000,5700,3400,8000,4500,5800,7500,10300,58600,68900,18100,20.8,14.9,44,3.2
IN_USR_01995,48,Male,Tier 1,Mumbai,Marketing Manager,112000,33000,19800,8900,6000,10900,7300,8600,7000,15900,78600,94500,17500,15.6,16.8,38,3.0
IN_USR_01996,33,Male,Tier 1,Hyderabad,Civil Engineer,65500,20000,10000,3800,2900,4300,6300,3500,10000,9800,41000,50800,14700,22.4,19.3,37,1.3
IN_USR_01997,43,Male,Tier 1,Bangalore,Marketing Manager,140000,46000,19600,9000,5400,10600,13100,10600,13000,23700,90600,114300,25700,18.4,20.7,39,3.1
IN_USR_01998,57,Male,Tier 2,Coimbatore,Marketing Manager,122000,27500,23000,5200,5300,9100,7600,7600,16500,15200,70100,85300,36700,30.1,17.8,45,1.6
IN_USR_01999,43,Male,Tier 1,Bangalore,Financial Analyst,89500,30500,11000,3800,3800,8300,6300,5600,11000,11900,57400,69300,20200,22.6,17.2,41,2.1
IN_USR_02000,51,Male,Tier 1,Pune,Teacher/Professor,59000,16500,9600,4500,3000,5500,5700,2000,5500,7700,39100,46800,12200,20.7,16.5,37,1.5
IN_USR_02001,55,Male,Tier 3,Salem,Healthcare Worker,40000,7000,5600,2700,1400,3000,1900,3000,8500,4900,19700,24600,15400,38.5,19.9,55,2.5
IN_USR_02002,58,Female,Tier 2,Jaipur,Small Business Owner,162000,38500,31800,9300,7700,9000,14400,7600,22000,22000,96300,118300,43700,27.0,18.6,45,2.4
IN_USR_02003,57,Female,Tier 2,Ahmedabad,Sales Consultant,69000,10500,8200,4700,3100,4500,4700,3700,19500,8400,31000,39400,29600,42.9,21.3,91,13.3
IN_USR_02004,27,Male,Tier 3,Dehradun,Teacher/Professor,59500,8000,11600,3700,1600,900,5200,2200,17000,7400,25800,33200,26300,44.2,22.3,64,4.7
IN_USR_02005,47,Male,Tier 2,Ahmedabad,Operations Executive,43000,8500,5200,2100,1700,3400,4100,1400,8500,5500,20900,26400,16600,38.6,20.8,78,8.6
IN_USR_02006,56,Male,Tier 2,Jaipur,Small Business Owner,155000,29000,31000,12200,6700,9600,6800,8300,28500,15100,88500,103600,51400,33.2,14.6,71,7.5
IN_USR_02007,33,Female,Tier 1,Chennai,Civil Engineer,58000,20000,10000,2900,3100,5100,2600,3500,7500,6100,41100,47200,10800,18.6,12.9,40,2.4
IN_USR_02008,38,Male,Tier 2,Jaipur,Data Analyst,112000,17000,18000,7700,4000,10300,5200,4300,24500,9500,57000,66500,45500,40.6,14.3,80,8.1
IN_USR_02009,25,Female,Tier 2,Jaipur,Operations Executive,50000,8500,10000,3200,2500,900,3400,1900,13000,5300,25100,30400,19600,39.2,17.4,69,5.9
IN_USR_02010,25,Female,Tier 3,Mysore,Software Engineer,64000,6500,10000,4600,2600,1400,2700,2500,17000,5200,25100,30300,33700,52.7,17.2,71,6.2
IN_USR_02011,40,Female,Tier 1,Chennai,Marketing Manager,145000,35000,18400,11500,3900,13600,9900,10900,26500,20800,82400,103200,41800,28.8,20.2,53,4.2
IN_USR_02012,51,Female,Tier 2,Indore,Healthcare Worker,82000,17000,14800,4800,2700,7400,4100,3100,17000,7200,46700,53900,28100,34.3,13.4,68,6.3
IN_USR_02013,38,Male,Tier 1,Bangalore,Healthcare Worker,89000,21000,16200,4300,2800,8600,7800,6500,9500,14300,52900,67200,21800,24.5,21.3,53,5.3
IN_USR_02014,34,Male,Tier 1,Pune,Marketing Manager,118500,38000,21800,6600,5100,10300,9100,5800,9500,14900,81800,96700,21800,18.4,15.4,40,2.8
IN_USR_02015,46,Male,Tier 2,Kochi,Civil Engineer,67500,15500,12400,3900,3000,2900,4200,3000,14000,7200,37700,44900,22600,33.5,16.0,62,5.2
IN_USR_02016,27,Female,Tier 1,Pune,Software Engineer,241500,55000,47400,17400,9700,1200,20300,15400,40000,35700,130700,166400,75100,31.1,21.5,51,3.4
IN_USR_02017,23,Female,Tier 1,Delhi-NCR,Civil Engineer,98000,24500,12800,5700,4300,300,4600,6300,16500,10900,47600,58500,39500,40.3,18.6,81,8.9
IN_USR_02018,45,Male,Tier 3,Trichy,Healthcare Worker,81500,14000,13800,5400,4000,6200,7300,2800,14000,10100,43400,53500,28000,34.4,18.9,65,6.0
IN_USR_02019,29,Male,Tier 1,Chennai,Sales Consultant,70000,21500,12200,5200,1400,1600,6500,2600,12500,9100,41900,51000,19000,27.1,17.8,47,2.7
IN_USR_02020,44,Female,Tier 2,Chandigarh,Software Engineer,163000,38500,23400,11900,8600,11600,15200,8800,28500,24000,94000,118000,45000,27.6,20.3,59,6.0
IN_USR_02021,31,Male,Tier 3,Trichy,Sales Consultant,58000,8500,9400,3400,2100,3300,4400,4500,15500,8900,26700,35600,22400,38.6,25.0,70,7.0
IN_USR_02022,57,Female,Tier 2,Chandigarh,Data Analyst,84500,16500,13200,5100,3500,7500,5100,3100,20000,8200,45800,54000,30500,36.1,15.2,58,3.3
IN_USR_02023,50,Female,Tier 2,Indore,Teacher/Professor,72500,15500,12200,4500,2800,4900,4200,3400,12000,7600,39900,47500,25000,34.5,16.0,63,5.0
IN_USR_02024,40,Male,Tier 1,Bangalore,Data Analyst,149500,51000,19600,11600,8900,14800,9700,11100,9000,20800,105900,126700,22800,15.3,16.4,32,1.4
IN_USR_02025,49,Male,Tier 2,Kochi,Small Business Owner,67000,16500,11200,3400,3700,4800,2800,2500,10500,5300,39600,44900,22100,33.0,11.8,73,7.7
IN_USR_02026,40,Female,Tier 1,Mumbai,Healthcare Worker,98500,27000,19000,4200,3400,7200,6300,6400,15500,12700,60800,73500,25000,25.4,17.3,44,2.3
IN_USR_02027,25,Female,Tier 1,Hyderabad,Civil Engineer,86500,22000,10600,4600,2500,1000,4100,3200,22500,7300,40700,48000,38500,44.5,15.2,71,6.0
IN_USR_02028,37,Male,Tier 1,Hyderabad,Small Business Owner,110500,36000,21400,7600,6200,4900,7200,6900,10000,14100,76100,90200,20300,18.4,15.6,38,2.1
IN_USR_02029,44,Female,Tier 1,Bangalore,Data Analyst,77000,23000,10600,5200,3100,7000,5700,4200,11500,9900,48900,58800,18200,23.6,16.8,39,1.3
IN_USR_02030,47,Female,Tier 1,Chennai,Operations Executive,66500,20000,10600,4000,2300,4100,4000,4800,7000,8800,41000,49800,16700,25.1,17.7,55,5.4
IN_USR_02031,32,Male,Tier 1,Bangalore,Financial Analyst,163000,47000,26600,9300,3500,15600,14700,9900,19000,24600,102000,126600,36400,22.3,19.4,49,4.7
IN_USR_02032,55,Female,Tier 1,Pune,Financial Analyst,167500,55000,33400,9700,3600,8200,9100,10600,24500,19700,109900,129600,37900,22.6,15.2,40,1.7
IN_USR_02033,56,Female,Tier 1,Chennai,Financial Analyst,95000,30000,18400,4600,3500,6000,6300,4200,14000,10500,62500,73000,22000,23.2,14.4,52,4.7
IN_USR_02034,52,Female,Tier 1,Pune,Small Business Owner,159500,39000,21000,9300,5600,6700,8700,4800,45000,13500,81600,95100,64400,40.4,14.2,74,6.6
IN_USR_02035,57,Male,Tier 2,Ahmedabad,Data Analyst,51000,9500,8800,2500,1500,4000,3100,3700,11000,6800,26300,33100,17900,35.1,20.5,77,9.2
IN_USR_02036,45,Female,Tier 1,Hyderabad,Financial Analyst,92500,32000,12000,6700,5000,6500,7700,2900,9500,10600,62200,72800,19700,21.3,14.6,39,1.7
IN_USR_02037,55,Female,Tier 2,Ahmedabad,Marketing Manager,53000,13000,9600,2600,2400,4700,2700,2500,10500,5200,32300,37500,15500,29.2,13.9,54,3.8
IN_USR_02038,23,Female,Tier 2,Kochi,Software Engineer,115000,21000,17000,8800,4700,2500,9400,4700,27000,14100,54000,68100,46900,40.8,20.7,73,6.9
IN_USR_02039,51,Male,Tier 1,Bangalore,Healthcare Worker,118000,41000,19200,9200,4100,8900,9200,8600,9500,17800,82400,100200,17800,15.1,17.8,34,2.2
IN_USR_02040,36,Female,Tier 2,Kochi,Healthcare Worker,41500,7500,8200,2500,2400,2300,3300,2300,6000,5600,22900,28500,13000,31.3,19.6,50,2.9
IN_USR_02041,33,Male,Tier 3,Salem,Operations Executive,60000,9000,8800,3500,2900,2500,4800,3100,11500,7900,26700,34600,25400,42.3,22.8,83,9.9
IN_USR_02042,38,Female,Tier 2,Indore,Small Business Owner,123000,30000,19000,5100,4500,9600,9300,5000,17000,14300,68200,82500,40500,32.9,17.3,71,7.9
IN_USR_02043,25,Male,Tier 3,Salem,Freelancer/Consultant,152500,15500,19800,10500,6100,400,13000,5700,38000,18700,52300,71000,81500,53.4,26.3,85,10.8
IN_USR_02044,57,Male,Tier 1,Pune,Data Analyst,63500,18500,7800,2800,3300,3300,3600,4500,10000,8100,35700,43800,19700,31.0,18.5,56,4.4
IN_USR_02045,30,Female,Tier 1,Pune,Sales Consultant,51000,18000,9800,2800,1900,1000,3500,3900,6000,7400,33500,40900,10100,19.8,18.1,37,1.9
IN_USR_02046,53,Female,Tier 2,Indore,Freelancer/Consultant,142000,35000,17400,7600,7900,7700,11000,5200,31000,16200,75600,91800,50200,35.4,17.6,54,2.6
IN_USR_02047,29,Female,Tier 2,Kochi,Data Analyst,123500,21500,18200,5700,4000,2700,9900,6000,35500,15900,52100,68000,55500,44.9,23.4,60,3.9
IN_USR_02048,51,Male,Tier 2,Jaipur,Healthcare Worker,81000,13000,10200,5300,2200,4700,7700,4400,20500,12100,35400,47500,33500,41.4,25.5,68,6.2
IN_USR_02049,25,Male,Tier 1,Chennai,Financial Analyst,134500,40500,24400,10100,5200,100,11300,7700,17000,19000,80300,99300,35200,26.2,19.1,41,1.6
IN_USR_02050,45,Male,Tier 1,Bangalore,Financial Analyst,106000,35500,15200,7400,2900,5500,9200,4400,15500,13600,66500,80100,25900,24.4,17.0,52,4.6
IN_USR_02051,23,Female,Tier 1,Chennai,Data Analyst,140500,47500,21000,10300,3700,2000,8300,8200,24000,16500,84500,101000,39500,28.1,16.3,49,2.9
IN_USR_02052,52,Female,Tier 1,Chennai,Marketing Manager,75000,19500,11400,3300,4200,3400,7300,2700,15000,10000,41800,51800,23200,30.9,19.3,63,6.2
IN_USR_02053,36,Female,Tier 2,Coimbatore,Civil Engineer,66000,10500,9000,4700,3000,5400,6200,3400,12500,9600,32600,42200,23800,36.1,22.7,56,3.7
IN_USR_02054,37,Female,Tier 2,Jaipur,Data Analyst,70000,10500,9400,3000,3300,3700,3200,2900,14500,6100,29900,36000,34000,48.6,16.9,89,10.8
IN_USR_02055,41,Male,Tier 1,Pune,Freelancer/Consultant,67000,19500,11400,4600,2900,5400,3900,3200,7500,7100,43800,50900,16100,24.0,13.9,52,4.4
IN_USR_02056,28,Male,Tier 2,Jaipur,Small Business Owner,107000,18000,16200,6700,5600,700,7100,4000,30500,11100,47200,58300,48700,45.5,19.0,92,13.1
IN_USR_02057,47,Female,Tier 1,Delhi-NCR,Data Analyst,130500,30000,24600,6400,5500,9600,10100,9700,22000,19800,76100,95900,34600,26.5,20.6,49,3.8
IN_USR_02058,24,Female,Tier 2,Jaipur,Data Analyst,81500,18000,14800,3300,4500,600,7900,3500,14500,11400,41200,52600,28900,35.5,21.7,51,2.3
IN_USR_02059,53,Male,Tier 1,Pune,Sales Consultant,99000,26000,18400,5900,3400,8100,6100,7200,13000,13300,61800,75100,23900,24.1,17.7,42,2.1
IN_USR_02060,46,Male,Tier 1,Bangalore,Marketing Manager,126500,43500,20200,5400,5800,11500,10700,8700,10000,19400,86400,105800,20700,16.4,18.3,39,3.1
IN_USR_02061,50,Male,Tier 3,Dehradun,Freelancer/Consultant,122500,20500,16800,7000,6700,5100,7400,7400,27000,14800,56100,70900,51600,42.1,20.9,80,8.8
IN_USR_02062,47,Female,Tier 2,Chandigarh,Financial Analyst,87500,15000,13800,3600,2100,7100,6200,2700,15000,8900,41600,50500,37000,42.3,17.6,76,7.5
IN_USR_02063,26,Female,Tier 2,Indore,Healthcare Worker,66000,11500,9000,3200,1400,1500,4000,3700,17500,7700,26600,34300,31700,48.0,22.4,73,7.3
IN_USR_02064,56,Male,Tier 2,Coimbatore,Financial Analyst,87000,17000,14600,3500,3800,4500,6200,6500,21000,12700,43400,56100,30900,35.5,22.6,75,8.7
IN_USR_02065,31,Female,Tier 2,Kochi,Operations Executive,58500,10500,11000,2800,3000,5500,5700,4000,11000,9700,32800,42500,16000,27.4,22.8,59,6.4
IN_USR_02066,55,Male,Tier 2,Chandigarh,Healthcare Worker,105000,21500,20200,6500,4200,6700,7700,6500,14000,14200,59100,73300,31700,30.2,19.4,50,3.0
IN_USR_02067,23,Male,Tier 1,Mumbai,Healthcare Worker,84500,23500,13600,4800,4700,700,5600,4600,16500,10200,47300,57500,27000,32.0,17.7,50,2.3
IN_USR_02068,36,Female,Tier 2,Chandigarh,Software Engineer,180000,31000,28200,9700,4800,12000,11500,6500,38500,18000,85700,103700,76300,42.4,17.4,69,5.6
IN_USR_02069,54,Male,Tier 1,Delhi-NCR,Operations Executive,100500,23000,15600,6200,4900,8300,8300,7500,11500,15800,58000,73800,26700,26.6,21.4,50,4.1
IN_USR_02070,29,Male,Tier 1,Bangalore,Marketing Manager,108500,25000,17600,5100,5400,100,6500,5100,25500,11600,53200,64800,43700,40.3,17.9,70,5.9
IN_USR_02071,44,Female,Tier 1,Hyderabad,Teacher/Professor,53000,14500,9600,4100,3100,5200,5300,2900,3500,8200,36500,44700,8300,15.7,18.3,31,1.3
IN_USR_02072,23,Male,Tier 1,Chennai,Operations Executive,88000,27000,12600,4700,3800,1800,7700,2800,13000,10500,49900,60400,27600,31.4,17.4,47,1.7
IN_USR_02073,27,Male,Tier 2,Ahmedabad,Small Business Owner,86000,14000,15600,6700,5100,1000,6500,6500,18500,13000,42400,55400,30600,35.6,23.5,70,7.6
IN_USR_02074,50,Male,Tier 1,Pune,Marketing Manager,132500,35500,24200,5600,5700,12000,10300,4100,22500,14400,83000,97400,35100,26.5,14.8,46,2.2
IN_USR_02075,23,Male,Tier 1,Delhi-NCR,Software Engineer,250000,58500,33800,18000,12900,6400,21300,19300,37500,40600,129600,170200,79800,31.9,23.9,66,7.4
IN_USR_02076,38,Female,Tier 1,Chennai,Sales Consultant,110000,24500,19200,5200,4300,8200,9100,6500,22000,15600,61400,77000,33000,30.0,20.3,47,2.3
IN_USR_02077,33,Female,Tier 1,Pune,Healthcare Worker,110500,32500,15800,8100,6500,9400,7600,7200,16000,14800,72300,87100,23400,21.2,17.0,47,4.0
IN_USR_02078,30,Female,Tier 1,Pune,Software Engineer,90000,21000,17800,6300,5400,2500,8300,5600,12500,13900,53000,66900,23100,25.7,20.8,44,2.6
IN_USR_02079,51,Female,Tier 2,Kochi,Freelancer/Consultant,93500,16000,16200,6800,4500,6800,8400,4800,20000,13200,50300,63500,30000,32.1,20.8,59,5.2
IN_USR_02080,53,Male,Tier 2,Coimbatore,Software Engineer,89000,14000,10800,5500,5100,4200,7400,3900,22500,11300,39600,50900,38100,42.8,22.2,75,7.6
IN_USR_02081,26,Male,Tier 1,Delhi-NCR,Freelancer/Consultant,142500,41500,18200,10900,4500,2700,13300,10300,26500,23600,77800,101400,41100,28.8,23.3,49,3.4
IN_USR_02082,44,Male,Tier 2,Indore,Marketing Manager,129000,22000,17200,7900,5000,7900,8300,7000,37500,15300,60000,75300,53700,41.6,20.3,62,3.9
IN_USR_02083,35,Male,Tier 3,Warangal,Civil Engineer,51000,6000,8000,3500,1200,2300,3600,1900,15000,5500,21000,26500,24500,48.0,20.8,92,16.1
IN_USR_02084,55,Female,Tier 3,Nagpur,Teacher/Professor,69500,10500,8800,4800,1400,5800,3300,5500,13000,8800,31300,40100,29400,42.3,21.9,68,5.9
IN_USR_02085,47,Female,Tier 1,Chennai,Small Business Owner,82000,28500,16400,6100,2400,7000,5500,5700,4500,11200,60400,71600,10400,12.7,15.6,32,2.0
IN_USR_02086,53,Male,Tier 3,Nagpur,Teacher/Professor,56000,9500,10200,4400,1500,3900,4700,3000,9000,7700,29500,37200,18800,33.6,20.7,66,6.6
IN_USR_02087,53,Female,Tier 1,Hyderabad,Teacher/Professor,76500,25500,13000,4100,2100,7300,3800,5200,9500,9000,52000,61000,15500,20.3,14.8,42,2.7
IN_USR_02088,23,Male,Tier 2,Ahmedabad,Sales Consultant,43000,9000,7400,2400,900,700,2700,2800,8000,5500,20400,25900,17100,39.8,21.2,90,11.7
IN_USR_02089,58,Female,Tier 1,Hyderabad,Operations Executive,70500,22500,12200,3200,1700,5900,6300,2800,11000,9100,45500,54600,15900,22.6,16.7,44,2.9
IN_USR_02090,23,Female,Tier 1,Mumbai,Sales Consultant,118500,38000,19200,7200,5800,3300,9800,6100,18500,15900,73500,89400,29100,24.6,17.8,48,3.7
IN_USR_02091,32,Male,Tier 1,Chennai,Software Engineer,241500,60500,38800,15400,11300,19700,16800,10900,36000,27700,145700,173400,68100,28.2,16.0,51,3.5
IN_USR_02092,33,Female,Tier 1,Hyderabad,Operations Executive,91000,30000,16800,5100,3400,6000,5800,5800,7500,11600,61300,72900,18100,19.9,15.9,42,2.8
IN_USR_02093,32,Male,Tier 1,Pune,Operations Executive,78000,22000,11600,5800,4100,4000,4700,2900,10000,7600,47500,55100,22900,29.4,13.8,49,2.4
IN_USR_02094,33,Female,Tier 2,Chandigarh,Software Engineer,132000,21500,23600,8800,7400,8000,12800,6400,23000,19200,69300,88500,43500,33.0,21.7,54,3.6
IN_USR_02095,24,Female,Tier 2,Kochi,Software Engineer,175000,30000,22200,10600,4500,800,11900,11800,42500,23700,68100,91800,83200,47.5,25.8,65,5.3
IN_USR_02096,57,Male,Tier 1,Chennai,Freelancer/Consultant,59000,13500,10800,4300,3300,3800,5600,3000,10000,8600,35700,44300,14700,24.9,19.4,42,2.1
IN_USR_02097,53,Female,Tier 1,Delhi-NCR,Financial Analyst,86000,25000,12800,4800,4400,7400,4600,3200,15000,7800,54400,62200,23800,27.7,12.5,59,5.4
IN_USR_02098,36,Female,Tier 2,Chandigarh,Civil Engineer,84000,17500,10800,4100,2500,5700,7200,5500,20500,12700,40600,53300,30700,36.5,23.8,51,2.3
IN_USR_02099,41,Male,Tier 2,Kochi,Software Engineer,128500,29000,15600,6200,3800,11000,10400,7900,25000,18300,65600,83900,44600,34.7,21.8,72,8.1
IN_USR_02100,35,Female,Tier 1,Chennai,Data Analyst,77000,20500,12200,4800,4400,4300,4100,2700,13500,6800,46200,53000,24000,31.2,12.8,63,5.6
IN_USR_02101,45,Male,Tier 1,Hyderabad,Freelancer/Consultant,168000,49000,32200,11100,6000,10400,13800,7600,23500,21400,108700,130100,37900,22.6,16.4,47,3.7
IN_USR_02102,28,Female,Tier 1,Chennai,Teacher/Professor,94000,23500,16000,4400,3000,900,7800,5800,17500,13600,47800,61400,32600,34.7,22.1,67,6.9
IN_USR_02103,49,Female,Tier 2,Kochi,Financial Analyst,124000,31000,17000,8900,2700,9400,9500,7500,25500,17000,69000,86000,38000,30.6,19.8,61,5.8
IN_USR_02104,55,Male,Tier 2,Jaipur,Civil Engineer,36500,6500,4600,2200,1800,3300,2400,1700,7000,4100,18400,22500,14000,38.4,18.2,58,3.0
IN_USR_02105,23,Male,Tier 1,Hyderabad,Healthcare Worker,111500,37000,20000,6800,5100,2600,7200,5900,19000,13100,71500,84600,26900,24.1,15.5,47,3.2
IN_USR_02106,52,Male,Tier 3,Dehradun,Freelancer/Consultant,133500,16000,22000,7300,6000,12500,5300,7500,26000,12800,63800,76600,56900,42.6,16.7,64,4.1
IN_USR_02107,52,Female,Tier 1,Bangalore,Civil Engineer,67000,19500,10200,5100,2500,3500,5400,3400,10000,8800,40800,49600,17400,26.0,17.7,45,2.5
IN_USR_02108,43,Female,Tier 1,Pune,Freelancer/Consultant,156500,41000,28000,8900,5900,12500,9700,5300,19000,15000,96300,111300,45200,28.9,13.5,55,3.9
IN_USR_02109,24,Male,Tier 1,Bangalore,Software Engineer,130500,41000,25600,10100,4600,1500,10600,10300,13500,20900,82800,103700,26800,20.5,20.2,39,2.4
IN_USR_02110,51,Male,Tier 2,Chandigarh,Financial Analyst,82000,14500,13200,4200,2300,8100,5400,4100,19500,9500,42300,51800,30200,36.8,18.3,70,6.7
IN_USR_02111,24,Male,Tier 1,Pune,Healthcare Worker,105500,33000,18800,7400,3000,2700,5200,4800,20500,10000,64900,74900,30600,29.0,13.4,54,3.7
IN_USR_02112,57,Male,Tier 2,Indore,Civil Engineer,75000,14000,14600,3300,4500,6600,6500,4600,8500,11100,43000,54100,20900,27.9,20.5,46,2.5
IN_USR_02113,28,Female,Tier 1,Chennai,Small Business Owner,257000,69000,50400,11400,8100,5800,22800,16900,38000,39700,144700,184400,72600,28.2,21.5,62,6.8
IN_USR_02114,41,Female,Tier 3,Salem,Marketing Manager,98500,13500,16200,4200,5000,9200,8100,3600,26500,11700,48100,59800,38700,39.3,19.6,57,2.7
IN_USR_02115,43,Female,Tier 1,Bangalore,Teacher/Professor,49000,13500,9000,2600,1900,2200,3500,3300,7000,6800,29200,36000,13000,26.5,18.9,59,6.1
IN_USR_02116,39,Male,Tier 2,Kochi,Software Engineer,180500,36000,30600,10900,6500,15300,7800,7600,36500,15400,99300,114700,65800,36.5,13.4,69,6.1
IN_USR_02117,46,Female,Tier 1,Pune,Small Business Owner,107500,27500,14800,7600,3100,5900,6900,5000,25500,11900,58900,70800,36700,34.1,16.8,55,3.1
IN_USR_02118,28,Female,Tier 1,Mumbai,Teacher/Professor,68500,15500,11000,2900,2300,600,5300,3400,11000,8700,32300,41000,27500,40.1,21.2,67,5.4
IN_USR_02119,25,Male,Tier 1,Delhi-NCR,Sales Consultant,82000,23000,14600,5200,3800,2200,5400,3200,10500,8600,48800,57400,24600,30.0,15.0,53,3.4
IN_USR_02120,37,Female,Tier 2,Kochi,Teacher/Professor,81500,15500,13000,6300,1900,6000,6400,2600,19500,9000,42700,51700,29800,36.6,17.4,56,3.0
IN_USR_02121,55,Male,Tier 1,Delhi-NCR,Financial Analyst,145000,39500,25600,8100,3500,7700,8500,9800,26500,18300,84400,102700,42300,29.2,17.8,44,1.6
IN_USR_02122,43,Female,Tier 1,Pune,Software Engineer,118000,41000,22600,5000,6400,10500,10800,4100,10000,14900,85500,100400,17600,14.9,14.8,37,2.7
IN_USR_02123,57,Male,Tier 1,Chennai,Data Analyst,147500,38000,24400,9300,4100,9500,12800,7200,28000,20000,85300,105300,42200,28.6,19.0,50,3.3
IN_USR_02124,58,Male,Tier 2,Coimbatore,Freelancer/Consultant,103500,24000,17200,6300,2400,6800,8200,3500,14000,11700,56700,68400,35100,33.9,17.1,50,1.9
IN_USR_02125,41,Male,Tier 2,Chandigarh,Financial Analyst,128000,31000,25200,9500,7600,5300,12200,8300,17000,20500,78600,99100,28900,22.6,20.7,37,1.4
IN_USR_02126,36,Male,Tier 2,Jaipur,Marketing Manager,81500,17000,10800,3700,3500,7900,7000,3500,17000,10500,42900,53400,28100,34.5,19.7,75,8.8
IN_USR_02127,35,Female,Tier 3,Mysore,Sales Consultant,85000,11000,14000,4700,4100,4700,3400,4200,16500,7600,38500,46100,38900,45.8,16.5,93,13.2
IN_USR_02128,33,Female,Tier 2,Coimbatore,Financial Analyst,149500,23000,20600,6300,5300,14900,9300,5000,32500,14300,70100,84400,65100,43.5,16.9,85,9.7
IN_USR_02129,32,Male,Tier 1,Hyderabad,Software Engineer,105500,30500,20200,7000,2700,8400,8300,4400,14500,12700,68800,81500,24000,22.7,15.6,50,4.3
IN_USR_02130,36,Male,Tier 1,Delhi-NCR,Civil Engineer,84000,28000,13400,5000,4100,4000,5500,3200,9000,8700,54500,63200,20800,24.8,13.8,45,2.3
IN_USR_02131,43,Female,Tier 2,Coimbatore,Teacher/Professor,76000,16000,14200,3400,1600,5700,4800,2700,17500,7500,40900,48400,27600,36.3,15.5,77,8.4
IN_USR_02132,25,Female,Tier 1,Delhi-NCR,Financial Analyst,76500,17500,13800,5600,4000,0,3600,5300,17000,8900,40900,49800,26700,34.9,17.9,76,8.7
IN_USR_02133,57,Male,Tier 1,Chennai,Healthcare Worker,52500,17500,9200,3600,2100,2400,2200,3600,8000,5800,34800,40600,11900,22.7,14.3,42,2.1
IN_USR_02134,58,Female,Tier 1,Pune,Civil Engineer,42500,14000,5200,2900,2300,2500,4000,2300,5000,6300,26900,33200,9300,21.9,19.0,37,1.5
IN_USR_02135,51,Female,Tier 1,Hyderabad,Freelancer/Consultant,118000,36500,20200,9000,4000,9300,8200,4400,18500,12600,79000,91600,26400,22.4,13.8,39,1.3
IN_USR_02136,31,Male,Tier 1,Delhi-NCR,Sales Consultant,107000,36000,14400,7900,5000,8300,6100,5400,12500,11500,71600,83100,23900,22.3,13.8,39,1.3
IN_USR_02137,44,Male,Tier 1,Hyderabad,Operations Executive,77500,18500,15400,4300,3000,4500,6400,5800,9500,12200,45700,57900,19600,25.3,21.1,55,5.6
IN_USR_02138,30,Female,Tier 1,Hyderabad,Healthcare Worker,59000,14000,9000,2700,2900,700,2400,2300,14500,4700,29300,34000,25000,42.4,13.8,64,3.8
IN_USR_02139,47,Female,Tier 1,Bangalore,Data Analyst,117000,31500,15600,7000,4600,9500,5000,3900,20500,8900,68200,77100,39900,34.1,11.5,74,7.8
IN_USR_02140,30,Male,Tier 1,Mumbai,Civil Engineer,51500,13000,10200,2800,1700,1100,4600,1500,8000,6100,28800,34900,16600,32.2,17.5,67,7.0
IN_USR_02141,41,Female,Tier 3,Warangal,Financial Analyst,59000,7500,11000,3200,1500,4600,5600,4400,10500,10000,27800,37800,21200,35.9,26.5,73,8.7
IN_USR_02142,34,Male,Tier 2,Kochi,Healthcare Worker,42000,7500,8200,2700,1300,2100,2100,2800,9500,4900,21800,26700,15300,36.4,18.4,53,2.2
IN_USR_02143,27,Male,Tier 3,Dehradun,Operations Executive,44000,7500,6000,2000,2300,1200,3500,1500,13000,5000,19000,24000,20000,45.5,20.8,92,12.5
IN_USR_02144,56,Female,Tier 2,Kochi,Marketing Manager,128500,25500,24000,8200,5400,10500,7500,8700,16500,16200,73600,89800,38700,30.1,18.0,47,2.2
IN_USR_02145,55,Male,Tier 1,Mumbai,Sales Consultant,118000,27000,15200,4800,2600,9500,7400,8600,19500,16000,59100,75100,42900,36.4,21.3,64,5.4
IN_USR_02146,51,Female,Tier 2,Coimbatore,Civil Engineer,58500,11500,9200,3000,3400,3600,2800,2400,14000,5200,30700,35900,22600,38.6,14.5,72,6.3
IN_USR_02147,56,Male,Tier 1,Hyderabad,Small Business Owner,102500,26500,14800,4900,4700,5300,4800,7700,23500,12500,56200,68700,33800,33.0,18.2,65,6.3
IN_USR_02148,33,Male,Tier 1,Mumbai,Operations Executive,65500,17500,10800,4000,2600,4500,2600,2800,10500,5400,39400,44800,20700,31.6,12.1,58,4.1
IN_USR_02149,46,Male,Tier 2,Indore,Teacher/Professor,62500,11000,11000,4600,2400,5200,3000,3800,10500,6800,34200,41000,21500,34.4,16.6,52,2.4
IN_USR_02150,35,Female,Tier 2,Indore,Marketing Manager,58500,11000,10600,2700,1500,4600,2500,4200,13000,6700,30400,37100,21400,36.6,18.1,80,9.4
IN_USR_02151,38,Female,Tier 1,Chennai,Data Analyst,60000,19500,7600,4600,2100,4500,5500,2900,6500,8400,38300,46700,13300,22.2,18.0,46,3.7
IN_USR_02152,41,Female,Tier 3,Salem,Data Analyst,109000,18000,20400,4800,2700,9900,5800,7700,26500,13500,55800,69300,39700,36.4,19.5,75,8.3
IN_USR_02153,50,Male,Tier 2,Indore,Sales Consultant,38500,6000,7000,2700,2000,2200,2200,2300,7500,4500,19900,24400,14100,36.6,18.4,74,7.9
IN_USR_02154,56,Female,Tier 2,Coimbatore,Healthcare Worker,49000,11000,8000,2100,2800,3500,2100,3200,11000,5300,27400,32700,16300,33.3,16.2,71,7.6
IN_USR_02155,29,Female,Tier 2,Chandigarh,Sales Consultant,68500,12000,10600,5300,2800,1000,3900,5000,19000,8900,31700,40600,27900,40.7,21.9,64,4.7
IN_USR_02156,29,Male,Tier 1,Mumbai,Freelancer/Consultant,148500,38000,18400,11200,3100,2000,12100,11700,32000,23800,72700,96500,52000,35.0,24.7,75,9.1
IN_USR_02157,55,Male,Tier 2,Indore,Sales Consultant,75500,15000,13400,4500,1500,3100,4800,3800,20500,8600,37500,46100,29400,38.9,18.7,80,8.9
IN_USR_02158,47,Male,Tier 1,Hyderabad,Healthcare Worker,67000,16000,13400,5000,1700,6600,5800,4200,6500,10000,42700,52700,14300,21.3,19.0,43,3.1
IN_USR_02159,35,Female,Tier 3,Dehradun,Financial Analyst,100500,14500,14200,5800,3700,8300,5300,4100,29000,9400,46500,55900,44600,44.4,16.8,93,12.4
IN_USR_02160,45,Female,Tier 2,Coimbatore,Software Engineer,180500,34500,35600,7500,5600,11000,9700,7100,33000,16800,94200,111000,69500,38.5,15.1,84,9.6
IN_USR_02161,35,Female,Tier 2,Coimbatore,Operations Executive,73000,17500,12000,3200,3000,4300,6700,3800,9500,10500,40000,50500,22500,30.8,20.8,68,7.7
IN_USR_02162,33,Male,Tier 1,Hyderabad,Marketing Manager,122000,35500,15600,8600,2500,9000,10200,5000,18500,15200,71200,86400,35600,29.2,17.6,57,4.9
IN_USR_02163,55,Male,Tier 1,Hyderabad,Civil Engineer,84000,22500,12600,6700,3500,6500,5200,6400,9500,11600,51800,63400,20600,24.5,18.3,49,3.9
IN_USR_02164,53,Male,Tier 3,Salem,Healthcare Worker,55500,9500,8400,3500,1500,3600,3600,3000,12000,6600,26500,33100,22400,40.4,19.9,76,7.8
IN_USR_02165,45,Female,Tier 1,Delhi-NCR,Data Analyst,130500,33000,21800,8300,3800,11600,9600,10200,19000,19800,78500,98300,32200,24.7,20.1,52,4.8
IN_USR_02166,33,Female,Tier 2,Chandigarh,Marketing Manager,71500,15000,8600,5200,3900,3400,6600,2300,11000,8900,36100,45000,26500,37.1,19.8,60,4.0
IN_USR_02167,28,Female,Tier 1,Bangalore,Operations Executive,61500,15000,8400,4900,2500,300,2700,4900,13000,7600,31100,38700,22800,37.1,19.6,55,2.9
IN_USR_02168,55,Female,Tier 1,Hyderabad,Operations Executive,102500,28500,17200,5400,4600,9000,7800,8000,11000,15800,64700,80500,22000,21.5,19.6,47,4.4
IN_USR_02169,36,Male,Tier 1,Pune,Freelancer/Consultant,166500,46500,23000,9700,9800,12500,10600,5400,22500,16000,101500,117500,49000,29.4,13.6,50,2.5
IN_USR_02170,33,Female,Tier 1,Chennai,Financial Analyst,72000,19000,13200,4500,2700,3600,4000,3500,15000,7500,43000,50500,21500,29.9,14.9,48,2.1
IN_USR_02171,45,Female,Tier 3,Warangal,Freelancer/Consultant,82000,9000,15600,4800,2000,6600,4800,5000,22000,9800,38000,47800,34200,41.7,20.5,74,7.3
IN_USR_02172,53,Male,Tier 2,Chandigarh,Healthcare Worker,40500,9500,6800,2400,1500,3000,2900,2500,6500,5400,23200,28600,11900,29.4,18.9,60,5.8
IN_USR_02173,24,Female,Tier 2,Ahmedabad,Marketing Manager,90500,18000,18000,5400,4800,2500,6800,6500,19500,13300,48700,62000,28500,31.5,21.5,68,7.7
IN_USR_02174,48,Female,Tier 1,Hyderabad,Software Engineer,137000,37000,18000,7600,5400,9000,12100,10100,22000,22200,77000,99200,37800,27.6,22.4,57,5.8
IN_USR_02175,38,Female,Tier 2,Coimbatore,Healthcare Worker,90500,19000,16800,5900,5300,7700,5500,6500,15500,12000,54700,66700,23800,26.3,18.0,45,2.4
IN_USR_02176,50,Female,Tier 3,Nagpur,Software Engineer,92500,11000,16800,4600,3700,7000,3700,6100,24000,9800,43100,52900,39600,42.8,18.5,86,10.3
IN_USR_02177,47,Female,Tier 3,Nagpur,Freelancer/Consultant,96000,12000,11800,5500,5000,5500,8800,3000,30500,11800,39800,51600,44400,46.2,22.9,83,9.8
IN_USR_02178,45,Male,Tier 2,Chandigarh,Teacher/Professor,54500,13000,9000,2600,2400,3000,4100,2500,11000,6600,30000,36600,17900,32.8,18.0,49,2.1
IN_USR_02179,39,Male,Tier 1,Hyderabad,Marketing Manager,60000,20500,11400,2600,1200,5600,3200,4200,7000,7400,41300,48700,11300,18.8,15.2,43,3.3
IN_USR_02180,42,Male,Tier 1,Chennai,Financial Analyst,124500,33000,17200,7600,5600,8200,6500,5500,21000,12000,71600,83600,40900,32.9,14.4,56,3.5
IN_USR_02181,49,Female,Tier 2,Ahmedabad,Healthcare Worker,45000,8000,8400,3500,2500,2300,3900,2700,6500,6600,24700,31300,13700,30.4,21.1,52,3.7
IN_USR_02182,31,Male,Tier 2,Indore,Operations Executive,88500,20500,11000,3900,2400,6100,3800,6200,15000,10000,43900,53900,34600,39.1,18.6,84,9.9
IN_USR_02183,42,Male,Tier 1,Pune,Operations Executive,85000,28500,13400,5600,2400,4400,4600,6100,10500,10700,54300,65000,20000,23.5,16.5,42,2.2
IN_USR_02184,35,Female,Tier 1,Chennai,Civil Engineer,60500,19000,9600,3800,3300,2500,5400,2900,9000,8300,38200,46500,14000,23.1,17.8,47,3.7
IN_USR_02185,33,Female,Tier 1,Hyderabad,Software Engineer,208000,69000,32800,11900,8100,14300,16300,15700,22500,32000,136100,168100,39900,19.2,19.0,44,3.9
IN_USR_02186,32,Male,Tier 1,Chennai,Healthcare Worker,60500,20000,10000,2700,2400,3300,4600,3600,9500,8200,38400,46600,13900,23.0,17.6,51,4.9
IN_USR_02187,28,Male,Tier 3,Salem,Sales Consultant,75500,13000,11800,4000,3600,1800,3100,4400,21000,7500,34200,41700,33800,44.8,18.0,85,9.8
IN_USR_02188,47,Female,Tier 1,Bangalore,Healthcare Worker,86500,19500,10600,5000,2400,6300,6800,4500,19500,11300,43800,55100,31400,36.3,20.5,67,6.2
IN_USR_02189,34,Male,Tier 1,Pune,Civil Engineer,75000,18500,14600,4000,2400,6100,6900,5500,10000,12400,45600,58000,17000,22.7,21.4,43,3.1
IN_USR_02190,54,Male,Tier 2,Chandigarh,Data Analyst,109000,22500,20200,5400,5100,6900,10800,4600,23000,15400,60100,75500,33500,30.7,20.4,55,4.3
IN_USR_02191,55,Female,Tier 2,Indore,Operations Executive,52000,13000,10000,3200,2400,4900,5200,3100,4000,8300,33500,41800,10200,19.6,19.9,45,4.2
IN_USR_02192,24,Female,Tier 2,Kochi,Healthcare Worker,40500,9500,7600,1900,1800,900,1900,1900,7000,3800,21700,25500,15000,37.0,14.9,80,9.0
IN_USR_02193,24,Male,Tier 2,Indore,Small Business Owner,213000,40500,28800,8700,9400,5700,20200,10200,61500,30400,93100,123500,89500,42.0,24.6,70,6.6
IN_USR_02194,22,Male,Tier 1,Pune,Small Business Owner,236500,55500,35000,17100,12700,5700,19100,9600,36500,28700,126000,154700,81800,34.6,18.6,53,2.8
IN_USR_02195,44,Male,Tier 1,Delhi-NCR,Software Engineer,93000,24000,12600,6200,3800,7600,7900,6000,13000,13900,54200,68100,24900,26.8,20.4,50,4.0
IN_USR_02196,25,Female,Tier 2,Jaipur,Software Engineer,137500,33000,17200,10800,4400,1200,9200,10400,26000,19600,66600,86200,51300,37.3,22.7,76,8.7
IN_USR_02197,53,Female,Tier 3,Dehradun,Teacher/Professor,67000,7500,12400,3600,3200,3600,6000,3300,11500,9300,30300,39600,27400,40.9,23.5,62,4.3
IN_USR_02198,31,Male,Tier 2,Chandigarh,Healthcare Worker,76000,18000,12600,5700,1800,4600,7000,3700,12000,10700,42700,53400,22600,29.7,20.0,53,4.0
IN_USR_02199,55,Male,Tier 1,Delhi-NCR,Freelancer/Consultant,64000,16000,12400,2900,2400,5400,5700,3000,8000,8700,39100,47800,16200,25.3,18.2,52,4.6
IN_USR_02200,51,Female,Tier 1,Delhi-NCR,Software Engineer,175000,50000,25000,12200,9700,15900,14700,9700,16500,24400,112800,137200,37800,21.6,17.8,39,1.9
IN_USR_02201,48,Female,Tier 1,Delhi-NCR,Software Engineer,220000,75000,33600,17000,7500,13500,18000,15100,18500,33100,146600,179700,40300,18.3,18.4,41,3.4
IN_USR_02202,54,Male,Tier 3,Dehradun,Financial Analyst,120500,13500,18600,6400,4600,10900,9400,9200,23000,18600,54000,72600,47900,39.8,25.6,76,8.3
IN_USR_02203,33,Female,Tier 1,Chennai,Data Analyst,76500,19000,12000,5700,3800,6800,4200,4600,12000,8800,47300,56100,20400,26.7,15.7,42,1.4
IN_USR_02204,25,Female,Tier 3,Trichy,Freelancer/Consultant,101500,14500,14800,6900,3700,2700,9700,7300,18000,17000,42600,59600,41900,41.3,28.5,72,7.6
IN_USR_02205,34,Female,Tier 2,Coimbatore,Sales Consultant,50500,8500,7600,2500,2800,4800,4400,2600,8500,7000,26200,33200,17300,34.3,21.1,69,7.3
IN_USR_02206,23,Female,Tier 1,Mumbai,Financial Analyst,137000,33000,21800,7500,7200,3900,12200,10600,25000,22800,73400,96200,40800,29.8,23.7,47,2.9
IN_USR_02207,28,Female,Tier 3,Nagpur,Software Engineer,76000,9500,15000,4100,2300,700,4700,5900,22500,10600,31600,42200,33800,44.5,25.1,73,7.5
IN_USR_02208,49,Male,Tier 3,Warangal,Teacher/Professor,62500,7500,9400,4900,2900,5100,5700,3200,13000,8900,29800,38700,23800,38.1,23.0,72,7.3
IN_USR_02209,44,Male,Tier 1,Chennai,Freelancer/Consultant,79500,18000,12200,5500,2500,3600,3600,6000,17000,9600,41800,51400,28100,35.3,18.7,67,6.2
IN_USR_02210,32,Male,Tier 2,Indore,Sales Consultant,65500,11500,10800,4900,3300,5000,6400,4800,11500,11200,35500,46700,18800,28.7,24.0,51,4.0
IN_USR_02211,55,Female,Tier 2,Jaipur,Data Analyst,54500,10000,10000,3400,2400,2500,3400,2200,8500,5600,28300,33900,20600,37.8,16.5,67,5.4
IN_USR_02212,25,Male,Tier 2,Chandigarh,Small Business Owner,227500,51000,40200,17700,8500,3400,9700,17200,48000,26900,120800,147700,79800,35.1,18.2,75,8.4
IN_USR_02213,56,Female,Tier 2,Coimbatore,Data Analyst,123500,25000,17000,6400,7200,8300,5700,8400,29000,14100,63900,78000,45500,36.8,18.1,66,5.5
IN_USR_02214,37,Female,Tier 3,Salem,Software Engineer,185000,22000,29800,8100,5900,15600,11900,8300,40500,20200,81400,101600,83400,45.1,19.9,89,11.3
IN_USR_02215,48,Female,Tier 1,Bangalore,Operations Executive,75000,23000,10200,5100,2000,5200,6700,3800,10000,10500,45500,56000,19000,25.3,18.8,53,4.9
IN_USR_02216,42,Male,Tier 2,Indore,Sales Consultant,93000,21500,13400,6000,2500,5900,6200,3200,23500,9400,49300,58700,34300,36.9,16.0,61,4.1
IN_USR_02217,35,Female,Tier 1,Delhi-NCR,Civil Engineer,101000,28000,14600,4600,4500,4100,5000,4900,22500,9900,55800,65700,35300,35.0,15.1,72,7.2
IN_USR_02218,57,Female,Tier 1,Pune,Healthcare Worker,105000,29000,21000,6400,6100,5000,10400,4100,10000,14500,67500,82000,23000,21.9,17.7,47,4.0
IN_USR_02219,31,Male,Tier 2,Coimbatore,Small Business Owner,219000,36000,33000,13100,6000,9400,14900,9100,59500,24000,97500,121500,97500,44.5,19.8,90,11.5
IN_USR_02220,25,Female,Tier 2,Jaipur,Marketing Manager,112500,21500,21800,7700,6700,3300,7800,4800,26500,12600,61000,73600,38900,34.6,17.1,71,7.4
IN_USR_02221,42,Female,Tier 2,Kochi,Small Business Owner,168000,36500,29000,11200,8700,10500,14800,9300,27500,24100,95900,120000,48000,28.6,20.1,43,1.5
IN_USR_02222,44,Female,Tier 1,Chennai,Financial Analyst,123000,37000,19400,7000,5600,11900,6900,9600,17500,16500,80900,97400,25600,20.8,16.9,37,1.5
IN_USR_02223,24,Female,Tier 1,Delhi-NCR,Healthcare Worker,99500,24500,14000,5000,2200,900,4500,6400,22000,10900,46600,57500,42000,42.2,19.0,67,5.2
IN_USR_02224,28,Female,Tier 1,Mumbai,Civil Engineer,46500,14000,6000,3700,1600,1300,1900,2200,8000,4100,26600,30700,15800,34.0,13.4,53,2.4
IN_USR_02225,36,Female,Tier 3,Dehradun,Civil Engineer,32500,4500,5600,2600,1800,2900,2700,1800,7000,4500,17400,21900,10600,32.6,20.5,70,7.9
IN_USR_02226,48,Male,Tier 1,Hyderabad,Small Business Owner,235500,73000,29200,12000,6700,17200,9400,7500,56000,16900,138100,155000,80500,34.2,10.9,71,6.9
IN_USR_02227,26,Female,Tier 1,Delhi-NCR,Financial Analyst,82500,24500,13400,4500,4600,1600,7400,3700,15000,11100,48600,59700,22800,27.6,18.6,50,3.5
IN_USR_02228,23,Female,Tier 2,Ahmedabad,Software Engineer,122000,22500,20600,5300,3000,1100,7200,9600,34000,16800,52500,69300,52700,43.2,24.2,58,3.5
IN_USR_02229,22,Female,Tier 1,Chennai,Civil Engineer,49500,12500,7600,2000,2500,1300,4900,1800,9500,6700,25900,32600,16900,34.1,20.6,61,5.2
IN_USR_02230,43,Male,Tier 2,Jaipur,Operations Executive,64500,11000,12000,2700,1900,4900,4300,2700,10500,7000,32500,39500,25000,38.8,17.7,69,5.8
IN_USR_02231,48,Female,Tier 1,Bangalore,Financial Analyst,96500,24000,12200,5500,3300,6800,6300,3600,18500,9900,51800,61700,34800,36.1,16.0,62,4.5
IN_USR_02232,31,Female,Tier 1,Mumbai,Software Engineer,159000,43500,30400,11100,4100,13300,7400,4800,30500,12200,102400,114600,44400,27.9,10.6,61,5.6
IN_USR_02233,49,Female,Tier 1,Pune,Software Engineer,182500,51000,23000,7800,4900,14900,8300,9000,42000,17300,101600,118900,63600,34.8,14.6,67,6.0
IN_USR_02234,33,Male,Tier 1,Mumbai,Freelancer/Consultant,121000,38500,23400,4900,6600,6800,6900,7200,13000,14100,80200,94300,26700,22.1,15.0,38,1.3
IN_USR_02235,48,Female,Tier 1,Bangalore,Sales Consultant,85000,21000,16000,5800,2500,4200,4300,5500,13500,9800,49500,59300,25700,30.2,16.5,57,4.6
IN_USR_02236,43,Female,Tier 2,Indore,Software Engineer,112500,25000,16200,8400,5200,4900,9300,6400,15000,15700,59700,75400,37100,33.0,20.8,56,4.0
IN_USR_02237,25,Male,Tier 1,Hyderabad,Civil Engineer,95000,24000,18800,4600,2800,900,7800,4600,15500,12400,51100,63500,31500,33.2,19.5,60,5.0
IN_USR_02238,25,Male,Tier 2,Indore,Operations Executive,43000,8000,8600,2100,2500,0,3400,1500,9000,4900,21200,26100,16900,39.3,18.8,83,9.7
IN_USR_02239,39,Female,Tier 1,Mumbai,Civil Engineer,93500,29000,15800,5800,4400,8300,8600,7100,8500,15700,63300,79000,14500,15.5,19.9,33,2.1
IN_USR_02240,52,Male,Tier 1,Pune,Civil Engineer,69000,20000,10800,4400,2400,4200,3200,5400,9000,8600,41800,50400,18600,27.0,17.1,54,4.7
IN_USR_02241,58,Male,Tier 1,Chennai,Data Analyst,66000,20500,11800,5000,2900,5700,5000,3800,5500,8800,45900,54700,11300,17.1,16.1,38,2.5
IN_USR_02242,53,Male,Tier 3,Warangal,Operations Executive,65500,9000,10600,4500,2000,3800,4100,4300,17500,8400,29900,38300,27200,41.5,21.9,68,5.7
IN_USR_02243,44,Male,Tier 3,Trichy,Freelancer/Consultant,83500,14500,12400,3400,3300,8100,5300,4000,18500,9300,41700,51000,32500,38.9,18.2,68,5.7
IN_USR_02244,22,Female,Tier 2,Coimbatore,Civil Engineer,63000,10500,12400,3000,1500,1300,3100,2000,13000,5100,28700,33800,29200,46.3,15.1,94,13.5
IN_USR_02245,46,Male,Tier 1,Hyderabad,Teacher/Professor,36000,11500,4400,2300,2100,1900,3300,2100,3500,5400,22200,27600,8400,23.3,19.6,41,2.3
IN_USR_02246,58,Male,Tier 2,Jaipur,Small Business Owner,172500,26500,32800,13800,6900,11100,8600,5400,45500,14000,91100,105100,67400,39.1,13.3,82,8.7
IN_USR_02247,55,Female,Tier 1,Hyderabad,Sales Consultant,47500,11000,8200,2800,2300,3300,4400,1700,8000,6100,27600,33700,13800,29.1,18.1,52,3.8
IN_USR_02248,47,Female,Tier 1,Hyderabad,Sales Consultant,70500,21500,13800,3800,3400,5200,3300,4200,7000,7500,47700,55200,15300,21.7,13.6,38,1.1
IN_USR_02249,29,Male,Tier 1,Mumbai,Freelancer/Consultant,190500,61500,34000,13600,8500,2000,8200,9100,28500,17300,119600,136900,53600,28.1,12.6,58,5.0
IN_USR_02250,55,Female,Tier 2,Chandigarh,Civil Engineer,70500,11500,9200,3100,3500,3900,4700,5600,16000,10300,31200,41500,29000,41.1,24.8,79,9.0
IN_USR_02251,45,Female,Tier 2,Kochi,Marketing Manager,115500,20000,17400,7300,4500,5500,7100,7900,30000,15000,54700,69700,45800,39.7,21.5,77,8.1
IN_USR_02252,25,Female,Tier 3,Warangal,Small Business Owner,171500,19000,25800,10200,7400,2900,16800,10100,36500,26900,65300,92200,79300,46.2,29.2,69,6.8
IN_USR_02253,24,Male,Tier 2,Chandigarh,Teacher/Professor,61500,12500,7600,4000,2500,1000,5200,4300,12500,9500,27600,37100,24400,39.7,25.6,63,4.9
IN_USR_02254,43,Male,Tier 1,Mumbai,Software Engineer,127000,38000,18000,7900,5000,8700,6000,5000,17000,11000,77600,88600,38400,30.2,12.4,59,4.7
IN_USR_02255,34,Female,Tier 2,Jaipur,Sales Consultant,65000,13500,8600,2900,2800,2900,5100,3600,13000,8700,30700,39400,25600,39.4,22.1,87,11.1
IN_USR_02256,37,Female,Tier 2,Ahmedabad,Civil Engineer,90000,20500,15400,4700,5300,7300,6300,4900,16500,11200,53200,64400,25600,28.4,17.4,45,1.9
IN_USR_02257,41,Male,Tier 1,Mumbai,Small Business Owner,148500,37000,25400,7200,4400,14200,6600,9600,24000,16200,88200,104400,44100,29.7,15.5,46,1.7
IN_USR_02258,31,Female,Tier 1,Pune,Operations Executive,79000,17500,14400,4400,3800,4900,6200,6300,10000,12500,45000,57500,21500,27.2,21.7,52,4.6
IN_USR_02259,34,Male,Tier 2,Ahmedabad,Teacher/Professor,54500,13000,10000,4300,2800,3900,3200,2700,9000,5900,34000,39900,14600,26.8,14.8,47,2.4
IN_USR_02260,39,Female,Tier 2,Jaipur,Data Analyst,52000,9500,9800,3700,2300,2900,2700,2300,11000,5000,28200,33200,18800,36.2,15.1,56,2.8
IN_USR_02261,22,Male,Tier 3,Mysore,Teacher/Professor,56000,9500,9400,3600,3200,1100,3000,2100,16000,5100,26800,31900,24100,43.0,16.0,82,8.9
IN_USR_02262,37,Female,Tier 1,Delhi-NCR,Marketing Manager,131500,34000,21000,8600,3200,7800,9200,9600,18500,18800,74600,93400,38100,29.0,20.1,51,3.6
IN_USR_02263,25,Male,Tier 3,Warangal,Operations Executive,68000,7500,9200,5000,2300,700,4400,2600,24500,7000,24700,31700,36300,53.4,22.1,91,20.0
IN_USR_02264,36,Female,Tier 2,Ahmedabad,Freelancer/Consultant,89500,14500,12600,4600,3500,8200,7600,3800,17000,11400,43400,54800,34700,38.8,20.8,64,4.8
IN_USR_02265,46,Male,Tier 3,Dehradun,Civil Engineer,76000,13000,12000,3200,3500,4900,6700,3200,17000,9900,36600,46500,29500,38.8,21.3,83,10.0
IN_USR_02266,26,Male,Tier 1,Delhi-NCR,Data Analyst,116500,28500,15200,5900,5900,300,5900,8800,20500,14700,55800,70500,46000,39.5,20.9,77,8.2
IN_USR_02267,53,Female,Tier 1,Hyderabad,Teacher/Professor,37500,12500,5600,1900,2000,2700,3600,1800,3000,5400,24700,30100,7400,19.7,17.9,36,1.6
IN_USR_02268,34,Female,Tier 1,Chennai,Software Engineer,128500,37000,25400,8200,7300,7700,8500,8700,12500,17200,85600,102800,25700,20.0,16.7,36,1.3
IN_USR_02269,28,Female,Tier 2,Indore,Financial Analyst,129000,20000,18800,9000,4100,700,5800,7600,27500,13400,52600,66000,63000,48.8,20.3,92,12.6
IN_USR_02270,40,Male,Tier 2,Indore,Operations Executive,68000,11000,8800,2700,1600,6000,6600,4400,14000,11000,30100,41100,26900,39.6,26.8,75,8.4
IN_USR_02271,34,Male,Tier 1,Mumbai,Healthcare Worker,94500,22500,18200,6900,5000,4000,6300,7000,11000,13300,56600,69900,24600,26.0,19.0,51,4.3
IN_USR_02272,54,Female,Tier 2,Ahmedabad,Freelancer/Consultant,177000,35500,28600,9900,8000,12900,14400,6600,28000,21000,94900,115900,61100,34.5,18.1,71,7.6
IN_USR_02273,29,Male,Tier 2,Ahmedabad,Small Business Owner,135500,33000,26600,10400,4400,1100,10600,4900,30000,15500,75500,91000,44500,32.8,17.0,56,3.8
IN_USR_02274,31,Male,Tier 2,Jaipur,Data Analyst,63000,10500,10200,4700,1800,3900,5700,3600,10000,9300,31100,40400,22600,35.9,23.0,79,9.9
IN_USR_02275,40,Male,Tier 2,Coimbatore,Software Engineer,108000,18000,19200,7500,3200,5400,6900,7700,23500,14600,53300,67900,40100,37.1,21.5,83,10.5
IN_USR_02276,32,Male,Tier 3,Trichy,Marketing Manager,66500,7500,10800,3800,1400,4400,4200,3000,14000,7200,27900,35100,31400,47.2,20.5,92,14.7
IN_USR_02277,34,Female,Tier 2,Ahmedabad,Healthcare Worker,101500,18500,20000,6900,5700,7100,9300,3400,16500,12700,58200,70900,30600,30.1,17.9,52,3.5
IN_USR_02278,40,Male,Tier 1,Mumbai,Software Engineer,198000,65500,24000,13300,10300,15000,18200,15500,16000,33700,128100,161800,36200,18.3,20.8,40,3.3
IN_USR_02279,30,Female,Tier 1,Hyderabad,Civil Engineer,62000,21000,9600,4500,3700,1100,3300,2400,11500,5700,39900,45600,16400,26.5,12.5,50,3.2
IN_USR_02280,36,Female,Tier 2,Chandigarh,Teacher/Professor,73000,11500,12000,5200,3000,3800,4600,2900,18000,7500,35500,43000,30000,41.1,17.4,63,4.1
IN_USR_02281,51,Female,Tier 2,Ahmedabad,Software Engineer,147000,24500,28000,8000,8300,12700,7900,8200,28500,16100,81500,97600,49400,33.6,16.5,64,5.7
IN_USR_02282,26,Male,Tier 2,Coimbatore,Freelancer/Consultant,94000,20500,16200,5000,3100,1300,4100,2900,22000,7000,46100,53100,40900,43.5,13.2,91,11.0
IN_USR_02283,22,Female,Tier 1,Bangalore,Teacher/Professor,76000,26000,14600,4800,3500,1400,6700,3800,9500,10500,50300,60800,15200,20.0,17.3,40,2.4
IN_USR_02284,54,Female,Tier 2,Ahmedabad,Financial Analyst,64500,11000,12600,4700,3600,4000,4900,4600,11000,9500,35900,45400,19100,29.6,20.9,60,5.9
IN_USR_02285,39,Male,Tier 1,Delhi-NCR,Freelancer/Consultant,152000,40000,20600,11200,4200,6400,9100,5100,27000,14200,82400,96600,55400,36.4,14.7,70,6.3
IN_USR_02286,35,Female,Tier 1,Chennai,Data Analyst,61500,18500,9800,3300,2900,6100,5400,3200,6500,8600,40600,49200,12300,20.0,17.5,38,2.1
IN_USR_02287,22,Female,Tier 2,Kochi,Data Analyst,114500,20000,21800,8700,2900,900,7500,7500,29500,15000,54300,69300,45200,39.5,21.6,82,9.7
IN_USR_02288,51,Male,Tier 3,Salem,Small Business Owner,81000,9500,15000,3600,3300,5400,7600,6000,19500,13600,36800,50400,30600,37.8,27.0,74,8.5
IN_USR_02289,58,Male,Tier 1,Delhi-NCR,Small Business Owner,191000,60500,36000,10100,4900,17000,8400,7300,29000,15700,128500,144200,46800,24.5,10.9,55,4.9
IN_USR_02290,49,Male,Tier 2,Ahmedabad,Marketing Manager,54000,8500,9000,4200,1600,5400,5100,4300,9000,9400,28700,38100,15900,29.4,24.7,46,2.6
IN_USR_02291,37,Male,Tier 2,Coimbatore,Civil Engineer,86000,21500,16400,5800,1800,4700,8200,3000,16000,11200,50200,61400,24600,28.6,18.2,48,2.8
IN_USR_02292,48,Female,Tier 2,Kochi,Data Analyst,139000,21500,17200,5900,3600,6200,7700,8000,37000,15700,54400,70100,68900,49.6,22.4,67,5.7
IN_USR_02293,38,Female,Tier 1,Chennai,Teacher/Professor,70000,20000,12000,4600,1900,3100,5200,4100,12500,9300,41600,50900,19100,27.3,18.3,58,5.7
IN_USR_02294,35,Male,Tier 3,Trichy,Marketing Manager,110000,13500,17600,5300,3100,6400,5100,5600,22500,10700,45900,56600,53400,48.5,18.9,63,4.1
IN_USR_02295,23,Female,Tier 2,Jaipur,Data Analyst,51500,11000,6600,2300,1700,500,4400,3000,9500,7400,22100,29500,22000,42.7,25.1,86,10.9
IN_USR_02296,31,Male,Tier 2,Indore,Civil Engineer,62500,14000,12400,3700,2900,4300,5500,2100,10000,7600,37300,44900,17600,28.2,16.9,58,5.4
IN_USR_02297,57,Female,Tier 2,Ahmedabad,Sales Consultant,90500,18000,14000,5000,2000,6300,6100,3100,23000,9200,45300,54500,36000,39.8,16.9,77,7.7
IN_USR_02298,27,Male,Tier 2,Coimbatore,Small Business Owner,92000,14000,14800,4500,2900,300,5100,4300,25500,9400,36500,45900,46100,50.1,20.5,92,16.7
IN_USR_02299,27,Female,Tier 2,Chandigarh,Operations Executive,42500,8500,8200,1800,2500,700,2700,1900,10000,4600,21700,26300,16200,38.1,17.5,62,4.3
IN_USR_02300,28,Female,Tier 3,Trichy,Teacher/Professor,44000,6500,8400,1900,2600,800,2400,2200,8500,4600,20200,24800,19200,43.6,18.5,72,6.6
IN_USR_02301,39,Female,Tier 2,Chandigarh,Freelancer/Consultant,93000,18000,16200,4900,2000,6000,6600,6700,22000,13300,47100,60400,32600,35.1,22.0,50,2.1
IN_USR_02302,25,Female,Tier 3,Mysore,Civil Engineer,40500,5500,7000,1900,1900,400,3300,1900,9500,5200,16700,21900,18600,45.9,23.7,68,6.0
IN_USR_02303,42,Female,Tier 1,Bangalore,Sales Consultant,118000,37000,20600,6900,5700,8300,8400,9300,12500,17700,78500,96200,21800,18.5,18.4,42,3.5
IN_USR_02304,30,Male,Tier 2,Jaipur,Software Engineer,194500,44500,34000,7900,6000,4500,15000,10600,49500,25600,96900,122500,72000,37.0,20.9,83,10.3
IN_USR_02305,33,Female,Tier 1,Chennai,Sales Consultant,95500,29500,15600,3900,5500,4400,8900,7400,14000,16300,58900,75200,20300,21.3,21.7,42,3.1
IN_USR_02306,48,Female,Tier 1,Hyderabad,Operations Executive,61000,14500,9400,4300,2000,5900,4300,4000,9500,8300,36100,44400,16600,27.2,18.7,49,3.5
IN_USR_02307,27,Male,Tier 2,Jaipur,Teacher/Professor,60500,12000,7400,3000,2000,1400,4900,3800,12000,8700,25800,34500,26000,43.0,25.2,88,11.4
IN_USR_02308,51,Male,Tier 1,Hyderabad,Small Business Owner,185000,59500,30600,11900,7300,17300,14100,13100,13000,27200,126600,153800,31200,16.9,17.7,33,1.3
IN_USR_02309,25,Female,Tier 2,Chandigarh,Teacher/Professor,36500,8500,5600,2300,1800,1000,2700,1600,8500,4300,19200,23500,13000,35.6,18.3,56,3.2
IN_USR_02310,51,Male,Tier 1,Pune,Data Analyst,73500,25000,12800,3100,3000,6300,4200,2700,7000,6900,50200,57100,16400,22.3,12.1,42,1.9
IN_USR_02311,44,Female,Tier 2,Jaipur,Teacher/Professor,81500,13000,12800,5200,4600,5600,3400,3600,22500,7000,41200,48200,33300,40.9,14.5,74,6.5
IN_USR_02312,34,Male,Tier 1,Hyderabad,Small Business Owner,199000,51500,39400,14300,10200,11900,12500,9100,33000,21600,127300,148900,50100,25.2,14.5,52,4.1
IN_USR_02313,35,Male,Tier 1,Delhi-NCR,Operations Executive,48500,14500,6200,3600,2700,3800,2000,1500,6000,3500,30800,34300,14200,29.3,10.2,61,5.1
IN_USR_02314,35,Male,Tier 2,Kochi,Financial Analyst,78000,12500,13600,3900,3600,5100,7500,4900,18500,12400,38700,51100,26900,34.5,24.3,70,7.8
IN_USR_02315,45,Male,Tier 2,Coimbatore,Financial Analyst,96500,22000,12600,7100,2300,7800,7700,5900,19000,13600,51800,65400,31100,32.2,20.8,54,3.9
IN_USR_02316,31,Female,Tier 2,Jaipur,Teacher/Professor,48000,11500,7000,2300,2400,4800,2800,3800,7000,6600,28000,34600,13400,27.9,19.1,45,2.1
IN_USR_02317,45,Male,Tier 2,Kochi,Freelancer/Consultant,126500,31000,17000,6000,3500,9300,9600,9000,22500,18600,66800,85400,41100,32.5,21.8,64,6.5
IN_USR_02318,43,Male,Tier 2,Jaipur,Civil Engineer,37000,9000,6000,1500,1500,3000,1700,2400,8000,4100,21000,25100,11900,32.2,16.3,67,6.8
IN_USR_02319,35,Female,Tier 1,Delhi-NCR,Financial Analyst,117000,28500,20600,6900,4600,6500,10100,5100,18000,15200,67100,82300,34700,29.7,18.5,61,6.1
IN_USR_02320,37,Male,Tier 1,Delhi-NCR,Software Engineer,101000,28000,15200,6200,4100,4900,5800,5200,21500,11000,58400,69400,31600,31.3,15.9,62,5.6
IN_USR_02321,45,Female,Tier 2,Ahmedabad,Sales Consultant,65000,15000,12000,4100,3600,6000,5100,3200,9000,8300,40700,49000,16000,24.6,16.9,42,1.8
IN_USR_02322,23,Female,Tier 1,Mumbai,Civil Engineer,59500,19500,8800,2900,2200,200,3900,3500,13000,7400,33600,41000,18500,31.1,18.0,66,6.8
IN_USR_02323,36,Male,Tier 2,Coimbatore,Operations Executive,65500,10000,10800,3700,1700,5200,6100,2300,14000,8400,31400,39800,25700,39.2,21.1,62,4.3
IN_USR_02324,47,Male,Tier 1,Delhi-NCR,Software Engineer,156000,49500,31000,11100,5000,12500,11800,12000,11000,23800,109100,132900,23100,14.8,17.9,31,1.3
IN_USR_02325,31,Female,Tier 2,Kochi,Financial Analyst,145000,35000,22400,10400,5800,13700,10800,9600,18500,20400,87300,107700,37300,25.7,18.9,54,5.0
IN_USR_02326,44,Female,Tier 2,Coimbatore,Teacher/Professor,37500,6500,6600,2600,1500,3500,3000,2700,7000,5700,20700,26400,11100,29.6,21.6,53,4.2
IN_USR_02327,28,Male,Tier 1,Mumbai,Small Business Owner,142000,48000,18800,9100,4000,3700,13500,7600,16000,21100,83600,104700,37300,26.3,20.2,47,3.3
IN_USR_02328,39,Male,Tier 2,Kochi,Software Engineer,148000,33000,22400,9800,3500,7400,9300,8200,37500,17500,76100,93600,54400,36.8,18.7,81,9.7
IN_USR_02329,44,Male,Tier 3,Nagpur,Financial Analyst,106000,16500,14000,6300,4900,8600,6400,5100,28000,11500,50300,61800,44200,41.7,18.6,91,11.6
IN_USR_02330,30,Female,Tier 2,Ahmedabad,Sales Consultant,98000,22500,13200,6400,3200,800,9300,4100,23000,13400,46100,59500,38500,39.3,22.5,85,10.6
IN_USR_02331,34,Male,Tier 2,Indore,Marketing Manager,124500,24000,22400,5900,6600,7600,5300,4600,19500,9900,66500,76400,48100,38.6,13.0,70,5.7
IN_USR_02332,32,Male,Tier 1,Chennai,Small Business Owner,133500,46000,23400,7400,7400,10700,8400,9300,13500,17700,94900,112600,20900,15.7,15.7,32,1.2
IN_USR_02333,53,Male,Tier 1,Delhi-NCR,Sales Consultant,77500,18000,9400,3700,3300,5700,3400,4100,12000,7500,40100,47600,29900,38.6,15.8,81,8.9
IN_USR_02334,45,Male,Tier 1,Mumbai,Marketing Manager,122000,34000,22800,6000,7200,9400,12100,9100,10500,21200,79400,100600,21400,17.5,21.1,31,1.1
IN_USR_02335,41,Female,Tier 1,Mumbai,Small Business Owner,265500,74000,51200,14600,12100,24900,11000,9900,38000,20900,176800,197700,67800,25.5,10.6,43,1.2
IN_USR_02336,25,Female,Tier 1,Bangalore,Teacher/Professor,84000,25500,10600,3900,4200,1300,7600,6600,12500,14200,45500,59700,24300,28.9,23.8,47,3.0
IN_USR_02337,42,Female,Tier 2,Chandigarh,Marketing Manager,72500,11500,10600,4700,3700,5600,6000,5600,11000,11600,36100,47700,24800,34.2,24.3,58,4.8
IN_USR_02338,23,Male,Tier 1,Bangalore,Teacher/Professor,74000,21500,13600,5500,4100,600,3300,3500,10000,6800,45300,52100,21900,29.6,13.1,62,5.7
IN_USR_02339,39,Male,Tier 3,Mysore,Software Engineer,162500,23000,26600,9700,5500,13300,11200,7600,37000,18800,78100,96900,65600,40.4,19.4,90,11.3
IN_USR_02340,22,Female,Tier 2,Jaipur,Operations Executive,57000,9000,9600,4400,1500,400,3700,2500,13500,6200,24900,31100,25900,45.4,19.9,78,8.2
IN_USR_02341,54,Female,Tier 3,Mysore,Teacher/Professor,32500,4000,5600,1400,1700,3100,2600,1400,7500,4000,15800,19800,12700,39.1,20.2,86,10.5
IN_USR_02342,38,Female,Tier 1,Hyderabad,Healthcare Worker,85500,26000,16600,5500,2400,6400,4900,4400,13000,9300,56900,66200,19300,22.6,14.0,51,4.6
IN_USR_02343,46,Female,Tier 1,Bangalore,Sales Consultant,103500,30500,18600,7700,5000,9300,6400,4700,10000,11100,71100,82200,21300,20.6,13.5,37,1.1
IN_USR_02344,27,Male,Tier 1,Hyderabad,Sales Consultant,63000,22000,9000,2800,2400,400,4700,3600,12000,8300,36600,44900,18100,28.7,18.5,48,2.7
IN_USR_02345,52,Male,Tier 1,Mumbai,Operations Executive,83500,20500,15600,4800,2600,6700,6300,6700,14000,13000,50200,63200,20300,24.3,20.6,42,2.4
IN_USR_02346,37,Female,Tier 2,Kochi,Sales Consultant,35500,6500,5600,2300,1300,1600,2500,1900,7000,4400,17300,21700,13800,38.9,20.3,74,7.5
IN_USR_02347,49,Male,Tier 2,Chandigarh,Small Business Owner,240000,40000,47000,18900,12300,11300,14800,17900,54000,32700,129500,162200,77800,32.4,20.2,71,8.3
IN_USR_02348,31,Male,Tier 1,Pune,Civil Engineer,75000,23000,14200,4000,3300,4700,3600,3400,9500,7000,49200,56200,18800,25.1,12.5,47,2.8
IN_USR_02349,23,Male,Tier 2,Coimbatore,Software Engineer,162500,39500,30000,7900,7500,200,15800,5100,38000,20900,85100,106000,56500,34.8,19.7,58,4.0
IN_USR_02350,37,Female,Tier 1,Mumbai,Financial Analyst,152000,43500,23600,11800,4700,14200,11600,11100,21000,22700,97800,120500,31500,20.7,18.8,45,3.8
IN_USR_02351,23,Female,Tier 2,Ahmedabad,Software Engineer,81500,16500,15800,3600,2500,600,7500,2600,13500,10100,39000,49100,32400,39.8,20.6,65,5.0
IN_USR_02352,27,Female,Tier 3,Trichy,Marketing Manager,81500,12000,10400,5600,4300,2200,4400,6200,19500,10600,34500,45100,36400,44.7,23.5,65,5.3
IN_USR_02353,27,Female,Tier 3,Nagpur,Sales Consultant,63500,10500,11400,3200,2200,1000,4200,3600,13500,7800,28300,36100,27400,43.1,21.6,79,8.6
IN_USR_02354,53,Female,Tier 1,Mumbai,Sales Consultant,116500,31000,16200,5000,2800,9800,8200,6200,19500,14400,64800,79200,37300,32.0,18.2,64,6.2
IN_USR_02355,58,Male,Tier 1,Mumbai,Financial Analyst,94000,29500,15600,6000,4900,8800,8400,3600,8500,12000,64800,76800,17200,18.3,15.6,41,3.1
IN_USR_02356,22,Female,Tier 2,Jaipur,Marketing Manager,63000,13500,7600,4300,3600,500,5500,3200,17000,8700,29500,38200,24800,39.4,22.8,72,7.0
IN_USR_02357,45,Female,Tier 1,Hyderabad,Small Business Owner,267000,72000,32200,14100,11200,24100,19900,19900,38500,39800,153600,193400,73600,27.6,20.6,58,5.8
IN_USR_02358,41,Female,Tier 1,Hyderabad,Sales Consultant,108000,34500,16400,5900,4200,7100,6900,4600,19500,11500,68100,79600,28400,26.3,14.4,43,1.5
IN_USR_02359,44,Male,Tier 1,Chennai,Civil Engineer,104500,31500,17400,5500,5800,10000,4600,5000,12000,9600,70200,79800,24700,23.6,12.0,49,3.5
IN_USR_02360,55,Female,Tier 2,Indore,Teacher/Professor,63000,12500,8200,3400,3100,3100,2500,2100,17000,4600,30300,34900,28100,44.6,13.2,74,6.5
IN_USR_02361,24,Female,Tier 3,Salem,Freelancer/Consultant,142500,23000,19800,8700,7300,1200,6200,10000,29500,16200,60000,76200,66300,46.5,21.3,78,8.4
IN_USR_02362,49,Male,Tier 2,Chandigarh,Financial Analyst,66500,11500,8200,2900,3200,6600,5900,2800,16500,8700,32400,41100,25400,38.2,21.2,83,10.1
IN_USR_02363,28,Male,Tier 2,Indore,Operations Executive,79000,12000,11800,4700,2600,1200,4700,2900,19000,7600,32300,39900,39100,49.5,19.0,69,5.7
IN_USR_02364,47,Male,Tier 1,Delhi-NCR,Marketing Manager,114000,34000,22200,6100,5500,8100,6700,8800,15500,15500,75900,91400,22600,19.8,17.0,45,3.8
IN_USR_02365,34,Female,Tier 2,Jaipur,Small Business Owner,113500,20500,22400,8900,6400,7500,10500,7100,14000,17600,65700,83300,30200,26.6,21.1,56,5.6
IN_USR_02366,58,Female,Tier 2,Coimbatore,Teacher/Professor,58500,12500,7400,3900,3300,3500,4700,4400,11500,9100,30600,39700,18800,32.1,22.9,61,5.9
IN_USR_02367,29,Female,Tier 1,Hyderabad,Freelancer/Consultant,144000,43500,22200,11200,6300,1700,13400,11100,17000,24500,84900,109400,34600,24.0,22.4,44,3.2
IN_USR_02368,45,Male,Tier 1,Pune,Sales Consultant,69000,19000,11400,5100,3800,3000,6100,2100,11000,8200,42300,50500,18500,26.8,16.2,59,5.8
IN_USR_02369,53,Male,Tier 2,Jaipur,Small Business Owner,212500,38500,37800,14200,5300,8600,15400,13400,35500,28800,104400,133200,79300,37.3,21.6,81,9.9
IN_USR_02370,29,Female,Tier 2,Indore,Software Engineer,147000,35500,26200,8100,7800,3600,12300,7500,21000,19800,81200,101000,46000,31.3,19.6,47,1.9
IN_USR_02371,47,Female,Tier 1,Mumbai,Small Business Owner,128500,38500,25600,7000,5300,7400,10800,6300,13500,17100,83800,100900,27600,21.5,16.9,45,3.4
IN_USR_02372,27,Female,Tier 1,Bangalore,Small Business Owner,206500,54000,40400,13200,8500,1800,16600,15400,23500,32000,117900,149900,56600,27.4,21.3,58,6.1
IN_USR_02373,55,Female,Tier 1,Delhi-NCR,Software Engineer,233500,60000,28200,18300,10300,19700,12800,9200,31000,22000,136500,158500,75000,32.1,13.9,62,5.2
IN_USR_02374,58,Female,Tier 1,Delhi-NCR,Operations Executive,40500,10500,7400,1800,2300,1600,2800,2600,5000,5400,23600,29000,11500,28.4,18.6,57,5.1
IN_USR_02375,37,Male,Tier 2,Ahmedabad,Sales Consultant,64000,12500,9400,3200,2300,4200,4300,3400,11500,7700,31600,39300,24700,38.6,19.6,65,5.1
IN_USR_02376,57,Male,Tier 1,Bangalore,Financial Analyst,122000,33500,15600,9200,3600,6500,10500,8200,15500,18700,68400,87100,34900,28.6,21.5,48,3.0
IN_USR_02377,51,Male,Tier 2,Jaipur,Civil Engineer,39000,9500,5000,2900,2100,2100,2100,1300,6500,3400,21600,25000,14000,35.9,13.6,70,6.4
IN_USR_02378,56,Female,Tier 2,Kochi,Sales Consultant,97000,16500,17200,7100,2200,4600,8900,7100,15500,16000,47600,63600,33400,34.4,25.2,75,9.2
IN_USR_02379,29,Male,Tier 3,Trichy,Freelancer/Consultant,92500,13500,17000,4900,4300,200,5300,3600,28000,8900,39900,48800,43700,47.2,18.2,64,4.4
IN_USR_02380,33,Male,Tier 1,Chennai,Healthcare Worker,95000,28500,11800,6500,5100,4900,5200,3900,14000,9100,56800,65900,29100,30.6,13.8,53,3.0
IN_USR_02381,32,Female,Tier 2,Kochi,Financial Analyst,75500,16500,15000,5200,3400,5100,3700,5700,14500,9400,45200,54600,20900,27.7,17.2,50,3.4
IN_USR_02382,54,Male,Tier 1,Hyderabad,Teacher/Professor,38000,12500,6200,2900,1400,2800,3000,1300,4500,4300,25800,30100,7900,20.8,14.3,39,1.7
IN_USR_02383,56,Female,Tier 1,Bangalore,Software Engineer,99500,33500,17200,4800,5900,6000,8300,5100,13000,13400,67400,80800,18700,18.8,16.6,44,3.7
IN_USR_02384,43,Female,Tier 1,Pune,Healthcare Worker,64000,18000,10600,3400,2500,2700,3700,4500,11000,8200,37200,45400,18600,29.1,18.1,48,2.7
IN_USR_02385,40,Female,Tier 1,Chennai,Healthcare Worker,125500,32500,23400,5300,4000,8100,6500,4500,20500,11000,73300,84300,41200,32.8,13.0,54,2.9
IN_USR_02386,26,Female,Tier 1,Chennai,Sales Consultant,100000,29500,15000,6800,4300,2700,6500,6900,11500,13400,58300,71700,28300,28.3,18.7,59,5.7
IN_USR_02387,36,Male,Tier 1,Delhi-NCR,Financial Analyst,90500,26500,13800,4600,2700,4400,3700,3400,21500,7100,52000,59100,31400,34.7,12.0,56,2.7
IN_USR_02388,27,Female,Tier 1,Hyderabad,Freelancer/Consultant,163000,53500,22200,10700,4800,1900,7000,5500,25500,12500,93100,105600,57400,35.2,11.8,64,4.8
IN_USR_02389,35,Male,Tier 1,Hyderabad,Software Engineer,250500,57500,45800,11600,10900,12200,10300,17300,43000,27600,138000,165600,84900,33.9,16.7,69,7.0
IN_USR_02390,41,Male,Tier 2,Chandigarh,Freelancer/Consultant,142000,22000,25200,9500,8200,8300,9000,5200,26000,14200,73200,87400,54600,38.5,16.2,70,6.0
IN_USR_02391,49,Female,Tier 1,Bangalore,Teacher/Professor,70000,20500,9600,5600,2200,4900,4700,4300,7500,9000,42800,51800,18200,26.0,17.4,58,5.8
IN_USR_02392,54,Male,Tier 1,Hyderabad,Healthcare Worker,105000,28000,15200,6600,3900,8500,4200,8200,18000,12400,62200,74600,30400,29.0,16.6,48,2.6
IN_USR_02393,48,Male,Tier 3,Nagpur,Civil Engineer,80000,12500,13000,4300,2200,7000,5300,4700,20000,10000,39000,49000,31000,38.8,20.4,67,5.7
IN_USR_02394,58,Male,Tier 1,Mumbai,Civil Engineer,74000,23500,9800,3700,4300,6100,6900,5600,9000,12500,47400,59900,14100,19.1,20.9,39,2.9
IN_USR_02395,32,Female,Tier 3,Nagpur,Small Business Owner,103000,14000,14000,6900,3100,8100,9500,8100,20500,17600,46100,63700,39300,38.2,27.6,56,3.5
IN_USR_02396,44,Male,Tier 3,Trichy,Freelancer/Consultant,124500,13500,15400,6900,5000,6200,11100,6100,37500,17200,47000,64200,60300,48.4,26.8,86,11.2
IN_USR_02397,55,Female,Tier 3,Dehradun,Financial Analyst,77000,13500,13000,6100,4300,6600,6200,5400,13000,11600,43500,55100,21900,28.4,21.1,61,6.5
IN_USR_02398,45,Male,Tier 2,Ahmedabad,Freelancer/Consultant,130000,25000,16600,8700,4000,11800,12800,5400,27500,18200,66100,84300,45700,35.2,21.6,75,8.7
IN_USR_02399,56,Male,Tier 2,Jaipur,Healthcare Worker,65000,11500,10000,2800,1700,5800,6200,3600,13000,9800,31800,41600,23400,36.0,23.6,80,10.1
IN_USR_02400,37,Male,Tier 1,Chennai,Financial Analyst,87500,30000,10600,4800,2100,7500,4400,2700,11500,7100,55000,62100,25400,29.0,11.4,57,4.3
IN_USR_02401,45,Male,Tier 1,Mumbai,Marketing Manager,111500,34000,19400,7500,3500,4500,8200,3800,16500,12000,68900,80900,30600,27.4,14.8,46,2.2
IN_USR_02402,29,Female,Tier 1,Bangalore,Data Analyst,85000,25500,14400,6500,4900,200,7300,4600,10500,11900,51500,63400,21600,25.4,18.8,55,5.4
IN_USR_02403,22,Male,Tier 2,Coimbatore,Data Analyst,136000,28500,27200,9500,7900,1500,8200,10600,20000,18800,74600,93400,42600,31.3,20.1,64,6.5
IN_USR_02404,40,Female,Tier 2,Kochi,Marketing Manager,112000,27000,17800,6100,2600,6400,7800,5800,16500,13600,59900,73500,38500,34.4,18.5,62,5.2
IN_USR_02405,25,Female,Tier 1,Hyderabad,Financial Analyst,143500,49500,27600,10600,3200,2700,11400,9600,16000,21000,93600,114600,28900,20.1,18.3,45,3.9
IN_USR_02406,56,Male,Tier 1,Chennai,Freelancer/Consultant,86000,21000,11800,3800,4000,3500,5400,5200,19000,10600,44100,54700,31300,36.4,19.4,57,3.5
IN_USR_02407,26,Male,Tier 1,Chennai,Civil Engineer,54500,17000,8200,3000,2500,100,2700,2200,8000,4900,30800,35700,18800,34.5,13.7,63,5.0
IN_USR_02408,44,Female,Tier 1,Chennai,Marketing Manager,77000,26000,12200,3200,3800,3500,5100,2700,13000,7800,48700,56500,20500,26.6,13.8,60,5.8
IN_USR_02409,51,Female,Tier 2,Indore,Software Engineer,122000,22000,17800,7400,6700,10400,8000,5100,18000,13100,64300,77400,44600,36.6,16.9,58,3.4
IN_USR_02410,58,Female,Tier 1,Chennai,Civil Engineer,56000,17000,6800,4400,1100,4900,2500,3100,10500,5600,34200,39800,16200,28.9,14.1,46,1.7
IN_USR_02411,43,Male,Tier 1,Delhi-NCR,Software Engineer,245500,62500,35800,15200,9000,17000,10700,17000,43000,27700,139500,167200,78300,31.9,16.6,58,4.4
IN_USR_02412,53,Male,Tier 2,Indore,Small Business Owner,240500,41500,29400,13900,7400,13900,10200,18400,49500,28600,106100,134700,105800,44.0,21.2,71,6.6
IN_USR_02413,22,Male,Tier 1,Mumbai,Sales Consultant,65500,18500,11000,3800,3700,300,3400,2000,15000,5400,37300,42700,22800,34.8,12.6,66,5.5
IN_USR_02414,37,Male,Tier 1,Bangalore,Data Analyst,81500,18500,11000,3400,4500,7400,5900,2700,16500,8600,44800,53400,28100,34.5,16.1,52,2.2
IN_USR_02415,23,Male,Tier 1,Hyderabad,Civil Engineer,45000,10500,7000,3100,1400,1300,4000,3000,8000,7000,23300,30300,14700,32.7,23.1,64,6.5
IN_USR_02416,39,Female,Tier 3,Warangal,Freelancer/Consultant,135500,23500,22200,10600,6100,6100,12700,9400,21500,22100,68500,90600,44900,33.1,24.4,48,2.4
IN_USR_02417,23,Female,Tier 2,Indore,Small Business Owner,71000,17500,11600,4700,1800,100,3400,5700,18000,9100,35700,44800,26200,36.9,20.3,61,4.4
IN_USR_02418,43,Female,Tier 1,Chennai,Healthcare Worker,116000,32000,22200,7400,3900,6500,7400,3600,18000,11000,72000,83000,33000,28.4,13.3,55,4.2
IN_USR_02419,28,Female,Tier 1,Delhi-NCR,Data Analyst,130500,43500,20600,9400,3300,600,6800,3900,26000,10700,77400,88100,42400,32.5,12.1,58,3.8
IN_USR_02420,36,Female,Tier 1,Mumbai,Sales Consultant,109500,33500,16000,5200,2800,8400,6700,6500,18500,13200,65900,79100,30400,27.8,16.7,53,4.1
IN_USR_02421,55,Female,Tier 2,Kochi,Teacher/Professor,62500,10500,9800,2900,2800,6100,3300,4100,14000,7400,32100,39500,23000,36.8,18.7,79,9.2
IN_USR_02422,23,Male,Tier 2,Kochi,Software Engineer,138500,28500,21000,7900,6700,3300,8100,6800,31500,14900,67400,82300,56200,40.6,18.1,66,4.9
IN_USR_02423,51,Male,Tier 2,Chandigarh,Civil Engineer,82500,18500,15200,4400,4000,6300,6000,4800,14000,10800,48400,59200,23300,28.2,18.2,51,3.6
IN_USR_02424,31,Female,Tier 1,Mumbai,Marketing Manager,98500,33000,19200,6400,2200,4600,6400,4200,14500,10600,65400,76000,22500,22.8,13.9,40,1.5
IN_USR_02425,30,Male,Tier 1,Chennai,Marketing Manager,90500,30500,18000,4300,5000,600,4600,6600,12000,11200,58400,69600,20900,23.1,16.1,41,1.8
IN_USR_02426,35,Male,Tier 1,Bangalore,Operations Executive,61000,15500,9000,4200,3000,5700,5900,2500,10000,8400,37400,45800,15200,24.9,18.3,55,5.4
IN_USR_02427,27,Male,Tier 1,Delhi-NCR,Operations Executive,83500,21000,16600,4500,3800,400,7400,5100,14000,12500,46300,58800,24700,29.6,21.3,50,3.4
IN_USR_02428,41,Female,Tier 1,Bangalore,Civil Engineer,46000,11000,6000,3600,1700,3900,3600,1800,7000,5400,26200,31600,14400,31.3,17.1,56,4.0
IN_USR_02429,33,Female,Tier 1,Hyderabad,Marketing Manager,100500,25000,19400,6500,5600,6300,7900,7100,11500,15000,62800,77800,22700,22.6,19.3,49,4.5
IN_USR_02430,25,Female,Tier 1,Bangalore,Operations Executive,68000,23500,11800,4900,2000,600,6300,2600,10000,8900,42800,51700,16300,24.0,17.2,42,2.1
IN_USR_02431,43,Female,Tier 2,Indore,Financial Analyst,89000,16000,12000,3800,4400,4100,4900,7000,24500,11900,40300,52200,36800,41.3,22.8,65,5.1
IN_USR_02432,52,Female,Tier 3,Trichy,Marketing Manager,43500,8000,7400,3300,2000,1800,2800,2900,8000,5700,22500,28200,15300,35.2,20.2,71,7.5
IN_USR_02433,46,Female,Tier 1,Hyderabad,Operations Executive,86000,20000,16000,6200,4500,6100,6000,6700,12000,12700,52800,65500,20500,23.8,19.4,44,2.8
IN_USR_02434,22,Female,Tier 1,Delhi-NCR,Sales Consultant,53000,14000,6400,2300,1400,0,4400,2100,12000,6500,24100,30600,22400,42.3,21.2,57,2.8
IN_USR_02435,38,Male,Tier 1,Hyderabad,Financial Analyst,147500,50500,25000,8400,8800,13500,14400,9100,7500,23500,106200,129700,17800,12.1,18.1,26,0.8
IN_USR_02436,57,Female,Tier 3,Trichy,Freelancer/Consultant,104000,11500,12800,6100,3700,6500,7900,6400,34000,14300,40600,54900,49100,47.2,26.0,83,10.3
IN_USR_02437,38,Male,Tier 1,Bangalore,Small Business Owner,78000,20000,11000,4000,2400,3200,5300,5600,12000,10900,40600,51500,26500,34.0,21.2,68,7.0
IN_USR_02438,56,Female,Tier 1,Delhi-NCR,Freelancer/Consultant,163000,39500,28800,12000,8100,13500,12400,8600,20000,21000,101900,122900,40100,24.6,17.1,47,3.2
IN_USR_02439,49,Male,Tier 3,Warangal,Freelancer/Consultant,150500,17000,20800,8100,6000,11200,12000,9000,37000,21000,63100,84100,66400,44.1,25.0,90,12.8
IN_USR_02440,46,Female,Tier 1,Hyderabad,Operations Executive,94500,28500,11600,6000,4200,7900,6800,4300,16000,11100,58200,69300,25200,26.7,16.0,56,5.2
IN_USR_02441,36,Male,Tier 3,Trichy,Healthcare Worker,37000,6500,6000,2600,1700,2900,3600,1900,5000,5500,19700,25200,11800,31.9,21.8,61,5.9
IN_USR_02442,35,Female,Tier 1,Hyderabad,Healthcare Worker,48500,16500,7000,2100,1300,2100,3400,1800,6500,5200,29000,34200,14300,29.5,15.2,48,2.2
IN_USR_02443,41,Female,Tier 3,Dehradun,Software Engineer,93000,15500,13800,4800,3700,9200,7100,3900,18500,11000,47000,58000,35000,37.6,19.0,61,4.2
IN_USR_02444,32,Female,Tier 2,Ahmedabad,Sales Consultant,78500,12000,12200,5900,4500,7500,6800,3600,17500,10400,42100,52500,26000,33.1,19.8,61,5.2
IN_USR_02445,38,Female,Tier 2,Coimbatore,Financial Analyst,98500,15500,13200,5200,5200,7200,5700,5200,24000,10900,46300,57200,41300,41.9,19.1,81,9.0
IN_USR_02446,27,Female,Tier 2,Chandigarh,Financial Analyst,118000,24500,20200,5500,3700,2400,10700,6100,30000,16800,56300,73100,44900,38.1,23.0,60,4.2
IN_USR_02447,47,Female,Tier 1,Pune,Freelancer/Consultant,67500,16000,12600,4500,2300,2900,2700,3900,14000,6600,38300,44900,22600,33.5,14.7,58,4.0
IN_USR_02448,27,Male,Tier 1,Hyderabad,Freelancer/Consultant,148000,41500,21600,10900,6200,300,14700,9400,25500,24100,80500,104600,43400,29.3,23.0,53,4.5
IN_USR_02449,37,Female,Tier 1,Delhi-NCR,Healthcare Worker,56500,14500,10000,4000,1200,2500,3500,1800,12000,5300,32200,37500,19000,33.6,14.1,55,3.1
IN_USR_02450,48,Male,Tier 1,Pune,Sales Consultant,119500,34000,18600,7300,5500,11200,11900,8900,10000,20800,76600,97400,22100,18.5,21.4,34,1.6
IN_USR_02451,54,Male,Tier 1,Chennai,Freelancer/Consultant,71500,20000,13200,5200,1600,3900,7100,4800,9500,11900,43900,55800,15700,22.0,21.3,36,1.3
IN_USR_02452,45,Female,Tier 1,Pune,Small Business Owner,148500,37500,25600,11100,3300,7600,6100,8900,22500,15000,85100,100100,48400,32.6,15.0,54,3.1
IN_USR_02453,57,Male,Tier 2,Coimbatore,Data Analyst,54000,11000,10400,3200,3200,5200,3800,2900,7500,6700,33000,39700,14300,26.5,16.9,45,2.4
IN_USR_02454,48,Female,Tier 2,Ahmedabad,Healthcare Worker,81000,15000,11600,5200,1800,4500,7900,2900,16000,10800,38100,48900,32100,39.6,22.1,85,10.5
IN_USR_02455,38,Male,Tier 1,Chennai,Data Analyst,74000,25000,9800,4800,3200,4600,4000,2400,12000,6400,47400,53800,20200,27.3,11.9,57,4.8
IN_USR_02456,34,Male,Tier 1,Bangalore,Marketing Manager,107000,33000,21200,5600,4900,6300,9100,3400,9500,12500,71000,83500,23500,22.0,15.0,42,2.4
IN_USR_02457,23,Female,Tier 1,Hyderabad,Software Engineer,202500,56000,36000,10700,12100,4500,11700,14300,31000,26000,119300,145300,57200,28.2,17.9,46,2.3
IN_USR_02458,48,Female,Tier 2,Chandigarh,Operations Executive,78500,13000,13800,5800,3400,4300,4000,3500,16500,7500,40300,47800,30700,39.1,15.7,67,5.0
IN_USR_02459,52,Male,Tier 1,Chennai,Software Engineer,134000,33500,24600,10500,5400,7000,9100,4800,20000,13900,81000,94900,39100,29.2,14.6,49,2.4
IN_USR_02460,38,Male,Tier 2,Coimbatore,Freelancer/Consultant,123500,29000,18400,5300,5800,7400,9300,8300,24500,17600,65900,83500,40000,32.4,21.1,54,3.7
IN_USR_02461,47,Female,Tier 3,Warangal,Operations Executive,72500,9000,10000,4600,1500,3200,4500,3300,16500,7800,28300,36100,36400,50.2,21.6,91,16.3
IN_USR_02462,55,Female,Tier 1,Delhi-NCR,Civil Engineer,59500,17000,7200,2500,2600,5100,4500,2800,7500,7300,34400,41700,17800,29.9,17.5,64,6.6
IN_USR_02463,41,Female,Tier 1,Bangalore,Freelancer/Consultant,120500,33000,15800,7900,4100,5100,5700,6600,17500,12300,65900,78200,42300,35.1,15.7,73,7.6
IN_USR_02464,41,Male,Tier 1,Chennai,Software Engineer,235500,59000,41400,13400,11000,10900,10800,14900,30000,25700,135700,161400,74100,31.5,15.9,58,4.6
IN_USR_02465,30,Male,Tier 1,Delhi-NCR,Civil Engineer,76500,20000,10200,4100,3500,1600,6300,4800,12000,11100,39400,50500,26000,34.0,22.0,52,2.9
IN_USR_02466,57,Female,Tier 1,Pune,Civil Engineer,47000,16000,8200,2700,2600,3300,3300,2200,5500,5500,32800,38300,8700,18.5,14.4,35,1.1
IN_USR_02467,42,Female,Tier 2,Coimbatore,Healthcare Worker,50500,12000,7800,4000,2800,5000,3700,2600,8000,6300,31600,37900,12600,25.0,16.6,46,2.9
IN_USR_02468,48,Male,Tier 1,Delhi-NCR,Civil Engineer,49000,15000,6400,3700,1400,3700,3200,1900,6000,5100,30200,35300,13700,28.0,14.4,61,5.9
IN_USR_02469,26,Male,Tier 1,Pune,Healthcare Worker,56000,16500,7000,2600,2700,1500,3800,3700,9000,7500,30300,37800,18200,32.5,19.8,68,7.3
IN_USR_02470,46,Female,Tier 2,Indore,Sales Consultant,101500,21500,20200,7100,2400,6600,5400,4800,18500,10200,57800,68000,33500,33.0,15.0,51,2.1
IN_USR_02471,35,Female,Tier 2,Chandigarh,Financial Analyst,100500,23500,18000,5700,2500,4000,4700,5400,19000,10100,53700,63800,36700,36.5,15.8,79,8.9
IN_USR_02472,22,Male,Tier 1,Mumbai,Data Analyst,149000,34500,27800,11100,4400,4500,11800,10700,22500,22500,82300,104800,44200,29.7,21.5,51,3.7
IN_USR_02473,46,Male,Tier 1,Mumbai,Financial Analyst,92500,20500,12400,5200,2600,7800,6400,4500,19500,10900,48500,59400,33100,35.8,18.4,60,4.2
IN_USR_02474,55,Female,Tier 2,Jaipur,Operations Executive,35500,8500,6200,1700,1800,2400,1500,2400,5500,3900,20600,24500,11000,31.0,15.9,58,4.7
IN_USR_02475,50,Female,Tier 3,Warangal,Marketing Manager,74500,8000,13200,5300,4000,3300,5500,4800,13500,10300,33800,44100,30400,40.8,23.4,91,12.2
IN_USR_02476,56,Male,Tier 2,Ahmedabad,Small Business Owner,234500,52000,34400,15600,8600,11300,10300,11000,61500,21300,121900,143200,91300,38.9,14.9,86,10.2
IN_USR_02477,26,Male,Tier 1,Mumbai,Teacher/Professor,92000,21000,14600,5900,4800,600,5800,4500,16500,10300,46900,57200,34800,37.8,18.0,74,7.5
IN_USR_02478,41,Female,Tier 1,Bangalore,Small Business Owner,131500,31500,25800,7000,5300,7900,6800,10400,20000,17200,77500,94700,36800,28.0,18.2,44,1.7
IN_USR_02479,33,Female,Tier 3,Mysore,Marketing Manager,93000,12000,13800,6300,4300,4300,4800,6100,25500,10900,40700,51600,41400,44.5,21.1,63,4.5
IN_USR_02480,50,Female,Tier 1,Bangalore,Freelancer/Consultant,155000,35000,28600,11100,4600,9600,10900,9000,25000,19900,88900,108800,46200,29.8,18.3,46,1.9
IN_USR_02481,47,Female,Tier 1,Pune,Operations Executive,100000,29000,12600,5400,5200,7600,7000,5500,18500,12500,59800,72300,27700,27.7,17.3,60,6.0
IN_USR_02482,26,Female,Tier 1,Pune,Sales Consultant,107000,30500,15200,4700,3900,300,9800,5600,24000,15400,54600,70000,37000,34.6,22.0,53,3.1
IN_USR_02483,32,Male,Tier 2,Ahmedabad,Data Analyst,124500,27000,21400,8500,5300,11100,11600,9700,17000,21300,73300,94600,29900,24.0,22.5,46,3.7
IN_USR_02484,38,Female,Tier 1,Chennai,Operations Executive,96000,32000,15000,7000,5700,8800,4300,7100,11000,11400,68500,79900,16100,16.8,14.3,37,2.1
IN_USR_02485,49,Female,Tier 2,Jaipur,Software Engineer,98500,21500,16600,6800,4900,7000,4800,4000,20000,8800,56800,65600,32900,33.4,13.4,73,7.9
IN_USR_02486,45,Male,Tier 1,Bangalore,Data Analyst,145000,46500,18400,9500,3100,9100,10700,6700,19000,17400,86600,104000,41000,28.3,16.7,44,1.6
IN_USR_02487,55,Female,Tier 2,Ahmedabad,Financial Analyst,55000,12000,6800,4100,1600,4300,2900,4200,8000,7100,28800,35900,19100,34.7,19.8,52,2.5
IN_USR_02488,22,Female,Tier 1,Hyderabad,Healthcare Worker,79000,22000,15400,3800,3000,700,4300,3300,17500,7600,44900,52500,26500,33.5,14.5,59,4.1
IN_USR_02489,52,Male,Tier 1,Bangalore,Freelancer/Consultant,52500,14000,9000,2800,2700,4700,4800,3100,6000,7900,33200,41100,11400,21.7,19.2,36,1.2
IN_USR_02490,38,Female,Tier 2,Chandigarh,Freelancer/Consultant,109000,17000,15200,7000,4800,9200,6600,8700,27000,15300,53200,68500,40500,37.2,22.3,73,7.8
IN_USR_02491,53,Male,Tier 2,Jaipur,Civil Engineer,69000,17000,10600,3100,3700,4100,6800,2500,12000,9300,38500,47800,21200,30.7,19.5,49,2.7
IN_USR_02492,48,Male,Tier 1,Hyderabad,Teacher/Professor,38000,12000,6200,2300,1200,3500,3300,1900,5000,5200,25200,30400,7600,20.0,17.1,42,2.9
IN_USR_02493,51,Male,Tier 1,Bangalore,Freelancer/Consultant,68500,23500,13200,4000,2800,6600,3800,3600,7000,7400,50100,57500,11000,16.1,12.9,33,1.2
IN_USR_02494,41,Female,Tier 1,Hyderabad,Freelancer/Consultant,121500,39500,20800,5000,5400,5600,5600,6900,22500,12500,76300,88800,32700,26.9,14.1,50,3.1
IN_USR_02495,26,Male,Tier 1,Mumbai,Software Engineer,192000,49500,37400,11800,5800,4600,9700,11800,26500,21500,109100,130600,61400,32.0,16.5,70,7.7
IN_USR_02496,24,Male,Tier 2,Indore,Operations Executive,84000,12500,12000,5600,2600,2100,4900,4400,23500,9300,34800,44100,39900,47.5,21.1,92,13.8
IN_USR_02497,24,Male,Tier 2,Chandigarh,Marketing Manager,118000,24000,18400,6700,4600,3000,5000,7300,32000,12300,56700,69000,49000,41.5,17.8,88,10.6
IN_USR_02498,55,Female,Tier 3,Mysore,Marketing Manager,73000,7500,10000,4700,4300,5300,5300,3200,19500,8500,31800,40300,32700,44.8,21.1,86,10.5
IN_USR_02499,23,Male,Tier 2,Ahmedabad,Marketing Manager,66000,14500,11000,3200,3000,1400,4400,2000,13500,6400,33100,39500,26500,40.2,16.2,70,5.8
IN_USR_02500,54,Male,Tier 3,Warangal,Data Analyst,81500,14000,13400,5100,2000,4400,7500,2800,17500,10300,38900,49200,32300,39.6,20.9,70,6.3
IN_USR_02501,43,Female,Tier 2,Ahmedabad,Sales Consultant,99500,15500,13000,6800,5500,7900,7300,3700,16500,11000,48700,59700,39800,40.0,18.4,65,4.5
IN_USR_02502,31,Female,Tier 1,Hyderabad,Operations Executive,43000,11500,7400,3300,1300,3900,2300,1300,6500,3600,27400,31000,12000,27.9,11.6,54,3.9
IN_USR_02503,29,Male,Tier 1,Pune,Sales Consultant,66500,18000,9800,5000,1500,1800,3800,4800,12000,8600,36100,44700,21800,32.8,19.2,54,3.5
IN_USR_02504,45,Male,Tier 2,Kochi,Civil Engineer,50000,10000,9000,2700,2400,4900,2900,3500,9500,6400,29000,35400,14600,29.2,18.1,55,4.5
IN_USR_02505,42,Male,Tier 2,Coimbatore,Freelancer/Consultant,57500,12500,10600,3100,1400,5500,5100,2600,9000,7700,33100,40800,16700,29.0,18.9,62,6.5
IN_USR_02506,36,Female,Tier 1,Hyderabad,Healthcare Worker,89000,28000,14200,3700,3100,7100,7600,6400,10500,14000,56100,70100,18900,21.2,20.0,48,4.6
IN_USR_02507,56,Male,Tier 2,Chandigarh,Data Analyst,126500,22000,19600,8600,3400,8700,8900,6500,23000,15400,62300,77700,48800,38.6,19.8,75,7.7
IN_USR_02508,44,Female,Tier 1,Mumbai,Marketing Manager,133000,39500,18600,8600,7400,6400,11500,7000,17000,18500,80500,99000,34000,25.6,18.7,45,2.7
IN_USR_02509,43,Female,Tier 3,Nagpur,Financial Analyst,91500,10500,15000,6700,2600,4600,5100,5800,27500,10900,39400,50300,41200,45.0,21.7,64,4.8
IN_USR_02510,27,Female,Tier 1,Pune,Small Business Owner,175000,56000,31000,11800,9900,2000,16800,13600,16000,30400,110700,141100,33900,19.4,21.5,37,2.3
IN_USR_02511,33,Male,Tier 2,Jaipur,Marketing Manager,118000,22000,23600,6900,5900,10000,9600,6000,14500,15600,68400,84000,34000,28.8,18.6,64,6.9
IN_USR_02512,34,Male,Tier 2,Chandigarh,Financial Analyst,150000,31000,21400,10600,7300,7600,14700,6200,28500,20900,77900,98800,51200,34.1,21.2,68,7.0
IN_USR_02513,47,Male,Tier 1,Chennai,Freelancer/Consultant,127500,42500,16200,7700,4000,7900,5600,7300,16500,12900,78300,91200,36300,28.5,14.1,55,4.1
IN_USR_02514,55,Male,Tier 1,Bangalore,Software Engineer,156500,41500,21600,7500,8900,11000,10300,6200,29500,16500,90500,107000,49500,31.6,15.4,67,6.9
IN_USR_02515,22,Female,Tier 3,Dehradun,Teacher/Professor,46500,6000,6000,3400,1900,1000,3700,1600,10000,5300,18300,23600,22900,49.2,22.5,91,13.9
IN_USR_02516,45,Male,Tier 2,Chandigarh,Teacher/Professor,56500,13500,8200,2900,2500,3300,3600,3600,10500,7200,30400,37600,18900,33.5,19.1,71,7.8
IN_USR_02517,56,Male,Tier 1,Pune,Financial Analyst,117500,34000,15800,7500,5400,6700,8000,8700,14500,16700,69400,86100,31400,26.7,19.4,45,2.4
IN_USR_02518,47,Male,Tier 1,Pune,Operations Executive,69500,15500,11000,4800,4100,3400,6000,2900,10000,8900,38800,47700,21800,31.4,18.7,67,7.2
IN_USR_02519,41,Male,Tier 2,Kochi,Small Business Owner,181000,32000,22800,7900,9500,9800,16500,11800,46500,28300,82000,110300,70700,39.1,25.7,78,9.0
IN_USR_02520,36,Male,Tier 1,Chennai,Data Analyst,116000,31500,21000,6600,6900,11400,8300,5600,12000,13900,77400,91300,24700,21.3,15.2,37,1.2
IN_USR_02521,22,Female,Tier 1,Hyderabad,Financial Analyst,88000,29500,13000,6200,2100,0,5200,4500,11500,9700,50800,60500,27500,31.2,16.0,63,6.0
IN_USR_02522,48,Male,Tier 2,Jaipur,Financial Analyst,106000,25500,15200,6700,4800,7100,8100,5000,18500,13100,59300,72400,33600,31.7,18.1,62,5.7
IN_USR_02523,28,Female,Tier 3,Salem,Operations Executive,45000,5000,5400,2500,1800,700,2700,2400,16500,5100,15400,20500,24500,54.4,24.9,90,19.6
IN_USR_02524,31,Male,Tier 1,Bangalore,Financial Analyst,166000,42500,31800,11800,7100,10100,14000,12000,15000,26000,103300,129300,36700,22.1,20.1,37,1.4
IN_USR_02525,26,Male,Tier 2,Chandigarh,Freelancer/Consultant,143500,22000,20000,9500,8600,2700,12200,10300,31000,22500,62800,85300,58200,40.6,26.4,58,3.7
IN_USR_02526,56,Female,Tier 1,Mumbai,Small Business Owner,117500,37500,18800,5100,4500,10100,7200,7800,11000,15000,76000,91000,26500,22.6,16.5,45,3.2
IN_USR_02527,57,Male,Tier 1,Pune,Financial Analyst,87000,19000,15800,5200,4100,6300,5300,5500,10500,10800,50400,61200,25800,29.7,17.6,57,4.8
IN_USR_02528,44,Male,Tier 1,Hyderabad,Healthcare Worker,46500,11000,8600,2600,1700,2800,2000,2200,6500,4200,26700,30900,15600,33.5,13.6,68,6.5
IN_USR_02529,30,Female,Tier 2,Indore,Data Analyst,80500,19000,11600,3400,4200,1700,4000,2600,21500,6600,39900,46500,34000,42.2,14.2,76,7.1
IN_USR_02530,47,Male,Tier 2,Chandigarh,Teacher/Professor,45000,9000,6400,1900,2500,4400,4400,3200,7000,7600,24200,31800,13200,29.3,23.9,51,4.0
IN_USR_02531,38,Male,Tier 2,Indore,Operations Executive,45000,10500,7400,2400,1800,2300,4500,2500,8000,7000,24400,31400,13600,30.2,22.3,63,6.7
IN_USR_02532,40,Female,Tier 2,Chandigarh,Freelancer/Consultant,57500,11500,10600,3100,1300,5200,5500,3200,9500,8700,31700,40400,17100,29.7,21.5,46,2.2
IN_USR_02533,23,Female,Tier 1,Mumbai,Marketing Manager,122000,34500,15600,7900,4800,1100,8300,7900,24000,16200,63900,80100,41900,34.3,20.2,68,7.0
IN_USR_02534,52,Male,Tier 1,Delhi-NCR,Software Engineer,95000,23500,13400,5300,4500,6700,5400,7400,15000,12800,53400,66200,28800,30.3,19.3,60,5.6
IN_USR_02535,53,Male,Tier 1,Delhi-NCR,Freelancer/Consultant,166000,45500,32400,9600,4800,10400,7200,7400,32500,14600,102700,117300,48700,29.3,12.4,55,3.9
IN_USR_02536,28,Male,Tier 1,Bangalore,Teacher/Professor,34500,8500,5600,1700,1600,400,3200,2400,6500,5600,17800,23400,11100,32.2,23.9,61,5.9
IN_USR_02537,40,Male,Tier 1,Pune,Marketing Manager,107000,25000,13000,6000,5500,6400,10500,5200,21500,15700,55900,71600,35400,33.1,21.9,59,4.9
IN_USR_02538,57,Female,Tier 3,Mysore,Marketing Manager,49000,6500,7400,3000,1900,2400,4400,2800,10000,7200,21200,28400,20600,42.0,25.4,65,5.5
IN_USR_02539,46,Female,Tier 1,Pune,Marketing Manager,144000,36000,19600,9400,8500,7800,8900,9700,29500,18600,81300,99900,44100,30.6,18.6,54,4.0
IN_USR_02540,55,Female,Tier 1,Pune,Teacher/Professor,97500,27500,13600,6600,2100,4400,7500,5900,19500,13400,54200,67600,29900,30.7,19.8,52,3.5
IN_USR_02541,43,Female,Tier 2,Chandigarh,Small Business Owner,221500,43000,34800,11300,9600,17000,16500,11300,43500,27800,115700,143500,78000,35.2,19.4,67,6.5
IN_USR_02542,45,Female,Tier 3,Trichy,Freelancer/Consultant,145000,25500,20200,8000,7400,6100,7500,9300,25000,16800,67200,84000,61000,42.1,20.0,75,7.4
IN_USR_02543,47,Male,Tier 3,Dehradun,Software Engineer,129000,21500,22800,7700,7100,8500,10100,9600,17000,19700,67600,87300,41700,32.3,22.6,68,7.7
IN_USR_02544,32,Male,Tier 3,Dehradun,Small Business Owner,155500,21000,24400,6600,7600,15100,11600,5400,31500,17000,74700,91700,63800,41.0,18.5,73,6.9
IN_USR_02545,36,Female,Tier 1,Bangalore,Data Analyst,62500,16000,11800,3600,2600,5200,4200,4700,10000,8900,39200,48100,14400,23.0,18.5,43,2.7
IN_USR_02546,52,Male,Tier 2,Jaipur,Teacher/Professor,39500,9000,6600,1800,2100,3400,3100,2900,6000,6000,22900,28900,10600,26.8,20.8,58,6.0
IN_USR_02547,32,Female,Tier 2,Coimbatore,Freelancer/Consultant,62000,13000,9400,4100,2000,5200,3800,5000,12500,8800,33700,42500,19500,31.5,20.7,67,7.3
IN_USR_02548,34,Female,Tier 2,Jaipur,Operations Executive,49000,9500,7600,2200,1600,3600,4800,1500,12000,6300,24500,30800,18200,37.1,20.5,66,5.8
IN_USR_02549,38,Female,Tier 2,Jaipur,Operations Executive,84000,15000,10200,5900,2600,7300,5200,2700,16500,7900,41000,48900,35100,41.8,16.2,89,10.7
IN_USR_02550,29,Male,Tier 2,Kochi,Software Engineer,191500,43500,32200,8900,7000,4300,9700,11100,45000,20800,95900,116700,74800,39.1,17.8,67,5.2
IN_USR_02551,41,Male,Tier 1,Mumbai,Operations Executive,59500,21000,10600,3800,3000,2900,5500,2100,7000,7600,41300,48900,10600,17.8,15.5,42,3.4
IN_USR_02552,52,Male,Tier 2,Ahmedabad,Small Business Owner,134500,33500,21000,10400,5400,12100,12100,8800,21500,20900,82400,103300,31200,23.2,20.2,52,5.2
IN_USR_02553,37,Female,Tier 3,Mysore,Civil Engineer,40000,7000,7200,1800,1800,3000,3500,2600,7000,6100,20800,26900,13100,32.8,22.7,50,2.7
IN_USR_02554,42,Male,Tier 2,Jaipur,Small Business Owner,78000,15500,15200,5300,2400,7600,3900,3800,15500,7700,46000,53700,24300,31.2,14.3,49,1.9
IN_USR_02555,29,Male,Tier 3,Warangal,Small Business Owner,131000,22000,20600,6000,6700,0,6100,5000,34500,11100,55300,66400,64600,49.3,16.7,93,16.3
IN_USR_02556,51,Male,Tier 1,Mumbai,Civil Engineer,41000,11000,7600,2100,2500,2800,3000,2500,4000,5500,26000,31500,9500,23.2,17.5,42,2.3
IN_USR_02557,54,Male,Tier 1,Chennai,Healthcare Worker,115500,31500,22400,5400,6400,4900,9700,5300,20500,15000,70600,85600,29900,25.9,17.5,47,3.1
IN_USR_02558,36,Male,Tier 1,Delhi-NCR,Healthcare Worker,87000,29000,11400,4900,4600,5500,5900,6500,8500,12400,55400,67800,19200,22.1,18.3,45,3.5
IN_USR_02559,35,Female,Tier 2,Ahmedabad,Data Analyst,92000,20500,16200,3800,4800,5800,4000,3900,20000,7900,51100,59000,33000,35.9,13.4,76,8.1
IN_USR_02560,52,Male,Tier 1,Mumbai,Financial Analyst,164500,37500,30400,9400,6200,10600,9800,10300,25000,20100,94100,114200,50300,30.6,17.6,62,5.9
IN_USR_02561,33,Female,Tier 1,Chennai,Data Analyst,119500,41500,17000,6400,5700,11600,8400,6200,9500,14600,82200,96800,22700,19.0,15.1,40,2.5
IN_USR_02562,22,Female,Tier 2,Jaipur,Marketing Manager,113000,17500,16600,5500,2800,1300,10000,8200,32000,18200,43700,61900,51100,45.2,29.4,88,15.2
IN_USR_02563,57,Female,Tier 1,Delhi-NCR,Civil Engineer,50500,14000,7400,2100,1000,4200,4000,4000,5500,8000,28700,36700,13800,27.3,21.8,60,6.5
IN_USR_02564,32,Female,Tier 1,Hyderabad,Teacher/Professor,71500,24000,10200,3100,3600,4300,5700,4200,10500,9900,45200,55100,16400,22.9,18.0,47,3.9
IN_USR_02565,49,Male,Tier 3,Trichy,Teacher/Professor,47500,7000,9000,2400,1800,2000,3700,2200,10000,5900,22200,28100,19400,40.8,21.0,69,6.1
IN_USR_02566,52,Female,Tier 2,Kochi,Data Analyst,126500,21500,24000,6300,4200,5600,12500,6700,21000,19200,61600,80800,45700,36.1,23.8,74,8.5
IN_USR_02567,38,Female,Tier 2,Jaipur,Small Business Owner,67500,14500,10800,4600,1700,6500,4400,2300,11000,6700,38100,44800,22700,33.6,15.0,60,4.3
IN_USR_02568,42,Male,Tier 3,Warangal,Civil Engineer,43500,5000,5800,3200,2200,4100,3800,1400,11000,5200,20300,25500,18000,41.4,20.4,60,3.6
IN_USR_02569,22,Male,Tier 1,Chennai,Data Analyst,83000,24500,12800,5400,3400,100,7500,5000,17000,12500,46200,58700,24300,29.3,21.3,48,3.0
IN_USR_02570,50,Female,Tier 2,Coimbatore,Data Analyst,68000,16500,11000,4000,3900,3700,5700,3800,8000,9500,39100,48600,19400,28.5,19.5,53,4.3
IN_USR_02571,22,Female,Tier 3,Dehradun,Software Engineer,185500,20500,22400,9000,9000,100,18500,10700,59500,29200,61000,90200,95300,51.4,32.4,87,16.6
IN_USR_02572,25,Female,Tier 1,Chennai,Marketing Manager,103000,35500,16600,7500,3800,2500,7800,6400,16000,14200,65900,80100,22900,22.2,17.7,47,4.0
IN_USR_02573,26,Male,Tier 1,Hyderabad,Freelancer/Consultant,143000,39000,27400,11200,3300,3900,13300,10800,23500,24100,84800,108900,34100,23.8,22.1,50,4.9
IN_USR_02574,38,Male,Tier 2,Chandigarh,Small Business Owner,240000,53500,39600,17900,8600,11900,16200,16900,44000,33100,131500,164600,75400,31.4,20.1,65,6.9
IN_USR_02575,38,Female,Tier 2,Chandigarh,Healthcare Worker,40500,9500,5400,2000,900,3700,3400,2000,9500,5400,21500,26900,13600,33.6,20.1,58,4.4
IN_USR_02576,29,Female,Tier 1,Hyderabad,Teacher/Professor,82000,19000,10000,6500,3700,2100,4800,6300,17000,11100,41300,52400,29600,36.1,21.2,73,8.1
IN_USR_02577,40,Male,Tier 1,Delhi-NCR,Software Engineer,245500,66500,46600,16800,10400,14600,21500,9000,26500,30500,154900,185400,60100,24.5,16.5,43,2.1
IN_USR_02578,52,Male,Tier 3,Nagpur,Teacher/Professor,53000,7000,6800,2500,1300,2800,4900,2600,16500,7500,20400,27900,25100,47.4,26.9,89,14.2
IN_USR_02579,53,Female,Tier 1,Hyderabad,Data Analyst,133500,42500,23400,9900,3700,7300,12400,4200,14000,16600,86800,103400,30100,22.5,16.1,41,2.1
IN_USR_02580,39,Male,Tier 2,Ahmedabad,Teacher/Professor,65000,12000,10600,3900,2800,2700,5000,3200,14500,8200,32000,40200,24800,38.2,20.4,60,3.8
IN_USR_02581,48,Male,Tier 3,Warangal,Financial Analyst,62000,7500,10200,2700,1700,3700,5800,2200,13000,8000,25800,33800,28200,45.5,23.7,91,12.2
IN_USR_02582,44,Female,Tier 2,Ahmedabad,Teacher/Professor,84000,19000,16400,3900,4900,8000,7600,3100,11500,10700,52200,62900,21100,25.1,17.0,41,1.6
IN_USR_02583,51,Female,Tier 1,Bangalore,Healthcare Worker,65500,19000,9800,5000,1700,4100,5600,2900,9500,8500,39600,48100,17400,26.6,17.7,55,5.1
IN_USR_02584,35,Female,Tier 1,Chennai,Operations Executive,92500,23500,11600,6400,2500,5000,7600,6600,15500,14200,49000,63200,29300,31.7,22.5,62,6.2
IN_USR_02585,49,Female,Tier 3,Nagpur,Software Engineer,158500,21000,25200,11100,6200,12500,7600,5200,47500,12800,76000,88800,69700,44.0,14.4,63,3.6
IN_USR_02586,25,Female,Tier 1,Mumbai,Teacher/Professor,53500,13500,8400,3300,1900,1300,4200,2800,11000,7000,28400,35400,18100,33.8,19.8,69,7.4
IN_USR_02587,44,Male,Tier 1,Chennai,Operations Executive,51000,12000,7000,2500,2300,2400,2400,3800,10000,6200,26200,32400,18600,36.5,19.1,66,5.7
IN_USR_02588,33,Female,Tier 1,Delhi-NCR,Sales Consultant,91500,20500,18200,6100,3700,8500,4700,3200,18000,7900,57000,64900,26600,29.1,12.2,56,4.1
IN_USR_02589,49,Male,Tier 1,Hyderabad,Marketing Manager,132000,33000,24600,9000,5500,9600,9300,5900,22500,15200,81700,96900,35100,26.6,15.7,42,1.4
IN_USR_02590,40,Female,Tier 1,Chennai,Small Business Owner,266000,89000,48400,13300,12400,23300,15600,18000,19000,33600,186400,220000,46000,17.3,15.3,36,1.8
IN_USR_02591,37,Male,Tier 2,Chandigarh,Financial Analyst,139500,30000,18400,11000,4600,9000,12700,9200,27500,21900,73000,94900,44600,32.0,23.1,58,5.0
IN_USR_02592,40,Female,Tier 2,Ahmedabad,Small Business Owner,168500,34000,31000,10200,8500,12000,11100,11100,31500,22200,95700,117900,50600,30.0,18.8,46,2.0
IN_USR_02593,36,Female,Tier 2,Kochi,Small Business Owner,136000,33500,22600,9300,3100,11300,8200,7100,19000,15300,79800,95100,40900,30.1,16.1,59,5.1
IN_USR_02594,25,Male,Tier 2,Ahmedabad,Marketing Manager,110000,22000,17000,6200,3100,3000,8300,8200,21500,16500,51300,67800,42200,38.4,24.3,79,9.4
IN_USR_02595,58,Female,Tier 2,Indore,Data Analyst,112500,23000,19200,8100,5800,4600,8200,7000,15000,15200,60700,75900,36600,32.5,20.0,48,2.0
IN_USR_02596,38,Male,Tier 2,Ahmedabad,Small Business Owner,159000,33500,24200,8400,5200,9400,9600,6800,35500,16400,80700,97100,61900,38.9,16.9,80,8.7
IN_USR_02597,24,Female,Tier 1,Chennai,Small Business Owner,61500,19000,7400,4200,2800,700,5000,4600,8500,9600,34100,43700,17800,28.9,22.0,56,5.3
IN_USR_02598,52,Female,Tier 3,Nagpur,Freelancer/Consultant,126000,17000,22200,5700,4000,8900,11500,9800,23500,21300,57800,79100,46900,37.2,26.9,66,6.5
IN_USR_02599,51,Male,Tier 2,Jaipur,Financial Analyst,140500,24000,27000,6800,8100,8400,13600,7500,27000,21100,74300,95400,45100,32.1,22.1,63,6.4
IN_USR_02600,53,Female,Tier 1,Chennai,Financial Analyst,121500,39500,22000,7400,4800,5200,9700,3700,18000,13400,78900,92300,29200,24.0,14.5,48,3.5
IN_USR_02601,27,Female,Tier 1,Hyderabad,Data Analyst,152500,51500,26000,11400,3200,3600,6900,9600,23000,16500,95700,112200,40300,26.4,14.7,42,1.4
IN_USR_02602,38,Female,Tier 1,Chennai,Healthcare Worker,121000,39500,17200,5600,6500,11500,5500,4400,21000,9900,80300,90200,30800,25.5,11.0,47,2.4
IN_USR_02603,36,Female,Tier 1,Pune,Small Business Owner,131500,42500,23600,6400,4500,6800,12600,9500,14500,22100,83800,105900,25600,19.5,20.9,41,3.3
IN_USR_02604,45,Female,Tier 2,Coimbatore,Healthcare Worker,104000,18000,18600,6100,4400,4700,4500,5700,23500,10200,51800,62000,42000,40.4,16.5,65,4.4
IN_USR_02605,41,Female,Tier 2,Kochi,Healthcare Worker,49500,8500,7400,2500,2400,4300,2600,2500,13000,5100,25100,30200,19300,39.0,16.9,59,3.2
IN_USR_02606,58,Female,Tier 1,Hyderabad,Civil Engineer,70000,22000,9800,4400,3500,5200,3100,4200,9000,7300,44900,52200,17800,25.4,14.0,56,5.1
IN_USR_02607,47,Male,Tier 3,Mysore,Small Business Owner,130500,15000,17200,10100,6700,5600,10500,6500,24500,17000,54600,71600,58900,45.1,23.7,80,9.3
IN_USR_02608,25,Female,Tier 2,Indore,Data Analyst,62000,10500,10600,4400,3500,400,5900,4100,14000,10000,29400,39400,22600,36.5,25.4,82,10.7
IN_USR_02609,37,Female,Tier 1,Mumbai,Sales Consultant,65000,21000,10800,4100,2700,4300,4400,2100,8000,6500,42900,49400,15600,24.0,13.2,48,3.2
IN_USR_02610,24,Female,Tier 1,Mumbai,Freelancer/Consultant,167500,50000,28200,7300,5300,2800,16500,12900,18000,29400,93600,123000,44500,26.6,23.9,52,4.9
IN_USR_02611,58,Male,Tier 1,Chennai,Data Analyst,89500,31000,13600,5600,3500,5000,3700,3000,13000,6700,58700,65400,24100,26.9,10.2,53,3.7
IN_USR_02612,56,Female,Tier 1,Hyderabad,Sales Consultant,53000,16500,9600,4200,2200,2700,4100,2600,7000,6700,35200,41900,11100,20.9,16.0,40,2.2
IN_USR_02613,48,Male,Tier 1,Chennai,Civil Engineer,65500,19000,8600,3200,2300,6100,5300,3000,10000,8300,39200,47500,18000,27.5,17.5,43,1.5
IN_USR_02614,49,Male,Tier 1,Chennai,Financial Analyst,85500,25000,16200,4000,4900,7500,5300,3200,12500,8500,57600,66100,19400,22.7,12.9,46,3.0
IN_USR_02615,53,Male,Tier 1,Mumbai,Civil Engineer,101000,34000,17400,5300,5800,6500,8100,7300,9000,15400,69000,84400,16600,16.4,18.2,34,1.8
IN_USR_02616,45,Female,Tier 1,Chennai,Financial Analyst,141500,35500,25600,10900,3500,10300,8700,9100,21000,17800,85800,103600,37900,26.8,17.2,43,1.6
IN_USR_02617,56,Female,Tier 1,Chennai,Operations Executive,102000,35000,15200,4200,4800,7400,8100,4700,9000,12800,66600,79400,22600,22.2,16.1,37,1.0
IN_USR_02618,57,Female,Tier 1,Hyderabad,Operations Executive,59500,17000,7600,2900,2500,5100,4300,3100,8000,7400,35100,42500,17000,28.6,17.4,51,3.5
IN_USR_02619,40,Female,Tier 2,Chandigarh,Marketing Manager,75500,13500,11800,3900,3200,7400,3900,4100,18500,8000,39800,47800,27700,36.7,16.7,57,3.2
IN_USR_02620,49,Male,Tier 2,Indore,Data Analyst,95000,14500,13000,4900,4000,7400,5200,7500,16000,12700,43800,56500,38500,40.5,22.5,91,12.0
IN_USR_02621,29,Female,Tier 1,Chennai,Software Engineer,162500,45500,29200,6700,6400,4400,12000,6200,22000,18200,92200,110400,52100,32.1,16.5,56,3.9
IN_USR_02622,53,Female,Tier 1,Hyderabad,Healthcare Worker,48500,14500,8800,3800,2100,3700,2200,3300,5500,5500,32900,38400,10100,20.8,14.3,45,3.4
IN_USR_02623,46,Female,Tier 1,Pune,Sales Consultant,120000,34500,19400,8700,4800,9100,9700,9000,16500,18700,76500,95200,24800,20.7,19.6,40,2.6
IN_USR_02624,37,Male,Tier 2,Indore,Teacher/Professor,46500,11500,6600,3300,2000,2900,4400,2000,8000,6400,26300,32700,13800,29.7,19.6,48,2.6
IN_USR_02625,52,Female,Tier 1,Hyderabad,Operations Executive,58000,16000,7600,2600,2300,4100,3900,2900,12000,6800,32600,39400,18600,32.1,17.3,66,6.6
IN_USR_02626,27,Female,Tier 1,Hyderabad,Freelancer/Consultant,118500,28000,16000,7600,5400,100,5200,7000,24500,12200,57100,69300,49200,41.5,17.6,70,5.9
IN_USR_02627,29,Female,Tier 1,Delhi-NCR,Teacher/Professor,62000,16000,9000,3900,2700,500,5900,2800,9500,8700,32100,40800,21200,34.2,21.3,67,6.8
IN_USR_02628,52,Male,Tier 3,Salem,Freelancer/Consultant,90500,11000,17200,3800,5400,5800,4900,4400,24000,9300,43200,52500,38000,42.0,17.7,90,11.1
IN_USR_02629,45,Female,Tier 1,Pune,Small Business Owner,221000,49000,33600,16000,8900,18500,10400,11100,29500,21500,126000,147500,73500,33.3,14.6,62,4.9
IN_USR_02630,53,Female,Tier 2,Indore,Small Business Owner,194500,32000,34200,11500,5400,17700,12700,6300,51000,19000,100800,119800,74700,38.4,15.9,69,5.9
IN_USR_02631,54,Male,Tier 3,Warangal,Healthcare Worker,37000,5500,6400,3000,1500,2200,2200,1100,10000,3300,18600,21900,15100,40.8,15.1,60,2.9
IN_USR_02632,40,Female,Tier 3,Nagpur,Software Engineer,162500,25500,27400,7500,7200,16000,16100,11200,21000,27300,83600,110900,51600,31.8,24.6,47,2.4
IN_USR_02633,50,Male,Tier 2,Coimbatore,Financial Analyst,108000,20000,16800,5000,3400,5900,6500,4900,19500,11400,51100,62500,45500,42.1,18.2,71,6.1
IN_USR_02634,53,Male,Tier 1,Hyderabad,Civil Engineer,55500,16500,10400,4300,3200,3700,3100,3400,6000,6500,38100,44600,10900,19.6,14.6,43,3.1
IN_USR_02635,57,Female,Tier 2,Indore,Small Business Owner,181500,32500,29000,12400,9200,14800,16000,8800,36500,24800,97900,122700,58800,32.4,20.2,55,4.0
IN_USR_02636,52,Male,Tier 1,Mumbai,Freelancer/Consultant,163500,36500,25600,11100,3400,7300,8400,5300,38500,13700,83900,97600,65900,40.3,14.0,73,6.2
IN_USR_02637,26,Male,Tier 2,Kochi,Healthcare Worker,72000,15000,13200,5300,2000,1900,5100,3400,14000,8500,37400,45900,26100,36.2,18.5,77,8.8
IN_USR_02638,57,Male,Tier 1,Chennai,Freelancer/Consultant,103000,27000,14200,4500,3100,9500,6800,4100,14000,10900,58300,69200,33800,32.8,15.8,72,7.8
IN_USR_02639,45,Male,Tier 1,Pune,Operations Executive,92000,31500,12600,6800,4700,7900,8800,4700,6500,13500,63500,77000,15000,16.3,17.5,35,2.1
IN_USR_02640,49,Female,Tier 2,Jaipur,Healthcare Worker,102000,20000,20400,5500,3500,8900,8600,6900,14000,15500,58300,73800,28200,27.6,21.0,43,2.0
IN_USR_02641,22,Female,Tier 3,Nagpur,Small Business Owner,141000,19500,24400,7600,2900,200,8400,10000,42500,18400,54600,73000,68000,48.2,25.2,90,12.7
IN_USR_02642,54,Male,Tier 1,Pune,Civil Engineer,101000,26500,15800,4900,4000,5800,6200,5400,14500,11600,57000,68600,32400,32.1,16.9,60,5.0
IN_USR_02643,31,Female,Tier 3,Mysore,Operations Executive,34500,4500,6400,2400,2000,2000,1900,1700,5500,3600,17300,20900,13600,39.4,17.2,78,8.2
IN_USR_02644,49,Male,Tier 1,Chennai,Civil Engineer,87500,23500,13600,4300,2700,7200,5800,5500,10500,11300,51300,62600,24900,28.5,18.1,44,1.7
IN_USR_02645,41,Female,Tier 2,Jaipur,Small Business Owner,195000,40500,25400,11500,7100,18200,15100,6200,42500,21300,102700,124000,71000,36.4,17.2,61,4.4
IN_USR_02646,41,Male,Tier 1,Chennai,Civil Engineer,96000,30000,18400,7000,5600,9100,5100,6000,7000,11100,70100,81200,14800,15.4,13.7,32,1.1
IN_USR_02647,40,Female,Tier 1,Mumbai,Operations Executive,67500,17500,10800,4700,2700,4800,3600,3200,13000,6800,40500,47300,20200,29.9,14.4,62,5.7
IN_USR_02648,33,Female,Tier 1,Chennai,Freelancer/Consultant,174500,47500,24400,11200,8900,14600,9700,7100,34500,16800,106600,123400,51100,29.3,13.6,60,5.2
IN_USR_02649,23,Female,Tier 2,Coimbatore,Teacher/Professor,80000,16500,14400,4800,2100,800,4600,5100,16500,9700,38600,48300,31700,39.6,20.1,81,9.1
IN_USR_02650,25,Female,Tier 1,Hyderabad,Software Engineer,237500,82000,45400,18700,13900,6500,11000,17700,20000,28700,166500,195200,42300,17.8,14.7,39,2.5
IN_USR_02651,40,Female,Tier 2,Coimbatore,Financial Analyst,127000,20500,15800,7000,4200,12100,8000,4800,29000,12800,59600,72400,54600,43.0,17.7,63,3.9
IN_USR_02652,44,Male,Tier 1,Mumbai,Sales Consultant,101000,30000,15800,4700,5500,8800,9800,6000,14000,15800,64800,80600,20400,20.2,19.6,44,3.7
IN_USR_02653,41,Female,Tier 1,Bangalore,Teacher/Professor,39000,12000,6800,2500,1500,2700,2100,1600,6000,3700,25500,29200,9800,25.1,12.7,53,4.4
IN_USR_02654,28,Female,Tier 1,Delhi-NCR,Financial Analyst,121000,41500,22600,6100,6800,900,5500,6200,13000,11700,77900,89600,31400,26.0,13.1,47,2.4
IN_USR_02655,28,Female,Tier 1,Delhi-NCR,Operations Executive,66500,20500,10600,4300,2900,1600,5600,2900,12500,8500,39900,48400,18100,27.2,17.6,47,2.6
IN_USR_02656,58,Male,Tier 2,Coimbatore,Sales Consultant,41000,7000,6600,3000,1000,3100,3600,2900,7500,6500,20700,27200,13800,33.7,23.9,64,6.4
IN_USR_02657,42,Male,Tier 1,Mumbai,Sales Consultant,103000,22500,19000,5300,4800,6000,5700,7000,15500,12700,57600,70300,32700,31.7,18.1,66,6.7
IN_USR_02658,49,Male,Tier 1,Mumbai,Operations Executive,52000,13500,7600,2300,1500,4600,3400,2000,7500,5400,29500,34900,17100,32.9,15.5,62,5.1
IN_USR_02659,29,Female,Tier 1,Bangalore,Freelancer/Consultant,157500,40000,20600,12400,5400,700,10800,4800,32500,15600,79100,94700,62800,39.9,16.5,75,7.1
IN_USR_02660,25,Female,Tier 2,Indore,Financial Analyst,146500,22000,19400,6300,5200,900,6100,9300,46000,15400,53800,69200,77300,52.8,22.3,75,7.7
IN_USR_02661,55,Male,Tier 2,Chandigarh,Financial Analyst,108500,21500,17000,5400,6000,5200,7300,7200,20500,14500,55100,69600,38900,35.9,20.8,64,5.5
IN_USR_02662,43,Male,Tier 2,Kochi,Healthcare Worker,98500,21000,15400,5100,4700,9700,5700,5900,14000,11600,55900,67500,31000,31.5,17.2,49,2.1
IN_USR_02663,48,Female,Tier 1,Hyderabad,Financial Analyst,124000,34000,17400,9000,7300,5000,10100,5100,21500,15200,72700,87900,36100,29.1,17.3,63,6.4
IN_USR_02664,54,Male,Tier 2,Jaipur,Marketing Manager,55000,10500,10600,3800,1600,2600,3700,1700,9500,5400,29100,34500,20500,37.3,15.7,55,2.4
IN_USR_02665,35,Male,Tier 1,Bangalore,Small Business Owner,153500,49500,26600,11600,3700,6300,9800,6800,25500,16600,97700,114300,39200,25.5,14.5,44,1.9
IN_USR_02666,49,Male,Tier 2,Jaipur,Freelancer/Consultant,103000,20500,19200,7200,4600,9500,10000,3500,14500,13500,61000,74500,28500,27.7,18.1,57,5.4
IN_USR_02667,37,Female,Tier 2,Jaipur,Civil Engineer,67000,11500,12400,5000,2900,3000,5400,4600,9000,10000,34800,44800,22200,33.1,22.3,58,4.9
IN_USR_02668,33,Male,Tier 2,Kochi,Software Engineer,151000,28500,29600,8500,9000,7600,7300,11000,27000,18300,83200,101500,49500,32.8,18.0,64,6.0
IN_USR_02669,30,Male,Tier 3,Trichy,Data Analyst,113500,18500,22600,5200,6600,1500,8900,8800,26000,17700,54400,72100,41400,36.5,24.5,61,5.1
IN_USR_02670,48,Male,Tier 1,Pune,Operations Executive,42500,10000,8000,3100,2400,3000,3400,2100,6500,5500,26500,32000,10500,24.7,17.2,53,5.0
IN_USR_02671,26,Male,Tier 2,Indore,Sales Consultant,81500,13500,16000,5000,3000,900,8100,3300,18000,11400,38400,49800,31700,38.9,22.9,80,9.4
IN_USR_02672,57,Male,Tier 1,Bangalore,Sales Consultant,74500,21000,10200,4500,4400,3300,4200,3000,9500,7200,43400,50600,23900,32.1,14.2,63,5.4
IN_USR_02673,31,Male,Tier 3,Trichy,Small Business Owner,129500,15000,23800,7700,5900,12800,12500,7100,25000,19600,65200,84800,44700,34.5,23.1,58,4.5
IN_USR_02674,50,Male,Tier 1,Mumbai,Sales Consultant,74500,21500,14200,5800,1900,6500,3900,2700,9500,6600,49900,56500,18000,24.2,11.7,51,3.8
IN_USR_02675,42,Female,Tier 1,Delhi-NCR,Freelancer/Consultant,127000,37000,24800,9600,5000,11800,7300,7900,13000,15200,88200,103400,23600,18.6,14.7,38,2.0
IN_USR_02676,41,Female,Tier 2,Ahmedabad,Teacher/Professor,33500,5000,6200,2500,1400,2800,1900,1700,6000,3600,17900,21500,12000,35.8,16.7,80,9.3
IN_USR_02677,55,Male,Tier 1,Delhi-NCR,Civil Engineer,88500,27000,15200,4500,5000,6400,6400,4300,8000,10700,58100,68800,19700,22.3,15.6,48,3.8
IN_USR_02678,51,Male,Tier 2,Jaipur,Marketing Manager,60000,11500,7800,3900,1400,3200,3700,3600,13500,7300,27800,35100,24900,41.5,20.8,67,5.5
IN_USR_02679,35,Male,Tier 1,Delhi-NCR,Small Business Owner,184500,54500,26000,8200,4300,11900,8400,11200,27500,19600,104900,124500,60000,32.5,15.7,70,7.5
IN_USR_02680,35,Female,Tier 1,Hyderabad,Financial Analyst,89500,29000,13400,6000,2500,8900,7600,3300,9500,10900,59800,70700,18800,21.0,15.4,46,3.8
IN_USR_02681,36,Male,Tier 1,Bangalore,Operations Executive,44000,15000,8600,2100,900,3000,3600,1600,6000,5200,29600,34800,9200,20.9,14.9,39,1.9
IN_USR_02682,51,Female,Tier 1,Bangalore,Freelancer/Consultant,161000,36000,20200,12200,3300,14600,13800,7500,33500,21300,86300,107600,53400,33.2,19.8,69,7.3
IN_USR_02683,36,Female,Tier 1,Hyderabad,Marketing Manager,106500,31500,13600,7700,3100,5400,5000,6700,13500,11700,61300,73000,33500,31.5,16.0,63,5.9
IN_USR_02684,55,Female,Tier 1,Bangalore,Software Engineer,206000,56500,37000,8400,6500,10300,10600,15300,32500,25900,118700,144600,61400,29.8,17.9,51,3.2
IN_USR_02685,41,Male,Tier 1,Bangalore,Sales Consultant,91000,22500,11800,5400,4300,8700,8300,5000,16000,13300,52700,66000,25000,27.5,20.2,56,5.4
IN_USR_02686,32,Female,Tier 3,Trichy,Teacher/Professor,51500,9000,8400,3500,2800,3700,4600,1800,11500,6400,27400,33800,17700,34.4,18.9,65,5.9
IN_USR_02687,37,Male,Tier 1,Bangalore,Civil Engineer,105500,36500,13400,5300,5200,5000,6100,7400,13000,13500,65400,78900,26600,25.2,17.1,46,2.8
IN_USR_02688,41,Female,Tier 1,Bangalore,Small Business Owner,119000,33000,23000,7000,6400,9900,5400,8900,10000,14300,79300,93600,25400,21.3,15.3,42,2.4
IN_USR_02689,42,Female,Tier 3,Trichy,Small Business Owner,54500,8000,8600,4000,1500,2200,2600,4300,10000,6900,24300,31200,23300,42.8,22.1,77,8.1
IN_USR_02690,27,Female,Tier 1,Bangalore,Marketing Manager,57500,13500,10000,3300,2400,1500,4600,3200,12500,7800,30700,38500,19000,33.0,20.3,50,2.5
IN_USR_02691,32,Male,Tier 3,Trichy,Sales Consultant,72000,9500,13400,3600,1500,5300,5800,5200,19000,11000,33300,44300,27700,38.5,24.8,84,10.8
IN_USR_02692,40,Male,Tier 2,Coimbatore,Software Engineer,189500,39000,37200,14000,4400,12400,10800,8300,38500,19100,107000,126100,63400,33.5,15.1,58,3.8
IN_USR_02693,26,Male,Tier 1,Hyderabad,Civil Engineer,106500,27500,16200,6100,3300,2400,5200,4400,27000,9600,55500,65100,41400,38.9,14.7,76,7.5
IN_USR_02694,40,Male,Tier 2,Jaipur,Healthcare Worker,107000,19000,13400,6500,6200,8100,6500,6600,20500,13100,53200,66300,40700,38.0,19.8,58,3.5
IN_USR_02695,39,Female,Tier 1,Mumbai,Data Analyst,132000,34000,18600,6300,7500,6100,8700,9700,23500,18400,72500,90900,41100,31.1,20.2,53,3.7
IN_USR_02696,49,Male,Tier 2,Coimbatore,Operations Executive,42000,6500,8000,2500,2500,3300,4000,2600,6000,6600,22800,29400,12600,30.0,22.4,53,4.2
IN_USR_02697,37,Male,Tier 2,Jaipur,Sales Consultant,41000,9000,6600,2600,1900,2400,3500,1300,8000,4800,22500,27300,13700,33.4,17.6,68,7.0
IN_USR_02698,36,Male,Tier 1,Chennai,Small Business Owner,155000,47000,30600,10200,6100,14000,8400,6700,15000,15100,107900,123000,32000,20.6,12.3,48,4.1
IN_USR_02699,52,Male,Tier 1,Pune,Sales Consultant,45500,10500,7000,3200,1200,4400,4100,1500,8500,5600,26300,31900,13600,29.9,17.6,60,5.5
IN_USR_02700,42,Male,Tier 1,Bangalore,Freelancer/Consultant,116500,33000,14800,8100,4700,9000,8600,7600,15000,16200,69600,85800,30700,26.4,18.9,41,1.4
IN_USR_02701,44,Male,Tier 2,Kochi,Small Business Owner,143000,22000,21200,11000,3700,6300,8000,9500,31500,17500,64200,81700,61300,42.9,21.4,77,8.2
IN_USR_02702,47,Male,Tier 2,Indore,Freelancer/Consultant,90000,16000,13800,5900,2100,5500,5100,6400,21500,11500,43300,54800,35200,39.1,21.0,86,10.7
IN_USR_02703,46,Male,Tier 2,Indore,Small Business Owner,210500,32000,41800,16800,10500,9100,14800,8400,48500,23200,110200,133400,77100,36.6,17.4,57,3.3
IN_USR_02704,29,Female,Tier 3,Trichy,Freelancer/Consultant,69500,12000,9200,5100,1800,500,3100,3200,19000,6300,28600,34900,34600,49.8,18.1,68,5.5
IN_USR_02705,22,Male,Tier 2,Kochi,Healthcare Worker,56000,11000,9800,3800,3300,400,2900,3900,11500,6800,28300,35100,20900,37.3,19.4,75,8.0
IN_USR_02706,34,Male,Tier 1,Chennai,Sales Consultant,75500,23500,14200,3600,3900,6100,4400,2800,10000,7200,51300,58500,17000,22.5,12.3,41,1.7
IN_USR_02707,50,Male,Tier 3,Trichy,Data Analyst,83500,12500,13000,5400,3700,4100,3600,6100,17500,9700,38700,48400,35100,42.0,20.0,78,8.4
IN_USR_02708,43,Male,Tier 3,Nagpur,Software Engineer,145000,18500,27200,9800,5800,11100,14200,8700,26000,22900,72400,95300,49700,34.3,24.0,67,7.1
IN_USR_02709,33,Female,Tier 1,Pune,Civil Engineer,74500,18000,12000,4800,2700,6000,7000,2700,9500,9700,43500,53200,21300,28.6,18.2,48,2.8
IN_USR_02710,28,Male,Tier 2,Coimbatore,Data Analyst,81500,17500,10200,3400,2700,900,7000,2600,24500,9600,34700,44300,37200,45.6,21.7,76,8.0
IN_USR_02711,58,Female,Tier 3,Trichy,Data Analyst,61500,7000,11400,2800,1800,3100,2600,3300,14000,5900,26100,32000,29500,48.0,18.4,93,12.7
IN_USR_02712,52,Male,Tier 3,Nagpur,Freelancer/Consultant,106000,12500,19800,4700,4200,10500,10400,6200,20000,16600,51700,68300,37700,35.6,24.3,65,6.4
IN_USR_02713,52,Male,Tier 1,Bangalore,Healthcare Worker,74000,17500,12800,4500,3300,6600,3900,2500,10000,6400,44700,51100,22900,30.9,12.5,53,2.8
IN_USR_02714,50,Female,Tier 1,Pune,Teacher/Professor,76500,24500,14200,4700,2100,6000,7600,4000,8500,11600,51500,63100,13400,17.5,18.4,33,1.4
IN_USR_02715,29,Male,Tier 1,Mumbai,Sales Consultant,49500,15000,8200,2800,1600,500,2900,2600,8500,5500,28100,33600,15900,32.1,16.4,71,7.8
IN_USR_02716,22,Female,Tier 3,Trichy,Civil Engineer,66000,11500,10600,4900,3700,1100,3000,2400,16000,5400,31800,37200,28800,43.6,14.5,84,9.4
IN_USR_02717,33,Male,Tier 2,Kochi,Software Engineer,110500,24500,18000,6600,4800,8100,5500,5200,20500,10700,62000,72700,37800,34.2,14.7,60,4.2
IN_USR_02718,51,Male,Tier 3,Warangal,Operations Executive,35500,4500,6600,2800,1000,1500,3100,1700,7500,4800,16400,21200,14300,40.3,22.6,88,11.2
IN_USR_02719,25,Female,Tier 1,Mumbai,Data Analyst,72500,21500,14400,5000,3500,2200,7200,4300,7000,11500,46600,58100,14400,19.9,19.8,36,1.7
IN_USR_02720,37,Female,Tier 1,Bangalore,Marketing Manager,90500,28000,12600,5400,2100,6200,7800,3700,14000,11500,54300,65800,24700,27.3,17.5,54,4.6
IN_USR_02721,23,Female,Tier 1,Pune,Freelancer/Consultant,93000,31000,17800,4800,5300,1400,4000,3500,11000,7500,60300,67800,25200,27.1,11.1,47,2.1
IN_USR_02722,39,Female,Tier 3,Trichy,Financial Analyst,80000,11000,11400,4700,2100,7400,7600,2600,17500,10200,36600,46800,33200,41.5,21.8,69,6.0
IN_USR_02723,30,Male,Tier 1,Mumbai,Healthcare Worker,112500,34000,14600,4600,4300,500,10600,7500,21500,18100,58000,76100,36400,32.4,23.8,58,5.2
IN_USR_02724,23,Male,Tier 1,Chennai,Civil Engineer,41000,14000,6600,2600,2100,1000,3700,2300,5500,6000,26300,32300,8700,21.2,18.6,48,4.4
IN_USR_02725,38,Female,Tier 1,Delhi-NCR,Sales Consultant,52000,17000,8200,2700,1400,5100,2900,4000,6500,6900,34400,41300,10700,20.6,16.7,46,4.0
IN_USR_02726,45,Female,Tier 1,Delhi-NCR,Software Engineer,139000,31500,24800,9200,7200,10600,10500,5900,26500,16400,83300,99700,39300,28.3,16.4,44,1.5
IN_USR_02727,36,Female,Tier 3,Mysore,Operations Executive,31500,4000,5400,1300,1400,1300,1400,1300,10000,2700,13400,16100,15400,48.9,16.8,93,15.5
IN_USR_02728,44,Female,Tier 2,Jaipur,Software Engineer,78500,12000,11200,3200,3800,4300,4800,4800,17500,9600,34500,44100,34400,43.8,21.8,90,11.7
IN_USR_02729,40,Female,Tier 1,Delhi-NCR,Healthcare Worker,49000,12500,9400,3100,1300,2800,3200,2200,7500,5400,29100,34500,14500,29.6,15.7,47,2.0
IN_USR_02730,34,Male,Tier 2,Indore,Civil Engineer,83500,13000,16600,3700,3900,3900,7400,4000,18500,11400,41100,52500,31000,37.1,21.7,64,5.4
IN_USR_02731,57,Male,Tier 1,Delhi-NCR,Freelancer/Consultant,58500,15000,7600,4500,2200,5300,5300,4000,7000,9300,34600,43900,14600,25.0,21.2,49,4.2
IN_USR_02732,39,Female,Tier 3,Warangal,Small Business Owner,129000,22000,24000,9500,3100,5500,12600,5300,30500,17900,64100,82000,47000,36.4,21.8,73,7.9
IN_USR_02733,29,Female,Tier 1,Bangalore,Financial Analyst,118000,30500,17800,6700,3600,1000,7400,6000,23000,13400,59600,73000,45000,38.1,18.4,84,10.1
IN_USR_02734,54,Male,Tier 1,Delhi-NCR,Data Analyst,157500,46000,21200,11900,3600,7100,13900,6600,25000,20500,89800,110300,47200,30.0,18.6,47,2.3
IN_USR_02735,39,Female,Tier 3,Dehradun,Financial Analyst,111000,15000,19600,8800,2600,10200,10500,5000,22000,15500,56200,71700,39300,35.4,21.6,77,9.2
IN_USR_02736,41,Male,Tier 3,Dehradun,Small Business Owner,111500,14500,21000,8300,3400,7200,10400,7800,17500,18200,54400,72600,38900,34.9,25.1,70,8.0
IN_USR_02737,57,Female,Tier 2,Coimbatore,Sales Consultant,67000,13500,11600,4500,2600,5900,6100,3600,9000,9700,38100,47800,19200,28.7,20.3,54,4.5
IN_USR_02738,42,Male,Tier 1,Mumbai,Civil Engineer,48500,14000,9200,2800,1800,4400,3600,2200,5500,5800,32200,38000,10500,21.6,15.3,43,2.6
IN_USR_02739,49,Female,Tier 2,Coimbatore,Freelancer/Consultant,66500,14000,11200,5000,1800,6000,3200,3900,12500,7100,38000,45100,21400,32.2,15.7,53,3.0
IN_USR_02740,50,Female,Tier 3,Warangal,Software Engineer,182000,30000,28000,13500,6000,8600,14100,13200,36500,27300,86100,113400,68600,37.7,24.1,78,9.3
IN_USR_02741,48,Female,Tier 1,Delhi-NCR,Operations Executive,99500,27500,19600,7600,5900,5600,6100,5200,14500,11300,66200,77500,22000,22.1,14.6,50,4.5
IN_USR_02742,25,Male,Tier 3,Nagpur,Software Engineer,83000,10500,16400,4200,2600,1600,7200,5400,23500,12600,35300,47900,35100,42.3,26.3,69,6.5
IN_USR_02743,42,Male,Tier 1,Chennai,Marketing Manager,125500,32000,24200,9700,5300,7700,10500,8200,16500,18700,78900,97600,27900,22.2,19.2,41,2.6
IN_USR_02744,48,Male,Tier 1,Delhi-NCR,Operations Executive,54000,12000,10400,2900,3200,5100,5200,3700,7000,8900,33600,42500,11500,21.3,20.9,36,1.6
IN_USR_02745,52,Male,Tier 2,Coimbatore,Financial Analyst,117000,22000,17200,7100,4900,5100,9700,6900,21000,16600,56300,72900,44100,37.7,22.8,83,10.4
IN_USR_02746,32,Female,Tier 2,Jaipur,Marketing Manager,98500,24000,18200,6100,5100,5000,6700,6300,13500,13000,58400,71400,27100,27.5,18.2,53,4.2
IN_USR_02747,40,Male,Tier 2,Jaipur,Software Engineer,201500,42500,30600,8900,6900,13800,18600,10800,38500,29400,102700,132100,69400,34.4,22.3,53,3.1
IN_USR_02748,53,Male,Tier 1,Delhi-NCR,Freelancer/Consultant,71000,21000,10800,5500,2600,4300,6500,4600,10000,11100,44200,55300,15700,22.1,20.1,40,2.4
IN_USR_02749,33,Female,Tier 1,Hyderabad,Freelancer/Consultant,74000,19500,12600,4500,2900,5200,3900,4000,9000,7900,44700,52600,21400,28.9,15.0,55,4.2
IN_USR_02750,34,Male,Tier 2,Coimbatore,Operations Executive,89000,20000,10800,4300,4500,5200,4500,7100,18500,11600,44800,56400,32600,36.6,20.6,73,7.9
IN_USR_02751,39,Female,Tier 1,Bangalore,Data Analyst,114500,35000,19600,8700,5100,5400,9300,6700,12000,16000,73800,89800,24700,21.6,17.8,48,4.3
IN_USR_02752,24,Male,Tier 1,Bangalore,Teacher/Professor,46000,13500,9200,3500,1400,1300,3500,1600,5000,5100,28900,34000,12000,26.1,15.0,44,1.9
IN_USR_02753,34,Male,Tier 2,Coimbatore,Software Engineer,171500,36000,25800,9800,6400,12800,8400,10100,42000,18500,90800,109300,62200,36.3,16.9,76,8.3
IN_USR_02754,57,Male,Tier 2,Kochi,Small Business Owner,245500,58500,35000,11400,9800,15500,16800,13200,42000,30000,130200,160200,85300,34.7,18.7,65,5.9
IN_USR_02755,42,Male,Tier 2,Jaipur,Financial Analyst,114000,22500,15000,8200,6800,8500,10100,5700,19000,15800,61000,76800,37200,32.6,20.6,71,8.2
IN_USR_02756,43,Female,Tier 1,Hyderabad,Sales Consultant,62000,16000,11600,4100,2900,5100,3400,3300,8000,6700,39700,46400,15600,25.2,14.4,50,3.6
IN_USR_02757,51,Female,Tier 2,Chandigarh,Teacher/Professor,73500,15000,13800,5500,1700,3700,5300,3800,11000,9100,39700,48800,24700,33.6,18.6,61,5.2
IN_USR_02758,38,Female,Tier 2,Ahmedabad,Freelancer/Consultant,67000,10500,8200,3700,3700,5800,5100,4900,17000,10000,31900,41900,25100,37.5,23.9,65,5.7
IN_USR_02759,33,Female,Tier 1,Delhi-NCR,Sales Consultant,73500,17000,11800,3400,2300,4100,6000,2200,17000,8200,38600,46800,26700,36.3,17.5,69,6.4
IN_USR_02760,30,Female,Tier 1,Chennai,Marketing Manager,120500,27500,23400,6900,4500,3300,6900,6000,27000,12900,65600,78500,42000,34.9,16.4,60,4.2
IN_USR_02761,27,Male,Tier 1,Bangalore,Small Business Owner,81500,18500,10600,4300,2600,1000,7400,6300,13000,13700,37000,50700,30800,37.8,27.0,59,4.5
IN_USR_02762,25,Male,Tier 2,Coimbatore,Data Analyst,137000,30000,19400,6500,7700,1900,8900,4300,32000,13200,65500,78700,58300,42.6,16.8,67,5.0
IN_USR_02763,33,Male,Tier 2,Coimbatore,Sales Consultant,63000,12500,8800,4000,3300,5000,2800,4700,9000,7500,33600,41100,21900,34.8,18.2,68,6.7
IN_USR_02764,40,Male,Tier 1,Bangalore,Teacher/Professor,81000,27000,15600,3800,4000,7600,3300,2400,7500,5700,58000,63700,17300,21.4,8.9,45,2.6
IN_USR_02765,43,Female,Tier 2,Indore,Healthcare Worker,93000,14500,18000,4900,2200,9000,5100,5300,14000,10400,48600,59000,34000,36.6,17.6,61,4.2
IN_USR_02766,52,Male,Tier 1,Pune,Software Engineer,96000,33000,14200,4200,3100,5200,4200,3400,19500,7600,59700,67300,28700,29.9,11.3,59,4.7
IN_USR_02767,48,Male,Tier 2,Chandigarh,Sales Consultant,88000,18500,12000,6600,4800,7700,8700,4800,13500,13500,49600,63100,24900,28.3,21.4,51,3.9
IN_USR_02768,25,Female,Tier 1,Pune,Civil Engineer,68500,16500,10800,2800,2100,400,4400,2900,12000,7300,32600,39900,28600,41.8,18.3,79,8.3
IN_USR_02769,38,Female,Tier 2,Coimbatore,Sales Consultant,79000,18500,15000,5500,2100,6800,3700,2800,14000,6500,47900,54400,24600,31.1,11.9,66,6.2
IN_USR_02770,28,Female,Tier 1,Pune,Software Engineer,109000,32000,19000,8100,3700,1600,8000,5500,19500,13500,64400,77900,31100,28.5,17.3,51,3.5
IN_USR_02771,42,Male,Tier 1,Chennai,Operations Executive,47000,16000,9000,2400,1200,4600,2600,1800,5000,4400,33200,37600,9400,20.0,11.7,45,3.3
IN_USR_02772,23,Male,Tier 2,Jaipur,Data Analyst,93000,21500,12800,6200,4300,2700,8600,4700,15500,13300,47500,60800,32200,34.6,21.9,66,6.6
IN_USR_02773,50,Male,Tier 1,Delhi-NCR,Data Analyst,119500,37500,20800,5300,3100,11300,4800,9400,16500,14200,78000,92200,27300,22.8,15.4,39,1.4
IN_USR_02774,22,Male,Tier 1,Bangalore,Operations Executive,57000,15500,9400,2600,3300,1000,4500,3000,9500,7500,31800,39300,17700,31.1,19.1,48,2.3
IN_USR_02775,25,Female,Tier 1,Hyderabad,Data Analyst,106000,24000,19400,6100,2500,2600,7100,7200,16000,14300,54600,68900,37100,35.0,20.8,71,7.6
IN_USR_02776,22,Male,Tier 3,Warangal,Teacher/Professor,39500,4500,5600,2200,1500,100,3100,3000,10500,6100,13900,20000,19500,49.4,30.5,61,4.9
IN_USR_02777,49,Female,Tier 1,Bangalore,Freelancer/Consultant,100000,32500,13400,7000,3200,9200,5600,3100,15500,8700,65300,74000,26000,26.0,11.8,56,4.7
IN_USR_02778,29,Female,Tier 1,Mumbai,Civil Engineer,87000,24500,12000,5000,4600,2400,4900,5600,18500,10500,48500,59000,28000,32.2,17.8,64,6.0
IN_USR_02779,28,Male,Tier 2,Jaipur,Civil Engineer,74000,15500,10400,3800,2900,1900,4700,4900,16500,9600,34500,44100,29900,40.4,21.8,87,10.8
IN_USR_02780,23,Male,Tier 1,Mumbai,Civil Engineer,97000,26500,12600,5900,3500,2200,8900,5500,14000,14400,50700,65100,31900,32.9,22.1,60,5.3
IN_USR_02781,24,Male,Tier 2,Coimbatore,Financial Analyst,149000,23000,25600,10200,5700,1000,9300,7000,34000,16300,65500,81800,67200,45.1,19.9,92,13.0
IN_USR_02782,28,Female,Tier 1,Hyderabad,Healthcare Worker,57500,16000,8800,4600,2100,1400,3500,4200,11500,7700,32900,40600,16900,29.4,19.0,60,5.8
IN_USR_02783,46,Male,Tier 1,Delhi-NCR,Marketing Manager,108500,31000,14600,5000,2400,5300,6500,4800,16000,11300,58300,69600,38900,35.9,16.2,67,6.0
IN_USR_02784,23,Female,Tier 2,Jaipur,Freelancer/Consultant,160000,33000,31200,11600,8500,4300,14700,8800,20500,23500,88600,112100,47900,29.9,21.0,63,6.6
IN_USR_02785,34,Female,Tier 3,Mysore,Software Engineer,64500,8500,9400,3300,2000,6300,6300,4700,15000,11000,29500,40500,24000,37.2,27.2,77,9.5
IN_USR_02786,36,Male,Tier 2,Kochi,Healthcare Worker,48000,8500,8800,3500,2300,1900,3500,3100,11000,6600,25000,31600,16400,34.2,20.9,63,5.6
IN_USR_02787,24,Female,Tier 1,Chennai,Marketing Manager,122500,33000,22600,6300,4700,2200,5300,8800,19500,14100,68800,82900,39600,32.3,17.0,61,5.2
IN_USR_02788,37,Male,Tier 1,Bangalore,Financial Analyst,137000,42000,22800,6400,5200,7600,6400,5400,25000,11800,84000,95800,41200,30.1,12.3,62,5.6
IN_USR_02789,42,Male,Tier 3,Mysore,Freelancer/Consultant,111500,19500,16400,6600,6300,7900,4500,4900,25000,9400,56700,66100,45400,40.7,14.2,59,2.6
IN_USR_02790,32,Male,Tier 2,Jaipur,Sales Consultant,56500,10500,7800,2300,2700,5500,3500,2600,11000,6100,28800,34900,21600,38.2,17.5,57,2.7
IN_USR_02791,34,Female,Tier 1,Hyderabad,Data Analyst,71500,23000,11800,4200,3600,6200,2900,3400,7500,6300,48800,55100,16400,22.9,11.4,51,4.2
IN_USR_02792,29,Female,Tier 1,Bangalore,Civil Engineer,96500,22500,13800,4400,5700,2700,3900,4100,26500,8000,49100,57100,39400,40.8,14.0,91,11.0
IN_USR_02793,45,Male,Tier 1,Pune,Freelancer/Consultant,116000,29000,21000,6800,5600,5700,10000,6700,21000,16700,68100,84800,31200,26.9,19.7,52,4.3
IN_USR_02794,50,Male,Tier 2,Indore,Marketing Manager,50500,10500,6600,2800,2700,3800,3200,1600,10000,4800,26400,31200,19300,38.2,15.4,68,5.5
IN_USR_02795,24,Female,Tier 1,Delhi-NCR,Data Analyst,88000,25000,14800,4600,2100,1700,6300,6200,15500,12500,48200,60700,27300,31.0,20.6,66,7.3
IN_USR_02796,46,Female,Tier 3,Warangal,Operations Executive,41500,7500,6200,2800,1000,2400,3500,1900,11000,5400,19900,25300,16200,39.0,21.3,88,11.2
IN_USR_02797,39,Female,Tier 3,Dehradun,Data Analyst,83500,8500,13600,4400,2000,4800,6900,5800,25500,12700,33300,46000,37500,44.9,27.6,62,4.7
IN_USR_02798,50,Female,Tier 3,Salem,Marketing Manager,43500,5000,5200,2000,2300,2400,2300,2400,13000,4700,16900,21600,21900,50.3,21.8,74,7.3
IN_USR_02799,58,Female,Tier 1,Mumbai,Civil Engineer,42500,12500,7600,2000,900,1700,3700,1800,8000,5500,24700,30200,12300,28.9,18.2,62,6.5
IN_USR_02800,46,Female,Tier 2,Ahmedabad,Software Engineer,206000,44500,31200,14300,7900,14100,14500,10500,36500,25000,112000,137000,69000,33.5,18.2,59,4.6
IN_USR_02801,23,Female,Tier 1,Hyderabad,Marketing Manager,131500,30000,21600,8000,7700,800,12200,4200,25500,16400,68100,84500,47000,35.7,19.4,54,2.8
IN_USR_02802,56,Male,Tier 1,Hyderabad,Software Engineer,227000,60500,36800,17500,5800,9100,16000,13900,43000,29900,129700,159600,67400,29.7,18.7,62,6.3
IN_USR_02803,48,Male,Tier 1,Pune,Small Business Owner,110000,31500,19000,8300,4600,8200,4500,5400,19000,9900,71600,81500,28500,25.9,12.1,49,2.9
IN_USR_02804,54,Male,Tier 3,Salem,Sales Consultant,35000,4500,6600,1900,1500,2000,2100,2700,7000,4800,16500,21300,13700,39.1,22.5,81,9.6
IN_USR_02805,50,Male,Tier 1,Delhi-NCR,Data Analyst,158000,47500,28800,12600,6000,8400,6700,5200,20000,11900,103300,115200,42800,27.1,10.3,54,3.8
IN_USR_02806,22,Female,Tier 3,Trichy,Operations Executive,59500,10500,9800,2500,3100,1700,5600,3400,10500,9000,27600,36600,22900,38.5,24.6,67,6.3
IN_USR_02807,42,Female,Tier 3,Warangal,Small Business Owner,72500,9500,9800,3500,3400,5100,3000,4700,21000,7700,31300,39000,33500,46.2,19.7,77,8.1
IN_USR_02808,25,Female,Tier 3,Dehradun,Freelancer/Consultant,144500,22000,20800,9500,6000,3100,5900,9400,36000,15300,61400,76700,67800,46.9,19.9,67,5.4
IN_USR_02809,43,Male,Tier 1,Mumbai,Healthcare Worker,125500,36000,15200,10000,2900,10900,7400,7200,21000,14600,75000,89600,35900,28.6,16.3,49,2.7
IN_USR_02810,50,Male,Tier 2,Kochi,Financial Analyst,70500,16500,12200,3900,1800,4900,5400,5500,9500,10900,39300,50200,20300,28.8,21.7,47,2.7
IN_USR_02811,29,Female,Tier 3,Salem,Sales Consultant,55000,8500,6800,3600,2500,700,2600,3100,17500,5700,22100,27800,27200,49.5,20.5,92,16.2
IN_USR_02812,50,Female,Tier 2,Ahmedabad,Operations Executive,36000,8000,5200,2100,1300,2300,1700,2200,7000,3900,18900,22800,13200,36.7,17.1,72,7.2
IN_USR_02813,49,Female,Tier 2,Kochi,Civil Engineer,78500,18500,10400,4200,4000,5000,4000,3100,17000,7100,42100,49200,29300,37.3,14.4,83,9.7
IN_USR_02814,32,Male,Tier 3,Warangal,Sales Consultant,60000,6000,10400,2600,3600,3300,3200,2300,17500,5500,25900,31400,28600,47.7,17.5,93,14.6
IN_USR_02815,57,Female,Tier 2,Indore,Marketing Manager,76000,16000,14000,5600,3500,5800,4800,2900,14000,7700,44900,52600,23400,30.8,14.6,52,3.0
IN_USR_02816,54,Female,Tier 1,Hyderabad,Healthcare Worker,59000,13500,8800,3200,1800,4300,4300,2700,11000,7000,31600,38600,20400,34.6,18.1,75,8.5
IN_USR_02817,41,Male,Tier 1,Hyderabad,Marketing Manager,146000,39000,25000,6000,7200,7100,9600,10700,27000,20300,84300,104600,41400,28.4,19.4,55,4.9
IN_USR_02818,24,Female,Tier 1,Pune,Software Engineer,111500,24500,18800,6400,3800,2200,10300,5100,27500,15400,55700,71100,40400,36.2,21.7,79,9.6
IN_USR_02819,37,Male,Tier 1,Hyderabad,Teacher/Professor,55000,18000,7200,3800,2200,3200,4700,3500,8000,8200,34400,42600,12400,22.5,19.2,36,1.1
IN_USR_02820,42,Male,Tier 2,Chandigarh,Civil Engineer,78500,17000,13000,6100,3000,7500,4100,4300,16000,8400,46600,55000,23500,29.9,15.3,49,2.4
IN_USR_02821,48,Female,Tier 1,Hyderabad,Freelancer/Consultant,83500,19000,13000,5400,3900,5400,7900,6100,14500,14000,46700,60700,22800,27.3,23.1,42,2.0
IN_USR_02822,38,Male,Tier 2,Kochi,Software Engineer,81000,15500,10800,6400,4800,7700,4500,3700,16000,8200,45200,53400,27600,34.1,15.4,58,3.9
IN_USR_02823,48,Female,Tier 1,Hyderabad,Small Business Owner,264000,89500,33000,13900,7300,18500,18300,19100,27500,37400,162200,199600,64400,24.4,18.7,54,5.5
IN_USR_02824,22,Male,Tier 2,Coimbatore,Freelancer/Consultant,137500,23500,25800,10500,5800,3000,8300,8200,35000,16500,68600,85100,52400,38.1,19.4,70,6.4
IN_USR_02825,42,Male,Tier 1,Chennai,Data Analyst,159000,42000,23200,12500,9300,13400,14400,6100,18000,20500,100400,120900,38100,24.0,17.0,51,4.5
IN_USR_02826,28,Female,Tier 3,Trichy,Marketing Manager,40500,7000,5600,3200,1000,1200,2700,1800,10500,4500,18000,22500,18000,44.4,20.0,70,6.2
IN_USR_02827,36,Male,Tier 2,Kochi,Civil Engineer,79500,15500,12200,6100,3200,6200,4500,5200,13000,9700,43200,52900,26600,33.5,18.3,71,7.7
IN_USR_02828,52,Female,Tier 1,Chennai,Small Business Owner,176000,55000,34000,10400,9100,15400,15500,7100,18500,22600,123900,146500,29500,16.8,15.4,32,1.0
IN_USR_02829,22,Female,Tier 1,Chennai,Data Analyst,61000,13500,10200,3800,1900,300,4300,3600,11000,7900,29700,37600,23400,38.4,21.0,67,5.7
IN_USR_02830,38,Male,Tier 1,Pune,Financial Analyst,127000,34000,18800,8200,7500,5500,12100,8700,15500,20800,74000,94800,32200,25.4,21.9,49,4.1
IN_USR_02831,22,Female,Tier 2,Ahmedabad,Freelancer/Consultant,68000,12500,12800,4200,2100,500,6800,5100,12000,11900,32100,44000,24000,35.3,27.0,52,3.2
IN_USR_02832,31,Male,Tier 1,Delhi-NCR,Operations Executive,44500,14000,7000,1800,2300,2900,3500,1500,7000,5000,28000,33000,11500,25.8,15.2,51,3.9
IN_USR_02833,40,Male,Tier 1,Hyderabad,Teacher/Professor,91000,29500,17600,6800,4100,7700,4800,5900,9500,10700,65700,76400,14600,16.0,14.0,32,1.0
IN_USR_02834,32,Male,Tier 2,Jaipur,Financial Analyst,106500,19500,14000,8400,4300,6300,5900,5800,24000,11700,52500,64200,42300,39.7,18.2,76,7.6
IN_USR_02835,51,Female,Tier 1,Bangalore,Civil Engineer,104500,23500,12800,5700,4800,4300,6700,3800,26000,10500,51100,61600,42900,41.1,17.0,64,4.2
IN_USR_02836,47,Male,Tier 3,Nagpur,Small Business Owner,87500,9500,12800,4000,5100,6100,6300,3700,22000,10000,37500,47500,40000,45.7,21.1,80,8.8
IN_USR_02837,37,Female,Tier 2,Indore,Sales Consultant,100000,21500,13400,7900,2800,7500,6600,7200,17000,13800,53100,66900,33100,33.1,20.6,68,7.4
IN_USR_02838,55,Female,Tier 1,Delhi-NCR,Data Analyst,160000,52000,26200,7800,6400,9900,15700,11900,13500,27600,102300,129900,30100,18.8,21.2,33,1.4
IN_USR_02839,31,Male,Tier 1,Delhi-NCR,Data Analyst,105000,31500,17400,4900,6000,7000,9200,7500,15000,16700,66800,83500,21500,20.5,20.0,46,4.4
IN_USR_02840,45,Female,Tier 2,Chandigarh,Marketing Manager,54500,13500,8400,4200,1600,4800,2900,2400,9000,5300,32500,37800,16700,30.6,14.0,66,6.6
IN_USR_02841,26,Female,Tier 2,Ahmedabad,Healthcare Worker,87500,18500,11400,6300,4600,2100,4400,4900,17500,9300,42900,52200,35300,40.3,17.8,78,8.0
IN_USR_02842,58,Female,Tier 3,Dehradun,Small Business Owner,211000,36000,33200,14900,7200,16500,20400,8700,49500,29100,107800,136900,74100,35.1,21.3,52,2.5
IN_USR_02843,48,Male,Tier 1,Chennai,Software Engineer,186000,62500,35600,13700,6600,14100,9300,10800,19500,20100,132500,152600,33400,18.0,13.2,43,3.3
IN_USR_02844,32,Female,Tier 1,Hyderabad,Financial Analyst,90000,24500,14600,5800,2900,4100,7600,4300,15500,11900,51900,63800,26200,29.1,18.7,59,5.7
IN_USR_02845,35,Female,Tier 1,Chennai,Software Engineer,220000,57500,37000,15200,7100,17400,12100,13300,39000,25400,134200,159600,60400,27.5,15.9,58,5.3
IN_USR_02846,58,Female,Tier 2,Kochi,Small Business Owner,200500,49500,36200,13200,5400,11200,10500,8800,45500,19300,115500,134800,65700,32.8,14.3,71,7.6
IN_USR_02847,31,Female,Tier 1,Chennai,Data Analyst,111000,31000,21600,7400,4100,6600,8700,3700,17000,12400,70700,83100,27900,25.1,14.9,55,5.1
IN_USR_02848,31,Female,Tier 1,Bangalore,Software Engineer,144000,33500,23400,8400,8600,9900,10800,6300,28000,17100,83800,100900,43100,29.9,16.9,53,3.7
IN_USR_02849,49,Male,Tier 2,Ahmedabad,Sales Consultant,84500,19500,16600,5800,1900,4800,4800,2500,12000,7300,48600,55900,28600,33.8,13.1,75,8.2
IN_USR_02850,47,Female,Tier 1,Hyderabad,Operations Executive,75000,20000,14000,5500,4000,4800,6400,5600,9000,12000,48300,60300,14700,19.6,19.9,40,2.9
IN_USR_02851,52,Female,Tier 3,Mysore,Software Engineer,139000,14000,22400,9000,7200,12200,6800,5900,36000,12700,64800,77500,61500,44.2,16.4,71,5.9
IN_USR_02852,49,Male,Tier 1,Chennai,Sales Consultant,44000,14500,8200,3200,2600,2600,4000,3300,2500,7300,31100,38400,5600,12.7,19.0,32,2.2
IN_USR_02853,22,Female,Tier 1,Delhi-NCR,Financial Analyst,145000,43000,28400,9900,3300,3900,9400,8500,16000,17900,88500,106400,38600,26.6,16.8,52,4.1
IN_USR_02854,46,Male,Tier 1,Bangalore,Sales Consultant,57000,19000,7000,3200,2000,2500,3800,4200,6500,8000,33700,41700,15300,26.8,19.2,52,4.2
IN_USR_02855,39,Male,Tier 1,Chennai,Freelancer/Consultant,193000,53500,29800,9300,8400,19100,12500,6100,37000,18600,120100,138700,54300,28.1,13.4,52,3.3
IN_USR_02856,25,Female,Tier 1,Hyderabad,Data Analyst,80000,19000,15200,4800,1700,1600,5600,4500,17000,10100,42300,52400,27600,34.5,19.3,62,5.2
IN_USR_02857,58,Male,Tier 1,Mumbai,Sales Consultant,92500,28000,18400,6400,3800,6100,4700,7300,12000,12000,62700,74700,17800,19.2,16.1,36,1.4
IN_USR_02858,36,Male,Tier 3,Mysore,Freelancer/Consultant,136500,14500,20000,8100,4500,13600,5600,9600,28000,15200,60700,75900,60600,44.4,20.0,90,11.4
IN_USR_02859,35,Female,Tier 1,Mumbai,Small Business Owner,84000,19000,12200,4900,4100,8200,4800,4800,17500,9600,48400,58000,26000,31.0,16.6,51,2.7
IN_USR_02860,40,Female,Tier 1,Pune,Small Business Owner,93500,28500,14600,5300,3100,6900,7500,3600,15500,11100,58400,69500,24000,25.7,16.0,44,2.2
IN_USR_02861,28,Female,Tier 3,Warangal,Small Business Owner,95000,13000,15400,6800,2300,1900,7300,4600,24000,11900,39400,51300,43700,46.0,23.2,61,4.2
IN_USR_02862,37,Female,Tier 2,Jaipur,Software Engineer,147500,35500,24800,7700,7300,8400,8200,10100,27500,18300,83700,102000,45500,30.8,17.9,58,4.9
IN_USR_02863,43,Male,Tier 2,Chandigarh,Freelancer/Consultant,112000,27000,17800,7000,2700,10300,8700,3800,24000,12500,64800,77300,34700,31.0,16.2,50,2.6
IN_USR_02864,56,Male,Tier 1,Pune,Healthcare Worker,53500,16000,10000,3300,3000,4800,3100,1800,7500,4900,37100,42000,11500,21.5,11.7,43,2.4
IN_USR_02865,46,Male,Tier 1,Hyderabad,Small Business Owner,103500,34000,14800,8200,3800,9500,4500,8100,10500,12600,70300,82900,20600,19.9,15.2,41,2.6
IN_USR_02866,44,Male,Tier 1,Chennai,Software Engineer,163000,49000,25800,11200,7100,13400,13400,6300,25500,19700,106500,126200,36800,22.6,15.6,38,1.2
IN_USR_02867,25,Male,Tier 1,Bangalore,Teacher/Professor,65500,15000,9600,4100,2500,1500,5300,4000,14000,9300,32700,42000,23500,35.9,22.1,65,5.9
IN_USR_02868,38,Male,Tier 2,Indore,Civil Engineer,91500,18500,12600,7300,2100,6800,4100,3400,24000,7500,47300,54800,36700,40.1,13.7,71,5.8
IN_USR_02869,35,Female,Tier 3,Salem,Financial Analyst,96000,16500,15200,6800,2100,5700,5600,6100,20000,11700,46300,58000,38000,39.6,20.2,62,4.0
IN_USR_02870,45,Female,Tier 1,Chennai,Operations Executive,59500,17500,8000,3000,2700,2800,3500,4300,9500,7800,34000,41800,17700,29.7,18.7,57,5.0
IN_USR_02871,28,Female,Tier 3,Mysore,Marketing Manager,107500,15500,20600,8500,5600,800,10100,4300,21500,14400,51000,65400,42100,39.2,22.0,72,7.1
IN_USR_02872,35,Female,Tier 1,Hyderabad,Civil Engineer,108000,26000,15800,7300,5300,5300,5800,7000,15000,12800,59700,72500,35500,32.9,17.7,53,3.1
IN_USR_02873,44,Female,Tier 2,Ahmedabad,Civil Engineer,63500,10500,7600,3000,1800,2600,4100,2700,19000,6800,25500,32300,31200,49.1,21.1,92,14.1
IN_USR_02874,55,Male,Tier 3,Trichy,Teacher/Professor,35000,5000,5000,2100,1700,1700,2200,1700,8000,3900,15500,19400,15600,44.6,20.1,77,7.9
IN_USR_02875,33,Male,Tier 3,Nagpur,Sales Consultant,32500,5000,6200,1500,1500,3000,3200,2200,5000,5400,17200,22600,9900,30.5,23.9,56,5.0
IN_USR_02876,45,Female,Tier 2,Coimbatore,Financial Analyst,110000,18000,15000,7500,2600,7100,7400,8000,18500,15400,50200,65600,44400,40.4,23.5,69,6.3
IN_USR_02877,30,Female,Tier 2,Chandigarh,Operations Executive,85500,13500,16400,4400,4900,1200,5200,4200,22000,9400,40400,49800,35700,41.8,18.9,76,7.6
IN_USR_02878,48,Male,Tier 2,Jaipur,Marketing Manager,102500,25500,17200,6000,4200,9400,8300,7400,11500,15700,62300,78000,24500,23.9,20.1,40,2.0
IN_USR_02879,57,Male,Tier 2,Coimbatore,Financial Analyst,141000,32000,19400,9400,6300,12400,8400,9100,22500,17500,79500,97000,44000,31.2,18.0,51,2.8
IN_USR_02880,53,Female,Tier 1,Delhi-NCR,Civil Engineer,49000,12000,7200,2700,2800,2400,3600,3600,7000,7200,27100,34300,14700,30.0,21.0,50,3.3
IN_USR_02881,48,Female,Tier 2,Chandigarh,Freelancer/Consultant,146500,24000,23600,8500,6200,13600,9200,11100,26500,20300,75900,96200,50300,34.3,21.1,65,6.3
IN_USR_02882,34,Female,Tier 1,Bangalore,Healthcare Worker,126000,31000,22400,8100,2900,6100,9400,10100,18500,19500,70500,90000,36000,28.6,21.7,49,3.3
IN_USR_02883,33,Female,Tier 2,Coimbatore,Sales Consultant,49000,11000,6800,3200,2200,3000,3700,3100,9500,6800,26200,33000,16000,32.7,20.6,58,4.6
IN_USR_02884,33,Female,Tier 2,Coimbatore,Freelancer/Consultant,145500,31000,18400,7100,3900,10400,11200,9300,35000,20500,70800,91300,54200,37.3,22.5,74,8.0
IN_USR_02885,57,Female,Tier 2,Indore,Data Analyst,62000,15000,7400,2700,2700,3100,6000,4000,8500,10000,30900,40900,21100,34.0,24.4,70,7.9
IN_USR_02886,48,Male,Tier 2,Kochi,Teacher/Professor,73500,14500,10400,5200,2100,6600,3500,2600,13000,6100,38800,44900,28600,38.9,13.6,70,5.7
IN_USR_02887,53,Female,Tier 3,Salem,Teacher/Professor,69000,12000,12600,3000,3000,5600,4800,4800,11000,9600,36200,45800,23200,33.6,21.0,72,8.2
IN_USR_02888,37,Male,Tier 2,Ahmedabad,Freelancer/Consultant,173000,31500,31400,10500,8900,8800,12700,10000,40500,22700,91100,113800,59200,34.2,19.9,51,2.4
IN_USR_02889,55,Female,Tier 1,Mumbai,Freelancer/Consultant,79500,25000,14000,3900,2000,7800,4900,5100,8500,10000,52700,62700,16800,21.1,15.9,36,1.0
IN_USR_02890,25,Male,Tier 2,Jaipur,Financial Analyst,64500,13000,8400,4600,1300,300,3500,2400,20500,5900,27600,33500,31000,48.1,17.6,85,9.9
IN_USR_02891,57,Male,Tier 3,Dehradun,Civil Engineer,64000,10500,7800,3100,3500,3000,3900,4700,12500,8600,27900,36500,27500,43.0,23.6,73,7.3
IN_USR_02892,57,Male,Tier 1,Delhi-NCR,Marketing Manager,66500,22500,8000,5100,1500,5100,6000,4500,6000,10500,42200,52700,13800,20.8,19.9,39,2.4
IN_USR_02893,32,Male,Tier 1,Chennai,Software Engineer,109000,27000,17000,4500,2300,8100,10200,8100,13500,18300,58900,77200,31800,29.2,23.7,56,5.2
IN_USR_02894,22,Male,Tier 3,Trichy,Healthcare Worker,77000,8000,13600,5600,1700,1100,3700,4200,16000,7900,30000,37900,39100,50.8,20.8,92,14.6
IN_USR_02895,45,Male,Tier 2,Indore,Teacher/Professor,30500,6000,5800,1500,1400,2800,1600,2400,4500,4000,17500,21500,9000,29.5,18.6,47,2.2
IN_USR_02896,47,Male,Tier 1,Delhi-NCR,Data Analyst,63000,16500,11800,3200,3600,4400,2700,4700,9500,7400,39500,46900,16100,25.6,15.8,54,4.9
IN_USR_02897,43,Male,Tier 1,Chennai,Financial Analyst,67500,20000,10400,2800,3700,5100,6500,4700,7000,11200,42000,53200,14300,21.2,21.1,34,1.0
IN_USR_02898,41,Male,Tier 2,Chandigarh,Civil Engineer,72000,15500,11000,3900,2100,3100,6300,3000,19000,9300,35600,44900,27100,37.6,20.7,83,10.3
IN_USR_02899,45,Female,Tier 1,Mumbai,Freelancer/Consultant,82500,24500,15600,3400,1700,7200,4800,4100,13000,8900,52400,61300,21200,25.7,14.5,49,3.4
IN_USR_02900,24,Male,Tier 2,Ahmedabad,Teacher/Professor,46000,10000,6600,2500,2700,1100,2500,2000,11000,4500,22900,27400,18600,40.4,16.4,90,11.2
IN_USR_02901,45,Female,Tier 1,Chennai,Operations Executive,88500,21500,11400,3900,4100,6700,4300,3400,14000,7700,47600,55300,33200,37.5,13.9,83,9.6
IN_USR_02902,28,Male,Tier 1,Bangalore,Freelancer/Consultant,85500,28500,15400,3500,5000,300,8500,5000,8500,13500,52700,66200,19300,22.6,20.4,48,4.4
IN_USR_02903,51,Female,Tier 2,Jaipur,Operations Executive,61500,10000,9400,2900,1600,4800,4400,4800,16500,9200,28700,37900,23600,38.4,24.3,78,9.1
IN_USR_02904,49,Female,Tier 1,Chennai,Small Business Owner,225500,74000,38600,16100,6000,10900,9100,16300,37500,25400,145600,171000,54500,24.2,14.9,55,5.2
IN_USR_02905,27,Male,Tier 2,Ahmedabad,Small Business Owner,139000,24000,22200,9700,3300,1200,6700,10900,40000,17600,60400,78000,61000,43.9,22.6,77,8.2
IN_USR_02906,50,Female,Tier 1,Bangalore,Operations Executive,67500,20000,10000,5300,3900,2900,5200,5100,10500,10300,42100,52400,15100,22.4,19.7,46,3.9
IN_USR_02907,44,Female,Tier 1,Delhi-NCR,Healthcare Worker,84500,20000,13200,3800,2500,5500,3900,6600,17000,10500,45000,55500,29000,34.3,18.9,65,5.9
IN_USR_02908,32,Female,Tier 1,Chennai,Teacher/Professor,43500,11000,6800,2300,900,3900,2800,2300,6000,5100,24900,30000,13500,31.0,17.0,48,2.0
IN_USR_02909,49,Male,Tier 1,Delhi-NCR,Financial Analyst,114000,30000,22000,7600,2600,6300,5200,5800,24000,11000,68500,79500,34500,30.3,13.8,58,4.5
IN_USR_02910,58,Female,Tier 1,Bangalore,Sales Consultant,96000,24500,11800,5300,5700,6400,4000,6600,15000,10600,53700,64300,31700,33.0,16.5,53,2.8
IN_USR_02911,29,Female,Tier 1,Mumbai,Marketing Manager,144000,45500,24400,11000,3000,4000,12400,11200,14500,23600,87900,111500,32500,22.6,21.2,44,3.5
IN_USR_02912,44,Female,Tier 3,Salem,Software Engineer,149000,18500,21200,8400,8600,10200,8300,8600,33000,16900,66900,83800,65200,43.8,20.2,65,4.7
IN_USR_02913,25,Female,Tier 3,Mysore,Small Business Owner,60000,9000,12000,4700,1800,1800,5900,3500,9500,9400,29300,38700,21300,35.5,24.3,63,5.9
IN_USR_02914,22,Male,Tier 2,Jaipur,Software Engineer,113000,23000,19200,8000,2700,800,9100,4300,28000,13400,53700,67100,45900,40.6,20.0,62,3.9
IN_USR_02915,37,Male,Tier 3,Nagpur,Teacher/Professor,68000,9000,12600,3000,3400,3200,6100,4700,14500,10800,31200,42000,26000,38.2,25.7,79,9.6
IN_USR_02916,33,Male,Tier 2,Jaipur,Civil Engineer,48000,7500,7400,2300,1000,3900,2600,1600,12500,4200,22100,26300,21700,45.2,16.0,81,8.6
IN_USR_02917,23,Male,Tier 2,Coimbatore,Sales Consultant,96000,22000,16000,6500,5300,1700,7600,6400,15000,14000,51500,65500,30500,31.8,21.4,67,7.3
IN_USR_02918,28,Female,Tier 1,Delhi-NCR,Sales Consultant,84500,29500,15200,4600,4100,100,5600,6500,13000,12100,53500,65600,18900,22.4,18.4,49,4.5
IN_USR_02919,37,Female,Tier 2,Ahmedabad,Marketing Manager,117500,25000,16400,8300,6700,6900,10300,6000,20000,16300,63300,79600,37900,32.3,20.5,55,3.9
IN_USR_02920,51,Male,Tier 2,Chandigarh,Healthcare Worker,69500,11500,11000,3200,2100,3700,5900,2700,19500,8600,31500,40100,29400,42.3,21.4,81,9.1
IN_USR_02921,58,Male,Tier 1,Hyderabad,Civil Engineer,91500,29500,11800,7100,2100,4900,4700,6800,13000,11500,55400,66900,24600,26.9,17.2,54,4.5
IN_USR_02922,36,Male,Tier 3,Dehradun,Sales Consultant,72500,12000,11800,4800,3600,3000,4400,4800,12000,9200,35200,44400,28100,38.8,20.7,58,3.3
IN_USR_02923,22,Male,Tier 2,Chandigarh,Marketing Manager,101000,22500,15600,7000,2900,800,4300,4100,18500,8400,48800,57200,43800,43.4,14.7,94,12.5
IN_USR_02924,34,Female,Tier 1,Delhi-NCR,Small Business Owner,202500,63500,37400,14200,5200,9600,9400,16200,25500,25600,129900,155500,47000,23.2,16.5,52,4.8
IN_USR_02925,32,Male,Tier 1,Delhi-NCR,Sales Consultant,113000,38000,20400,7800,3700,6400,11100,8700,11000,19800,76300,96100,16900,15.0,20.6,31,1.7
IN_USR_02926,41,Female,Tier 3,Salem,Data Analyst,115000,12500,17400,7100,5000,7400,6200,7100,21000,13300,49400,62700,52300,45.5,21.2,82,9.5
IN_USR_02927,55,Female,Tier 1,Mumbai,Software Engineer,124000,32000,21600,7300,6100,11600,8000,9300,11500,17300,78600,95900,28100,22.7,18.0,45,3.2
IN_USR_02928,25,Female,Tier 3,Dehradun,Small Business Owner,181000,18500,35400,8200,5700,2200,15000,10500,54500,25500,70000,95500,85500,47.2,26.7,80,9.5
IN_USR_02929,51,Male,Tier 1,Hyderabad,Software Engineer,250500,70000,45400,14400,7000,14000,13000,8700,33000,21700,150800,172500,78000,31.1,12.6,58,4.1
IN_USR_02930,30,Male,Tier 2,Chandigarh,Teacher/Professor,79000,19500,11400,3200,2300,1800,6200,5500,13500,11700,38200,49900,29100,36.8,23.4,69,7.0
IN_USR_02931,27,Female,Tier 1,Hyderabad,Operations Executive,84000,20500,13200,5200,5000,1400,3800,6200,19500,10000,45300,55300,28700,34.2,18.1,62,5.2
IN_USR_02932,30,Male,Tier 2,Coimbatore,Teacher/Professor,37000,7500,5600,2800,1700,200,3000,2100,6000,5100,17800,22900,14100,38.1,22.3,59,3.9
IN_USR_02933,34,Female,Tier 1,Hyderabad,Software Engineer,158000,40000,22800,12100,6200,11300,10100,6000,27000,16100,92400,108500,49500,31.3,14.8,61,5.1
IN_USR_02934,22,Female,Tier 1,Chennai,Small Business Owner,133000,38500,16800,7100,2800,2300,8700,7600,22000,16300,67500,83800,49200,37.0,19.5,68,6.3
IN_USR_02935,37,Female,Tier 2,Chandigarh,Freelancer/Consultant,131000,31500,21600,10200,7800,11300,12300,10300,16500,22600,82400,105000,26000,19.8,21.5,43,3.7
IN_USR_02936,55,Male,Tier 1,Pune,Civil Engineer,59000,17500,8200,4200,2600,4900,3200,4600,6000,7800,37400,45200,13800,23.4,17.3,44,2.9
IN_USR_02937,41,Female,Tier 1,Chennai,Data Analyst,109000,30000,20800,8000,5600,5400,10900,7700,10500,18600,69800,88400,20600,18.9,21.0,38,2.7
IN_USR_02938,26,Female,Tier 1,Bangalore,Data Analyst,99000,31000,12400,4600,5500,0,5700,3500,25000,9200,53500,62700,36300,36.7,14.7,78,8.5
IN_USR_02939,24,Male,Tier 2,Chandigarh,Operations Executive,71000,14000,11400,4000,2000,1000,5600,4100,17500,9700,32400,42100,28900,40.7,23.0,74,7.4
IN_USR_02940,36,Male,Tier 2,Ahmedabad,Healthcare Worker,43500,9500,8600,2100,2400,3500,3400,2800,6000,6200,26100,32300,11200,25.7,19.2,50,4.0
IN_USR_02941,25,Female,Tier 1,Hyderabad,Operations Executive,46000,14500,7800,2300,1300,1200,3000,3000,8000,6000,27100,33100,12900,28.0,18.1,52,3.9
IN_USR_02942,45,Female,Tier 2,Indore,Operations Executive,58000,10000,9200,3400,2300,4100,4300,3700,10000,8000,29000,37000,21000,36.2,21.6,61,4.9
IN_USR_02943,36,Female,Tier 1,Chennai,Teacher/Professor,87000,21500,12400,5400,3700,4300,7400,6500,13000,13900,47300,61200,25800,29.7,22.7,49,3.3
IN_USR_02944,39,Female,Tier 1,Mumbai,Civil Engineer,103000,34000,16400,4400,2600,7100,7300,6300,16000,13600,64500,78100,24900,24.2,17.4,48,3.7
IN_USR_02945,56,Male,Tier 3,Mysore,Software Engineer,116000,15500,17800,8200,5100,4700,10400,6400,31000,16800,51300,68100,47900,41.3,24.7,90,12.6
IN_USR_02946,41,Male,Tier 1,Bangalore,Small Business Owner,105000,29000,20000,6500,2100,8800,6200,7700,10000,13900,66400,80300,24700,23.5,17.3,44,2.8
IN_USR_02947,28,Female,Tier 3,Mysore,Sales Consultant,85500,10000,15600,5700,2500,1600,3600,5500,26000,9100,35400,44500,41000,48.0,20.4,88,11.0
IN_USR_02948,33,Female,Tier 3,Mysore,Healthcare Worker,75500,10500,11200,4500,3100,4000,3700,2500,14500,6200,33300,39500,36000,47.7,15.7,94,14.0
IN_USR_02949,53,Male,Tier 2,Ahmedabad,Software Engineer,163500,40500,25800,10000,7400,15900,9300,5300,25500,14600,99600,114200,49300,30.2,12.8,63,5.7
IN_USR_02950,49,Female,Tier 2,Ahmedabad,Small Business Owner,67500,14500,9200,2900,2400,2800,5500,3000,16500,8500,31800,40300,27200,40.3,21.1,69,6.1
IN_USR_02951,51,Male,Tier 2,Kochi,Marketing Manager,75000,17000,14400,5500,4100,7400,4500,3500,12000,8000,48400,56400,18600,24.8,14.2,45,2.3
IN_USR_02952,23,Female,Tier 2,Kochi,Financial Analyst,110000,16500,15000,8200,4600,2700,6400,7200,34000,13600,47000,60600,49400,44.9,22.4,84,10.0
IN_USR_02953,46,Male,Tier 2,Coimbatore,Small Business Owner,80000,16000,14400,4900,1700,3700,6300,3200,20500,9500,40700,50200,29800,37.2,18.9,81,9.7
IN_USR_02954,55,Female,Tier 1,Bangalore,Financial Analyst,122000,29000,20200,6100,4600,5300,6100,7700,28500,13800,65200,79000,43000,35.2,17.5,57,3.5
IN_USR_02955,23,Female,Tier 1,Bangalore,Small Business Owner,106500,24500,14400,8500,5200,1100,7100,6400,16000,13500,53700,67200,39300,36.9,20.1,54,2.5
IN_USR_02956,33,Female,Tier 1,Pune,Sales Consultant,60000,20500,7400,3900,3500,3700,5500,4700,6000,10200,39000,49200,10800,18.0,20.7,32,1.1
IN_USR_02957,45,Male,Tier 3,Mysore,Operations Executive,35500,4000,5600,2100,1200,2500,2200,2100,9500,4300,15400,19700,15800,44.5,21.8,67,5.4
IN_USR_02958,30,Male,Tier 1,Pune,Healthcare Worker,118500,29500,15000,6700,3900,2800,8900,4300,21000,13200,57900,71100,47400,40.0,18.6,85,10.0
IN_USR_02959,41,Female,Tier 1,Bangalore,Financial Analyst,144500,45000,27600,7400,4600,10600,12200,5300,20500,17500,95200,112700,31800,22.0,15.5,43,2.6
IN_USR_02960,58,Female,Tier 3,Salem,Small Business Owner,129000,17000,18200,8000,4800,9100,12800,6400,35000,19200,57100,76300,52700,40.9,25.2,75,8.0
IN_USR_02961,52,Female,Tier 1,Bangalore,Operations Executive,49500,14500,6800,3100,2500,4700,2800,1600,6500,4400,31600,36000,13500,27.3,12.2,49,2.6
IN_USR_02962,51,Female,Tier 1,Bangalore,Sales Consultant,61000,16500,8600,4200,2400,3900,2700,2800,10500,5500,35600,41100,19900,32.6,13.4,65,5.7
IN_USR_02963,57,Female,Tier 1,Bangalore,Sales Consultant,88000,30500,16600,4400,2200,4900,7700,3700,10000,11400,58600,70000,18000,20.5,16.3,47,4.2
IN_USR_02964,23,Male,Tier 1,Pune,Freelancer/Consultant,86500,26500,10600,5700,3000,1300,5800,6400,14500,12200,47100,59300,27200,31.4,20.6,46,1.9
IN_USR_02965,34,Male,Tier 2,Indore,Small Business Owner,95500,23500,14400,7400,5100,9200,9500,5100,13500,14600,59600,74200,21300,22.3,19.7,47,4.1
IN_USR_02966,47,Male,Tier 1,Hyderabad,Sales Consultant,50500,14500,6800,2800,1900,4300,3600,1700,10000,5300,30300,35600,14900,29.5,14.9,62,5.8
IN_USR_02967,57,Female,Tier 1,Pune,Data Analyst,94000,21000,12800,6600,3400,5500,8400,5200,15500,13600,49300,62900,31100,33.1,21.6,63,6.1
IN_USR_02968,47,Female,Tier 1,Delhi-NCR,Freelancer/Consultant,198500,55500,36200,9700,6300,19400,17500,14100,27500,31600,127100,158700,39800,20.1,19.9,42,3.2
IN_USR_02969,40,Male,Tier 1,Chennai,Sales Consultant,97500,23500,18800,6400,5300,8000,9000,5900,14000,14900,62000,76900,20600,21.1,19.4,47,4.4
IN_USR_02970,32,Male,Tier 3,Nagpur,Freelancer/Consultant,74500,12500,11000,5500,2400,4300,4600,4200,17500,8800,35700,44500,30000,40.3,19.8,77,8.1
IN_USR_02971,24,Male,Tier 2,Chandigarh,Marketing Manager,56500,13000,8200,4100,1200,500,5500,4300,11500,9800,27000,36800,19700,34.9,26.6,58,4.8
IN_USR_02972,39,Male,Tier 1,Pune,Healthcare Worker,60000,18500,8000,3500,3400,5800,4500,4400,7500,8900,39200,48100,11900,19.8,18.5,36,1.7
IN_USR_02973,43,Female,Tier 3,Dehradun,Operations Executive,38500,4000,6400,1900,1300,2400,2400,2000,11500,4400,16000,20400,18100,47.0,21.6,90,11.7
IN_USR_02974,33,Female,Tier 1,Hyderabad,Operations Executive,45000,10000,5600,2400,2000,4300,4500,3300,7500,7800,24300,32100,12900,28.7,24.3,55,5.3
IN_USR_02975,45,Male,Tier 1,Chennai,Healthcare Worker,101500,31500,19400,5200,5100,4800,8100,3400,15000,11500,66000,77500,24000,23.6,14.8,47,3.3
IN_USR_02976,48,Female,Tier 2,Ahmedabad,Operations Executive,55000,12000,7000,3500,2900,3900,2800,4400,12500,7200,29300,36500,18500,33.6,19.7,52,2.7
IN_USR_02977,41,Male,Tier 2,Chandigarh,Civil Engineer,92500,21500,13000,4400,4200,9100,6100,6600,15500,12700,52200,64900,27600,29.8,19.6,63,6.6
IN_USR_02978,22,Female,Tier 2,Indore,Data Analyst,82500,19000,16400,4200,4000,2000,7500,3500,16500,11000,45600,56600,25900,31.4,19.4,64,6.5
IN_USR_02979,51,Female,Tier 2,Indore,Civil Engineer,36000,6500,6800,2700,900,2000,3100,2300,6000,5400,18900,24300,11700,32.5,22.2,53,3.7
IN_USR_02980,44,Male,Tier 1,Hyderabad,Freelancer/Consultant,58500,18000,10000,2600,2600,5100,3600,3500,6000,7100,38300,45400,13100,22.4,15.6,43,2.7
IN_USR_02981,43,Male,Tier 2,Chandigarh,Data Analyst,91500,18500,13800,4500,4600,8000,5200,6600,13500,11800,49400,61200,30300,33.1,19.3,49,2.0
IN_USR_02982,42,Female,Tier 2,Jaipur,Freelancer/Consultant,88000,20000,15800,4300,3800,8500,3800,4700,15000,8500,52400,60900,27100,30.8,14.0,47,1.6
IN_USR_02983,43,Male,Tier 2,Jaipur,Marketing Manager,80500,17000,14600,3900,2200,6200,7500,3000,17500,10500,43900,54400,26100,32.4,19.3,64,6.2
IN_USR_02984,45,Female,Tier 3,Nagpur,Healthcare Worker,50500,8500,7200,3000,1800,3100,4800,2900,9000,7700,23600,31300,19200,38.0,24.6,85,11.2
IN_USR_02985,36,Male,Tier 2,Kochi,Marketing Manager,54500,8500,9600,2400,2300,3800,4700,3100,11000,7800,26600,34400,20100,36.9,22.7,57,3.8
IN_USR_02986,55,Male,Tier 2,Indore,Civil Engineer,66500,11000,12600,4000,2900,4700,2700,4800,13500,7500,35200,42700,23800,35.8,17.6,68,6.2
IN_USR_02987,45,Female,Tier 1,Chennai,Software Engineer,222000,70500,32800,12600,10400,17900,13900,11900,35000,25800,144200,170000,52000,23.4,15.2,52,4.7
IN_USR_02988,50,Male,Tier 3,Nagpur,Teacher/Professor,50500,6500,7800,2700,2600,3700,2100,1800,12500,3900,23300,27200,23300,46.1,14.3,94,12.7
IN_USR_02989,30,Male,Tier 1,Pune,Software Engineer,225500,78500,30800,9200,8100,1800,16200,12200,37500,28400,128400,156800,68700,30.5,18.1,59,5.2
IN_USR_02990,24,Male,Tier 1,Delhi-NCR,Operations Executive,41000,12500,5600,1800,1600,1100,3200,2800,5000,6000,22600,28600,12400,30.2,21.0,46,2.1
IN_USR_02991,25,Male,Tier 2,Ahmedabad,Financial Analyst,135000,29500,23200,9400,6000,2600,12900,10100,17500,23000,70700,93700,41300,30.6,24.5,59,5.9
IN_USR_02992,47,Female,Tier 2,Kochi,Sales Consultant,43500,11000,7000,2700,1500,2900,2800,1600,8500,4400,25100,29500,14000,32.2,14.9,49,1.8
IN_USR_02993,37,Male,Tier 3,Salem,Software Engineer,65000,7000,9800,4300,2700,3300,3900,5200,19500,9100,27100,36200,28800,44.3,25.1,60,3.9
IN_USR_02994,53,Female,Tier 1,Chennai,Healthcare Worker,103000,32000,14600,8000,4300,4300,6000,6000,16500,12000,63200,75200,27800,27.0,16.0,44,1.8
IN_USR_02995,53,Male,Tier 1,Delhi-NCR,Healthcare Worker,84000,29000,13200,3500,1800,5300,5500,6500,9000,12000,52800,64800,19200,22.9,18.5,50,4.7
IN_USR_02996,55,Male,Tier 1,Bangalore,Teacher/Professor,43500,10000,6800,3100,900,3500,3000,3100,8500,6100,24300,30400,13100,30.1,20.1,60,5.9
IN_USR_02997,28,Male,Tier 1,Chennai,Civil Engineer,98000,26500,15400,7300,3600,1000,7600,5200,16000,12800,53800,66600,31400,32.0,19.2,61,5.6
IN_USR_02998,36,Male,Tier 1,Hyderabad,Civil Engineer,88000,26000,15600,4500,3500,6700,4000,6900,13500,10900,56300,67200,20800,23.6,16.2,50,4.2
IN_USR_02999,35,Female,Tier 2,Indore,Healthcare Worker,81000,13500,14800,5000,2600,7300,4200,6000,11000,10200,43200,53400,27600,34.1,19.1,65,6.2
IN_USR_03000,56,Male,Tier 1,Hyderabad,Software Engineer,87000,19500,13200,6200,3000,4800,5300,6100,18500,11400,46700,58100,28900,33.2,19.6,59,4.8
IN_USR_03001,40,Male,Tier 3,Salem,Teacher/Professor,33500,4500,4200,2500,900,3300,1700,1300,9500,3000,15400,18400,15100,45.1,16.3,80,8.4
IN_USR_03002,27,Female,Tier 2,Chandigarh,Healthcare Worker,69500,15000,13200,4300,3900,1600,5900,3000,15500,8900,38000,46900,22600,32.5,19.0,68,7.3
IN_USR_03003,22,Female,Tier 3,Mysore,Data Analyst,61000,10000,9800,3200,2900,400,3900,2800,18000,6700,26300,33000,28000,45.9,20.3,79,8.6
IN_USR_03004,52,Male,Tier 1,Mumbai,Sales Consultant,56500,17500,9200,2300,2300,2600,5600,3600,7000,9200,33900,43100,13400,23.7,21.3,43,3.0
IN_USR_03005,49,Male,Tier 3,Salem,Data Analyst,79500,9000,12200,3800,3700,3700,3200,5400,26000,8600,32400,41000,38500,48.4,21.0,86,10.5
IN_USR_03006,55,Female,Tier 1,Chennai,Operations Executive,48000,12500,9200,2600,2100,2800,3500,2200,7500,5700,29200,34900,13100,27.3,16.3,48,2.8
IN_USR_03007,33,Female,Tier 1,Hyderabad,Sales Consultant,97500,28500,18200,6400,3900,6700,8300,6200,11000,14500,63700,78200,19300,19.8,18.5,34,1.2
IN_USR_03008,46,Male,Tier 1,Mumbai,Small Business Owner,253500,64000,40200,18500,6100,20400,10400,15400,48000,25800,149200,175000,78500,31.0,14.7,68,7.2
IN_USR_03009,50,Male,Tier 1,Bangalore,Freelancer/Consultant,166500,52500,28400,8100,4800,13200,11500,9100,19500,20600,107000,127600,38900,23.4,16.1,47,3.5
IN_USR_03010,26,Male,Tier 1,Chennai,Freelancer/Consultant,155500,48000,26400,7700,8100,2400,8900,7700,31500,16600,92600,109200,46300,29.8,15.2,66,6.9
IN_USR_03011,23,Female,Tier 1,Chennai,Teacher/Professor,41000,10500,7200,2300,900,1000,3900,1300,9500,5200,21900,27100,13900,33.9,19.2,63,5.6
IN_USR_03012,44,Male,Tier 2,Chandigarh,Operations Executive,48000,8500,8000,2700,1600,3400,3900,3700,9000,7600,24200,31800,16200,33.8,23.9,64,6.5
IN_USR_03013,37,Female,Tier 1,Delhi-NCR,Operations Executive,47500,15000,7400,2200,2500,3300,2700,1500,6500,4200,30400,34600,12900,27.2,12.1,52,3.6
IN_USR_03014,30,Male,Tier 1,Pune,Marketing Manager,97000,28000,11800,6700,4400,1700,5800,5000,15000,10800,52600,63400,33600,34.6,17.0,69,6.9
IN_USR_03015,24,Female,Tier 1,Pune,Financial Analyst,120000,28500,19000,5800,2900,3300,7200,4200,29500,11400,59500,70900,49100,40.9,16.1,90,11.1
IN_USR_03016,57,Female,Tier 1,Hyderabad,Marketing Manager,92000,20500,17000,6000,5400,7800,5100,7300,12000,12400,56700,69100,22900,24.9,17.9,51,4.4
IN_USR_03017,30,Female,Tier 1,Pune,Healthcare Worker,124000,40000,24200,5500,5400,200,7700,6600,16500,14300,75300,89600,34400,27.7,16.0,56,4.8
IN_USR_03018,31,Female,Tier 1,Chennai,Sales Consultant,44500,14000,8400,1800,900,3900,3000,2900,6000,5900,29000,34900,9600,21.6,16.9,49,4.5
IN_USR_03019,53,Female,Tier 1,Pune,Sales Consultant,118500,30500,16400,7900,2900,8000,5100,6700,19500,11800,65700,77500,41000,34.6,15.2,60,4.3
IN_USR_03020,40,Male,Tier 2,Chandigarh,Operations Executive,58500,9500,10800,4200,2400,2800,5400,3700,13000,9100,29700,38800,19700,33.7,23.5,70,7.9
IN_USR_03021,41,Male,Tier 1,Chennai,Civil Engineer,63500,17500,11800,2800,2900,4700,3000,4000,8000,7000,39700,46700,16800,26.5,15.0,56,4.9
IN_USR_03022,36,Male,Tier 2,Indore,Teacher/Professor,83500,18000,16400,4400,2500,6100,7800,2500,11000,10300,47400,57700,25800,30.9,17.9,56,4.4
IN_USR_03023,26,Male,Tier 3,Warangal,Data Analyst,78500,10500,12600,4200,4200,1400,7100,2700,19000,9800,32900,42700,35800,45.6,23.0,70,6.5
IN_USR_03024,58,Female,Tier 1,Pune,Software Engineer,144000,32000,26600,10800,6000,12100,7200,8900,26500,16100,87500,103600,40400,28.1,15.5,49,2.7
IN_USR_03025,28,Female,Tier 1,Chennai,Operations Executive,42500,10000,7000,2500,1300,200,2800,2000,9000,4800,21000,25800,16700,39.3,18.6,60,3.5
IN_USR_03026,22,Male,Tier 1,Hyderabad,Civil Engineer,72000,17500,11000,5700,3000,800,5200,4600,10500,9800,38000,47800,24200,33.6,20.5,62,5.6
IN_USR_03027,57,Male,Tier 1,Mumbai,Software Engineer,86500,23000,11800,5300,3600,5500,6200,4700,12000,10900,49200,60100,26400,30.5,18.1,62,5.9
IN_USR_03028,31,Male,Tier 3,Salem,Software Engineer,165000,17500,32800,10200,9200,10800,13900,12700,26500,26600,80500,107100,57900,35.1,24.8,70,7.8
IN_USR_03029,51,Female,Tier 3,Warangal,Financial Analyst,59500,7500,7400,4400,2800,5900,5900,2000,9500,7900,28000,35900,23600,39.7,22.0,82,9.7
IN_USR_03030,30,Female,Tier 2,Indore,Small Business Owner,93500,22000,16400,4900,4900,400,6900,3800,19000,10700,48600,59300,34200,36.6,18.0,77,8.7
IN_USR_03031,41,Male,Tier 2,Ahmedabad,Marketing Manager,118500,24500,22800,8600,4700,9400,9100,5600,14500,14700,70000,84700,33800,28.5,17.4,56,4.7
IN_USR_03032,36,Male,Tier 1,Pune,Teacher/Professor,61000,17000,12000,4600,2800,3400,4800,3800,8000,8600,39800,48400,12600,20.7,17.8,36,1.3
IN_USR_03033,49,Male,Tier 2,Jaipur,Civil Engineer,56000,14000,9200,3100,1200,4400,4200,1900,11000,6100,31900,38000,18000,32.1,16.1,62,5.4
IN_USR_03034,25,Female,Tier 1,Hyderabad,Freelancer/Consultant,150500,45500,20000,6300,5800,3500,10600,9600,30000,20200,81100,101300,49200,32.7,19.9,55,3.7
IN_USR_03035,38,Male,Tier 2,Indore,Freelancer/Consultant,76500,15000,10200,3900,3900,4400,6500,3300,14000,9800,37400,47200,29300,38.3,20.8,81,9.6
IN_USR_03036,58,Male,Tier 1,Pune,Teacher/Professor,64500,17000,10600,2600,3600,5100,6400,4600,8500,11000,38900,49900,14600,22.6,22.0,46,3.9
IN_USR_03037,44,Female,Tier 2,Jaipur,Freelancer/Consultant,175500,31500,24000,12400,8200,10400,10400,6600,48500,17000,86500,103500,72000,41.0,16.4,62,3.7
IN_USR_03038,44,Female,Tier 3,Warangal,Teacher/Professor,27000,4000,4400,1500,1200,1100,1200,1700,7000,2900,12200,15100,11900,44.1,19.2,63,4.3
IN_USR_03039,35,Female,Tier 3,Trichy,Financial Analyst,79500,12000,15800,4100,3100,3400,3800,6000,13500,9800,38400,48200,31300,39.4,20.3,79,8.7
IN_USR_03040,47,Female,Tier 3,Trichy,Operations Executive,73500,10000,12400,4000,4300,6000,6900,5300,14000,12200,36700,48900,24600,33.5,24.9,60,5.6
IN_USR_03041,51,Female,Tier 1,Bangalore,Small Business Owner,217500,54000,33800,14500,9600,21000,9900,15100,25000,25000,132900,157900,59600,27.4,15.8,56,4.9
IN_USR_03042,48,Male,Tier 1,Hyderabad,Operations Executive,87500,28000,11000,3600,2700,7600,3700,3300,12500,7000,52900,59900,27600,31.5,11.7,56,3.4
IN_USR_03043,58,Female,Tier 3,Warangal,Marketing Manager,62000,11000,11600,4900,3200,5300,5900,4500,8000,10400,36000,46400,15600,25.2,22.4,55,5.9
IN_USR_03044,45,Female,Tier 1,Delhi-NCR,Teacher/Professor,65500,19000,12800,4900,2300,5500,4300,3200,9500,7500,44500,52000,13500,20.6,14.4,42,2.6
IN_USR_03045,55,Male,Tier 2,Kochi,Teacher/Professor,61000,10000,7600,2600,2100,3400,4800,2900,13000,7700,25700,33400,27600,45.2,23.1,71,6.6
IN_USR_03046,54,Female,Tier 1,Delhi-NCR,Small Business Owner,246500,85500,35200,14300,7800,11600,20200,12000,30000,32200,154400,186600,59900,24.3,17.3,50,4.3
IN_USR_03047,35,Male,Tier 1,Hyderabad,Freelancer/Consultant,152500,46500,28800,9300,6700,12000,7900,9500,21000,17400,103300,120700,31800,20.9,14.4,41,2.2
IN_USR_03048,44,Female,Tier 2,Chandigarh,Financial Analyst,130500,26500,16800,6200,7200,10300,7500,7900,28000,15400,67000,82400,48100,36.9,18.7,78,8.8
IN_USR_03049,51,Male,Tier 1,Bangalore,Data Analyst,114500,32000,21000,5900,6000,7200,10300,6600,17500,16900,72100,89000,25500,22.3,19.0,48,4.4
IN_USR_03050,55,Female,Tier 2,Ahmedabad,Data Analyst,84000,14500,12800,5900,3300,8400,4400,5200,18500,9600,44900,54500,29500,35.1,17.6,62,4.8
IN_USR_03051,55,Male,Tier 2,Ahmedabad,Data Analyst,101000,21500,12800,7800,4700,8900,6400,7900,15500,14300,55700,70000,31000,30.7,20.4,60,5.8
IN_USR_03052,56,Female,Tier 1,Pune,Healthcare Worker,94000,22500,11800,6400,5000,7900,7400,3000,15000,10400,53600,64000,30000,31.9,16.2,63,5.8
IN_USR_03053,30,Female,Tier 1,Delhi-NCR,Sales Consultant,85500,19500,16400,6800,3500,2400,8200,5200,13000,13400,48600,62000,23500,27.5,21.6,60,6.6
IN_USR_03054,50,Female,Tier 2,Kochi,Freelancer/Consultant,69500,15000,10600,3000,1500,4900,4700,2800,17000,7500,35000,42500,27000,38.8,17.6,78,8.2
IN_USR_03055,37,Female,Tier 2,Kochi,Data Analyst,72500,16000,13200,5800,2400,6000,3800,5100,12500,8900,43400,52300,20200,27.9,17.0,44,1.7
IN_USR_03056,33,Female,Tier 1,Hyderabad,Data Analyst,73000,23500,14600,5300,2800,6300,4400,5500,5000,9900,52500,62400,10600,14.5,15.9,30,0.9
IN_USR_03057,48,Male,Tier 1,Chennai,Software Engineer,132500,32500,20800,8700,7700,6300,11200,4300,21000,15500,76000,91500,41000,30.9,16.9,64,6.3
IN_USR_03058,53,Female,Tier 1,Delhi-NCR,Operations Executive,56000,14000,9800,2200,2600,5500,4800,4400,6000,9200,34100,43300,12700,22.7,21.2,47,4.1
IN_USR_03059,47,Female,Tier 1,Hyderabad,Small Business Owner,111500,33000,18200,8700,2400,5600,5500,5400,20000,10900,67900,78800,32700,29.3,13.8,47,1.9
IN_USR_03060,36,Female,Tier 3,Mysore,Sales Consultant,44500,7000,7800,3400,1500,2500,3800,2800,9000,6600,22200,28800,15700,35.3,22.9,54,3.4
IN_USR_03061,25,Male,Tier 2,Chandigarh,Civil Engineer,54000,11500,7200,2500,1200,500,4500,2600,15500,7100,22900,30000,24000,44.4,23.7,68,5.9
IN_USR_03062,47,Male,Tier 3,Salem,Freelancer/Consultant,42000,4000,6200,2600,1900,2900,3800,1600,9000,5400,17600,23000,19000,45.2,23.5,80,9.3
IN_USR_03063,24,Female,Tier 1,Chennai,Marketing Manager,85000,22500,16600,4800,3400,1500,3700,5800,15000,9500,48800,58300,26700,31.4,16.3,67,7.0
IN_USR_03064,58,Female,Tier 1,Hyderabad,Freelancer/Consultant,64500,14500,9600,3500,3100,3400,5900,2600,12000,8500,34100,42600,21900,34.0,20.0,61,5.2
IN_USR_03065,30,Female,Tier 2,Jaipur,Freelancer/Consultant,120500,18000,16800,9100,4200,400,10700,3700,30000,14400,48500,62900,57600,47.8,22.9,91,14.5
IN_USR_03066,44,Female,Tier 2,Indore,Small Business Owner,246000,38000,37400,15100,8800,18600,22600,16600,54500,39200,117900,157100,88900,36.1,25.0,55,3.6
IN_USR_03067,32,Female,Tier 1,Delhi-NCR,Marketing Manager,54500,12500,7600,2300,1300,2300,3600,3200,14000,6800,26000,32800,21700,39.8,20.7,59,3.4
IN_USR_03068,37,Female,Tier 2,Kochi,Freelancer/Consultant,65500,15000,12000,2900,2100,5400,5900,5200,7500,11100,37400,48500,17000,26.0,22.9,46,3.4
IN_USR_03069,30,Male,Tier 1,Pune,Healthcare Worker,64000,16500,11400,2900,2000,600,3100,2800,14500,5900,33400,39300,24700,38.6,15.0,61,3.6
IN_USR_03070,37,Male,Tier 1,Chennai,Financial Analyst,169000,38500,20600,8000,6400,16300,8500,10600,27000,19100,89800,108900,60100,35.6,17.5,70,6.9
IN_USR_03071,43,Male,Tier 2,Ahmedabad,Freelancer/Consultant,70000,15500,9800,3400,1900,4200,4400,4300,14500,8700,34800,43500,26500,37.9,20.0,67,5.7
IN_USR_03072,39,Female,Tier 1,Hyderabad,Healthcare Worker,89000,20000,16200,6200,5000,6700,6000,5300,12000,11300,54100,65400,23600,26.5,17.3,48,3.1
IN_USR_03073,39,Male,Tier 2,Jaipur,Small Business Owner,172000,26500,21400,8600,9800,10800,8200,13300,49500,21500,77100,98600,73400,42.7,21.8,85,10.4
IN_USR_03074,43,Female,Tier 1,Chennai,Financial Analyst,127000,29000,22800,9700,3500,6500,6200,5800,25000,12000,71500,83500,43500,34.3,14.4,65,5.5
IN_USR_03075,52,Female,Tier 3,Salem,Teacher/Professor,66000,10500,11600,3200,2600,2900,4400,3900,12000,8300,30800,39100,26900,40.8,21.2,92,12.1
IN_USR_03076,55,Male,Tier 1,Chennai,Data Analyst,87000,25000,16800,4100,2300,5200,8700,4300,11000,13000,53400,66400,20600,23.7,19.6,38,1.3
IN_USR_03077,40,Male,Tier 3,Nagpur,Data Analyst,73500,9000,9800,3900,1900,5500,3600,5200,18000,8800,30100,38900,34600,47.1,22.6,91,12.0
IN_USR_03078,55,Male,Tier 2,Chandigarh,Small Business Owner,141500,21500,21600,6500,8300,11500,7300,11000,26000,18300,69400,87700,53800,38.0,20.9,65,5.3
IN_USR_03079,34,Female,Tier 2,Coimbatore,Marketing Manager,72000,16000,11200,4700,3100,6300,3200,5400,15000,8600,41300,49900,22100,30.7,17.2,46,1.7
IN_USR_03080,37,Male,Tier 2,Coimbatore,Operations Executive,57500,12000,8600,3100,2300,5700,3500,4300,8000,7800,31700,39500,18000,31.3,19.7,50,2.8
IN_USR_03081,34,Male,Tier 1,Bangalore,Teacher/Professor,66500,22000,8400,3800,3500,4700,3800,4300,8000,8100,42400,50500,16000,24.1,16.0,50,4.1
IN_USR_03082,44,Male,Tier 2,Jaipur,Operations Executive,71000,12500,10600,4700,3900,3000,5600,3500,12000,9100,34700,43800,27200,38.3,20.8,81,9.6
IN_USR_03083,51,Male,Tier 2,Kochi,Financial Analyst,144000,31500,26600,9400,7000,13500,6700,5100,26500,11800,88000,99800,44200,30.7,11.8,66,6.4
IN_USR_03084,45,Female,Tier 2,Chandigarh,Small Business Owner,129500,32000,17000,8600,4900,12100,9100,9000,25000,18100,74600,92700,36800,28.4,19.5,60,6.0
IN_USR_03085,25,Female,Tier 2,Kochi,Sales Consultant,39500,7000,6000,2000,2100,1000,2400,1600,10500,4000,18100,22100,17400,44.1,18.1,59,3.1
IN_USR_03086,42,Female,Tier 3,Nagpur,Marketing Manager,54000,9500,9200,2800,1600,5000,4400,4100,11500,8500,28100,36600,17400,32.2,23.2,71,8.6
IN_USR_03087,35,Female,Tier 1,Mumbai,Operations Executive,54500,17500,6800,2300,2600,5200,3900,3400,5000,7300,34400,41700,12800,23.5,17.5,52,4.9
IN_USR_03088,45,Male,Tier 2,Jaipur,Financial Analyst,76500,19000,10200,5700,2800,5800,4400,4400,10000,8800,43500,52300,24200,31.6,16.8,57,4.4
IN_USR_03089,46,Female,Tier 1,Pune,Healthcare Worker,81000,18000,16000,5600,3100,3600,3400,2700,12000,6100,46300,52400,28600,35.3,11.6,57,2.8
IN_USR_03090,40,Male,Tier 1,Pune,Small Business Owner,147000,50500,18800,10200,5800,12200,11600,4600,16000,16200,97500,113700,33300,22.7,14.2,39,1.3
IN_USR_03091,25,Male,Tier 1,Chennai,Marketing Manager,62500,19500,11600,4800,1700,100,4600,2500,11000,7100,37700,44800,17700,28.3,15.8,52,3.5
IN_USR_03092,25,Female,Tier 1,Bangalore,Software Engineer,224500,50500,42200,15100,6300,200,13700,15600,37500,29300,114300,143600,80900,36.0,20.4,62,5.0
IN_USR_03093,55,Female,Tier 2,Jaipur,Healthcare Worker,94500,14500,14600,7400,3200,4400,4400,5300,20500,9700,44100,53800,40700,43.1,18.0,61,3.5
IN_USR_03094,47,Male,Tier 2,Jaipur,Operations Executive,82000,13500,12800,3400,2200,5000,4400,4100,16000,8500,36900,45400,36600,44.6,18.7,72,6.6
IN_USR_03095,29,Male,Tier 3,Warangal,Financial Analyst,99000,16500,14000,6900,4400,800,4200,3500,32000,7700,42600,50300,48700,49.2,15.3,94,15.5
IN_USR_03096,22,Female,Tier 3,Warangal,Financial Analyst,82000,10500,10600,5600,3300,1200,3600,3100,23500,6700,31200,37900,44100,53.8,17.7,82,9.2
IN_USR_03097,24,Female,Tier 1,Chennai,Financial Analyst,108500,37000,17800,6200,5600,2400,7100,6500,13000,13600,69000,82600,25900,23.9,16.5,53,5.0
IN_USR_03098,37,Female,Tier 1,Chennai,Software Engineer,158000,51000,29400,10100,3800,13600,14300,10800,10000,25100,107900,133000,25000,15.8,18.9,35,2.2
IN_USR_03099,54,Male,Tier 1,Chennai,Freelancer/Consultant,188000,64500,24200,13500,4800,15400,16500,7400,23000,23900,122400,146300,41700,22.2,16.3,49,4.2
IN_USR_03100,41,Male,Tier 1,Pune,Operations Executive,87000,21000,13000,5700,2800,5200,3700,4400,15000,8100,47700,55800,31200,35.9,14.5,58,3.2
IN_USR_03101,37,Female,Tier 2,Ahmedabad,Healthcare Worker,76500,15500,14600,3200,1700,6600,5700,5100,14500,10800,41600,52400,24100,31.5,20.6,57,4.7
IN_USR_03102,39,Male,Tier 1,Hyderabad,Sales Consultant,111000,31500,18000,7400,4200,7800,4500,3300,21000,7800,68900,76700,34300,30.9,10.2,51,2.2
IN_USR_03103,25,Male,Tier 2,Jaipur,Marketing Manager,70000,15500,9000,3800,3000,100,3600,3000,17000,6600,31400,38000,32000,45.7,17.4,63,4.0
IN_USR_03104,46,Male,Tier 1,Hyderabad,Financial Analyst,152000,49500,22200,6800,3900,12000,14000,5000,23500,19000,94400,113400,38600,25.4,16.8,55,5.3
IN_USR_03105,48,Female,Tier 2,Jaipur,Software Engineer,146000,22000,20400,6000,6200,11600,11700,11700,29000,23400,66200,89600,56400,38.6,26.1,70,7.1
IN_USR_03106,48,Male,Tier 2,Ahmedabad,Marketing Manager,72000,12500,12000,4700,2400,4600,5900,4500,14000,10400,36200,46600,25400,35.3,22.3,50,2.2
IN_USR_03107,43,Female,Tier 1,Chennai,Software Engineer,97500,26000,18800,6500,2200,5200,6300,6000,13500,12300,58700,71000,26500,27.2,17.3,55,4.8
IN_USR_03108,54,Male,Tier 1,Delhi-NCR,Healthcare Worker,90500,23500,11400,5700,2900,4000,4300,3700,14500,8000,47500,55500,35000,38.7,14.4,58,2.6
IN_USR_03109,22,Male,Tier 2,Indore,Freelancer/Consultant,56000,11000,7200,2500,2500,200,5300,2500,16500,7800,23400,31200,24800,44.3,25.0,66,5.6
IN_USR_03110,53,Female,Tier 2,Chandigarh,Financial Analyst,67500,13000,9600,5000,3200,6600,5800,3500,10500,9300,37400,46700,20800,30.8,19.9,46,1.8
IN_USR_03111,24,Female,Tier 1,Hyderabad,Civil Engineer,88500,29500,15800,3900,4700,900,8500,6500,12500,15000,54800,69800,18700,21.1,21.5,43,3.4
IN_USR_03112,25,Male,Tier 2,Ahmedabad,Software Engineer,127000,31000,15800,7200,4000,1600,11600,9400,25000,21000,59600,80600,46400,36.5,26.1,62,5.5
IN_USR_03113,35,Female,Tier 3,Trichy,Marketing Manager,67000,10000,13200,4000,1900,6400,4700,3700,10500,8400,35500,43900,23100,34.5,19.1,62,5.2
IN_USR_03114,24,Male,Tier 1,Pune,Data Analyst,58000,13500,8200,2700,3200,900,5300,2500,9500,7800,28500,36300,21700,37.4,21.5,77,8.7
IN_USR_03115,22,Male,Tier 2,Kochi,Sales Consultant,103000,21000,19000,4600,3700,300,4200,7600,20500,11800,48600,60400,42600,41.4,19.5,67,5.2
IN_USR_03116,25,Female,Tier 1,Pune,Operations Executive,96500,29500,18400,5400,2200,2800,4700,6200,19000,10900,58300,69200,27300,28.3,15.8,57,5.0
IN_USR_03117,50,Male,Tier 1,Bangalore,Civil Engineer,60500,19500,11000,4700,1600,3800,5100,2400,7500,7500,40600,48100,12400,20.5,15.6,46,3.8
IN_USR_03118,48,Female,Tier 2,Indore,Financial Analyst,67000,15000,11200,3700,2700,4300,3700,5300,12000,9000,36900,45900,21100,31.5,19.6,51,3.1
IN_USR_03119,34,Female,Tier 3,Trichy,Marketing Manager,106000,19000,17200,5000,4400,7800,6900,7300,19000,14200,53400,67600,38400,36.2,21.0,59,4.2
IN_USR_03120,36,Female,Tier 3,Warangal,Small Business Owner,186500,19000,36800,7900,6200,11300,16200,10000,39000,26200,81200,107400,79100,42.4,24.4,72,7.1
IN_USR_03121,35,Male,Tier 2,Chandigarh,Small Business Owner,117000,19500,19400,4700,3700,8800,9200,6700,28500,15900,56100,72000,45000,38.5,22.1,59,3.8
IN_USR_03122,34,Female,Tier 1,Chennai,Data Analyst,105500,24000,21000,8300,2600,9400,7300,7000,16500,14300,65300,79600,25900,24.5,18.0,54,5.3
IN_USR_03123,48,Male,Tier 1,Hyderabad,Healthcare Worker,94000,27000,16000,5600,2500,5500,7900,6800,11500,14700,56600,71300,22700,24.1,20.6,40,1.8
IN_USR_03124,58,Male,Tier 2,Kochi,Operations Executive,81000,17500,10000,5400,4000,6300,3300,3400,18000,6700,43200,49900,31100,38.4,13.4,68,5.3
IN_USR_03125,55,Male,Tier 2,Ahmedabad,Healthcare Worker,43000,8500,8600,2200,1800,4300,2100,2800,8000,4900,25400,30300,12700,29.5,16.2,65,6.9
IN_USR_03126,33,Male,Tier 3,Trichy,Small Business Owner,87500,9000,10600,6600,4500,4000,3700,3900,25000,7600,34700,42300,45200,51.7,18.0,89,11.0
IN_USR_03127,49,Male,Tier 1,Bangalore,Teacher/Professor,88000,28000,16200,6700,2600,8800,7800,2900,8500,10700,62300,73000,15000,17.0,14.7,33,1.1
IN_USR_03128,38,Female,Tier 1,Bangalore,Teacher/Professor,50000,12500,8000,3000,1600,3500,4700,2300,9500,7000,28600,35600,14400,28.8,19.7,43,1.6
IN_USR_03129,41,Male,Tier 2,Chandigarh,Software Engineer,127500,26500,23800,5400,6200,5500,9000,6700,29500,15700,67400,83100,44400,34.8,18.9,59,4.4
IN_USR_03130,24,Female,Tier 1,Chennai,Civil Engineer,76500,24500,14400,5000,4000,1600,6100,3800,9000,9900,49500,59400,17100,22.4,16.7,40,1.9
IN_USR_03131,46,Male,Tier 1,Delhi-NCR,Sales Consultant,82500,19000,12200,6000,4400,6900,4000,3800,13500,7800,48500,56300,26200,31.8,13.9,50,2.0
IN_USR_03132,39,Male,Tier 3,Trichy,Small Business Owner,96500,13000,15800,4200,4000,7900,7800,6500,20000,14300,44900,59200,37300,38.7,24.2,55,3.0
IN_USR_03133,46,Male,Tier 1,Hyderabad,Software Engineer,110500,31500,15600,4800,3900,4600,9200,3700,23000,12900,60400,73300,37200,33.7,17.6,53,2.9
IN_USR_03134,48,Male,Tier 3,Nagpur,Civil Engineer,63000,9500,9800,2800,2600,4900,6200,3400,13000,9600,29600,39200,23800,37.8,24.5,63,5.3
IN_USR_03135,22,Male,Tier 1,Hyderabad,Data Analyst,100000,26500,19000,5800,4600,0,4800,6200,15000,11000,55900,66900,33100,33.1,16.4,69,7.1
IN_USR_03136,49,Female,Tier 1,Mumbai,Small Business Owner,171000,48500,25800,9900,8600,10300,15300,5200,30000,20500,103100,123600,47400,27.7,16.6,54,4.3
IN_USR_03137,54,Male,Tier 2,Kochi,Freelancer/Consultant,139000,25500,21200,7200,8000,7100,6000,8200,29500,14200,69000,83200,55800,40.1,17.1,68,5.4
IN_USR_03138,38,Female,Tier 3,Trichy,Teacher/Professor,65000,10000,11000,5100,3100,6400,2900,3800,13500,6700,35600,42300,22700,34.9,15.8,61,4.6
IN_USR_03139,32,Female,Tier 1,Mumbai,Teacher/Professor,75000,19500,13400,5600,3100,3300,6900,5100,10000,12000,44900,56900,18100,24.1,21.1,42,2.4
IN_USR_03140,39,Male,Tier 1,Pune,Freelancer/Consultant,192500,65000,26800,10100,5900,17500,17000,6400,25500,23400,125300,148700,43800,22.8,15.7,52,4.9
IN_USR_03141,38,Male,Tier 1,Hyderabad,Teacher/Professor,74000,20000,13200,4800,3600,5400,5700,4200,9000,9900,47000,56900,17100,23.1,17.4,40,1.9
IN_USR_03142,38,Male,Tier 1,Delhi-NCR,Sales Consultant,110500,26000,16400,6900,3100,9600,8000,5200,18500,13200,62000,75200,35300,31.9,17.6,67,7.0
IN_USR_03143,47,Male,Tier 1,Hyderabad,Marketing Manager,108500,37000,20400,5400,4500,7600,4800,3400,15000,8200,74900,83100,25400,23.4,9.9,43,1.8
IN_USR_03144,26,Male,Tier 1,Hyderabad,Data Analyst,121500,29500,21800,8100,5400,2000,10100,7600,19500,17700,66800,84500,37000,30.5,20.9,65,7.0
IN_USR_03145,47,Male,Tier 3,Mysore,Teacher/Professor,33000,4000,5200,2600,1500,1600,2300,2100,9000,4400,14900,19300,13700,41.5,22.8,77,8.3
IN_USR_03146,50,Male,Tier 3,Warangal,Data Analyst,86000,14500,11000,4400,4000,5300,6600,4000,20500,10600,39200,49800,36200,42.1,21.3,83,9.8
IN_USR_03147,34,Female,Tier 3,Dehradun,Teacher/Professor,28500,5000,3400,1800,900,1300,2500,1200,6000,3700,12400,16100,12400,43.5,23.0,62,4.4
IN_USR_03148,40,Female,Tier 2,Jaipur,Data Analyst,95500,22500,15400,4500,2600,4200,4500,5600,15500,10100,49200,59300,36200,37.9,17.0,58,3.0
IN_USR_03149,22,Female,Tier 2,Ahmedabad,Sales Consultant,97000,21000,19200,6200,5100,300,4400,7000,22500,11400,51800,63200,33800,34.8,18.0,59,4.1
IN_USR_03150,37,Male,Tier 1,Delhi-NCR,Financial Analyst,116000,30500,14000,5700,4000,6300,11000,7800,25500,18800,60500,79300,36700,31.6,23.7,66,7.3
IN_USR_03151,27,Male,Tier 1,Delhi-NCR,Operations Executive,93000,25500,13600,6900,2100,1600,7500,4500,18000,12000,49700,61700,31300,33.7,19.4,71,7.8
IN_USR_03152,50,Female,Tier 1,Bangalore,Sales Consultant,40500,11000,6600,2800,1400,2100,1700,3000,7500,4700,23900,28600,11900,29.4,16.4,49,2.7
IN_USR_03153,41,Female,Tier 1,Mumbai,Healthcare Worker,117000,35000,18800,8400,6900,7700,7700,6000,17500,13700,76800,90500,26500,22.6,15.1,42,2.2
IN_USR_03154,41,Female,Tier 3,Dehradun,Data Analyst,46000,7000,9000,2200,1200,3000,3100,1800,8500,4900,22400,27300,18700,40.7,17.9,58,2.8
IN_USR_03155,23,Female,Tier 1,Pune,Operations Executive,51500,15500,9800,3600,1200,1300,2900,2200,7000,5100,31400,36500,15000,29.1,14.0,60,5.4
IN_USR_03156,43,Male,Tier 1,Chennai,Sales Consultant,66000,15000,11000,3200,2600,6100,3000,5100,9500,8100,37900,46000,20000,30.3,17.6,49,2.5
IN_USR_03157,54,Male,Tier 2,Indore,Software Engineer,102500,19000,12400,6800,5200,10100,7900,7900,18000,15800,53500,69300,33200,32.4,22.8,57,4.8
IN_USR_03158,49,Male,Tier 2,Ahmedabad,Teacher/Professor,32500,8000,4000,2200,1800,1300,3200,2100,6000,5300,17300,22600,9900,30.5,23.5,64,7.2
IN_USR_03159,55,Male,Tier 1,Chennai,Marketing Manager,69500,22500,13400,3400,2100,2800,4300,3000,8000,7300,44200,51500,18000,25.9,14.2,54,4.5
IN_USR_03160,28,Male,Tier 3,Trichy,Operations Executive,61500,8000,10400,4100,2800,1100,5300,3300,16500,8600,26400,35000,26500,43.1,24.6,61,4.2
IN_USR_03161,46,Male,Tier 2,Jaipur,Marketing Manager,94500,17000,15000,5400,5500,7000,3900,6800,17500,10700,49900,60600,33900,35.9,17.7,68,6.3
IN_USR_03162,56,Male,Tier 2,Jaipur,Freelancer/Consultant,52000,12500,10400,3000,2100,2400,2300,3900,10000,6200,30400,36600,15400,29.6,16.9,49,2.7
IN_USR_03163,48,Male,Tier 2,Kochi,Marketing Manager,125000,22500,21400,9900,5800,11700,8700,4500,16000,13200,71300,84500,40500,32.4,15.6,62,5.3
IN_USR_03164,24,Male,Tier 1,Delhi-NCR,Marketing Manager,147000,51000,27000,8000,4000,3400,14400,9900,20000,24300,93400,117700,29300,19.9,20.6,42,3.3
IN_USR_03165,57,Male,Tier 3,Trichy,Freelancer/Consultant,148500,15500,22800,9200,7100,8800,14700,5200,34000,19900,63400,83300,65200,43.9,23.9,88,11.4
IN_USR_03166,32,Female,Tier 1,Delhi-NCR,Small Business Owner,193500,61500,33600,13800,4600,18300,14300,9400,21500,23700,131800,155500,38000,19.6,15.2,42,2.9
IN_USR_03167,37,Male,Tier 2,Ahmedabad,Sales Consultant,93000,20500,15800,6200,3200,4100,6600,6700,18000,13300,49800,63100,29900,32.2,21.1,67,7.4
IN_USR_03168,46,Male,Tier 1,Mumbai,Freelancer/Consultant,130500,31000,15800,10400,5300,10400,9800,4800,27000,14600,72900,87500,43000,33.0,16.7,68,6.9
IN_USR_03169,42,Female,Tier 2,Chandigarh,Freelancer/Consultant,57000,9500,7000,3300,1600,2600,2500,4500,16500,7000,24000,31000,26000,45.6,22.6,76,8.1
IN_USR_03170,41,Female,Tier 1,Bangalore,Sales Consultant,78000,22500,15200,3400,2100,7700,6500,3700,10000,10200,50900,61100,16900,21.7,16.7,49,4.4
IN_USR_03171,22,Female,Tier 1,Bangalore,Teacher/Professor,42000,10500,7800,2300,1700,0,1800,1800,10500,3600,22300,25900,16100,38.3,13.9,65,4.6
IN_USR_03172,28,Male,Tier 2,Coimbatore,Operations Executive,68000,16500,8200,4700,2100,700,4000,5000,16500,9000,32200,41200,26800,39.4,21.8,68,6.0
IN_USR_03173,42,Female,Tier 1,Delhi-NCR,Operations Executive,48000,16500,8400,3300,2300,4000,3500,2500,3000,6000,34500,40500,7500,15.6,14.8,38,2.7
IN_USR_03174,34,Male,Tier 1,Mumbai,Freelancer/Consultant,129000,30000,23800,5700,3100,11700,9100,5400,19000,14500,74300,88800,40200,31.2,16.3,63,5.8
IN_USR_03175,47,Female,Tier 3,Salem,Small Business Owner,134000,22000,17400,7400,6900,13400,9900,7500,33500,17400,67100,84500,49500,36.9,20.6,78,9.1
IN_USR_03176,25,Male,Tier 1,Mumbai,Marketing Manager,85000,29500,10400,4800,3700,1000,8400,5200,11500,13600,49400,63000,22000,25.9,21.6,48,3.6
IN_USR_03177,37,Male,Tier 1,Chennai,Small Business Owner,115500,31000,16800,6000,3700,7300,5800,8100,15000,13900,64800,78700,36800,31.9,17.7,58,4.7
IN_USR_03178,25,Female,Tier 3,Dehradun,Small Business Owner,205000,30000,35200,11000,9100,0,17600,15600,60000,33200,85300,118500,86500,42.2,28.0,62,4.8
IN_USR_03179,26,Female,Tier 2,Ahmedabad,Financial Analyst,98500,24000,15600,4300,4700,1400,6700,7700,15000,14400,50000,64400,34100,34.6,22.4,50,2.4
IN_USR_03180,45,Male,Tier 3,Trichy,Sales Consultant,86500,14000,15600,3800,2900,3900,5100,4100,25500,9200,40200,49400,37100,42.9,18.6,72,6.5
IN_USR_03181,49,Female,Tier 1,Delhi-NCR,Financial Analyst,84000,19500,11400,5200,2200,7300,5800,5200,12500,11000,45600,56600,27400,32.6,19.4,61,5.3
IN_USR_03182,32,Male,Tier 3,Dehradun,Data Analyst,114000,20000,22600,6300,5800,9000,6200,4900,16000,11100,63700,74800,39200,34.4,14.8,67,6.1
IN_USR_03183,53,Male,Tier 3,Salem,Data Analyst,75000,9500,13600,4100,3700,4000,4000,5600,15000,9600,34900,44500,30500,40.7,21.6,58,3.2
IN_USR_03184,23,Male,Tier 1,Mumbai,Data Analyst,100000,27500,18600,4700,3100,1400,6900,6400,19000,13300,55300,68600,31400,31.4,19.4,69,7.7
IN_USR_03185,45,Female,Tier 2,Indore,Financial Analyst,72500,17500,14400,3000,3400,4800,6100,4200,10000,10300,43100,53400,19100,26.3,19.3,57,5.9
IN_USR_03186,52,Female,Tier 2,Kochi,Healthcare Worker,97000,21000,14000,4100,3300,8900,7900,6700,18000,14600,51300,65900,31100,32.1,22.2,56,4.4
IN_USR_03187,32,Female,Tier 2,Chandigarh,Marketing Manager,119000,22500,14600,5000,2900,5500,10900,6500,21000,17400,50500,67900,51100,42.9,25.6,90,13.6
IN_USR_03188,44,Male,Tier 1,Bangalore,Data Analyst,79000,26500,14400,4700,4100,3200,4500,2900,11500,7400,52900,60300,18700,23.7,12.3,53,4.7
IN_USR_03189,36,Male,Tier 2,Chandigarh,Marketing Manager,117500,18500,17000,5700,4300,11600,5200,9300,28500,14500,57100,71600,45900,39.1,20.3,76,7.9
IN_USR_03190,52,Female,Tier 2,Ahmedabad,Freelancer/Consultant,172500,26500,22200,11100,7100,14300,10300,5800,32500,16100,81200,97300,75200,43.6,16.5,73,6.5
IN_USR_03191,56,Female,Tier 1,Pune,Software Engineer,145500,41500,21200,8000,8300,9300,7400,6600,20000,14000,88300,102300,43200,29.7,13.7,64,6.2
IN_USR_03192,41,Female,Tier 2,Indore,Operations Executive,81500,15500,13600,3900,1900,4600,6400,4500,20500,10900,39500,50400,31100,38.2,21.6,71,6.9
IN_USR_03193,23,Female,Tier 2,Ahmedabad,Small Business Owner,67000,10500,13200,4900,2800,1300,3800,2200,17500,6000,32700,38700,28300,42.2,15.5,88,10.5
IN_USR_03194,54,Female,Tier 1,Delhi-NCR,Marketing Manager,118500,35500,16200,6600,6900,6800,8600,5900,22500,14500,72000,86500,32000,27.0,16.8,50,3.6
IN_USR_03195,29,Male,Tier 1,Pune,Financial Analyst,137000,43000,23600,7100,5200,1200,8900,10800,23000,19700,80100,99800,37200,27.2,19.7,48,3.3
IN_USR_03196,30,Female,Tier 3,Nagpur,Marketing Manager,110000,16500,14200,6700,5700,1700,6500,6000,34500,12500,44800,57300,52700,47.9,21.8,65,5.1
IN_USR_03197,35,Female,Tier 1,Chennai,Civil Engineer,66000,20000,11000,4300,1400,4500,5700,2200,11500,7900,41200,49100,16900,25.6,16.1,51,4.1
IN_USR_03198,41,Female,Tier 1,Mumbai,Software Engineer,92000,21000,12400,6500,2800,4500,4600,4400,16000,9000,47200,56200,35800,38.9,16.0,76,7.6
IN_USR_03199,58,Female,Tier 1,Chennai,Financial Analyst,102000,23000,15200,7300,5800,5100,9300,3600,17500,12900,56400,69300,32700,32.1,18.6,62,5.8
IN_USR_03200,44,Female,Tier 1,Chennai,Healthcare Worker,92500,31500,16800,6500,2600,5400,6500,3400,9000,9900,62800,72700,19800,21.4,13.6,39,1.6
IN_USR_03201,25,Female,Tier 1,Hyderabad,Operations Executive,83500,23000,13000,4600,2200,200,7500,5400,17000,12900,43000,55900,27600,33.1,23.1,61,5.6
IN_USR_03202,48,Male,Tier 2,Ahmedabad,Marketing Manager,102500,17000,12600,6500,6100,10100,8600,4800,22500,13400,52300,65700,36800,35.9,20.4,80,9.8
IN_USR_03203,34,Male,Tier 1,Chennai,Software Engineer,213500,67000,26400,16200,7600,16600,17200,14600,24000,31800,133800,165600,47900,22.4,19.2,44,3.2
IN_USR_03204,38,Female,Tier 2,Chandigarh,Marketing Manager,97000,17000,18600,4200,5500,4000,4100,7200,16500,11300,49300,60600,36400,37.5,18.6,70,6.6
IN_USR_03205,46,Female,Tier 1,Bangalore,Operations Executive,44500,15500,6800,2200,1200,4000,2100,3500,5000,5600,29700,35300,9200,20.7,15.9,37,1.4
IN_USR_03206,46,Female,Tier 2,Chandigarh,Freelancer/Consultant,152000,23000,24600,8200,3500,8500,13300,6600,29000,19900,67800,87700,64300,42.3,22.7,58,3.2
IN_USR_03207,24,Female,Tier 1,Chennai,Software Engineer,223500,62500,29800,14000,6700,6200,17000,10400,42500,27400,119200,146600,76900,34.4,18.7,55,3.3
IN_USR_03208,47,Female,Tier 3,Salem,Teacher/Professor,66000,8500,8400,4700,3900,5400,4500,4800,14000,9300,30900,40200,25800,39.1,23.1,62,4.5
IN_USR_03209,54,Male,Tier 1,Bangalore,Marketing Manager,56500,17000,7600,4400,1500,3000,3000,4300,7000,7300,33500,40800,15700,27.8,17.9,47,2.5
IN_USR_03210,53,Female,Tier 1,Delhi-NCR,Teacher/Professor,95000,21500,16400,6200,2900,6900,7300,5500,15000,12800,53900,66700,28300,29.8,19.2,50,3.2
IN_USR_03211,29,Male,Tier 1,Hyderabad,Civil Engineer,64500,19500,8400,4100,1800,1100,4400,2400,15000,6800,34900,41700,22800,35.3,16.3,60,4.1
IN_USR_03212,46,Male,Tier 2,Indore,Software Engineer,157000,31000,23600,6600,9200,14400,12500,9800,34500,22300,84800,107100,49900,31.8,20.8,53,3.5
IN_USR_03213,27,Male,Tier 2,Kochi,Marketing Manager,109000,21500,13400,7100,4000,3000,4600,3300,26000,7900,49000,56900,52100,47.8,13.9,94,12.3
IN_USR_03214,32,Male,Tier 3,Salem,Operations Executive,52000,8000,9400,4100,2700,2100,3800,3900,9000,7700,26300,34000,18000,34.6,22.6,51,2.7
IN_USR_03215,24,Female,Tier 1,Hyderabad,Marketing Manager,78500,26000,13600,4700,1800,300,7000,4400,9000,11400,46400,57800,20700,26.4,19.7,46,3.0
IN_USR_03216,32,Female,Tier 1,Pune,Data Analyst,118500,35500,23200,8400,3000,10800,5700,5600,15000,11300,80900,92200,26300,22.2,12.3,39,1.2
IN_USR_03217,50,Female,Tier 2,Ahmedabad,Healthcare Worker,51500,10000,7800,3100,1400,2900,4900,2500,10500,7400,25200,32600,18900,36.7,22.7,77,9.0
IN_USR_03218,37,Female,Tier 1,Hyderabad,Freelancer/Consultant,117000,29500,20200,4900,3300,10400,6000,6500,18500,12500,68300,80800,36200,30.9,15.5,61,5.3
IN_USR_03219,44,Male,Tier 3,Warangal,Teacher/Professor,48000,6500,7800,3000,1000,3600,3100,2000,8500,5100,21900,27000,21000,43.8,18.9,65,4.8
IN_USR_03220,31,Female,Tier 3,Mysore,Freelancer/Consultant,83000,13000,14400,3400,3200,3300,4100,2600,26000,6700,37300,44000,39000,47.0,15.2,80,8.3
IN_USR_03221,27,Female,Tier 1,Bangalore,Marketing Manager,123000,31500,22800,7400,5300,2100,9600,7900,25500,17500,69100,86600,36400,29.6,20.2,59,5.7
IN_USR_03222,39,Female,Tier 1,Hyderabad,Healthcare Worker,65000,19500,11600,4600,3700,5500,6000,3600,4500,9600,44900,54500,10500,16.2,17.6,33,1.5
IN_USR_03223,52,Male,Tier 2,Indore,Data Analyst,131000,30500,22200,5800,7400,8500,5800,7200,25000,13000,74400,87400,43600,33.3,14.9,62,5.0
IN_USR_03224,23,Male,Tier 1,Pune,Marketing Manager,86500,23500,11600,4000,2700,800,7800,3400,16500,11200,42600,53800,32700,37.8,20.8,62,4.5
IN_USR_03225,46,Female,Tier 1,Mumbai,Sales Consultant,67500,16500,8800,4900,4000,3700,4000,4600,11000,8600,37900,46500,21000,31.1,18.5,66,6.9
IN_USR_03226,34,Male,Tier 2,Ahmedabad,Operations Executive,58500,9500,10400,3300,3100,5800,5100,3000,10500,8100,32100,40200,18300,31.3,20.1,50,2.8
IN_USR_03227,40,Female,Tier 3,Salem,Marketing Manager,103000,14000,19000,4100,5100,6200,7000,7400,24000,14400,48400,62800,40200,39.0,22.9,68,6.2
IN_USR_03228,41,Female,Tier 1,Chennai,Data Analyst,134500,31000,26000,6100,2700,6600,11300,4800,28000,16100,72400,88500,46000,34.2,18.2,64,5.7
IN_USR_03229,47,Female,Tier 3,Mysore,Healthcare Worker,58000,8000,10200,4300,1900,5500,2500,2800,15000,5300,29900,35200,22800,39.3,15.1,84,9.6
IN_USR_03230,45,Female,Tier 2,Indore,Data Analyst,128000,24000,23800,8100,4600,10800,6200,6300,30500,12500,71300,83800,44200,34.5,14.9,66,5.8
IN_USR_03231,58,Female,Tier 2,Kochi,Marketing Manager,104000,22500,18600,5000,4900,10200,6000,3700,17500,9700,61200,70900,33100,31.8,13.7,58,4.2
IN_USR_03232,29,Female,Tier 1,Delhi-NCR,Operations Executive,51500,12500,6600,2400,1700,1500,2400,3400,12000,5800,24700,30500,21000,40.8,19.0,74,7.0
IN_USR_03233,54,Male,Tier 2,Coimbatore,Freelancer/Consultant,52500,12500,7400,2500,2000,2400,4200,3100,9500,7300,26800,34100,18400,35.0,21.4,56,3.8
IN_USR_03234,57,Female,Tier 1,Chennai,Marketing Manager,87000,21000,11200,4500,2500,8500,3900,3600,19000,7500,47700,55200,31800,36.6,13.6,74,7.4
IN_USR_03235,40,Male,Tier 1,Hyderabad,Data Analyst,149000,46000,25400,6300,8900,8000,13200,10100,15000,23300,94600,117900,31100,20.9,19.8,43,3.3
IN_USR_03236,44,Female,Tier 3,Salem,Marketing Manager,109500,16500,21400,5100,3500,7600,7100,6400,18500,13500,54100,67600,41900,38.3,20.0,76,8.1
IN_USR_03237,24,Female,Tier 3,Salem,Freelancer/Consultant,95000,12000,15600,4000,5400,2700,5800,3400,26000,9200,39700,48900,46100,48.5,18.8,88,10.8
IN_USR_03238,28,Male,Tier 1,Mumbai,Civil Engineer,62500,18500,8400,4800,2100,1400,3800,2500,14000,6300,35200,41500,21000,33.6,15.2,74,8.1
IN_USR_03239,29,Male,Tier 1,Chennai,Operations Executive,69500,16000,8800,5100,2300,500,4700,2200,18500,6900,32700,39600,29900,43.0,17.4,88,10.7
IN_USR_03240,37,Female,Tier 1,Mumbai,Sales Consultant,79500,22500,12200,5600,4300,7800,7000,3100,9000,10100,52400,62500,17000,21.4,16.2,43,2.9
IN_USR_03241,41,Male,Tier 2,Ahmedabad,Freelancer/Consultant,163000,26500,27400,9400,4200,7000,7400,8400,42500,15800,74500,90300,72700,44.6,17.5,62,3.6
IN_USR_03242,28,Female,Tier 3,Dehradun,Small Business Owner,143500,18000,25200,8900,6800,2100,8000,10700,42500,18700,61000,79700,63800,44.5,23.5,83,10.1
IN_USR_03243,31,Female,Tier 1,Bangalore,Sales Consultant,90500,23500,10800,5000,2200,4200,7500,5200,20000,12700,45700,58400,32100,35.5,21.7,77,9.3
IN_USR_03244,25,Male,Tier 2,Ahmedabad,Financial Analyst,104500,20500,14800,6000,5500,2000,7800,3600,19500,11400,48800,60200,44300,42.4,18.9,92,12.0
IN_USR_03245,25,Female,Tier 1,Hyderabad,Small Business Owner,278000,63000,44600,18300,7300,6300,14200,10000,53000,24200,139500,163700,114300,41.1,14.8,79,8.0
IN_USR_03246,49,Female,Tier 2,Kochi,Marketing Manager,92000,18500,16000,5000,4000,8500,6200,6300,14500,12500,52000,64500,27500,29.9,19.4,56,4.6
IN_USR_03247,54,Female,Tier 2,Coimbatore,Freelancer/Consultant,84000,14000,14800,5700,2600,5800,5400,4300,14000,9700,42900,52600,31400,37.4,18.4,69,6.2
IN_USR_03248,26,Female,Tier 2,Ahmedabad,Civil Engineer,91500,15500,15600,5800,3000,2700,7000,7000,22500,14000,42600,56600,34900,38.1,24.7,67,6.3
IN_USR_03249,58,Female,Tier 2,Coimbatore,Financial Analyst,134500,23500,20600,9600,3000,10000,9100,5000,27000,14100,66700,80800,53700,39.9,17.5,80,8.6
IN_USR_03250,39,Male,Tier 1,Mumbai,Freelancer/Consultant,142000,48000,18000,10800,6800,7900,13400,6800,15000,20200,91500,111700,30300,21.3,18.1,47,4.2
IN_USR_03251,24,Female,Tier 1,Hyderabad,Financial Analyst,110000,37000,18000,8600,4400,100,4500,7600,13500,12100,68100,80200,29800,27.1,15.1,55,4.5
IN_USR_03252,53,Female,Tier 3,Mysore,Marketing Manager,79500,9500,12400,4400,4200,7100,3400,4200,23500,7600,37600,45200,34300,43.1,16.8,92,11.6
IN_USR_03253,58,Female,Tier 1,Chennai,Small Business Owner,57500,17000,8800,3800,2900,5600,2600,4200,5000,6800,38100,44900,12600,21.9,15.1,39,1.6
IN_USR_03254,36,Female,Tier 3,Warangal,Data Analyst,83000,13000,11800,5700,1900,3600,4100,3100,16500,7200,36000,43200,39800,48.0,16.7,67,5.1
IN_USR_03255,42,Male,Tier 2,Chandigarh,Freelancer/Consultant,52500,8000,8800,2800,1200,4400,3100,2200,13500,5300,25200,30500,22000,41.9,17.4,88,10.7
IN_USR_03256,33,Male,Tier 2,Kochi,Civil Engineer,43500,7500,7000,2900,900,3300,4100,2100,9500,6200,21600,27800,15700,36.1,22.3,60,4.5
IN_USR_03257,46,Female,Tier 1,Hyderabad,Marketing Manager,81000,20000,15800,5800,4400,6000,7600,6000,10000,13600,52000,65600,15400,19.0,20.7,36,2.0
IN_USR_03258,58,Male,Tier 1,Delhi-NCR,Teacher/Professor,49500,16000,8200,2600,1400,2300,4300,2500,7500,6800,30500,37300,12200,24.6,18.2,43,2.3
IN_USR_03259,38,Male,Tier 1,Chennai,Freelancer/Consultant,125000,41500,18000,9700,7300,10100,10500,7700,9500,18200,86600,104800,20200,16.2,17.4,32,1.4
IN_USR_03260,36,Male,Tier 3,Nagpur,Sales Consultant,42000,6000,7800,3100,1000,3800,2100,2900,9000,5000,21700,26700,15300,36.4,18.7,78,9.0
IN_USR_03261,34,Male,Tier 3,Mysore,Teacher/Professor,46500,6500,8000,2800,2200,3700,4200,2700,11000,6900,23200,30100,16400,35.3,22.9,51,2.6
IN_USR_03262,37,Male,Tier 3,Dehradun,Small Business Owner,149500,26000,27200,6800,8000,13100,10000,11100,22500,21100,81100,102200,47300,31.6,20.6,54,4.0
IN_USR_03263,41,Female,Tier 2,Jaipur,Freelancer/Consultant,94500,17500,18200,5500,2600,6000,7100,5500,16500,12600,49800,62400,32100,34.0,20.2,57,4.1
IN_USR_03264,23,Male,Tier 1,Chennai,Operations Executive,87000,21000,12000,5100,2900,200,5200,5300,20500,10500,41200,51700,35300,40.6,20.3,57,2.8
IN_USR_03265,34,Female,Tier 2,Chandigarh,Teacher/Professor,54500,11500,9200,2700,3200,4700,5000,1900,8500,6900,31300,38200,16300,29.9,18.1,60,5.7
IN_USR_03266,36,Male,Tier 1,Pune,Financial Analyst,130500,35000,26000,9500,7600,7500,10500,9500,15000,20000,85600,105600,24900,19.1,18.9,39,2.7
IN_USR_03267,47,Male,Tier 1,Pune,Civil Engineer,81500,21500,12000,3900,1900,6600,3800,5000,18500,8800,45900,54700,26800,32.9,16.1,66,6.2
IN_USR_03268,45,Female,Tier 1,Delhi-NCR,Teacher/Professor,58000,16500,7600,3400,1300,2700,4900,3700,12000,8600,31500,40100,17900,30.9,21.4,56,4.6
IN_USR_03269,34,Male,Tier 1,Chennai,Small Business Owner,194000,54000,32800,8200,6600,10700,18200,11600,36500,29800,112300,142100,51900,26.8,21.0,45,2.6
IN_USR_03270,26,Male,Tier 3,Salem,Financial Analyst,47500,7500,6200,2000,2200,200,4100,1600,10500,5700,18100,23800,23700,49.9,23.9,90,14.8
IN_USR_03271,51,Male,Tier 2,Ahmedabad,Civil Engineer,58500,14000,7600,3300,2300,4600,4100,3500,12000,7600,31800,39400,19100,32.6,19.3,71,8.0
IN_USR_03272,35,Male,Tier 2,Chandigarh,Financial Analyst,100500,16000,15200,5800,4200,7700,4700,3800,21000,8500,48900,57400,43100,42.9,14.8,65,4.2
IN_USR_03273,35,Male,Tier 1,Pune,Civil Engineer,82500,20000,14000,4500,3000,5000,4100,4900,12000,9000,46500,55500,27000,32.7,16.2,71,7.7
IN_USR_03274,42,Male,Tier 2,Coimbatore,Freelancer/Consultant,124500,29500,15600,6500,4300,6500,8300,9000,28000,17300,62400,79700,44800,36.0,21.7,74,8.2
IN_USR_03275,33,Female,Tier 3,Trichy,Teacher/Professor,45000,6500,8600,3600,1700,3400,4200,2100,8000,6300,23800,30100,14900,33.1,20.9,66,6.9
IN_USR_03276,42,Male,Tier 2,Kochi,Software Engineer,179000,35000,32000,11300,10200,16400,7900,8700,34000,16600,104900,121500,57500,32.1,13.7,56,3.5
IN_USR_03277,30,Female,Tier 1,Hyderabad,Software Engineer,180000,60000,27800,9900,8000,3300,7700,12000,21000,19700,109000,128700,51300,28.5,15.3,59,5.4
IN_USR_03278,47,Female,Tier 2,Coimbatore,Small Business Owner,152000,26000,26800,11100,4200,9500,12600,5300,25000,17900,77600,95500,56500,37.2,18.7,67,5.9
IN_USR_03279,22,Male,Tier 1,Pune,Financial Analyst,90500,24000,11600,6400,4800,1500,4600,6400,19000,11000,48300,59300,31200,34.5,18.5,57,3.8
IN_USR_03280,46,Male,Tier 3,Warangal,Marketing Manager,74500,13000,9600,5600,3000,4200,6800,4600,13500,11400,35400,46800,27700,37.2,24.4,55,3.2
IN_USR_03281,43,Female,Tier 1,Pune,Freelancer/Consultant,124000,39000,20200,6100,5600,11400,7400,9100,12500,16500,82300,98800,25200,20.3,16.7,42,3.0
IN_USR_03282,26,Female,Tier 2,Chandigarh,Civil Engineer,85000,18000,14200,4600,2200,1800,6700,3900,14500,10600,40800,51400,33600,39.5,20.6,56,2.5
IN_USR_03283,24,Male,Tier 2,Ahmedabad,Small Business Owner,129000,29000,20200,9100,3200,1100,9900,5400,27000,15300,62600,77900,51100,39.6,19.6,57,2.7
IN_USR_03284,56,Male,Tier 3,Mysore,Civil Engineer,67000,6500,11600,4700,3000,4200,6100,4100,14500,10200,30000,40200,26800,40.0,25.4,79,9.1
IN_USR_03285,39,Male,Tier 1,Chennai,Civil Engineer,87000,24500,15800,4200,4900,8700,5300,5800,8000,11100,58100,69200,17800,20.5,16.0,35,1.0
IN_USR_03286,41,Male,Tier 1,Pune,Operations Executive,101500,23500,16400,6300,5800,6500,5700,3200,18500,8900,58500,67400,34100,33.6,13.2,61,4.6
IN_USR_03287,42,Female,Tier 1,Delhi-NCR,Operations Executive,49500,13000,9400,3200,2100,3300,4500,3400,7500,7900,31000,38900,10600,21.4,20.3,48,4.7
IN_USR_03288,50,Female,Tier 2,Jaipur,Small Business Owner,155500,25000,27000,9900,3800,13300,13800,6000,32000,19800,79000,98800,56700,36.5,20.0,75,8.4
IN_USR_03289,57,Male,Tier 1,Pune,Civil Engineer,99000,32000,16600,5400,5800,6800,8300,6400,10000,14700,66600,81300,17700,17.9,18.1,41,3.3
IN_USR_03290,30,Female,Tier 2,Coimbatore,Data Analyst,99000,18500,17200,7500,4300,1300,4100,5600,18500,9700,48800,58500,40500,40.9,16.6,72,6.4
IN_USR_03291,23,Male,Tier 1,Mumbai,Civil Engineer,101500,23500,13200,7800,5100,800,10100,6600,17500,16700,50400,67100,34400,33.9,24.9,51,2.9
IN_USR_03292,52,Male,Tier 2,Indore,Operations Executive,48000,10000,9400,3200,1300,3300,3600,2700,9000,6300,27200,33500,14500,30.2,18.8,58,5.1
IN_USR_03293,27,Male,Tier 2,Coimbatore,Sales Consultant,104500,21000,12600,6500,2500,2500,8500,6800,19000,15300,45100,60400,44100,42.2,25.3,85,10.7
IN_USR_03294,36,Female,Tier 2,Coimbatore,Financial Analyst,82500,14000,11600,3800,1900,7800,3400,4400,22500,7800,39100,46900,35600,43.2,16.6,62,3.7
IN_USR_03295,53,Female,Tier 2,Ahmedabad,Marketing Manager,77000,17500,12200,5600,3500,7000,6400,3000,15000,9400,45800,55200,21800,28.3,17.0,47,2.3
IN_USR_03296,25,Male,Tier 1,Bangalore,Operations Executive,61500,17500,10600,4200,3300,200,4300,4200,11000,8500,35800,44300,17200,28.0,19.2,44,2.0
IN_USR_03297,38,Female,Tier 1,Bangalore,Operations Executive,51000,15500,7600,3300,1100,4200,4700,2000,6000,6700,31700,38400,12600,24.7,17.4,41,1.8
IN_USR_03298,28,Female,Tier 1,Bangalore,Teacher/Professor,95000,30500,17800,7500,5100,2200,5200,5200,10500,10400,63100,73500,21500,22.6,14.1,42,2.0
IN_USR_03299,36,Male,Tier 2,Coimbatore,Small Business Owner,174000,36000,25600,12600,4100,9300,9500,8200,30000,17700,87600,105300,68700,39.5,16.8,70,5.9
IN_USR_03300,32,Male,Tier 1,Chennai,Civil Engineer,105000,25000,20600,7100,4700,7700,10500,5300,10000,15800,65100,80900,24100,23.0,19.5,42,2.7
IN_USR_03301,50,Male,Tier 2,Ahmedabad,Financial Analyst,60500,12000,11800,4400,1900,4100,5200,3000,9000,8200,34200,42400,18100,29.9,19.3,58,5.3
IN_USR_03302,43,Male,Tier 1,Pune,Financial Analyst,81000,26000,11400,5600,1800,7400,3700,3500,14500,7200,52200,59400,21600,26.7,12.1,50,3.0
IN_USR_03303,42,Male,Tier 2,Indore,Data Analyst,119000,21000,23200,9200,3600,6700,11300,7000,23000,18300,63700,82000,37000,31.1,22.3,55,4.5
IN_USR_03304,44,Female,Tier 1,Mumbai,Small Business Owner,74000,19000,10400,5400,4400,6000,4900,3600,9500,8500,45200,53700,20300,27.4,15.8,47,2.6
IN_USR_03305,22,Female,Tier 2,Kochi,Data Analyst,87000,15500,12600,5900,3000,800,3800,3900,20500,7700,37800,45500,41500,47.7,16.9,75,7.1
IN_USR_03306,54,Female,Tier 1,Delhi-NCR,Software Engineer,155500,52500,21800,12300,6100,11400,7700,6500,21500,14200,104100,118300,37200,23.9,12.0,44,2.0
IN_USR_03307,49,Female,Tier 1,Pune,Marketing Manager,144500,36000,23000,11000,3700,12500,9600,5200,22000,14800,86200,101000,43500,30.1,14.7,64,6.2
IN_USR_03308,32,Female,Tier 1,Delhi-NCR,Software Engineer,147500,49000,25600,7500,3500,8400,7100,6100,26500,13200,94000,107200,40300,27.3,12.3,52,3.4
IN_USR_03309,31,Male,Tier 1,Bangalore,Freelancer/Consultant,197500,52500,36800,8300,9300,18000,10700,8200,36500,18900,124900,143800,53700,27.2,13.1,54,4.1
IN_USR_03310,57,Female,Tier 3,Salem,Marketing Manager,80000,9000,16000,4900,4500,4100,6300,3900,19000,10200,38500,48700,31300,39.1,20.9,73,7.3
IN_USR_03311,33,Female,Tier 3,Salem,Data Analyst,101500,15000,18600,7200,3500,4700,4400,5700,26500,10100,49000,59100,42400,41.8,17.1,78,8.0
IN_USR_03312,55,Male,Tier 2,Jaipur,Freelancer/Consultant,116000,19500,15000,8400,5600,6300,5600,7200,25500,12800,54800,67600,48400,41.7,18.9,64,4.5
IN_USR_03313,42,Female,Tier 1,Delhi-NCR,Marketing Manager,80000,20500,14000,5500,4100,5300,6200,3500,13500,9700,49400,59100,20900,26.1,16.4,56,5.3
IN_USR_03314,35,Male,Tier 1,Delhi-NCR,Marketing Manager,146000,50500,27200,6000,3100,11500,11800,11400,13000,23200,98300,121500,24500,16.8,19.1,31,1.1
IN_USR_03315,34,Male,Tier 1,Chennai,Marketing Manager,52500,16000,9000,3500,2700,2600,2900,2900,8500,5800,33800,39600,12900,24.6,14.6,51,4.2
IN_USR_03316,53,Male,Tier 3,Mysore,Financial Analyst,87500,12000,16200,6800,3300,6700,3900,3300,23000,7200,45000,52200,35300,40.3,13.8,77,7.3
IN_USR_03317,54,Male,Tier 1,Mumbai,Operations Executive,62000,19000,9200,5000,2300,4600,4800,2100,6500,6900,40100,47000,15000,24.2,14.7,54,4.9
IN_USR_03318,35,Male,Tier 1,Pune,Sales Consultant,114500,32500,17000,6500,3900,10900,11000,8500,10000,19500,70800,90300,24200,21.1,21.6,39,2.4
IN_USR_03319,40,Male,Tier 2,Ahmedabad,Sales Consultant,86000,13500,14800,3900,2100,4200,7800,4200,14500,12000,38500,50500,35500,41.3,23.8,57,3.1
IN_USR_03320,35,Female,Tier 3,Dehradun,Civil Engineer,56000,9500,7800,4000,3300,5600,3000,2400,13000,5400,30200,35600,20400,36.4,15.2,80,9.2
IN_USR_03321,27,Female,Tier 2,Kochi,Teacher/Professor,35000,8500,4800,1500,900,200,3100,2000,6500,5100,15900,21000,14000,40.0,24.3,62,4.5
IN_USR_03322,52,Male,Tier 1,Bangalore,Data Analyst,78500,23500,12600,3200,4300,7600,6500,2600,9500,9100,51200,60300,18200,23.2,15.1,42,2.0
IN_USR_03323,23,Female,Tier 1,Hyderabad,Small Business Owner,146500,43000,28600,9800,3900,4400,10900,6800,25500,17700,89700,107400,39100,26.7,16.5,56,5.2
IN_USR_03324,43,Female,Tier 1,Mumbai,Data Analyst,122500,36500,17600,6600,5400,11100,6400,5700,17000,12100,77200,89300,33200,27.1,13.5,56,4.8
IN_USR_03325,40,Male,Tier 2,Chandigarh,Sales Consultant,56000,14000,7800,3200,3100,4700,2700,2800,11000,5500,32800,38300,17700,31.6,14.4,57,3.9
IN_USR_03326,53,Female,Tier 2,Indore,Software Engineer,147500,34000,29400,7900,3900,7200,12300,5700,19500,18000,82400,100400,47100,31.9,17.9,61,5.5
IN_USR_03327,49,Female,Tier 3,Salem,Civil Engineer,46000,7000,7400,2500,1300,2100,4200,3600,12000,7800,20300,28100,17900,38.9,27.8,54,3.0
IN_USR_03328,34,Female,Tier 3,Dehradun,Freelancer/Consultant,146500,25500,20200,6500,3200,8900,13300,6100,42000,19400,64300,83700,62800,42.9,23.2,81,9.4
IN_USR_03329,33,Male,Tier 1,Chennai,Small Business Owner,278000,95500,40400,20100,8400,12700,11500,18600,33000,30100,177100,207200,70800,25.5,14.5,52,4.0
IN_USR_03330,25,Female,Tier 2,Jaipur,Teacher/Professor,82500,16500,12200,5700,2900,900,5800,6400,15000,12200,38200,50400,32100,38.9,24.2,63,4.9
IN_USR_03331,38,Female,Tier 1,Pune,Sales Consultant,113000,28500,16800,5800,3000,8500,11200,7500,20500,18700,62600,81300,31700,28.1,23.0,46,2.7
IN_USR_03332,55,Male,Tier 2,Kochi,Healthcare Worker,107500,19000,21400,8100,4400,4700,8800,8200,18500,17000,57600,74600,32900,30.6,22.8,59,5.7
IN_USR_03333,49,Female,Tier 3,Trichy,Marketing Manager,44500,7000,5800,2700,1900,2900,3000,2800,12500,5800,20300,26100,18400,41.3,22.2,79,8.7
IN_USR_03334,45,Male,Tier 1,Pune,Marketing Manager,75500,24500,11600,3200,3700,5600,5700,4000,8000,9700,48600,58300,17200,22.8,16.6,44,2.8
IN_USR_03335,28,Male,Tier 3,Nagpur,Financial Analyst,116000,20500,17400,7500,4100,1100,10200,6700,26500,16900,50600,67500,48500,41.8,25.0,74,7.6
IN_USR_03336,45,Male,Tier 2,Jaipur,Freelancer/Consultant,109500,20500,15000,7100,2500,6400,7100,7600,18500,14700,51500,66200,43300,39.5,22.2,88,11.4
IN_USR_03337,32,Female,Tier 1,Bangalore,Marketing Manager,116000,33000,18800,4700,5000,9700,5700,7700,20000,13400,71200,84600,31400,27.1,15.8,52,3.9
IN_USR_03338,39,Male,Tier 1,Bangalore,Sales Consultant,52000,17000,10000,3600,3000,3600,4000,1800,4500,5800,37200,43000,9000,17.3,13.5,41,2.9
IN_USR_03339,25,Female,Tier 1,Chennai,Marketing Manager,123500,30500,21200,9800,6400,2900,8300,7500,20000,15800,70800,86600,36900,29.9,18.2,54,3.9
IN_USR_03340,25,Male,Tier 1,Hyderabad,Small Business Owner,241000,81500,44600,14200,5300,4300,16300,8000,31000,24300,149900,174200,66800,27.7,13.9,51,3.2
IN_USR_03341,47,Female,Tier 2,Jaipur,Teacher/Professor,30500,5500,3600,2300,1600,2700,1300,1700,7500,3000,15700,18700,11800,38.7,16.0,59,3.1
IN_USR_03342,31,Male,Tier 1,Bangalore,Financial Analyst,169000,46000,31400,12700,9800,7200,7700,11400,18500,19100,107100,126200,42800,25.3,15.1,56,5.4
IN_USR_03343,26,Male,Tier 2,Indore,Marketing Manager,80000,18000,10400,5700,4500,1000,5700,4300,13000,10000,39600,49600,30400,38.0,20.2,80,9.4
IN_USR_03344,29,Female,Tier 2,Jaipur,Data Analyst,106000,18500,14200,4900,2800,400,6700,7300,34500,14000,40800,54800,51200,48.3,25.5,90,16.4
IN_USR_03345,43,Female,Tier 1,Hyderabad,Financial Analyst,79500,18000,15200,3200,4100,7100,4400,3600,15500,8000,47600,55600,23900,30.1,14.4,54,3.7
IN_USR_03346,42,Male,Tier 3,Nagpur,Operations Executive,71000,8000,12600,5200,3300,6200,6700,5100,11500,11800,35300,47100,23900,33.7,25.1,62,5.9
IN_USR_03347,43,Female,Tier 3,Dehradun,Civil Engineer,30000,5500,4000,1400,900,2600,2000,1300,6500,3300,14400,17700,12300,41.0,18.6,65,4.7
IN_USR_03348,51,Female,Tier 1,Hyderabad,Sales Consultant,59000,19500,11600,2700,1500,3800,4800,3600,7000,8400,39100,47500,11500,19.5,17.7,33,0.9
IN_USR_03349,28,Female,Tier 1,Chennai,Sales Consultant,82500,21500,15800,3900,4100,1400,5800,3300,11000,9100,46700,55800,26700,32.4,16.3,70,7.5
IN_USR_03350,41,Female,Tier 1,Chennai,Freelancer/Consultant,168500,46000,32000,11800,6300,12500,7100,6400,29500,13500,108600,122100,46400,27.5,11.1,55,4.1
IN_USR_03351,49,Female,Tier 2,Indore,Data Analyst,133500,20500,24400,8000,7900,7700,13300,6200,21500,19500,68500,88000,45500,34.1,22.2,71,8.1
IN_USR_03352,42,Female,Tier 2,Ahmedabad,Civil Engineer,65500,13000,12800,3300,3400,5100,3100,2600,10000,5700,37600,43300,22200,33.9,13.2,63,5.0
IN_USR_03353,35,Male,Tier 2,Ahmedabad,Marketing Manager,64000,15500,11600,4600,3200,4200,3800,4300,9500,8100,39100,47200,16800,26.2,17.2,46,2.7
IN_USR_03354,53,Female,Tier 2,Kochi,Healthcare Worker,80000,14500,11400,3400,4500,3300,3300,5000,22500,8300,37100,45400,34600,43.2,18.3,67,5.2
IN_USR_03355,48,Female,Tier 2,Indore,Operations Executive,58500,14000,8000,4700,1600,5800,2800,2500,12000,5300,34100,39400,19100,32.6,13.5,57,3.7
IN_USR_03356,37,Male,Tier 1,Hyderabad,Teacher/Professor,95500,23000,12400,6700,4200,8000,6200,4600,16500,10800,54300,65100,30400,31.8,16.6,56,3.9
IN_USR_03357,31,Male,Tier 3,Salem,Freelancer/Consultant,38500,4000,5400,2500,1800,1700,3000,2900,10500,5900,15400,21300,17200,44.7,27.7,79,9.3
IN_USR_03358,22,Male,Tier 3,Mysore,Data Analyst,51500,6500,9400,2300,1800,200,2300,2200,13000,4500,20200,24700,26800,52.0,18.2,93,12.0
IN_USR_03359,29,Female,Tier 2,Coimbatore,Healthcare Worker,84500,13000,15400,4700,4700,1100,6600,2600,24000,9200,38900,48100,36400,43.1,19.1,90,11.3
IN_USR_03360,30,Male,Tier 3,Trichy,Data Analyst,47000,7000,8000,3400,1100,900,4300,2100,8000,6400,20400,26800,20200,43.0,23.9,62,4.5
IN_USR_03361,53,Male,Tier 1,Bangalore,Small Business Owner,170500,45000,28200,7800,7800,13200,12500,12200,24500,24700,102000,126700,43800,25.7,19.5,46,3.1
IN_USR_03362,34,Male,Tier 3,Warangal,Healthcare Worker,59000,9000,7600,3100,1400,2600,3600,4300,15000,7900,23700,31600,27400,46.4,25.0,90,14.3
IN_USR_03363,52,Male,Tier 1,Delhi-NCR,Financial Analyst,128500,40500,18400,8200,2700,8000,12800,5500,16500,18300,77800,96100,32400,25.2,19.0,41,1.8
IN_USR_03364,34,Male,Tier 2,Coimbatore,Teacher/Professor,79000,12500,12600,5400,2000,5700,6000,3600,15500,9600,38200,47800,31200,39.5,20.1,57,2.9
IN_USR_03365,56,Female,Tier 2,Kochi,Marketing Manager,118000,27000,17000,8900,3000,8300,8900,8300,16500,17200,64200,81400,36600,31.0,21.1,52,3.6
IN_USR_03366,51,Male,Tier 1,Delhi-NCR,Civil Engineer,66000,20500,8000,4400,2100,3100,2700,3000,13000,5700,38100,43800,22200,33.6,13.0,60,4.3
IN_USR_03367,29,Female,Tier 1,Delhi-NCR,Operations Executive,68500,17000,12200,4500,3300,900,5300,3400,15000,8700,37900,46600,21900,32.0,18.7,70,7.9
IN_USR_03368,49,Male,Tier 2,Chandigarh,Marketing Manager,119500,22000,16600,9200,6400,5000,9600,8900,25000,18500,59200,77700,41800,35.0,23.8,71,7.9
IN_USR_03369,34,Female,Tier 3,Salem,Small Business Owner,125000,16500,17000,9200,4900,10600,5800,8900,23500,14700,58200,72900,52100,41.7,20.2,71,6.3
IN_USR_03370,53,Male,Tier 1,Bangalore,Data Analyst,67000,18500,8600,3300,1900,4900,4300,5000,13500,9300,37200,46500,20500,30.6,20.0,59,5.5
IN_USR_03371,29,Female,Tier 1,Hyderabad,Freelancer/Consultant,145000,38000,23800,10900,5700,2000,6400,6700,31000,13100,80400,93500,51500,35.5,14.0,69,6.2
IN_USR_03372,44,Male,Tier 3,Trichy,Operations Executive,59500,10000,10800,2800,2200,5000,4100,3600,13500,7700,30800,38500,21000,35.3,20.0,56,3.5
IN_USR_03373,34,Male,Tier 1,Mumbai,Software Engineer,129000,44000,19800,7900,6300,8800,7400,8200,14500,15600,86800,102400,26600,20.6,15.2,39,2.0
IN_USR_03374,42,Male,Tier 1,Hyderabad,Financial Analyst,70500,22000,11000,5500,4100,3000,4400,4300,7000,8700,45600,54300,16200,23.0,16.0,51,4.7
IN_USR_03375,30,Female,Tier 3,Nagpur,Healthcare Worker,91500,11500,17200,4700,3400,2300,5000,3200,29500,8200,39100,47300,44200,48.3,17.3,65,4.5
IN_USR_03376,46,Female,Tier 1,Bangalore,Financial Analyst,121500,38500,15800,7400,4300,9900,10600,8000,17000,18600,75900,94500,27000,22.2,19.7,42,2.7
IN_USR_03377,32,Male,Tier 2,Coimbatore,Data Analyst,122000,22500,16400,7800,2900,10900,7800,4900,32500,12700,60500,73200,48800,40.0,17.3,85,9.8
IN_USR_03378,37,Female,Tier 1,Chennai,Operations Executive,79000,20500,11600,4000,4500,4100,3200,4900,16500,8100,44700,52800,26200,33.2,15.3,69,7.0
IN_USR_03379,50,Female,Tier 1,Delhi-NCR,Data Analyst,155000,52000,29800,11300,7700,13600,14300,8500,7500,22800,114400,137200,17800,11.5,16.6,27,0.9
IN_USR_03380,33,Female,Tier 1,Mumbai,Healthcare Worker,75500,17000,11800,4100,3600,6700,4800,2500,17500,7300,43200,50500,25000,33.1,14.5,54,2.9
IN_USR_03381,43,Male,Tier 1,Hyderabad,Healthcare Worker,110500,25000,16600,7300,3800,7800,6800,4100,16500,10900,60500,71400,39100,35.4,15.3,53,2.3
IN_USR_03382,54,Female,Tier 1,Chennai,Marketing Manager,72000,19500,14200,4300,3900,5700,4000,2800,8500,6800,47600,54400,17600,24.4,12.5,51,3.9
IN_USR_03383,38,Male,Tier 2,Indore,Operations Executive,68500,16000,10000,4900,2400,2800,6400,3900,13500,10300,36100,46400,22100,32.3,22.2,47,1.9
IN_USR_03384,54,Female,Tier 1,Chennai,Marketing Manager,132000,44500,17200,6400,6200,10300,6400,4500,15500,10900,84600,95500,36500,27.7,11.4,55,4.1
IN_USR_03385,36,Male,Tier 3,Dehradun,Sales Consultant,44000,4500,6400,1900,1800,2000,3700,2300,13500,6000,16600,22600,21400,48.6,26.5,64,5.3
IN_USR_03386,24,Female,Tier 2,Coimbatore,Civil Engineer,84000,13500,12800,4400,4300,800,6800,5100,16500,11900,35800,47700,36300,43.2,24.9,61,4.2
IN_USR_03387,47,Female,Tier 1,Chennai,Data Analyst,131000,45000,17800,6300,7100,11300,8900,5800,13500,14700,87500,102200,28800,22.0,14.4,41,1.9
IN_USR_03388,30,Female,Tier 2,Ahmedabad,Financial Analyst,100000,18500,14000,6000,4600,200,9200,7400,20000,16600,43300,59900,40100,40.1,27.7,83,10.5
IN_USR_03389,49,Female,Tier 1,Mumbai,Freelancer/Consultant,85000,23500,13400,6000,2600,6900,5500,4800,14500,10300,52400,62700,22300,26.2,16.4,58,5.9
IN_USR_03390,34,Female,Tier 1,Delhi-NCR,Software Engineer,143000,35000,21800,9800,4600,10800,13000,11200,19500,24200,82000,106200,36800,25.7,22.8,46,3.5
IN_USR_03391,40,Female,Tier 2,Kochi,Operations Executive,70500,11500,11400,5300,4200,3700,7000,4400,10000,11400,36100,47500,23000,32.6,24.0,49,2.8
IN_USR_03392,43,Female,Tier 2,Ahmedabad,Sales Consultant,71500,16500,13800,3900,2100,3100,3100,3300,15500,6400,39400,45800,25700,35.9,14.0,63,4.6
IN_USR_03393,56,Female,Tier 1,Hyderabad,Freelancer/Consultant,181000,56000,24800,10800,5500,12400,12600,7500,22000,20100,109500,129600,51400,28.4,15.5,51,3.2
IN_USR_03394,37,Male,Tier 1,Bangalore,Software Engineer,214000,57500,33600,16200,9500,17900,21100,16500,22000,37600,134700,172300,41700,19.5,21.8,37,2.2
IN_USR_03395,48,Male,Tier 3,Mysore,Healthcare Worker,89500,13500,17000,6800,2600,8800,5900,5700,15500,11600,48700,60300,29200,32.6,19.2,55,3.9
IN_USR_03396,28,Male,Tier 3,Nagpur,Teacher/Professor,39500,4500,6200,1800,2000,100,2000,2600,13500,4600,14600,19200,20300,51.4,24.0,74,7.5
IN_USR_03397,39,Male,Tier 2,Chandigarh,Civil Engineer,83500,19000,11200,5800,2000,7800,4300,5600,12000,9900,45800,55700,27800,33.3,17.8,73,8.2
IN_USR_03398,25,Male,Tier 1,Bangalore,Healthcare Worker,106000,29000,20400,7200,2500,3000,10200,5700,18000,15900,62100,78000,28000,26.4,20.4,49,3.8
IN_USR_03399,51,Female,Tier 1,Pune,Small Business Owner,270000,85000,45800,20300,10400,20200,12200,12000,37000,24200,181700,205900,64100,23.7,11.8,47,2.8
IN_USR_03400,40,Female,Tier 1,Pune,Software Engineer,199500,59000,38400,9400,5800,16600,17600,6900,25500,24500,129200,153700,45800,23.0,15.9,47,3.6
IN_USR_03401,35,Male,Tier 2,Coimbatore,Teacher/Professor,56000,10500,10600,3500,2600,4300,4000,2100,7500,6100,31500,37600,18400,32.9,16.2,54,3.0
IN_USR_03402,46,Female,Tier 1,Mumbai,Software Engineer,182000,61500,25600,8000,9100,7700,12100,9200,32000,21300,111900,133200,48800,26.8,16.0,60,6.1
IN_USR_03403,36,Male,Tier 1,Pune,Operations Executive,85500,23000,13200,4300,5100,7300,5600,5500,15000,11100,52900,64000,21500,25.1,17.3,49,3.6
IN_USR_03404,58,Male,Tier 2,Indore,Sales Consultant,42000,7500,6200,2600,1600,2800,1900,2700,9500,4600,20700,25300,16700,39.8,18.2,70,6.1
IN_USR_03405,46,Male,Tier 1,Chennai,Marketing Manager,102500,26500,15000,7200,6100,8500,10200,3700,15500,13900,63300,77200,25300,24.7,18.0,54,5.3
IN_USR_03406,54,Male,Tier 2,Kochi,Teacher/Professor,84000,19500,14000,5300,4600,4600,8000,3300,17000,11300,48000,59300,24700,29.4,19.1,45,1.8
IN_USR_03407,55,Female,Tier 2,Jaipur,Operations Executive,38000,9500,4600,1800,900,3100,1600,1900,7000,3500,19900,23400,14600,38.4,15.0,82,9.3
IN_USR_03408,53,Male,Tier 1,Mumbai,Operations Executive,102000,31000,14800,5300,4600,4800,7200,7600,17500,14800,60500,75300,26700,26.2,19.7,47,3.2
IN_USR_03409,26,Female,Tier 2,Ahmedabad,Freelancer/Consultant,122000,27000,24000,8000,3300,100,5600,4500,33000,10100,62400,72500,49500,40.6,13.9,76,7.1
IN_USR_03410,30,Male,Tier 2,Jaipur,Sales Consultant,79000,19500,14200,4700,3400,600,4200,3500,12000,7700,42400,50100,28900,36.6,15.4,78,8.5
IN_USR_03411,39,Female,Tier 2,Indore,Healthcare Worker,82000,13000,12400,3800,1900,5000,3500,4200,26000,7700,36100,43800,38200,46.6,17.6,83,9.4
IN_USR_03412,49,Female,Tier 1,Mumbai,Sales Consultant,117500,31500,21200,6900,5500,11600,5600,3900,18000,9500,76700,86200,31300,26.6,11.0,60,5.6
IN_USR_03413,27,Female,Tier 1,Chennai,Sales Consultant,40500,12500,7200,2400,800,200,3200,2400,6000,5600,23100,28700,11800,29.1,19.5,47,2.4
IN_USR_03414,39,Female,Tier 1,Hyderabad,Teacher/Professor,56500,19500,6800,4500,1600,4100,4000,3800,6500,7800,36500,44300,12200,21.6,17.6,46,3.9
IN_USR_03415,40,Female,Tier 3,Trichy,Freelancer/Consultant,107000,17000,13600,7500,4500,7800,9000,7700,23000,16700,50400,67100,39900,37.3,24.9,68,6.8
IN_USR_03416,39,Male,Tier 2,Jaipur,Marketing Manager,121000,20000,18200,9000,4400,8300,9500,4900,24000,14400,59900,74300,46700,38.6,19.4,86,10.7
IN_USR_03417,53,Female,Tier 2,Kochi,Civil Engineer,66500,14500,12800,5000,1900,5000,3700,5200,9000,8900,39200,48100,18400,27.7,18.5,42,1.5
IN_USR_03418,54,Male,Tier 1,Mumbai,Financial Analyst,115500,40000,17200,5800,2900,7500,6700,4800,19500,11500,73400,84900,30600,26.5,13.5,55,4.6
IN_USR_03419,22,Female,Tier 2,Kochi,Civil Engineer,83500,18000,13000,3700,4200,400,8100,4300,14000,12400,39300,51700,31800,38.1,24.0,75,8.3
IN_USR_03420,53,Female,Tier 1,Mumbai,Teacher/Professor,46000,15000,9000,1900,2700,2000,2200,2100,7000,4300,30600,34900,11100,24.1,12.3,51,3.9
IN_USR_03421,49,Female,Tier 1,Hyderabad,Small Business Owner,234500,59000,39400,13000,9200,12800,21700,16200,37500,37900,133400,171300,63200,27.0,22.1,55,5.4
IN_USR_03422,34,Male,Tier 2,Coimbatore,Marketing Manager,114000,22000,17600,6900,4800,10000,8100,7900,16500,16000,61300,77300,36700,32.2,20.7,59,5.2
IN_USR_03423,50,Male,Tier 2,Coimbatore,Healthcare Worker,53500,13000,8000,2500,1400,3200,3700,3800,10500,7500,28100,35600,17900,33.5,21.1,67,6.9
IN_USR_03424,37,Female,Tier 2,Ahmedabad,Marketing Manager,128000,24000,16600,8200,2700,12400,7100,9700,24500,16800,63900,80700,47300,37.0,20.8,73,7.7
IN_USR_03425,35,Female,Tier 1,Pune,Civil Engineer,44500,13000,7000,3600,1200,3500,2900,2500,7000,5400,28300,33700,10800,24.3,16.0,46,3.0
IN_USR_03426,50,Female,Tier 2,Ahmedabad,Teacher/Professor,57000,14000,9800,2800,2500,2500,5700,4500,6500,10200,31600,41800,15200,26.7,24.4,52,4.9
IN_USR_03427,50,Female,Tier 3,Dehradun,Freelancer/Consultant,89000,10500,13200,6000,2800,7100,4400,3800,21500,8200,39600,47800,41200,46.3,17.2,62,3.8
IN_USR_03428,37,Male,Tier 1,Pune,Sales Consultant,115500,28000,17000,7100,3600,8800,8900,8200,21000,17100,64500,81600,33900,29.4,21.0,45,2.0
IN_USR_03429,31,Female,Tier 1,Mumbai,Civil Engineer,76000,18500,12000,5600,3300,4600,6500,5400,12000,11900,44000,55900,20100,26.4,21.3,50,4.0
IN_USR_03430,24,Male,Tier 1,Pune,Small Business Owner,270500,70000,37400,17800,12900,4300,25000,8200,54500,33200,142400,175600,94900,35.1,18.9,73,8.0
IN_USR_03431,54,Female,Tier 1,Chennai,Freelancer/Consultant,100500,32500,20000,6600,5500,5900,4100,4700,14000,8800,70500,79300,21200,21.1,11.1,45,2.9
IN_USR_03432,41,Female,Tier 2,Kochi,Freelancer/Consultant,173000,32500,23800,8900,9000,9400,10900,7700,40500,18600,83600,102200,70800,40.9,18.2,61,3.5
IN_USR_03433,25,Female,Tier 1,Pune,Freelancer/Consultant,186000,52000,24600,8500,6900,4900,11700,11900,41000,23600,96900,120500,65500,35.2,19.6,59,4.4
IN_USR_03434,37,Male,Tier 3,Mysore,Financial Analyst,102000,10500,16000,5600,2300,9300,9200,7200,29000,16400,43700,60100,41900,41.1,27.3,79,9.3
IN_USR_03435,49,Male,Tier 3,Nagpur,Software Engineer,135000,14500,20000,10100,4700,10200,5500,10300,33000,15800,59500,75300,59700,44.2,21.0,92,12.6
IN_USR_03436,31,Male,Tier 1,Bangalore,Software Engineer,94000,25500,17800,7200,4500,9100,5800,7000,8500,12800,64100,76900,17100,18.2,16.6,39,2.5
IN_USR_03437,32,Male,Tier 3,Trichy,Civil Engineer,49500,8500,7200,2400,1200,2900,4900,3900,9000,8800,22200,31000,18500,37.4,28.4,77,9.5
IN_USR_03438,34,Female,Tier 2,Ahmedabad,Healthcare Worker,66000,11500,8200,4100,2200,5000,5000,2100,11500,7100,31000,38100,27900,42.3,18.6,85,10.0
IN_USR_03439,49,Female,Tier 2,Jaipur,Healthcare Worker,67500,13000,8800,4800,3500,4800,4700,2200,16500,6900,34900,41800,25700,38.1,16.5,75,7.5
IN_USR_03440,26,Female,Tier 2,Jaipur,Small Business Owner,148500,31000,25000,10900,3800,1200,7100,7700,43000,14800,71900,86700,61800,41.6,17.1,76,7.5
IN_USR_03441,58,Female,Tier 1,Pune,Marketing Manager,53000,17000,7200,2700,1800,2400,3300,2400,10500,5700,31100,36800,16200,30.6,15.5,59,4.8
IN_USR_03442,34,Male,Tier 2,Chandigarh,Small Business Owner,157000,24500,27600,9700,7800,11300,10200,6800,40000,17000,80900,97900,59100,37.6,17.4,56,2.7
IN_USR_03443,39,Female,Tier 3,Dehradun,Marketing Manager,99000,17500,18400,5400,3200,4400,8500,7400,20500,15900,48900,64800,34200,34.5,24.5,75,9.3
IN_USR_03444,45,Female,Tier 2,Kochi,Teacher/Professor,61000,9500,9200,2800,1300,5300,5100,4400,12000,9500,28100,37600,23400,38.4,25.3,53,2.6
IN_USR_03445,41,Female,Tier 2,Jaipur,Civil Engineer,35500,8500,4600,2700,1800,3100,1900,1700,6000,3600,20700,24300,11200,31.5,14.8,62,5.4
IN_USR_03446,46,Female,Tier 2,Kochi,Software Engineer,166500,35500,31000,12300,7600,13600,10900,9000,31000,19900,100000,119900,46600,28.0,16.6,47,2.5
IN_USR_03447,52,Male,Tier 2,Indore,Operations Executive,67000,12000,10600,5000,3600,2800,3400,4900,10500,8300,34000,42300,24700,36.9,19.6,76,8.5
IN_USR_03448,58,Female,Tier 2,Jaipur,Freelancer/Consultant,77500,12000,12200,5900,2400,3400,6700,5700,13500,12400,35900,48300,29200,37.7,25.7,75,8.5
IN_USR_03449,36,Male,Tier 1,Bangalore,Small Business Owner,232500,52500,36000,13200,10900,12600,15600,18500,49500,34100,125200,159300,73200,31.5,21.4,48,2.5
IN_USR_03450,36,Male,Tier 1,Pune,Marketing Manager,66500,23000,10000,3100,2600,6300,5800,2700,6500,8500,45000,53500,13000,19.5,15.9,43,3.4
IN_USR_03451,33,Female,Tier 1,Mumbai,Civil Engineer,71500,18500,14000,5500,2600,6100,3000,4500,8500,7500,46700,54200,17300,24.2,13.8,48,3.4
IN_USR_03452,24,Male,Tier 2,Indore,Freelancer/Consultant,136500,33000,24000,6600,3400,1900,8500,10200,33000,18700,68900,87600,48900,35.8,21.3,76,8.8
IN_USR_03453,39,Male,Tier 2,Coimbatore,Civil Engineer,65000,13500,10800,2700,2600,5000,6200,4600,11500,10800,34600,45400,19600,30.2,23.8,60,6.2
IN_USR_03454,28,Female,Tier 3,Dehradun,Data Analyst,81000,12500,15200,6400,4300,2300,4600,4100,21000,8700,40700,49400,31600,39.0,17.6,77,7.9
IN_USR_03455,43,Female,Tier 1,Bangalore,Software Engineer,87500,29000,13400,4800,4700,8300,5600,5000,8500,10600,60200,70800,16700,19.1,15.0,43,3.4
IN_USR_03456,42,Female,Tier 1,Chennai,Small Business Owner,178000,44000,34600,10700,6600,13600,16600,10800,17000,27400,109500,136900,41100,23.1,20.0,47,3.9
IN_USR_03457,39,Female,Tier 3,Salem,Marketing Manager,101000,11000,15600,4800,3800,5700,9200,6100,19500,15300,40900,56200,44800,44.4,27.2,86,11.1
IN_USR_03458,28,Female,Tier 1,Mumbai,Teacher/Professor,73500,18500,10200,3900,4200,1500,6300,2900,15500,9200,38300,47500,26000,35.4,19.4,53,2.6
IN_USR_03459,34,Male,Tier 2,Chandigarh,Civil Engineer,63000,10000,8200,3600,1300,4400,3600,2500,14500,6100,27500,33600,29400,46.7,18.2,93,14.7
IN_USR_03460,58,Male,Tier 1,Chennai,Financial Analyst,97500,31000,18600,6800,3800,6100,7500,7700,8500,15200,66300,81500,16000,16.4,18.7,31,1.1
IN_USR_03461,32,Female,Tier 2,Kochi,Small Business Owner,187000,46500,36400,9500,5200,9900,15400,8500,33500,23900,107500,131400,55600,29.7,18.2,55,4.4
IN_USR_03462,22,Female,Tier 1,Delhi-NCR,Software Engineer,222500,54500,35200,14000,8200,5000,13500,10500,44500,24000,116900,140900,81600,36.7,17.0,70,6.5
IN_USR_03463,25,Female,Tier 1,Mumbai,Operations Executive,60000,14500,7800,3600,2600,500,3500,3600,16500,7100,29000,36100,23900,39.8,19.7,60,3.6
IN_USR_03464,28,Female,Tier 3,Dehradun,Healthcare Worker,60500,7500,8400,2600,2200,1400,4900,2000,20500,6900,22100,29000,31500,52.1,23.8,90,14.7
IN_USR_03465,38,Male,Tier 1,Delhi-NCR,Marketing Manager,88500,25000,17400,6500,1800,7900,5600,3100,11000,8700,58600,67300,21200,24.0,12.9,50,3.8
IN_USR_03466,46,Female,Tier 3,Trichy,Sales Consultant,55000,6500,8400,4300,1700,4600,2500,2400,14500,4900,25500,30400,24600,44.7,16.1,80,8.3
IN_USR_03467,22,Male,Tier 1,Pune,Civil Engineer,76500,23000,13200,4000,2600,700,4700,3400,16500,8100,43500,51600,24900,32.5,15.7,64,5.8
IN_USR_03468,42,Male,Tier 2,Chandigarh,Healthcare Worker,45000,11000,7000,2900,1700,2000,4100,1500,7000,5600,24600,30200,14800,32.9,18.5,70,7.7
IN_USR_03469,55,Male,Tier 1,Pune,Operations Executive,80000,19000,12600,3700,2200,7400,7200,4800,12500,12000,44900,56900,23100,28.9,21.1,43,1.6
IN_USR_03470,41,Female,Tier 1,Delhi-NCR,Software Engineer,157500,35000,19000,10500,4800,13000,7500,9500,24000,17000,82300,99300,58200,37.0,17.1,56,2.8
IN_USR_03471,54,Female,Tier 1,Bangalore,Software Engineer,139500,39500,26000,6900,8300,12300,9400,5300,20000,14700,93000,107700,31800,22.8,13.6,42,1.9
IN_USR_03472,49,Female,Tier 1,Mumbai,Financial Analyst,161000,43500,19800,10200,4900,8700,8500,11600,24000,20100,87100,107200,53800,33.4,18.8,68,7.0
IN_USR_03473,45,Female,Tier 2,Jaipur,Civil Engineer,91500,15500,18000,5400,2500,5300,5700,3600,21000,9300,46700,56000,35500,38.8,16.6,81,9.0
IN_USR_03474,49,Female,Tier 1,Bangalore,Small Business Owner,172000,56500,30400,11100,7700,11600,11700,12700,18500,24400,117300,141700,30300,17.6,17.2,32,1.0
IN_USR_03475,37,Male,Tier 3,Warangal,Operations Executive,35000,5500,6000,2600,1700,2300,2300,2300,8500,4600,18100,22700,12300,35.1,20.3,77,9.3
IN_USR_03476,32,Female,Tier 3,Salem,Healthcare Worker,38500,4000,5000,2700,1700,2000,2000,1700,10000,3700,15400,19100,19400,50.4,19.4,85,10.2
IN_USR_03477,34,Female,Tier 3,Trichy,Civil Engineer,78500,13500,13000,3600,1800,5400,7200,3600,17500,10800,37300,48100,30400,38.7,22.5,75,8.0
IN_USR_03478,51,Female,Tier 1,Delhi-NCR,Data Analyst,82000,23500,15000,5000,4600,6600,8200,3300,7000,11500,54700,66200,15800,19.3,17.4,39,2.4
IN_USR_03479,49,Female,Tier 2,Jaipur,Marketing Manager,55500,12500,7000,2500,1300,3000,4800,3600,11500,8400,26300,34700,20800,37.5,24.2,64,5.5
IN_USR_03480,35,Female,Tier 1,Delhi-NCR,Operations Executive,96000,27500,17800,5100,4500,8200,8200,5100,11000,13300,63100,76400,19600,20.4,17.4,41,2.7
IN_USR_03481,36,Female,Tier 3,Salem,Teacher/Professor,64000,7000,8400,4800,1800,5000,3300,3000,14500,6300,27000,33300,30700,48.0,18.9,92,12.9
IN_USR_03482,33,Male,Tier 1,Hyderabad,Marketing Manager,95000,30500,14600,7000,5500,6300,6800,5600,10500,12400,63900,76300,18700,19.7,16.3,43,3.2
IN_USR_03483,31,Female,Tier 1,Delhi-NCR,Sales Consultant,88500,24000,11400,5500,4100,3900,7800,6300,11500,14100,48900,63000,25500,28.8,22.4,61,6.7
IN_USR_03484,30,Male,Tier 2,Kochi,Data Analyst,73500,11500,13600,4700,2100,400,5400,5600,13000,11000,32300,43300,30200,41.1,25.4,90,12.8
IN_USR_03485,32,Female,Tier 2,Coimbatore,Financial Analyst,109000,24500,19600,4900,3300,5700,7500,5100,16000,12600,58000,70600,38400,35.2,17.8,60,4.3
IN_USR_03486,47,Female,Tier 2,Ahmedabad,Sales Consultant,100500,23000,18200,7900,4700,7900,8600,3500,12000,12100,61700,73800,26700,26.6,16.4,51,3.9
IN_USR_03487,33,Male,Tier 3,Nagpur,Small Business Owner,130000,15000,19200,6600,5800,5500,6700,6400,40000,13100,52100,65200,64800,49.8,20.1,92,13.4
IN_USR_03488,27,Male,Tier 3,Trichy,Sales Consultant,39000,5500,5400,1900,1600,400,2400,1400,14000,3800,14800,18600,20400,52.3,20.4,92,18.4
IN_USR_03489,52,Female,Tier 2,Chandigarh,Small Business Owner,150000,22500,20200,7300,5600,6200,12100,6200,41000,18300,61800,80100,69900,46.6,22.8,91,12.8
IN_USR_03490,56,Female,Tier 2,Jaipur,Freelancer/Consultant,143000,21500,25200,8200,8200,14200,10600,8600,21500,19200,77300,96500,46500,32.5,19.9,60,5.3
IN_USR_03491,28,Male,Tier 3,Nagpur,Freelancer/Consultant,103000,15000,19200,6900,3200,400,5600,6500,27000,12100,44700,56800,46200,44.9,21.3,86,10.6
IN_USR_03492,24,Male,Tier 1,Delhi-NCR,Civil Engineer,49000,14000,9400,3000,1800,300,4700,2600,6500,7300,28500,35800,13200,26.9,20.4,44,2.4
IN_USR_03493,52,Male,Tier 1,Pune,Freelancer/Consultant,173000,47000,26800,9900,9600,12500,15400,12400,19000,27800,105800,133600,39400,22.8,20.8,37,1.4
IN_USR_03494,46,Male,Tier 3,Mysore,Small Business Owner,197000,26000,37200,13800,6300,15200,17800,7900,42500,25700,98500,124200,72800,37.0,20.7,65,5.5
IN_USR_03495,45,Female,Tier 2,Jaipur,Software Engineer,164000,30500,26200,10900,9400,13300,16400,11300,25000,27700,90300,118000,46000,28.0,23.5,53,4.7
IN_USR_03496,24,Female,Tier 2,Indore,Sales Consultant,60000,15000,11400,3100,1800,300,2800,3500,14000,6300,31600,37900,22100,36.8,16.6,58,3.4
IN_USR_03497,28,Male,Tier 1,Pune,Healthcare Worker,53000,14500,9000,3700,2700,1400,2500,1700,8500,4200,31300,35500,17500,33.0,11.8,66,5.7
IN_USR_03498,29,Female,Tier 1,Delhi-NCR,Data Analyst,101500,22500,18600,6300,2100,200,5500,4400,24500,9900,49700,59600,41900,41.3,16.6,83,9.2
IN_USR_03499,47,Male,Tier 2,Kochi,Data Analyst,74000,12500,11400,4300,2400,4100,3900,4300,20500,8200,34700,42900,31100,42.0,19.1,68,5.5
IN_USR_03500,35,Female,Tier 1,Delhi-NCR,Financial Analyst,101500,22500,20000,5900,4900,5700,6300,4200,18500,10500,59000,69500,32000,31.5,15.1,63,5.8
IN_USR_03501,47,Female,Tier 2,Chandigarh,Sales Consultant,91500,18500,12200,5700,3800,6700,4600,4100,25000,8700,46900,55600,35900,39.2,15.6,69,5.5
IN_USR_03502,29,Female,Tier 3,Dehradun,Software Engineer,172500,17500,20800,12200,6700,3700,13200,11000,44500,24200,60900,85100,87400,50.7,28.4,89,18.7
IN_USR_03503,42,Male,Tier 1,Delhi-NCR,Small Business Owner,122000,30500,19000,5500,6600,11400,6600,7300,14000,13900,73000,86900,35100,28.8,16.0,52,3.5
IN_USR_03504,41,Male,Tier 1,Hyderabad,Civil Engineer,81500,23000,14800,3900,1900,3900,6600,3800,11000,10400,47500,57900,23600,29.0,18.0,44,1.6
IN_USR_03505,34,Male,Tier 1,Hyderabad,Freelancer/Consultant,177000,45000,32000,13600,4000,16900,9600,13500,21500,23100,111500,134600,42400,24.0,17.2,48,3.6
IN_USR_03506,54,Male,Tier 2,Indore,Operations Executive,45500,7500,7800,2200,1600,4200,1900,3400,10000,5300,23300,28600,16900,37.1,18.5,83,10.1
IN_USR_03507,41,Male,Tier 1,Delhi-NCR,Healthcare Worker,97500,24000,18000,5400,3900,5100,5700,7200,17500,12900,56400,69300,28200,28.9,18.6,50,3.3
IN_USR_03508,41,Female,Tier 1,Pune,Small Business Owner,98500,24500,18800,6600,5200,7000,5800,3900,16500,9700,62100,71800,26700,27.1,13.5,51,3.4
IN_USR_03509,58,Male,Tier 2,Indore,Healthcare Worker,86500,21500,13600,5400,5200,4600,4400,5500,14500,9900,50300,60200,26300,30.4,16.4,67,7.2
IN_USR_03510,46,Female,Tier 1,Hyderabad,Operations Executive,47000,11000,9200,3700,2300,2100,2700,1800,7000,4500,28300,32800,14200,30.2,13.7,56,4.0
IN_USR_03511,35,Male,Tier 3,Warangal,Civil Engineer,30500,3500,4200,1800,600,1600,1700,1100,7000,2800,11700,14500,16000,52.5,19.3,64,4.4
IN_USR_03512,44,Male,Tier 1,Pune,Small Business Owner,177000,43500,34400,13700,4700,17000,14800,7000,27500,21800,113300,135100,41900,23.7,16.1,53,5.0
IN_USR_03513,38,Female,Tier 3,Salem,Healthcare Worker,88000,11500,15200,6200,3900,5800,7000,4400,20000,11400,42600,54000,34000,38.6,21.1,85,10.5
IN_USR_03514,46,Female,Tier 2,Jaipur,Data Analyst,80500,13500,10600,5200,3400,7100,6700,6200,18000,12900,39800,52700,27800,34.5,24.5,72,8.5
IN_USR_03515,22,Male,Tier 2,Ahmedabad,Small Business Owner,177000,28500,29200,7600,9600,1500,8100,10100,36000,18200,76400,94600,82400,46.6,19.2,92,12.0
IN_USR_03516,44,Female,Tier 3,Warangal,Software Engineer,110500,16000,18400,5900,5300,7100,9900,6200,19000,16100,52700,68800,41700,37.7,23.4,58,3.7
IN_USR_03517,54,Female,Tier 2,Coimbatore,Healthcare Worker,49500,9000,6200,2000,2800,3100,4000,2400,9000,6400,23100,29500,20000,40.4,21.7,88,11.0
IN_USR_03518,32,Female,Tier 3,Warangal,Teacher/Professor,59000,6000,9600,3200,3300,3900,2400,1900,17500,4300,26000,30300,28700,48.6,14.2,94,12.7
IN_USR_03519,40,Female,Tier 2,Coimbatore,Data Analyst,60500,10000,8000,2900,3200,4800,5700,4500,12500,10200,28900,39100,21400,35.4,26.1,78,10.0
IN_USR_03520,58,Female,Tier 2,Jaipur,Small Business Owner,86500,18000,11400,6800,3300,4200,3700,3500,18000,7200,43700,50900,35600,41.2,14.1,77,7.4
IN_USR_03521,36,Male,Tier 2,Indore,Small Business Owner,144000,22500,25400,11300,6500,14300,10800,9800,23500,20600,80000,100600,43400,30.1,20.5,62,6.4
IN_USR_03522,56,Female,Tier 2,Ahmedabad,Teacher/Professor,60500,11500,9400,3700,1600,3800,4700,4000,10000,8700,30000,38700,21800,36.0,22.5,68,6.9
IN_USR_03523,46,Female,Tier 1,Delhi-NCR,Operations Executive,92000,23500,14800,4900,2800,3800,5900,6500,15500,12400,49800,62200,29800,32.4,19.9,49,2.2
IN_USR_03524,57,Female,Tier 2,Indore,Small Business Owner,82500,17000,14600,3800,2200,6200,3700,3300,20000,7000,43800,50800,31700,38.4,13.8,72,6.3
IN_USR_03525,37,Male,Tier 2,Kochi,Data Analyst,126000,28000,16200,10000,6100,9800,9500,5300,19000,14800,70100,84900,41100,32.6,17.4,63,5.8
IN_USR_03526,22,Female,Tier 2,Kochi,Freelancer/Consultant,134000,21000,19200,6600,7400,1800,12000,8000,33000,20000,56000,76000,58000,43.3,26.3,89,13.2
IN_USR_03527,22,Male,Tier 2,Kochi,Small Business Owner,119000,27000,15400,8500,2800,1300,6300,7600,26000,13900,55000,68900,50100,42.1,20.2,64,4.5
IN_USR_03528,25,Female,Tier 3,Mysore,Small Business Owner,187500,25000,24400,11300,5200,100,17600,8600,58500,26200,66000,92200,95300,50.8,28.4,77,9.0
IN_USR_03529,24,Male,Tier 1,Mumbai,Financial Analyst,125500,41500,18400,6400,6100,500,12000,8800,14500,20800,72900,93700,31800,25.3,22.2,45,3.0
IN_USR_03530,49,Male,Tier 1,Pune,Data Analyst,75500,20500,13800,3900,2800,6700,4300,4100,12500,8400,47700,56100,19400,25.7,15.0,44,2.0
IN_USR_03531,25,Male,Tier 2,Chandigarh,Freelancer/Consultant,71500,17500,11600,5300,3900,1800,5800,5100,11500,10900,40100,51000,20500,28.7,21.4,53,4.5
IN_USR_03532,29,Male,Tier 1,Hyderabad,Software Engineer,126000,31000,22600,6300,4200,3000,12400,7000,22000,19400,67100,86500,39500,31.3,22.4,46,1.9
IN_USR_03533,39,Male,Tier 2,Chandigarh,Marketing Manager,89000,17000,16400,5000,4700,5700,4300,3100,18500,7400,48800,56200,32800,36.9,13.2,59,3.3
IN_USR_03534,55,Female,Tier 3,Dehradun,Small Business Owner,145000,25500,23800,10800,4100,14100,7800,8000,34000,15800,78300,94100,50900,35.1,16.8,71,7.3
IN_USR_03535,44,Male,Tier 1,Chennai,Operations Executive,76000,19000,9200,4900,1600,7600,3800,2600,12000,6400,42300,48700,27300,35.9,13.1,56,2.5
IN_USR_03536,41,Male,Tier 1,Bangalore,Operations Executive,96000,24000,13600,5000,3400,6500,7500,4300,20500,11800,52500,64300,31700,33.0,18.4,62,5.5
IN_USR_03537,36,Female,Tier 2,Jaipur,Software Engineer,99000,20500,15200,6800,4400,5400,6100,3300,16000,9400,52300,61700,37300,37.7,15.2,66,5.0
IN_USR_03538,27,Male,Tier 2,Chandigarh,Software Engineer,191000,43500,36000,8200,3900,4000,8900,12300,38500,21200,95600,116800,74200,38.8,18.2,79,8.6
IN_USR_03539,48,Female,Tier 2,Indore,Small Business Owner,85500,19500,17000,6600,3500,4100,5000,4800,16000,9800,50700,60500,25000,29.2,16.2,46,1.9
IN_USR_03540,28,Female,Tier 2,Indore,Financial Analyst,84500,19500,11800,4200,2800,1100,7700,3800,21000,11500,39400,50900,33600,39.8,22.6,62,4.2
IN_USR_03541,36,Female,Tier 3,Nagpur,Healthcare Worker,51000,5000,10000,2200,1000,4100,2900,3300,11000,6200,22300,28500,22500,44.1,21.8,62,4.2
IN_USR_03542,32,Male,Tier 1,Pune,Software Engineer,105000,29000,18400,5800,6300,7500,6600,7400,10500,14000,67000,81000,24000,22.9,17.3,47,3.8
IN_USR_03543,45,Male,Tier 2,Indore,Operations Executive,82500,18500,14800,3500,4300,5700,7200,6300,13500,13500,46800,60300,22200,26.9,22.4,42,1.9
IN_USR_03544,32,Female,Tier 1,Delhi-NCR,Healthcare Worker,88000,20500,13600,4900,3200,4000,5900,6100,13000,12000,46200,58200,29800,33.9,20.6,51,2.5
IN_USR_03545,29,Male,Tier 1,Hyderabad,Software Engineer,118000,34000,20400,8000,5300,2700,6100,5700,19000,11800,70400,82200,35800,30.3,14.4,60,5.1
IN_USR_03546,33,Female,Tier 1,Chennai,Civil Engineer,50500,13500,7800,2700,2400,4800,5000,2100,6000,7100,31200,38300,12200,24.2,18.5,51,4.7
IN_USR_03547,54,Female,Tier 2,Indore,Healthcare Worker,48500,9500,8400,3200,2200,4100,2500,1500,8000,4000,27400,31400,17100,35.3,12.7,60,3.8
IN_USR_03548,31,Male,Tier 2,Coimbatore,Sales Consultant,84000,14500,15600,3800,4000,3700,4600,6300,17500,10900,41600,52500,31500,37.5,20.8,79,9.2
IN_USR_03549,22,Male,Tier 1,Bangalore,Marketing Manager,125500,43000,23800,6800,4100,2800,11700,7300,17000,19000,80500,99500,26000,20.7,19.1,35,1.3
IN_USR_03550,41,Male,Tier 3,Warangal,Civil Engineer,70500,7000,13200,4100,2800,5700,6300,4200,16000,10500,32800,43300,27200,38.6,24.2,74,8.1
IN_USR_03551,31,Female,Tier 2,Indore,Software Engineer,146000,27500,22200,10900,7500,12500,13800,8100,20000,21900,80600,102500,43500,29.8,21.4,55,4.7
IN_USR_03552,39,Male,Tier 1,Hyderabad,Freelancer/Consultant,177000,41000,31200,9800,6700,17300,16500,9300,27500,25800,106000,131800,45200,25.5,19.6,45,2.8
IN_USR_03553,48,Female,Tier 3,Salem,Healthcare Worker,45000,6000,6400,2800,2000,4300,3300,1500,11000,4800,21500,26300,18700,41.6,18.3,61,3.5
IN_USR_03554,30,Female,Tier 1,Mumbai,Sales Consultant,111500,25000,13800,6800,6600,1100,6700,5100,21000,11800,53300,65100,46400,41.6,18.1,68,5.4
IN_USR_03555,56,Male,Tier 2,Coimbatore,Teacher/Professor,65000,14000,12600,3700,3800,5400,6000,2300,11500,8300,39500,47800,17200,26.5,17.4,43,1.8
IN_USR_03556,58,Male,Tier 2,Jaipur,Sales Consultant,71500,16500,9000,5400,1500,3900,6400,5100,15000,11500,36300,47800,23700,33.1,24.1,70,8.1
IN_USR_03557,35,Male,Tier 2,Jaipur,Operations Executive,36000,6500,4800,2100,1300,3000,3200,2600,8500,5800,17700,23500,12500,34.7,24.7,54,3.6
IN_USR_03558,48,Male,Tier 1,Mumbai,Marketing Manager,59000,17000,9800,2900,1900,3400,3800,3200,11000,7000,35000,42000,17000,28.8,16.7,49,2.8
IN_USR_03559,33,Male,Tier 3,Mysore,Freelancer/Consultant,110000,13500,18400,6900,2600,7400,9100,4300,30500,13400,48800,62200,47800,43.5,21.5,76,8.0
IN_USR_03560,22,Male,Tier 2,Coimbatore,Freelancer/Consultant,176500,41500,32800,13400,6300,2200,12000,10600,29500,22600,96200,118800,57700,32.7,19.0,50,2.4
IN_USR_03561,24,Male,Tier 2,Kochi,Healthcare Worker,61500,11000,10800,2800,1400,1800,4800,1900,15000,6700,27800,34500,27000,43.9,19.4,72,6.6
IN_USR_03562,43,Female,Tier 1,Bangalore,Operations Executive,62500,16000,9200,4600,3300,3900,3400,4800,9000,8200,37000,45200,17300,27.7,18.1,51,3.7
IN_USR_03563,32,Female,Tier 1,Mumbai,Financial Analyst,66500,16000,10400,4100,1800,6300,3500,4300,10000,7800,38600,46400,20100,30.2,16.8,55,4.2
IN_USR_03564,29,Male,Tier 2,Coimbatore,Healthcare Worker,44000,11000,7600,2100,2100,300,4100,1900,10500,6000,23100,29100,14900,33.9,20.6,54,3.3
IN_USR_03565,31,Male,Tier 2,Ahmedabad,Civil Engineer,62500,12500,10600,3200,2200,5700,3700,4500,9500,8200,34200,42400,20100,32.2,19.3,70,8.0
IN_USR_03566,40,Female,Tier 1,Chennai,Teacher/Professor,80000,23000,13200,3300,3200,4900,7400,6100,10000,13500,47600,61100,18900,23.6,22.1,42,2.7
IN_USR_03567,43,Female,Tier 2,Ahmedabad,Operations Executive,59000,9500,10400,2800,1500,4400,3300,3400,10500,6700,28600,35300,23700,40.2,19.0,79,8.4
IN_USR_03568,57,Female,Tier 1,Delhi-NCR,Financial Analyst,91000,28000,14400,6900,3000,4100,6200,5100,11000,11300,56400,67700,23300,25.6,16.7,57,5.8
IN_USR_03569,26,Female,Tier 1,Hyderabad,Small Business Owner,204000,56500,31800,11500,5700,2700,17000,15900,44000,32900,108200,141100,62900,30.8,23.3,49,3.0
IN_USR_03570,55,Female,Tier 3,Salem,Sales Consultant,84000,14500,16400,6600,4600,6700,5900,4700,12500,10600,48800,59400,24600,29.3,17.8,58,5.2
IN_USR_03571,40,Male,Tier 3,Trichy,Small Business Owner,199000,20500,37000,10500,8200,11500,10100,14200,45500,24300,87700,112000,87000,43.7,21.7,68,5.8
IN_USR_03572,48,Female,Tier 1,Chennai,Healthcare Worker,94000,30000,13800,4100,2100,8800,7600,3900,13000,11500,58800,70300,23700,25.2,16.4,50,4.0
IN_USR_03573,54,Female,Tier 2,Indore,Healthcare Worker,106500,20500,19400,8200,3200,9600,9400,7400,12500,16800,60900,77700,28800,27.0,21.6,41,1.5
IN_USR_03574,44,Male,Tier 2,Ahmedabad,Software Engineer,103000,25500,19000,5500,4900,5100,6500,3500,14500,10000,60000,70000,33000,32.0,14.3,71,7.7
IN_USR_03575,45,Female,Tier 1,Chennai,Freelancer/Consultant,160500,50500,26400,12600,9400,8300,9500,7900,17000,17400,107200,124600,35900,22.4,14.0,38,1.0
IN_USR_03576,33,Male,Tier 2,Ahmedabad,Data Analyst,61000,10500,7800,2600,1600,5200,4600,2000,16500,6600,27700,34300,26700,43.8,19.2,92,13.2
IN_USR_03577,38,Female,Tier 3,Trichy,Civil Engineer,50000,7000,8000,2600,2300,2400,2500,3700,9000,6200,22300,28500,21500,43.0,21.8,62,4.2
IN_USR_03578,26,Male,Tier 1,Pune,Operations Executive,87500,25000,13000,5300,1800,700,6700,6200,16000,12900,45800,58700,28800,32.9,22.0,50,2.8
IN_USR_03579,51,Female,Tier 2,Kochi,Healthcare Worker,58500,11500,11200,2800,1300,2800,5600,2900,12000,8500,29600,38100,20400,34.9,22.3,57,4.2
IN_USR_03580,58,Male,Tier 2,Ahmedabad,Healthcare Worker,43500,9000,6800,2100,1000,2800,4100,2200,8000,6300,21700,28000,15500,35.6,22.5,79,9.9
IN_USR_03581,54,Female,Tier 1,Delhi-NCR,Operations Executive,97500,25500,18800,7700,2300,8200,7900,6800,12500,14700,62500,77200,20300,20.8,19.0,35,1.1
IN_USR_03582,33,Female,Tier 1,Mumbai,Small Business Owner,228500,75000,38200,10000,5300,11000,11600,15400,31000,27000,139500,166500,62000,27.1,16.2,44,1.8
IN_USR_03583,30,Female,Tier 1,Hyderabad,Teacher/Professor,55500,12500,8000,2500,2000,600,5500,3000,8500,8500,25600,34100,21400,38.6,24.9,72,7.4
IN_USR_03584,50,Female,Tier 1,Bangalore,Freelancer/Consultant,68000,21500,9200,3200,3300,2800,3700,4600,10500,8300,40000,48300,19700,29.0,17.2,59,5.5
IN_USR_03585,37,Male,Tier 1,Delhi-NCR,Teacher/Professor,58000,16000,11600,2800,3000,5200,5800,2100,8000,7900,38600,46500,11500,19.8,17.0,41,2.7
IN_USR_03586,44,Female,Tier 1,Chennai,Healthcare Worker,118500,29500,21400,7300,4900,5300,7700,8000,21500,15700,68400,84100,34400,29.0,18.7,56,4.8
IN_USR_03587,48,Male,Tier 1,Mumbai,Data Analyst,78000,24000,14800,3600,4500,4800,5500,4700,7500,10200,51700,61900,16100,20.6,16.5,43,3.0
IN_USR_03588,35,Male,Tier 1,Bangalore,Operations Executive,48500,11500,8800,2600,1000,3100,4600,2600,9500,7200,27000,34200,14300,29.5,21.1,59,5.7
IN_USR_03589,33,Female,Tier 1,Chennai,Civil Engineer,63000,20000,12400,3300,2800,4200,2900,4500,6500,7400,42700,50100,12900,20.5,14.8,45,3.4
IN_USR_03590,48,Female,Tier 1,Chennai,Software Engineer,125500,32500,19000,6500,5500,11100,11700,7400,15500,19100,74600,93700,31800,25.3,20.4,46,3.3
IN_USR_03591,40,Female,Tier 2,Coimbatore,Data Analyst,51500,12000,6200,3800,2200,3100,4300,1900,8000,6200,27300,33500,18000,35.0,18.5,56,3.3
IN_USR_03592,52,Female,Tier 1,Mumbai,Sales Consultant,51000,15000,7800,2400,2500,2600,3700,2600,6500,6300,30300,36600,14400,28.2,17.2,60,5.9
IN_USR_03593,57,Male,Tier 1,Hyderabad,Healthcare Worker,92500,27000,14800,5100,4200,5400,7600,2800,16000,10400,56500,66900,25600,27.7,15.5,55,4.5
IN_USR_03594,58,Female,Tier 2,Kochi,Marketing Manager,76500,14000,10000,4800,3900,3900,7100,5600,18000,12700,36600,49300,27200,35.6,25.8,79,10.3
IN_USR_03595,52,Male,Tier 2,Jaipur,Software Engineer,216000,51000,29000,17200,7400,10300,10800,12300,36500,23100,114900,138000,78000,36.1,16.7,73,7.4
IN_USR_03596,46,Male,Tier 2,Indore,Software Engineer,151500,29000,19000,8800,8100,6200,6900,8100,36500,15000,71100,86100,65400,43.2,17.4,68,5.4
IN_USR_03597,51,Female,Tier 3,Dehradun,Data Analyst,56000,9500,7600,2300,2000,3300,4700,3100,14000,7800,24700,32500,23500,42.0,24.0,76,8.1
IN_USR_03598,51,Female,Tier 2,Chandigarh,Sales Consultant,61000,10000,7400,4500,2100,3000,3600,4500,10500,8100,27000,35100,25900,42.5,23.1,89,11.6
IN_USR_03599,34,Male,Tier 2,Jaipur,Small Business Owner,141500,23500,27200,10800,6600,13700,10800,6100,27000,16900,81800,98700,42800,30.2,17.1,61,5.8
IN_USR_03600,49,Female,Tier 1,Hyderabad,Healthcare Worker,116500,31500,20000,7700,5600,7500,10600,4200,13000,14800,72300,87100,29400,25.2,17.0,48,3.5
IN_USR_03601,22,Male,Tier 1,Bangalore,Data Analyst,89500,28500,17600,4500,3400,700,7500,2800,13500,10300,54700,65000,24500,27.4,15.8,52,3.8
IN_USR_03602,33,Male,Tier 3,Salem,Civil Engineer,77000,12000,13400,4700,2200,5300,6700,5800,16000,12500,37600,50100,26900,34.9,25.0,53,3.3
IN_USR_03603,35,Male,Tier 1,Bangalore,Data Analyst,109000,28000,17200,6100,4200,10900,10900,5700,10500,16600,66400,83000,26000,23.9,20.0,48,4.0
IN_USR_03604,24,Male,Tier 3,Dehradun,Data Analyst,56000,8000,8400,3700,1700,1000,3000,2300,19000,5300,22800,28100,27900,49.8,18.9,92,16.6
IN_USR_03605,54,Male,Tier 1,Mumbai,Healthcare Worker,104500,36000,20000,4500,3400,8600,8200,6700,7000,14900,72500,87400,17100,16.4,17.0,31,0.8
IN_USR_03606,52,Female,Tier 1,Delhi-NCR,Sales Consultant,90000,21000,15800,4000,5100,4800,7500,3300,13000,10800,50700,61500,28500,31.7,17.6,48,2.0
IN_USR_03607,56,Female,Tier 1,Hyderabad,Teacher/Professor,82500,21500,10600,4000,3400,4500,5100,6600,16000,11700,44000,55700,26800,32.5,21.0,68,7.5
IN_USR_03608,57,Female,Tier 1,Mumbai,Financial Analyst,124000,39000,24800,7200,2800,11400,12100,9700,8000,21800,85200,107000,17000,13.7,20.4,33,2.4
IN_USR_03609,53,Male,Tier 1,Hyderabad,Civil Engineer,55000,15000,8200,3900,2900,3800,2800,3200,6500,6000,33800,39800,15200,27.6,15.1,44,1.5
IN_USR_03610,31,Female,Tier 1,Chennai,Sales Consultant,111000,29000,20800,8500,4900,9100,9400,5700,9500,15100,72300,87400,23600,21.3,17.3,37,1.4
IN_USR_03611,49,Female,Tier 1,Delhi-NCR,Healthcare Worker,106500,35500,13600,7800,5800,5500,7900,7800,14000,15700,68200,83900,22600,21.2,18.7,48,4.6
IN_USR_03612,42,Female,Tier 1,Delhi-NCR,Teacher/Professor,95500,24000,16000,5000,5700,7800,5000,7400,14000,12400,58500,70900,24600,25.8,17.5,57,5.8
IN_USR_03613,30,Female,Tier 3,Mysore,Teacher/Professor,63500,8500,11000,3400,2300,800,3500,2900,15000,6400,26000,32400,31100,49.0,19.8,90,11.4
IN_USR_03614,46,Female,Tier 2,Chandigarh,Financial Analyst,59000,11500,11000,3700,3000,4700,3600,2800,12000,6400,33900,40300,18700,31.7,15.9,49,2.0
IN_USR_03615,34,Female,Tier 2,Coimbatore,Teacher/Professor,81000,16000,12400,6400,2400,6900,6200,5300,16500,11500,44100,55600,25400,31.4,20.7,58,4.9
IN_USR_03616,44,Male,Tier 1,Pune,Teacher/Professor,52500,18000,10000,3900,2900,3500,5200,4000,3500,9200,38300,47500,5000,9.5,19.4,27,1.6
IN_USR_03617,50,Male,Tier 1,Hyderabad,Freelancer/Consultant,108500,26000,21400,4700,4600,6900,7400,8100,16000,15500,63600,79100,29400,27.1,19.6,54,4.8
IN_USR_03618,29,Male,Tier 1,Bangalore,Financial Analyst,71500,24500,11400,3500,1600,700,4800,5700,8500,10500,41700,52200,19300,27.0,20.1,53,4.6
IN_USR_03619,26,Female,Tier 2,Jaipur,Software Engineer,91500,14000,11000,6700,2700,200,8300,5700,26500,14000,34600,48600,42900,46.9,28.8,72,7.5
IN_USR_03620,57,Male,Tier 1,Bangalore,Data Analyst,71500,22500,13800,5200,3600,5300,3300,4500,7500,7800,50400,58200,13300,18.6,13.4,42,2.9
IN_USR_03621,26,Male,Tier 1,Hyderabad,Financial Analyst,103500,26500,17800,7100,6000,1000,4600,6900,21000,11500,58400,69900,33600,32.5,16.5,70,7.5
IN_USR_03622,49,Male,Tier 1,Chennai,Small Business Owner,222000,70500,30200,17000,12800,17200,14800,12100,19500,26900,147700,174600,47400,21.4,15.4,49,4.5
IN_USR_03623,28,Female,Tier 2,Coimbatore,Data Analyst,129000,21500,22400,9100,7000,3100,6900,7200,23000,14100,63100,77200,51800,40.2,18.3,82,9.2
IN_USR_03624,44,Female,Tier 1,Hyderabad,Teacher/Professor,82500,27000,13800,5100,1900,5200,5300,5000,8500,10300,53000,63300,19200,23.3,16.3,49,4.0
IN_USR_03625,58,Male,Tier 2,Ahmedabad,Sales Consultant,38500,8500,6200,2500,1800,2400,2600,2900,5500,5500,21400,26900,11600,30.1,20.4,56,4.8
IN_USR_03626,49,Female,Tier 2,Ahmedabad,Sales Consultant,77000,16000,14800,4600,3000,6300,6700,4700,8500,11400,44700,56100,20900,27.1,20.3,58,6.0
IN_USR_03627,42,Male,Tier 2,Ahmedabad,Teacher/Professor,38500,6500,6800,2700,1100,3600,2800,1700,8500,4500,20700,25200,13300,34.5,17.9,69,6.8
IN_USR_03628,33,Female,Tier 1,Pune,Healthcare Worker,97000,27000,15200,6400,4100,9300,5400,4900,15500,10300,62000,72300,24700,25.5,14.2,54,4.5
IN_USR_03629,31,Male,Tier 3,Salem,Financial Analyst,54000,6500,6400,2900,2800,4400,4100,3800,13000,7900,23000,30900,23100,42.8,25.6,90,12.8
IN_USR_03630,32,Male,Tier 2,Kochi,Civil Engineer,86000,19500,16000,4800,4300,3700,6100,3500,18000,9600,48300,57900,28100,32.7,16.6,49,1.9
IN_USR_03631,26,Male,Tier 1,Mumbai,Small Business Owner,257000,78000,38000,13200,13100,2300,11500,18300,40500,29800,144600,174400,82600,32.1,17.1,68,7.1
IN_USR_03632,22,Female,Tier 2,Ahmedabad,Sales Consultant,51500,8500,8000,3600,1600,800,3000,3100,11000,6100,22500,28600,22900,44.5,21.3,66,5.3
IN_USR_03633,45,Male,Tier 3,Trichy,Data Analyst,89000,15500,15200,6300,4500,8700,4500,2700,18500,7200,50200,57400,31600,35.5,12.5,57,3.0
IN_USR_03634,53,Male,Tier 1,Chennai,Marketing Manager,73500,24500,11000,5400,2700,3200,5900,4500,9000,10400,46800,57200,16300,22.2,18.2,38,1.5
IN_USR_03635,29,Male,Tier 1,Delhi-NCR,Freelancer/Consultant,99500,31000,12200,7200,5600,2600,7300,6300,11000,13600,58600,72200,27300,27.4,18.8,45,2.3
IN_USR_03636,37,Male,Tier 3,Dehradun,Small Business Owner,131000,13500,16000,10100,4600,12100,10200,7000,28000,17200,56300,73500,57500,43.9,23.4,91,13.6
IN_USR_03637,52,Female,Tier 3,Trichy,Healthcare Worker,72500,9500,10600,5200,2000,4000,3800,5700,16000,9500,31300,40800,31700,43.7,23.3,60,3.9
IN_USR_03638,41,Male,Tier 1,Hyderabad,Healthcare Worker,75000,16500,10200,3600,3000,6200,5300,3500,11000,8800,39500,48300,26700,35.6,18.2,78,9.0
IN_USR_03639,38,Male,Tier 1,Delhi-NCR,Small Business Owner,58000,13000,9600,3300,1700,3200,2400,2900,11500,5300,30800,36100,21900,37.8,14.7,68,5.5
IN_USR_03640,52,Female,Tier 2,Jaipur,Marketing Manager,79500,12500,14600,3700,4600,4500,7600,3500,16500,11100,39900,51000,28500,35.8,21.8,71,7.5
IN_USR_03641,42,Male,Tier 1,Bangalore,Freelancer/Consultant,57000,17500,7800,3100,2900,5100,3200,4400,6500,7600,36400,44000,13000,22.8,17.3,40,1.9
IN_USR_03642,31,Female,Tier 2,Ahmedabad,Civil Engineer,41500,9500,5600,3200,1000,1700,3200,2500,10000,5700,21000,26700,14800,35.7,21.3,63,5.4
IN_USR_03643,39,Male,Tier 3,Trichy,Sales Consultant,32500,5000,5400,2000,900,1300,1400,2000,10000,3400,14600,18000,14500,44.6,18.9,92,12.4
IN_USR_03644,37,Male,Tier 2,Ahmedabad,Financial Analyst,96500,20000,13200,7200,3600,6700,8400,3400,20500,11800,50700,62500,34000,35.2,18.9,76,8.7
IN_USR_03645,32,Female,Tier 3,Nagpur,Data Analyst,58000,8000,10400,4100,1200,2400,2900,2400,15000,5300,26100,31400,26600,45.9,16.9,81,8.8
IN_USR_03646,32,Female,Tier 1,Hyderabad,Sales Consultant,53500,15000,8200,3600,2300,2200,4100,1800,9000,5900,31300,37200,16300,30.5,15.9,59,5.1
IN_USR_03647,31,Male,Tier 1,Chennai,Civil Engineer,83000,19500,14800,4500,1900,5200,5100,3200,18000,8300,45900,54200,28800,34.7,15.3,73,7.8
IN_USR_03648,30,Female,Tier 3,Nagpur,Small Business Owner,47500,7500,8400,3800,2300,800,2200,3300,11500,5500,22800,28300,19200,40.4,19.4,60,3.4
IN_USR_03649,49,Male,Tier 2,Indore,Teacher/Professor,41500,6500,7200,2100,1500,2100,3900,2100,8500,6000,19400,25400,16100,38.8,23.6,74,7.9
IN_USR_03650,22,Male,Tier 2,Coimbatore,Operations Executive,77000,18000,15200,5800,3500,1000,4100,6000,10500,10100,43500,53600,23400,30.4,18.8,65,7.0
IN_USR_03651,30,Female,Tier 1,Hyderabad,Marketing Manager,120000,42000,19800,5800,4900,300,7300,4200,18000,11500,72800,84300,35700,29.8,13.6,49,2.2
IN_USR_03652,55,Female,Tier 3,Dehradun,Operations Executive,56500,7000,6800,2800,1800,2600,3700,2300,14000,6000,21000,27000,29500,52.2,22.2,62,4.3
IN_USR_03653,51,Female,Tier 2,Jaipur,Healthcare Worker,82000,14000,12200,3900,2400,3900,4800,3600,21000,8400,36400,44800,37200,45.4,18.8,69,5.7
IN_USR_03654,45,Male,Tier 2,Indore,Civil Engineer,56000,13500,10000,3700,2500,3900,5300,2400,6500,7700,33600,41300,14700,26.2,18.6,50,3.9
IN_USR_03655,29,Female,Tier 2,Jaipur,Healthcare Worker,95500,16000,17600,3800,4600,2700,4900,4300,25000,9200,44700,53900,41600,43.6,17.1,76,7.4
IN_USR_03656,29,Female,Tier 2,Kochi,Teacher/Professor,61000,10000,9800,3900,1500,200,3100,3400,18000,6500,25400,31900,29100,47.7,20.4,92,15.8
IN_USR_03657,37,Male,Tier 1,Hyderabad,Teacher/Professor,44500,14000,8400,2800,1000,2200,3700,2800,6500,6500,28400,34900,9600,21.6,18.6,43,3.2
IN_USR_03658,54,Male,Tier 1,Bangalore,Freelancer/Consultant,91000,24000,15400,3700,4400,6900,7800,3600,12500,11400,54400,65800,25200,27.7,17.3,47,2.7
IN_USR_03659,58,Male,Tier 1,Chennai,Financial Analyst,137000,45500,22800,8700,8000,5600,8100,4300,21500,12400,90600,103000,34000,24.8,12.0,55,4.9
IN_USR_03660,32,Female,Tier 2,Chandigarh,Civil Engineer,90000,17500,17800,5700,3600,6400,5400,5500,18000,10900,51000,61900,28100,31.2,17.6,62,5.7
IN_USR_03661,35,Male,Tier 1,Bangalore,Marketing Manager,78500,26000,11400,4900,4300,5300,6200,2400,10000,8600,51900,60500,18000,22.9,14.2,46,3.1
IN_USR_03662,53,Male,Tier 2,Jaipur,Healthcare Worker,83000,13500,12400,5000,4600,6100,6200,5900,13000,12100,41600,53700,29300,35.3,22.5,69,7.3
IN_USR_03663,56,Female,Tier 1,Delhi-NCR,Data Analyst,85500,20500,16200,4800,3000,3700,8400,5100,14500,13500,48200,61700,23800,27.8,21.9,61,6.7
IN_USR_03664,40,Female,Tier 3,Mysore,Sales Consultant,42000,5500,7000,1800,1500,3800,2900,2300,9500,5200,19600,24800,17200,41.0,21.0,82,9.4
IN_USR_03665,23,Male,Tier 1,Pune,Freelancer/Consultant,180000,51500,29200,8700,9100,3800,17800,13800,28000,31600,102300,133900,46100,25.6,23.6,48,4.0
IN_USR_03666,49,Female,Tier 1,Delhi-NCR,Small Business Owner,113000,37000,20200,7100,5700,6800,8700,8400,12000,17100,76800,93900,19100,16.9,18.2,34,1.6
IN_USR_03667,53,Male,Tier 2,Kochi,Sales Consultant,100000,15500,15800,4400,5200,8500,8200,7600,16500,15800,49400,65200,34800,34.8,24.2,54,3.6
IN_USR_03668,47,Male,Tier 3,Dehradun,Financial Analyst,59500,9000,9400,2900,1200,3600,4600,2900,14500,7500,26100,33600,25900,43.5,22.3,87,10.9
IN_USR_03669,56,Female,Tier 1,Bangalore,Small Business Owner,253000,64500,34800,14800,8900,11100,14700,18400,60000,33100,134100,167200,85800,33.9,19.8,52,2.7
IN_USR_03670,55,Female,Tier 2,Indore,Data Analyst,132000,22000,23400,7000,5700,6200,6900,6600,28000,13500,64300,77800,54200,41.1,17.4,68,5.4
IN_USR_03671,29,Female,Tier 1,Mumbai,Sales Consultant,80000,18000,14400,3200,1900,1300,7500,5700,11000,13200,38800,52000,28000,35.0,25.4,61,5.4
IN_USR_03672,57,Male,Tier 1,Delhi-NCR,Marketing Manager,75500,20500,13800,5900,3200,6300,3400,4200,10500,7600,49700,57300,18200,24.1,13.3,47,3.1
IN_USR_03673,53,Female,Tier 3,Mysore,Sales Consultant,42500,5500,8000,2400,1800,3700,4000,3200,6500,7200,21400,28600,13900,32.7,25.2,62,6.3
IN_USR_03674,38,Male,Tier 1,Delhi-NCR,Freelancer/Consultant,134000,30500,16600,10100,2900,5400,10100,6700,29000,16800,65500,82300,51700,38.6,20.4,74,7.6
IN_USR_03675,35,Male,Tier 3,Salem,Data Analyst,87000,12000,17200,4100,4500,5000,7500,6200,14500,13700,42800,56500,30500,35.1,24.2,50,2.5
IN_USR_03676,44,Male,Tier 1,Pune,Freelancer/Consultant,60000,18500,9200,2400,1500,3800,2800,3500,9500,6300,35400,41700,18300,30.5,15.1,55,3.7
IN_USR_03677,28,Male,Tier 2,Kochi,Freelancer/Consultant,87500,20500,10600,4800,2500,1300,6500,4200,19000,10700,39700,50400,37100,42.4,21.2,78,8.3
IN_USR_03678,34,Male,Tier 2,Coimbatore,Healthcare Worker,90500,20000,13200,6800,5300,5000,6100,5000,18500,11100,50300,61400,29100,32.2,18.1,66,6.6
IN_USR_03679,48,Male,Tier 1,Chennai,Small Business Owner,281000,82000,42200,22500,12700,15300,12200,16800,32000,29000,174700,203700,77300,27.5,14.2,58,5.3
IN_USR_03680,23,Female,Tier 2,Indore,Data Analyst,111000,25000,14400,8700,3000,1100,8000,4000,28000,12000,52200,64200,46800,42.2,18.7,84,9.8
IN_USR_03681,29,Male,Tier 2,Ahmedabad,Healthcare Worker,53000,12500,10000,3300,2000,800,3000,1900,10000,4900,28600,33500,19500,36.8,14.6,66,5.3
IN_USR_03682,23,Male,Tier 1,Chennai,Financial Analyst,115500,34500,22000,6100,2700,1200,6700,5500,18000,12200,66500,78700,36800,31.9,15.5,71,7.7
IN_USR_03683,58,Female,Tier 1,Hyderabad,Data Analyst,96000,28500,18400,3900,5200,9500,7600,4200,11500,11800,65500,77300,18700,19.5,15.3,41,2.7
IN_USR_03684,23,Female,Tier 1,Chennai,Operations Executive,63500,21000,9800,4200,3600,300,3000,3000,10500,6000,38900,44900,18600,29.3,13.4,62,5.8
IN_USR_03685,51,Male,Tier 2,Coimbatore,Software Engineer,195000,47000,29400,10900,6700,9600,10800,8800,29000,19600,103600,123200,71800,36.8,15.9,78,8.5
IN_USR_03686,28,Female,Tier 1,Pune,Sales Consultant,41500,11500,8000,3000,900,1200,2400,2800,7500,5200,24600,29800,11700,28.2,17.4,52,3.7
IN_USR_03687,36,Female,Tier 1,Bangalore,Small Business Owner,245500,67500,39600,18400,10500,24400,16600,16700,27000,33300,160400,193700,51800,21.1,17.2,38,1.6
IN_USR_03688,36,Female,Tier 1,Hyderabad,Software Engineer,112000,31500,19000,6500,6100,6800,7900,8100,12000,16000,69900,85900,26100,23.3,18.6,49,4.4
IN_USR_03689,49,Male,Tier 1,Chennai,Operations Executive,50500,16500,9800,3800,1200,5000,5000,2900,3000,7900,36300,44200,6300,12.5,17.9,31,1.8
IN_USR_03690,30,Male,Tier 1,Delhi-NCR,Small Business Owner,124500,28000,23200,9300,4500,2700,5100,6600,25500,11700,67700,79400,45100,36.2,14.7,74,7.6
IN_USR_03691,45,Male,Tier 1,Bangalore,Civil Engineer,70500,18000,11400,3700,2600,6800,6800,4100,9000,10900,42500,53400,17100,24.3,20.4,41,2.1
IN_USR_03692,28,Female,Tier 2,Chandigarh,Marketing Manager,94500,17000,12400,5100,5000,2500,7100,4000,28500,11100,42000,53100,41400,43.8,20.9,77,8.0
IN_USR_03693,26,Female,Tier 1,Chennai,Freelancer/Consultant,115000,36000,15800,5200,2700,2600,8400,7900,15000,16300,62300,78600,36400,31.7,20.7,46,1.8
IN_USR_03694,54,Male,Tier 3,Mysore,Civil Engineer,48500,6500,9600,3500,1100,2300,4300,2300,8500,6600,23000,29600,18900,39.0,22.3,73,7.4
IN_USR_03695,34,Male,Tier 1,Chennai,Data Analyst,128000,37500,16200,9700,3900,10500,7700,6200,19500,13900,77800,91700,36300,28.4,15.2,52,3.6
IN_USR_03696,46,Female,Tier 1,Mumbai,Healthcare Worker,114000,37500,14600,5100,2900,6100,11200,7400,16000,18600,66200,84800,29200,25.6,21.9,43,2.6
IN_USR_03697,50,Female,Tier 1,Pune,Financial Analyst,94500,33000,11600,4300,3000,4800,5100,7400,11000,12500,56700,69200,25300,26.8,18.1,59,6.2
IN_USR_03698,41,Male,Tier 3,Nagpur,Marketing Manager,78000,13500,14400,5100,3000,6600,7400,2600,12500,10000,42600,52600,25400,32.6,19.0,71,8.1
IN_USR_03699,32,Female,Tier 2,Jaipur,Freelancer/Consultant,100500,22500,15400,5900,4500,4800,7800,6600,21000,14400,53100,67500,33000,32.8,21.3,66,6.8
IN_USR_03700,27,Female,Tier 3,Nagpur,Marketing Manager,46500,5000,5800,3500,1000,1000,2600,1500,17000,4100,16300,20400,26100,56.1,20.1,77,8.1
IN_USR_03701,24,Female,Tier 2,Ahmedabad,Healthcare Worker,92500,20500,11800,4400,5000,1000,6300,5700,16500,12000,42700,54700,37800,40.9,21.9,84,10.2
IN_USR_03702,55,Male,Tier 2,Chandigarh,Freelancer/Consultant,47000,8000,8600,2200,1400,3400,4300,1500,11000,5800,23600,29400,17600,37.4,19.7,66,5.6
IN_USR_03703,49,Female,Tier 1,Hyderabad,Civil Engineer,64000,16000,9400,4100,1700,4700,3500,2700,9000,6200,35900,42100,21900,34.2,14.7,73,7.7
IN_USR_03704,40,Female,Tier 2,Kochi,Sales Consultant,69500,14500,12200,5200,1600,3100,2900,3900,16000,6800,36600,43400,26100,37.6,15.7,68,5.8
IN_USR_03705,29,Male,Tier 1,Mumbai,Small Business Owner,272500,69500,38600,17100,8600,3700,24100,19000,51500,43100,137500,180600,91900,33.7,23.9,62,5.9
IN_USR_03706,47,Female,Tier 1,Delhi-NCR,Data Analyst,97000,23500,16600,5700,4300,7300,5400,4800,12000,10200,57400,67600,29400,30.3,15.1,48,1.9
IN_USR_03707,34,Male,Tier 1,Pune,Financial Analyst,129500,35500,18400,7200,7500,6200,10900,6200,18000,17100,74800,91900,37600,29.0,18.6,59,5.6
IN_USR_03708,31,Female,Tier 2,Jaipur,Marketing Manager,103000,17000,20400,7500,5300,6800,9400,4200,22000,13600,57000,70600,32400,31.5,19.3,69,7.7
IN_USR_03709,51,Male,Tier 1,Pune,Freelancer/Consultant,116000,29500,19200,5400,5600,7000,11200,4700,14500,15900,66700,82600,33400,28.8,19.2,56,4.8
IN_USR_03710,34,Male,Tier 2,Coimbatore,Freelancer/Consultant,67000,13500,12000,5000,3300,2700,3600,3700,13000,7300,36500,43800,23200,34.6,16.7,75,8.5
IN_USR_03711,43,Male,Tier 1,Hyderabad,Teacher/Professor,43500,11500,7600,2200,1100,4300,2600,3000,6500,5600,26700,32300,11200,25.7,17.3,43,2.0
IN_USR_03712,52,Female,Tier 3,Nagpur,Sales Consultant,49500,6000,9200,3600,2900,2900,4600,2500,11500,7100,24600,31700,17800,36.0,22.4,61,5.0
IN_USR_03713,39,Female,Tier 1,Chennai,Software Engineer,107500,28000,16200,5200,4500,6400,6100,7500,14500,13600,60300,73900,33600,31.3,18.4,61,5.7
IN_USR_03714,30,Male,Tier 3,Nagpur,Teacher/Professor,61500,11000,8800,2700,1400,1800,6000,4500,12000,10500,25700,36200,25300,41.1,29.0,77,8.9
IN_USR_03715,55,Male,Tier 1,Pune,Financial Analyst,162000,55000,21400,6700,7900,15400,15000,11400,15500,26400,106400,132800,29200,18.0,19.9,41,3.6
IN_USR_03716,50,Male,Tier 2,Coimbatore,Healthcare Worker,109500,18500,18000,6800,3800,7100,6300,7000,17000,13300,54200,67500,42000,38.4,19.7,55,2.4
IN_USR_03717,52,Female,Tier 1,Chennai,Operations Executive,84000,25500,11400,5600,3700,6300,7000,3100,10000,10100,52500,62600,21400,25.5,16.1,46,2.7
IN_USR_03718,34,Male,Tier 1,Delhi-NCR,Marketing Manager,90000,28000,12200,6200,3200,6700,6100,4600,13500,10700,56300,67000,23000,25.6,16.0,56,5.3
IN_USR_03719,41,Female,Tier 1,Chennai,Data Analyst,98000,28000,13200,4200,4800,9300,5900,7600,15000,13500,59500,73000,25000,25.5,18.5,43,2.1
IN_USR_03720,44,Female,Tier 1,Mumbai,Financial Analyst,78500,21500,15600,5500,3600,6800,7300,5700,8500,13000,53000,66000,12500,15.9,19.7,32,1.6
IN_USR_03721,22,Male,Tier 1,Pune,Operations Executive,100500,27000,14800,6100,2800,1200,6800,3800,21500,10600,51900,62500,38000,37.8,17.0,63,4.5
IN_USR_03722,58,Male,Tier 3,Dehradun,Financial Analyst,106000,16000,17400,7300,3800,6700,7900,3300,18000,11200,51200,62400,43600,41.1,17.9,80,8.5
IN_USR_03723,43,Male,Tier 2,Kochi,Operations Executive,83000,14000,12000,5500,4100,5400,8000,6100,17500,14100,41000,55100,27900,33.6,25.6,59,5.3
IN_USR_03724,36,Female,Tier 1,Chennai,Financial Analyst,138000,46500,24400,10500,3000,13600,12900,8500,9500,21400,98000,119400,18600,13.5,17.9,28,1.0
IN_USR_03725,40,Male,Tier 3,Warangal,Freelancer/Consultant,89000,13000,13800,6200,3600,4000,8500,4900,20000,13400,40600,54000,35000,39.3,24.8,88,11.5
IN_USR_03726,23,Female,Tier 3,Salem,Operations Executive,60500,9500,9800,4000,2000,1400,4200,2100,11000,6300,26700,33000,27500,45.5,19.1,81,8.9
IN_USR_03727,55,Female,Tier 1,Pune,Civil Engineer,104000,33500,15200,8100,4600,9300,5000,3700,14500,8700,70700,79400,24600,23.7,11.0,47,2.8
IN_USR_03728,24,Male,Tier 1,Pune,Operations Executive,91000,20000,16000,6700,4300,600,7900,5900,20000,13800,47600,61400,29600,32.5,22.5,54,4.0
IN_USR_03729,28,Female,Tier 1,Delhi-NCR,Small Business Owner,231500,56500,45400,13900,5900,6100,23100,12600,44500,35700,127800,163500,68000,29.4,21.8,49,3.2
IN_USR_03730,49,Female,Tier 1,Hyderabad,Operations Executive,71000,22500,12800,4100,2400,4600,5800,2500,8000,8300,46400,54700,16300,23.0,15.2,44,2.6
IN_USR_03731,29,Male,Tier 3,Dehradun,Civil Engineer,62500,10500,12400,2800,1400,900,4100,3400,15000,7500,28000,35500,27000,43.2,21.1,64,4.6
IN_USR_03732,48,Male,Tier 1,Chennai,Marketing Manager,78000,20500,9400,5800,1600,6200,6900,4500,10500,11400,43500,54900,23100,29.6,20.8,46,2.3
IN_USR_03733,39,Male,Tier 1,Bangalore,Data Analyst,71000,22500,8800,3100,2700,4100,3900,4100,15000,8000,41200,49200,21800,30.7,16.3,61,5.6
IN_USR_03734,58,Female,Tier 1,Pune,Operations Executive,50000,12000,8000,2400,1100,2800,4400,2800,8000,7200,26300,33500,16500,33.0,21.5,68,7.3
IN_USR_03735,22,Male,Tier 2,Jaipur,Freelancer/Consultant,92500,18000,15800,5000,2800,500,7600,3500,19000,11100,42100,53200,39300,42.5,20.9,83,9.8
IN_USR_03736,51,Male,Tier 3,Warangal,Freelancer/Consultant,62500,9500,11600,4200,2200,4100,4800,4800,8500,9600,31600,41200,21300,34.1,23.3,70,7.8
IN_USR_03737,33,Female,Tier 1,Mumbai,Data Analyst,136500,41500,27000,8200,5000,11100,7200,10700,16000,17900,92800,110700,25800,18.9,16.2,36,1.7
IN_USR_03738,36,Female,Tier 3,Mysore,Teacher/Professor,35000,5000,6000,2400,2000,2900,2100,2300,7000,4400,18300,22700,12300,35.1,19.4,52,2.4
IN_USR_03739,30,Female,Tier 1,Mumbai,Sales Consultant,118500,29000,20800,7900,5000,3200,11200,7200,16500,18400,65900,84300,34200,28.9,21.8,57,5.5
IN_USR_03740,40,Female,Tier 2,Kochi,Operations Executive,65000,12000,9600,4900,2900,3300,6100,2000,15000,8100,32700,40800,24200,37.2,19.9,54,2.4
IN_USR_03741,56,Male,Tier 1,Pune,Financial Analyst,65000,22500,7800,4400,1700,4400,2600,4000,11000,6600,40800,47400,17600,27.1,13.9,53,3.9
IN_USR_03742,39,Female,Tier 1,Delhi-NCR,Marketing Manager,52500,15500,7000,4100,1300,3700,2400,3200,7000,5600,31600,37200,15300,29.1,15.1,64,6.5
IN_USR_03743,56,Male,Tier 2,Chandigarh,Financial Analyst,85000,14000,11200,4400,2200,3800,7300,4200,16000,11500,35600,47100,37900,44.6,24.4,67,5.7
IN_USR_03744,55,Male,Tier 1,Pune,Freelancer/Consultant,133500,39000,23200,10600,3500,10800,6900,5200,23500,12100,87100,99200,34300,25.7,12.2,47,2.5
IN_USR_03745,47,Male,Tier 2,Indore,Sales Consultant,45500,7000,8000,3200,1600,2200,4300,1600,10500,5900,22000,27900,17600,38.7,21.1,69,6.3
IN_USR_03746,42,Male,Tier 1,Delhi-NCR,Civil Engineer,90000,24000,13000,5200,2400,3800,3900,3900,19000,7800,48400,56200,33800,37.6,13.9,73,6.8
IN_USR_03747,53,Female,Tier 2,Chandigarh,Financial Analyst,141000,26000,24600,8200,3000,9800,10000,9900,29500,19900,71600,91500,49500,35.1,21.7,65,6.1
IN_USR_03748,50,Female,Tier 2,Chandigarh,Software Engineer,88500,17000,10600,5800,3700,3600,8600,4800,23500,13400,40700,54100,34400,38.9,24.8,80,9.5
IN_USR_03749,46,Female,Tier 2,Indore,Civil Engineer,73000,14500,14000,5700,3600,6900,4300,5300,8500,9600,44700,54300,18700,25.6,17.7,46,2.8
IN_USR_03750,36,Male,Tier 1,Pune,Software Engineer,142000,36000,25200,11300,6200,13900,12300,4700,17000,17000,92600,109600,32400,22.8,15.5,48,3.9
IN_USR_03751,51,Female,Tier 2,Indore,Financial Analyst,115500,28000,22000,5200,5700,10900,7800,7100,13000,14900,71800,86700,28800,24.9,17.2,48,3.6
IN_USR_03752,58,Female,Tier 1,Delhi-NCR,Small Business Owner,97500,31000,14200,4400,3700,5300,9600,3700,11000,13300,58600,71900,25600,26.3,18.5,56,5.4
IN_USR_03753,23,Male,Tier 1,Delhi-NCR,Small Business Owner,157000,41500,23800,9200,5000,1200,7300,11700,30500,19000,80700,99700,57300,36.5,19.1,61,4.5
IN_USR_03754,41,Female,Tier 2,Indore,Teacher/Professor,67000,16500,12200,4000,1700,4300,5200,3700,12500,8900,38700,47600,19400,29.0,18.7,58,5.4
IN_USR_03755,25,Male,Tier 1,Mumbai,Operations Executive,97000,28500,12600,6500,4800,2800,3900,3900,16500,7800,55200,63000,34000,35.1,12.4,75,7.9
IN_USR_03756,52,Male,Tier 2,Coimbatore,Civil Engineer,87000,19000,17400,4200,3900,3800,7900,4800,17000,12700,48300,61000,26000,29.9,20.8,44,1.7
IN_USR_03757,45,Female,Tier 1,Mumbai,Sales Consultant,73500,17000,14200,4600,3800,3100,6400,4200,11000,10600,42700,53300,20200,27.5,19.9,58,5.9
IN_USR_03758,56,Male,Tier 2,Indore,Sales Consultant,83000,17000,16600,4900,2100,4200,6200,6100,14000,12300,44800,57100,25900,31.2,21.5,46,2.0
IN_USR_03759,31,Male,Tier 3,Nagpur,Small Business Owner,170500,28500,25800,12800,4100,7200,8600,7500,40000,16100,78400,94500,76000,44.6,17.0,77,7.8
IN_USR_03760,48,Male,Tier 3,Salem,Teacher/Professor,29000,5000,4800,2200,1500,2100,2000,1500,5000,3500,15600,19100,9900,34.1,18.3,66,6.2
IN_USR_03761,56,Female,Tier 2,Kochi,Operations Executive,89000,16000,11200,5500,2100,4100,5000,3400,26500,8400,38900,47300,41700,46.9,17.8,68,5.3
IN_USR_03762,43,Female,Tier 1,Chennai,Data Analyst,133500,42500,21600,6100,5400,6700,7100,4900,23000,12000,82300,94300,39200,29.4,12.7,55,3.9
IN_USR_03763,33,Female,Tier 2,Kochi,Financial Analyst,70000,15500,13200,3300,3600,5900,6700,4400,8000,11100,41500,52600,17400,24.9,21.1,53,5.2
IN_USR_03764,39,Male,Tier 1,Chennai,Healthcare Worker,104000,36000,14400,4800,4000,8900,9100,5400,11500,14500,68100,82600,21400,20.6,17.6,41,2.6
IN_USR_03765,58,Female,Tier 1,Delhi-NCR,Marketing Manager,97000,33500,18800,5200,5500,5500,8300,3200,8500,11500,68500,80000,17000,17.5,14.4,38,2.2
IN_USR_03766,38,Female,Tier 2,Indore,Teacher/Professor,62000,10000,10800,4400,2200,3100,2900,2100,14500,5000,30500,35500,26500,42.7,14.1,86,9.8
IN_USR_03767,46,Male,Tier 1,Pune,Software Engineer,250000,84500,31800,10100,5300,22700,17100,10500,45000,27600,154400,182000,68000,27.2,15.2,61,6.1
IN_USR_03768,55,Male,Tier 2,Chandigarh,Sales Consultant,68000,10500,11000,4600,1500,6400,3500,2200,15500,5700,34000,39700,28300,41.6,14.4,80,8.2
IN_USR_03769,36,Male,Tier 1,Delhi-NCR,Small Business Owner,145500,48500,20600,9900,7100,8300,8300,7900,15500,16200,94400,110600,34900,24.0,14.6,47,3.2
IN_USR_03770,53,Male,Tier 1,Hyderabad,Small Business Owner,277000,85500,53600,11900,9000,17900,17600,13700,38500,31300,177900,209200,67800,24.5,15.0,49,3.6
IN_USR_03771,38,Male,Tier 3,Nagpur,Healthcare Worker,47500,5500,7400,3700,2600,2400,3000,3400,8500,6400,21600,28000,19500,41.1,22.9,91,12.4
IN_USR_03772,35,Male,Tier 2,Indore,Sales Consultant,39000,8000,5200,3100,1100,1800,1900,2000,8000,3900,19200,23100,15900,40.8,16.9,89,10.8
IN_USR_03773,57,Male,Tier 1,Hyderabad,Data Analyst,62500,15000,12000,2900,3000,5300,5300,3800,7000,9100,38200,47300,15200,24.3,19.2,45,3.0
IN_USR_03774,54,Female,Tier 1,Hyderabad,Small Business Owner,113000,36500,15200,8600,3400,9400,5200,4300,20000,9500,73100,82600,30400,26.9,11.5,46,1.9
IN_USR_03775,24,Female,Tier 1,Bangalore,Freelancer/Consultant,72500,21000,11600,4800,1900,1000,5600,4600,11500,10200,40300,50500,22000,30.3,20.2,62,6.4
IN_USR_03776,51,Male,Tier 1,Bangalore,Sales Consultant,66000,19500,9400,4300,1900,6600,4000,2700,9000,6700,41700,48400,17600,26.7,13.8,58,5.4
IN_USR_03777,56,Female,Tier 2,Kochi,Small Business Owner,76500,17000,13600,4600,3400,7600,3500,3400,11500,6900,46200,53100,23400,30.6,13.0,60,5.0
IN_USR_03778,22,Female,Tier 3,Nagpur,Healthcare Worker,73000,9000,11800,3200,3100,100,7000,4200,21500,11200,27200,38400,34600,47.4,29.2,76,8.7
IN_USR_03779,35,Female,Tier 1,Bangalore,Software Engineer,225500,60500,30200,13100,11900,17300,15400,8300,47500,23700,133000,156700,68800,30.5,15.1,54,3.5
IN_USR_03780,42,Male,Tier 1,Mumbai,Civil Engineer,87000,22000,15400,3900,2300,7500,8500,3300,11500,11800,51100,62900,24100,27.7,18.8,48,2.9
IN_USR_03781,58,Female,Tier 3,Nagpur,Software Engineer,119000,18500,18600,6300,3000,6600,7800,9300,21500,17100,53000,70100,48900,41.1,24.4,79,9.0
IN_USR_03782,50,Female,Tier 2,Indore,Software Engineer,191500,35000,24200,9200,3900,12600,12300,10400,57000,22700,84900,107600,83900,43.8,21.1,58,3.1
IN_USR_03783,24,Female,Tier 1,Chennai,Financial Analyst,89000,26500,15800,5300,2800,0,5700,3900,17500,9600,50400,60000,29000,32.6,16.0,57,4.0
IN_USR_03784,38,Male,Tier 2,Chandigarh,Freelancer/Consultant,66000,16000,11200,3600,1400,5900,5600,2900,9500,8500,38100,46600,19400,29.4,18.2,65,7.0
IN_USR_03785,39,Male,Tier 2,Indore,Marketing Manager,88000,19500,10800,4000,4700,4800,5400,2900,21500,8300,43800,52100,35900,40.8,15.9,84,9.4
IN_USR_03786,54,Female,Tier 1,Pune,Marketing Manager,133000,42000,19600,6700,7800,9100,10600,9300,13500,19900,85200,105100,27900,21.0,18.9,39,2.2
IN_USR_03787,28,Female,Tier 1,Mumbai,Data Analyst,123500,29500,24000,5300,7300,2000,11000,5700,18000,16700,68100,84800,38700,31.3,19.7,61,5.7
IN_USR_03788,38,Female,Tier 2,Ahmedabad,Data Analyst,73500,14000,9200,4500,3300,5100,7300,4100,13000,11400,36100,47500,26000,35.4,24.0,76,9.2
IN_USR_03789,52,Male,Tier 1,Hyderabad,Teacher/Professor,82500,18500,12600,3600,3500,8000,7700,4800,11500,12500,46200,58700,23800,28.8,21.3,49,3.3
IN_USR_03790,52,Male,Tier 2,Jaipur,Sales Consultant,94500,23500,17200,4900,3600,8900,9000,5000,11500,14000,58100,72100,22400,23.7,19.4,46,3.4
IN_USR_03791,43,Female,Tier 2,Indore,Small Business Owner,100000,18000,18400,7400,3100,9700,5400,3800,18500,9200,56600,65800,34200,34.2,14.0,60,4.2
IN_USR_03792,27,Male,Tier 2,Kochi,Healthcare Worker,87500,14500,13600,6700,5000,900,8500,4300,17500,12800,40700,53500,34000,38.9,23.9,85,10.7
IN_USR_03793,58,Male,Tier 2,Kochi,Financial Analyst,114000,28500,19000,4700,4800,6300,6200,4000,25000,10200,63300,73500,40500,35.5,13.9,73,7.3
IN_USR_03794,48,Male,Tier 1,Chennai,Healthcare Worker,92500,27000,12600,4300,3600,5500,8300,3700,15500,12000,53000,65000,27500,29.7,18.5,60,5.7
IN_USR_03795,36,Male,Tier 2,Kochi,Freelancer/Consultant,110500,24000,16400,5700,3600,8300,5500,7700,27000,13200,58000,71200,39300,35.6,18.5,56,3.3
IN_USR_03796,22,Female,Tier 1,Delhi-NCR,Marketing Manager,90500,26000,14200,6100,2100,1500,3700,6500,20500,10200,49900,60100,30400,33.6,17.0,49,1.8
IN_USR_03797,23,Male,Tier 3,Nagpur,Healthcare Worker,78500,10500,10000,4900,3200,1200,5100,3400,24500,8500,29800,38300,40200,51.2,22.2,91,17.7
IN_USR_03798,26,Female,Tier 3,Salem,Sales Consultant,84000,13500,12400,3900,4100,1900,8100,3200,15500,11300,35800,47100,36900,43.9,24.0,61,4.1
IN_USR_03799,30,Male,Tier 1,Mumbai,Civil Engineer,55500,15500,11000,4400,1500,800,5400,3000,7000,8400,33200,41600,13900,25.0,20.2,45,3.1
IN_USR_03800,29,Female,Tier 1,Mumbai,Freelancer/Consultant,109000,27000,13200,7900,2400,2500,10100,3500,22500,13600,53000,66600,42400,38.9,20.4,80,9.0
IN_USR_03801,40,Female,Tier 1,Pune,Marketing Manager,96500,33500,18600,4900,2400,8200,3900,5500,13000,9400,67600,77000,19500,20.2,12.2,38,1.5
IN_USR_03802,30,Male,Tier 1,Delhi-NCR,Small Business Owner,125500,32000,20000,5900,6700,1100,9800,9000,28500,18800,65700,84500,41000,32.7,22.2,52,3.4
IN_USR_03803,44,Male,Tier 1,Hyderabad,Operations Executive,82500,26000,12600,4600,3900,6100,7800,3300,11000,11100,53200,64300,18200,22.1,17.3,46,3.6
IN_USR_03804,34,Male,Tier 1,Hyderabad,Software Engineer,134500,44000,19200,8700,7200,13300,7100,6500,19500,13600,92400,106000,28500,21.2,12.8,45,3.1
IN_USR_03805,23,Male,Tier 1,Chennai,Freelancer/Consultant,76000,19500,13200,5200,2600,700,7100,3600,12500,10700,41200,51900,24100,31.7,20.6,69,7.8
IN_USR_03806,27,Female,Tier 1,Pune,Sales Consultant,49000,13000,9600,3600,2900,500,3900,2900,6000,6800,29600,36400,12600,25.7,18.7,43,2.0
IN_USR_03807,26,Male,Tier 1,Chennai,Marketing Manager,128000,37000,20200,8400,2900,3200,10000,4000,20500,14000,71700,85700,42300,33.0,16.3,52,2.6
IN_USR_03808,31,Male,Tier 2,Jaipur,Software Engineer,150000,28500,23800,8800,3900,6400,6500,6600,34500,13100,71400,84500,65500,43.7,15.5,71,5.8
IN_USR_03809,44,Female,Tier 2,Coimbatore,Teacher/Professor,55000,12500,7400,3600,3200,4300,4900,2400,7000,7300,31000,38300,16700,30.4,19.1,47,2.1
IN_USR_03810,44,Female,Tier 1,Pune,Financial Analyst,156500,39000,29600,10300,7900,14100,10600,4800,20500,15400,100900,116300,40200,25.7,13.2,53,4.2
IN_USR_03811,53,Male,Tier 2,Kochi,Teacher/Professor,81000,20000,14600,3800,3400,7600,6500,5100,10000,11600,49400,61000,20000,24.7,19.0,46,3.3
IN_USR_03812,45,Male,Tier 1,Hyderabad,Sales Consultant,43500,10000,7000,3000,2100,2900,2100,3200,9000,5300,25000,30300,13200,30.3,17.5,53,3.7
IN_USR_03813,35,Male,Tier 1,Chennai,Operations Executive,56500,16500,7400,4100,2900,2800,2700,1900,12000,4600,33700,38300,18200,32.2,12.0,54,2.9
IN_USR_03814,55,Male,Tier 1,Chennai,Small Business Owner,280500,66500,55000,20800,6400,26300,18100,14400,37000,32500,175000,207500,73000,26.0,15.7,54,4.8
IN_USR_03815,23,Male,Tier 2,Indore,Civil Engineer,83500,15000,16000,5100,4000,200,6300,2900,14000,9200,40300,49500,34000,40.7,18.6,88,10.9
IN_USR_03816,23,Female,Tier 2,Chandigarh,Marketing Manager,49500,9000,6200,3000,2600,900,4400,3500,8000,7900,21700,29600,19900,40.2,26.7,77,8.6
IN_USR_03817,48,Male,Tier 1,Pune,Sales Consultant,101000,29000,17600,5600,3300,8100,5000,4800,18000,9800,63600,73400,27600,27.3,13.4,51,3.4
IN_USR_03818,55,Female,Tier 1,Delhi-NCR,Healthcare Worker,90000,23500,11800,4200,3600,3700,6900,3400,16500,10300,46800,57100,32900,36.6,18.0,73,7.6
IN_USR_03819,50,Female,Tier 2,Chandigarh,Financial Analyst,77500,12500,11600,5000,4300,3900,5500,2700,15500,8200,37300,45500,32000,41.3,18.0,77,7.7
IN_USR_03820,26,Female,Tier 1,Bangalore,Marketing Manager,99500,28000,16000,6500,2500,800,5700,4200,18500,9900,53800,63700,35800,36.0,15.5,79,9.1
IN_USR_03821,46,Male,Tier 2,Jaipur,Sales Consultant,79500,17000,10800,5500,2200,4600,5500,4200,15500,9700,40100,49800,29700,37.4,19.5,55,2.7
IN_USR_03822,49,Female,Tier 3,Trichy,Teacher/Professor,33500,4500,6200,2700,1100,3000,2900,2400,7000,5300,17500,22800,10700,31.9,23.2,60,5.8
IN_USR_03823,26,Female,Tier 2,Indore,Freelancer/Consultant,173500,30000,21200,8600,6900,2700,10300,9800,36000,20100,69400,89500,84000,48.4,22.5,73,7.2
IN_USR_03824,41,Male,Tier 3,Dehradun,Marketing Manager,83500,12000,12800,5400,3200,3500,5300,2900,23500,8200,36900,45100,38400,46.0,18.2,93,14.0
IN_USR_03825,44,Female,Tier 2,Jaipur,Sales Consultant,74000,17000,12600,3300,3000,6500,5600,3600,9500,9200,42400,51600,22400,30.3,17.8,53,3.7
IN_USR_03826,55,Male,Tier 1,Bangalore,Teacher/Professor,67500,22000,11400,5100,3600,5700,6300,3700,5500,10000,47800,57800,9700,14.4,17.3,31,1.4
IN_USR_03827,47,Male,Tier 2,Kochi,Financial Analyst,63000,12000,9400,4700,1400,2900,4900,5000,12000,9900,30400,40300,22700,36.0,24.6,50,2.3
IN_USR_03828,39,Male,Tier 1,Mumbai,Healthcare Worker,65000,20500,11800,4200,3600,5400,2900,4300,7500,7200,45500,52700,12300,18.9,13.7,42,2.8
IN_USR_03829,33,Female,Tier 2,Jaipur,Sales Consultant,67500,11000,13200,3700,3600,3200,3400,4800,16000,8200,34700,42900,24600,36.4,19.1,58,3.7
IN_USR_03830,41,Male,Tier 1,Chennai,Operations Executive,100500,25000,19800,4300,2600,9700,8500,6300,12000,14800,61400,76200,24300,24.2,19.4,54,5.5
IN_USR_03831,35,Male,Tier 2,Indore,Healthcare Worker,99500,23500,17200,6200,4000,9600,5200,3100,15000,8300,60500,68800,30700,30.9,12.1,67,6.7
IN_USR_03832,45,Male,Tier 1,Bangalore,Marketing Manager,66000,16000,9400,3800,3900,4900,4600,2800,9000,7400,38000,45400,20600,31.2,16.3,55,3.8
IN_USR_03833,23,Female,Tier 1,Bangalore,Sales Consultant,102500,26000,19600,4500,4300,2100,8400,6300,15000,14700,56500,71200,31300,30.5,20.6,54,4.2
IN_USR_03834,29,Male,Tier 1,Delhi-NCR,Marketing Manager,144500,37000,24800,10300,7700,3400,12900,7500,23000,20400,83200,103600,40900,28.3,19.7,47,2.8
IN_USR_03835,44,Female,Tier 1,Delhi-NCR,Software Engineer,139500,33000,21600,8300,4900,5600,6400,11000,25500,17400,73400,90800,48700,34.9,19.2,62,5.2
IN_USR_03836,53,Male,Tier 1,Hyderabad,Freelancer/Consultant,109500,35000,19600,5600,6100,6700,10500,7200,11000,17700,73000,90700,18800,17.2,19.5,34,1.9
IN_USR_03837,53,Female,Tier 2,Jaipur,Software Engineer,125500,19000,17200,6400,3500,10500,5800,8100,30500,13900,56600,70500,55000,43.8,19.7,65,4.7
IN_USR_03838,50,Female,Tier 3,Salem,Marketing Manager,89500,16000,13200,6000,3800,6000,8800,7100,15000,15900,45000,60900,28600,32.0,26.1,61,6.2
IN_USR_03839,54,Male,Tier 1,Delhi-NCR,Marketing Manager,102500,23000,20200,4800,5900,5700,6500,6000,14000,12500,59600,72100,30400,29.7,17.3,56,4.4
IN_USR_03840,53,Male,Tier 1,Hyderabad,Software Engineer,188500,54500,30000,12700,7500,11300,9400,13100,32500,22500,116000,138500,50000,26.5,16.2,57,5.5
IN_USR_03841,32,Male,Tier 1,Delhi-NCR,Software Engineer,131500,32500,26000,6000,7500,5600,7000,9400,20500,16400,77600,94000,37500,28.5,17.4,48,2.6
IN_USR_03842,41,Female,Tier 3,Salem,Civil Engineer,76500,8000,9600,3400,3600,4900,5600,3800,19500,9400,29500,38900,37600,49.2,24.2,74,7.7
IN_USR_03843,34,Female,Tier 3,Dehradun,Healthcare Worker,68000,10000,11400,4000,3200,4000,5600,4900,15500,10500,32600,43100,24900,36.6,24.4,79,9.8
IN_USR_03844,40,Female,Tier 2,Chandigarh,Financial Analyst,133000,25000,21200,7900,4300,7800,12400,7600,20000,20000,66200,86200,46800,35.2,23.2,69,7.2
IN_USR_03845,55,Female,Tier 1,Hyderabad,Healthcare Worker,80500,20500,11600,5800,4200,6100,3700,3500,11000,7200,48200,55400,25100,31.2,13.0,59,4.5
IN_USR_03846,40,Female,Tier 1,Delhi-NCR,Small Business Owner,135500,41500,17400,10400,7800,7500,5700,10000,18000,15700,84600,100300,35200,26.0,15.7,46,2.5
IN_USR_03847,53,Female,Tier 1,Mumbai,Healthcare Worker,118500,36500,21800,8100,7000,11100,8000,8300,9000,16300,84500,100800,17700,14.9,16.2,31,1.1
IN_USR_03848,37,Female,Tier 3,Warangal,Financial Analyst,109500,13000,15800,7000,4000,6600,6600,6200,22500,12800,46400,59200,50300,45.9,21.6,91,14.6
IN_USR_03849,35,Male,Tier 2,Kochi,Sales Consultant,87500,13500,14400,5100,5200,7800,7000,4500,13500,11500,46000,57500,30000,34.3,20.0,65,6.0
IN_USR_03850,57,Male,Tier 1,Delhi-NCR,Operations Executive,47500,12500,7600,3000,1700,4000,4100,2600,5500,6700,28800,35500,12000,25.3,18.9,51,4.3
IN_USR_03851,28,Female,Tier 2,Chandigarh,Sales Consultant,63000,14000,10800,4200,2800,1000,3400,4300,9500,7700,32800,40500,22500,35.7,19.0,62,5.0
IN_USR_03852,54,Female,Tier 1,Delhi-NCR,Operations Executive,99000,32500,16000,5700,4100,6600,4700,5200,13500,9900,64900,74800,24200,24.4,13.2,55,5.1
IN_USR_03853,47,Female,Tier 1,Bangalore,Small Business Owner,223000,77500,33800,14300,12900,17900,15700,15200,21500,30900,156400,187300,35700,16.0,16.5,37,2.5
IN_USR_03854,43,Male,Tier 2,Indore,Small Business Owner,171000,30000,31800,9200,5300,12800,12800,12400,32500,25200,89100,114300,56700,33.2,22.0,55,4.0
IN_USR_03855,56,Female,Tier 2,Jaipur,Data Analyst,113000,20000,17000,5900,2900,7500,4700,5400,34500,10100,53300,63400,49600,43.9,15.9,91,11.3
IN_USR_03856,55,Female,Tier 3,Dehradun,Freelancer/Consultant,87000,13000,10600,3900,4300,5300,7000,3600,16500,10600,37100,47700,39300,45.2,22.2,83,9.8
IN_USR_03857,29,Male,Tier 1,Chennai,Freelancer/Consultant,106000,27000,13000,7500,5900,3100,7700,5100,22000,12800,56500,69300,36700,34.6,18.5,65,6.0
IN_USR_03858,51,Male,Tier 1,Mumbai,Data Analyst,156000,41000,25200,6300,5800,10400,6700,11900,31000,18600,88700,107300,48700,31.2,17.3,63,6.1
IN_USR_03859,44,Female,Tier 2,Chandigarh,Civil Engineer,53500,11500,10000,3000,1400,4200,2600,3900,9500,6500,30100,36600,16900,31.6,17.8,59,4.8
IN_USR_03860,56,Female,Tier 1,Pune,Small Business Owner,81000,23500,15000,4200,4100,5800,7800,2700,8000,10500,52600,63100,17900,22.1,16.6,39,1.6
IN_USR_03861,40,Female,Tier 1,Pune,Small Business Owner,119000,38000,14600,6600,4600,6400,5800,5200,26000,11000,70200,81200,37800,31.8,13.5,53,2.9
IN_USR_03862,27,Male,Tier 1,Pune,Teacher/Professor,70000,16000,10200,3100,3800,300,5400,3100,17500,8500,33400,41900,28100,40.1,20.3,88,11.0
IN_USR_03863,54,Female,Tier 3,Nagpur,Software Engineer,159500,19000,20600,8800,7100,11300,15800,11100,43500,26900,66800,93700,65800,41.3,28.7,80,9.8
IN_USR_03864,47,Male,Tier 1,Hyderabad,Teacher/Professor,60000,17500,10800,3500,3100,4300,3600,4000,6500,7600,39200,46800,13200,22.0,16.2,43,2.7
IN_USR_03865,43,Male,Tier 2,Jaipur,Marketing Manager,129000,24500,16200,8300,5500,6100,10800,5500,29500,16300,60600,76900,52100,40.4,21.2,89,11.4
IN_USR_03866,47,Male,Tier 2,Coimbatore,Sales Consultant,72500,18000,13800,5300,3600,6700,5200,3800,9000,9000,47400,56400,16100,22.2,16.0,46,3.5
IN_USR_03867,50,Male,Tier 1,Pune,Healthcare Worker,94500,27500,15400,5500,5500,8200,7700,3000,14000,10700,62100,72800,21700,23.0,14.7,43,2.3
IN_USR_03868,42,Female,Tier 1,Hyderabad,Marketing Manager,110000,35000,15000,5300,5300,8800,5100,8300,12000,13400,69400,82800,27200,24.7,16.2,50,4.0
IN_USR_03869,30,Male,Tier 1,Bangalore,Operations Executive,97000,23500,12000,5800,4800,2800,7100,3800,15000,10900,48900,59800,37200,38.4,18.2,75,7.7
IN_USR_03870,50,Male,Tier 1,Bangalore,Data Analyst,84000,21000,12400,4900,4000,7500,7100,5600,12500,12700,49800,62500,21500,25.6,20.3,52,4.7
IN_USR_03871,44,Male,Tier 1,Pune,Financial Analyst,152000,50000,25800,9800,8400,6700,8000,4700,18500,12700,100700,113400,38600,25.4,11.2,56,4.9
IN_USR_03872,39,Male,Tier 2,Kochi,Software Engineer,199000,44000,33400,8600,11700,19700,15200,11300,25500,26500,117400,143900,55100,27.7,18.4,61,6.5
IN_USR_03873,49,Female,Tier 2,Indore,Financial Analyst,111500,23000,14200,6900,5300,9200,5900,4700,19500,10600,58600,69200,42300,37.9,15.3,62,4.0
IN_USR_03874,49,Female,Tier 2,Chandigarh,Healthcare Worker,49000,9000,9600,2500,2300,2200,2800,2400,12000,5200,25600,30800,18200,37.1,16.9,56,2.8
IN_USR_03875,42,Male,Tier 2,Coimbatore,Data Analyst,51500,10000,10200,3300,2400,2500,5000,3600,6500,8600,28400,37000,14500,28.2,23.2,61,6.8
IN_USR_03876,26,Female,Tier 2,Indore,Civil Engineer,82000,18000,16400,4000,3800,100,7700,2600,18000,10300,42300,52600,29400,35.9,19.6,69,6.7
IN_USR_03877,55,Male,Tier 3,Warangal,Financial Analyst,72500,8000,13400,4800,4000,5800,6500,3300,16500,9800,36000,45800,26700,36.8,21.4,68,6.5
IN_USR_03878,24,Male,Tier 2,Kochi,Operations Executive,43000,6500,8400,2100,2200,300,2100,1800,9500,3900,19500,23400,19600,45.6,16.7,71,6.0
IN_USR_03879,41,Male,Tier 2,Indore,Civil Engineer,71000,12500,12800,3000,2000,3400,5700,2800,12000,8500,33700,42200,28800,40.6,20.1,59,3.2
IN_USR_03880,50,Male,Tier 2,Jaipur,Software Engineer,151500,32500,27200,8800,6500,13400,14500,6400,21000,20900,88400,109300,42200,27.9,19.1,44,1.9
IN_USR_03881,31,Female,Tier 1,Bangalore,Civil Engineer,86000,26500,11800,3600,3000,4300,7800,3800,17000,11600,49200,60800,25200,29.3,19.1,64,6.9
IN_USR_03882,51,Female,Tier 2,Coimbatore,Teacher/Professor,70000,13500,12200,5400,3200,4600,3600,5400,9500,9000,38900,47900,22100,31.6,18.8,67,7.1
IN_USR_03883,41,Male,Tier 2,Ahmedabad,Civil Engineer,87000,19000,14800,3700,2100,8500,5100,2800,12500,7900,48100,56000,31000,35.6,14.1,72,7.1
IN_USR_03884,31,Female,Tier 3,Nagpur,Financial Analyst,70500,7500,10400,3100,2600,3500,6400,5300,15500,11700,27100,38800,31700,45.0,30.2,64,5.5
IN_USR_03885,54,Male,Tier 3,Trichy,Freelancer/Consultant,131000,23000,24400,6700,5600,8200,5600,5900,30500,11500,67900,79400,51600,39.4,14.5,81,8.5
IN_USR_03886,27,Female,Tier 2,Jaipur,Operations Executive,43000,10000,7800,2500,2300,1100,3900,2500,8500,6400,23700,30100,12900,30.0,21.3,51,3.6
IN_USR_03887,30,Female,Tier 1,Mumbai,Teacher/Professor,53500,14000,7400,3600,1800,1000,4900,3400,7500,8300,27800,36100,17400,32.5,23.0,52,3.4
IN_USR_03888,52,Male,Tier 1,Mumbai,Marketing Manager,99500,29000,13600,7200,5400,6600,6800,6300,15500,13100,61800,74900,24600,24.7,17.5,53,4.8
IN_USR_03889,45,Female,Tier 3,Dehradun,Teacher/Professor,36500,4000,7200,2700,1100,2300,2100,1700,7500,3800,17300,21100,15400,42.2,18.0,88,10.6
IN_USR_03890,41,Male,Tier 2,Coimbatore,Teacher/Professor,67500,11000,9800,3600,2200,5700,5300,4100,16000,9400,32300,41700,25800,38.2,22.5,60,4.1
IN_USR_03891,36,Male,Tier 1,Bangalore,Marketing Manager,58500,18000,11000,4000,2500,2600,2800,3700,9500,6500,38100,44600,13900,23.8,14.6,42,2.0
IN_USR_03892,22,Female,Tier 1,Mumbai,Civil Engineer,103500,30000,12600,7200,5400,900,4500,6100,24000,10600,56100,66700,36800,35.6,15.9,59,3.8
IN_USR_03893,37,Female,Tier 3,Salem,Marketing Manager,45500,5000,9000,2900,1300,3300,3800,3300,8500,7100,21500,28600,16900,37.1,24.8,77,9.1
IN_USR_03894,43,Male,Tier 3,Salem,Software Engineer,182000,18500,24600,12400,9100,17700,14600,10700,45500,25300,82300,107600,74400,40.9,23.5,73,7.2
IN_USR_03895,45,Male,Tier 1,Mumbai,Operations Executive,70000,18500,11400,4700,3900,5300,3900,2500,9000,6400,43800,50200,19800,28.3,12.7,47,1.9
IN_USR_03896,38,Male,Tier 2,Indore,Teacher/Professor,45000,8000,5400,3300,2300,4000,3600,2800,6500,6400,23000,29400,15600,34.7,21.8,50,2.3
IN_USR_03897,36,Male,Tier 3,Warangal,Marketing Manager,72500,12000,13000,4100,2000,4500,3900,4900,18500,8800,35600,44400,28100,38.8,19.8,81,9.2
IN_USR_03898,42,Male,Tier 1,Delhi-NCR,Financial Analyst,145500,39000,26800,11300,3800,14500,13700,9000,11500,22700,95400,118100,27400,18.8,19.2,34,1.3
IN_USR_03899,58,Male,Tier 1,Chennai,Civil Engineer,105000,30500,17000,5600,4800,5400,7700,8200,12500,15900,63300,79200,25800,24.6,20.1,54,5.6
IN_USR_03900,55,Female,Tier 1,Chennai,Sales Consultant,118000,37000,22400,9000,4000,9200,11400,3800,14000,15200,81600,96800,21200,18.0,15.7,41,3.1
IN_USR_03901,41,Male,Tier 1,Delhi-NCR,Freelancer/Consultant,94000,31500,16600,4900,3300,5100,8800,4100,9500,12900,61400,74300,19700,21.0,17.4,41,2.6
IN_USR_03902,33,Female,Tier 2,Ahmedabad,Freelancer/Consultant,97000,20500,18400,4500,3300,8700,8700,6800,16000,15500,55400,70900,26100,26.9,21.9,49,3.8
IN_USR_03903,38,Female,Tier 3,Salem,Marketing Manager,39500,5000,5600,2000,1000,3700,2900,2200,7500,5100,17300,22400,17100,43.3,22.8,73,7.2
IN_USR_03904,52,Female,Tier 1,Mumbai,Small Business Owner,206000,69500,28200,16300,9300,8400,15800,8500,20500,24300,131700,156000,50000,24.3,15.6,48,3.4
IN_USR_03905,22,Male,Tier 2,Jaipur,Data Analyst,134500,24000,21400,7400,5800,2200,8900,4500,31500,13400,60800,74200,60300,44.8,18.1,68,5.3
IN_USR_03906,54,Female,Tier 2,Kochi,Marketing Manager,53000,9500,7600,2700,2700,5000,5200,4000,6500,9200,27500,36700,16300,30.8,25.1,56,5.1
IN_USR_03907,36,Male,Tier 2,Indore,Teacher/Professor,36500,9000,4600,2800,1700,2700,2200,2000,7500,4200,20800,25000,11500,31.5,16.8,48,1.8
IN_USR_03908,36,Male,Tier 3,Mysore,Operations Executive,51000,6000,7600,2300,1600,4500,4500,2100,15000,6600,22000,28600,22400,43.9,23.1,87,11.1
IN_USR_03909,56,Female,Tier 1,Mumbai,Financial Analyst,93500,27000,17000,6600,3700,5500,5200,6900,9500,12100,59800,71900,21600,23.1,16.8,52,4.9
IN_USR_03910,40,Male,Tier 1,Delhi-NCR,Civil Engineer,81500,21500,11000,4500,4700,4100,6800,3500,10500,10300,45800,56100,25400,31.2,18.4,49,2.3
IN_USR_03911,44,Female,Tier 2,Coimbatore,Software Engineer,160500,36000,29400,8000,7400,11400,8100,6600,31500,14700,92200,106900,53600,33.4,13.8,70,7.1
IN_USR_03912,24,Female,Tier 2,Ahmedabad,Data Analyst,120000,28500,23200,8500,6900,200,6300,8800,18500,15100,67300,82400,37600,31.3,18.3,47,1.9
IN_USR_03913,31,Male,Tier 2,Ahmedabad,Data Analyst,80500,14000,11400,3800,3900,5500,4000,5500,16000,9500,38600,48100,32400,40.2,19.8,83,9.5
IN_USR_03914,47,Male,Tier 1,Pune,Data Analyst,97500,23000,18600,5300,5800,7800,9700,3200,13000,12900,60500,73400,24100,24.7,17.6,43,2.3
IN_USR_03915,30,Male,Tier 2,Coimbatore,Marketing Manager,126000,29500,19200,5700,5700,2700,9900,4400,19500,14300,62800,77100,48900,38.8,18.5,80,8.8
IN_USR_03916,33,Female,Tier 1,Chennai,Sales Consultant,81500,22000,12000,6200,3800,6200,8100,2500,11000,10600,50200,60800,20700,25.4,17.4,43,2.1
IN_USR_03917,36,Female,Tier 2,Chandigarh,Healthcare Worker,78000,18500,10600,5500,2300,3600,3600,3900,12500,7500,40500,48000,30000,38.5,15.6,58,2.7
IN_USR_03918,25,Female,Tier 2,Jaipur,Operations Executive,46500,10500,8800,3600,1700,200,2000,1800,9000,3800,24800,28600,17900,38.5,13.3,66,4.7
IN_USR_03919,53,Female,Tier 1,Chennai,Operations Executive,85500,21000,13000,4200,4900,3900,3500,3600,13000,7100,47000,54100,31400,36.7,13.1,79,8.7
IN_USR_03920,54,Female,Tier 2,Jaipur,Freelancer/Consultant,100500,23000,17600,4800,5700,7700,9300,5000,15000,14300,58800,73100,27400,27.3,19.6,56,5.4
IN_USR_03921,34,Female,Tier 1,Chennai,Civil Engineer,105500,28500,19400,7400,3300,8700,6900,7500,13000,14400,67300,81700,23800,22.6,17.6,38,1.4
IN_USR_03922,55,Male,Tier 3,Nagpur,Sales Consultant,36500,4000,5600,2300,1300,2400,1900,1400,10500,3300,15600,18900,17600,48.2,17.5,91,11.4
IN_USR_03923,50,Female,Tier 2,Jaipur,Operations Executive,52500,10500,9400,2200,1600,2800,2800,4100,12000,6900,26500,33400,19100,36.4,20.7,63,5.2
IN_USR_03924,51,Male,Tier 2,Chandigarh,Sales Consultant,87500,14500,16200,4400,3200,8300,7500,3600,12500,11100,46600,57700,29800,34.1,19.2,62,5.2
IN_USR_03925,55,Male,Tier 1,Mumbai,Small Business Owner,277000,81000,52600,16300,11000,14500,21500,20300,28000,41800,175400,217200,59800,21.6,19.2,38,1.7
IN_USR_03926,28,Female,Tier 2,Jaipur,Healthcare Worker,58500,11000,11600,3700,2300,400,4900,2100,9500,7000,29000,36000,22500,38.5,19.4,82,9.5
IN_USR_03927,51,Male,Tier 1,Hyderabad,Teacher/Professor,60500,19500,7200,3900,2300,4900,4100,3800,10000,7900,37800,45700,14800,24.5,17.3,42,1.9
IN_USR_03928,36,Female,Tier 2,Coimbatore,Data Analyst,101000,24000,19200,7700,4900,7700,4300,5300,18500,9600,63500,73100,27900,27.6,13.1,46,2.0
IN_USR_03929,47,Female,Tier 1,Hyderabad,Sales Consultant,108500,35500,15000,6000,3200,6800,7400,5400,12000,12800,66500,79300,29200,26.9,16.1,57,5.2
IN_USR_03930,45,Female,Tier 1,Bangalore,Small Business Owner,226000,58000,40000,17700,6600,15800,9700,7500,35000,17200,138100,155300,70700,31.3,11.1,52,2.4
IN_USR_03931,56,Male,Tier 1,Chennai,Sales Consultant,42000,14500,6600,2800,1800,2900,3500,2700,3000,6200,28600,34800,7200,17.1,17.8,36,2.2
IN_USR_03932,45,Female,Tier 2,Ahmedabad,Healthcare Worker,74000,11500,9800,4900,1900,7100,3100,2900,22500,6000,35200,41200,32800,44.3,14.6,86,9.8
IN_USR_03933,40,Female,Tier 1,Chennai,Healthcare Worker,95000,22000,16800,5200,3500,6100,4800,4800,22000,9600,53600,63200,31800,33.5,15.2,70,7.1
IN_USR_03934,41,Male,Tier 2,Indore,Marketing Manager,71000,16000,9600,5600,3300,5100,2900,4200,10500,7100,39600,46700,24300,34.2,15.2,70,7.1
IN_USR_03935,26,Female,Tier 1,Delhi-NCR,Freelancer/Consultant,162000,45000,32000,8400,6100,4100,12000,12600,28500,24600,95600,120200,41800,25.8,20.5,52,4.6
IN_USR_03936,51,Male,Tier 2,Kochi,Operations Executive,65500,11000,11800,3000,2000,6100,5300,4600,12500,9900,33900,43800,21700,33.1,22.6,58,4.8
IN_USR_03937,38,Female,Tier 1,Pune,Data Analyst,122000,33500,15000,6000,5900,10200,5200,9300,25000,14500,70600,85100,36900,30.2,17.0,58,4.8
IN_USR_03938,52,Female,Tier 1,Chennai,Software Engineer,102000,25000,12400,6700,3100,8400,6000,3700,20500,9700,55600,65300,36700,36.0,14.9,57,3.0
IN_USR_03939,43,Female,Tier 1,Bangalore,Freelancer/Consultant,145500,34000,29000,11500,6700,9300,11300,5200,24000,16500,90500,107000,38500,26.5,15.4,58,5.5
IN_USR_03940,32,Female,Tier 1,Chennai,Software Engineer,162500,38000,31000,10200,5900,9000,8100,10500,21500,18600,94100,112700,49800,30.6,16.5,63,6.1
IN_USR_03941,42,Female,Tier 2,Indore,Marketing Manager,100500,18000,16800,5300,5300,8000,5100,3800,26000,8900,53400,62300,38200,38.0,14.3,79,8.5
IN_USR_03942,45,Female,Tier 1,Chennai,Small Business Owner,276500,67500,53000,14200,7700,11200,12700,11600,44500,24300,153600,177900,98600,35.7,13.7,66,5.5
IN_USR_03943,45,Female,Tier 1,Pune,Small Business Owner,233000,76000,28400,14900,11500,17000,17000,8500,38000,25500,147800,173300,59700,25.6,14.7,49,3.3
IN_USR_03944,25,Female,Tier 1,Bangalore,Sales Consultant,54500,16500,7600,3100,2000,1600,2400,4300,10500,6700,30800,37500,17000,31.2,17.9,67,7.1
IN_USR_03945,51,Female,Tier 2,Jaipur,Marketing Manager,123500,20000,21200,7200,6700,9500,5200,4900,29500,10100,64600,74700,48800,39.5,13.5,81,8.4
IN_USR_03946,43,Male,Tier 2,Indore,Freelancer/Consultant,134500,23000,24400,10500,8000,10000,10600,4400,25000,15000,75900,90900,43600,32.4,16.5,70,7.4
IN_USR_03947,53,Male,Tier 1,Pune,Software Engineer,95500,24000,12200,6400,5000,4800,9000,6600,14500,15600,52400,68000,27500,28.8,22.9,57,5.5
IN_USR_03948,41,Female,Tier 1,Bangalore,Operations Executive,98000,23500,13400,4500,2000,9200,8000,6300,21500,14300,52600,66900,31100,31.7,21.4,55,4.1
IN_USR_03949,46,Male,Tier 2,Coimbatore,Marketing Manager,74500,13000,11800,3200,2200,6800,7000,2500,13500,9500,37000,46500,28000,37.6,20.4,73,7.6
IN_USR_03950,47,Female,Tier 1,Hyderabad,Marketing Manager,77000,24000,9800,5000,1900,7200,3400,5900,13000,9300,47900,57200,19800,25.7,16.3,43,2.0
IN_USR_03951,36,Male,Tier 1,Pune,Sales Consultant,63500,16000,10000,4300,2300,3000,3600,2600,13000,6200,35600,41800,21700,34.2,14.8,56,3.2
IN_USR_03952,24,Male,Tier 2,Ahmedabad,Teacher/Professor,48000,8000,7400,2900,1500,600,4300,2600,10500,6900,20400,27300,20700,43.1,25.3,61,4.3
IN_USR_03953,33,Female,Tier 1,Chennai,Software Engineer,117000,38000,21800,9000,6600,8600,9200,6900,7500,16100,84000,100100,16900,14.4,16.1,33,1.7
IN_USR_03954,24,Male,Tier 1,Mumbai,Marketing Manager,122000,27500,21200,8700,2600,2400,8600,9600,22500,18200,62400,80600,41400,33.9,22.6,65,6.5
IN_USR_03955,34,Male,Tier 1,Pune,Sales Consultant,68500,22000,10000,3100,2400,3200,4600,4400,8500,9000,40700,49700,18800,27.4,18.1,56,5.1
IN_USR_03956,43,Female,Tier 1,Chennai,Marketing Manager,70000,19000,13200,4600,1800,5000,3600,4700,9000,8300,43600,51900,18100,25.9,16.0,57,5.5
IN_USR_03957,48,Female,Tier 2,Coimbatore,Data Analyst,67500,13500,8400,5400,2500,6100,4100,3100,15500,7200,35900,43100,24400,36.1,16.7,77,8.6
IN_USR_03958,28,Male,Tier 2,Indore,Civil Engineer,49000,7500,9200,2600,2600,700,3600,2300,11000,5900,22600,28500,20500,41.8,20.7,61,3.8
IN_USR_03959,39,Male,Tier 1,Mumbai,Freelancer/Consultant,96000,29000,16800,5800,2000,4800,5100,5900,13000,11000,58400,69400,26600,27.7,15.9,47,2.3
IN_USR_03960,50,Female,Tier 1,Delhi-NCR,Operations Executive,67000,15000,10800,3500,2800,6200,5100,4900,13000,10000,38300,48300,18700,27.9,20.7,61,6.5
IN_USR_03961,24,Female,Tier 2,Kochi,Marketing Manager,121000,27500,19200,7400,7100,2100,6900,7500,24500,14400,63300,77700,43300,35.8,18.5,77,8.7
IN_USR_03962,39,Male,Tier 1,Mumbai,Healthcare Worker,51500,15000,7600,2700,1700,4000,2400,3000,8500,5400,31000,36400,15100,29.3,14.8,46,1.6
IN_USR_03963,22,Female,Tier 1,Mumbai,Software Engineer,247000,85000,39600,10800,7200,1200,18500,10000,51000,28500,143800,172300,74700,30.2,16.5,63,6.1
IN_USR_03964,51,Female,Tier 1,Mumbai,Freelancer/Consultant,200500,59000,29800,12400,4800,17400,19300,13000,26000,32300,123400,155700,44800,22.3,20.7,37,1.5
IN_USR_03965,36,Male,Tier 1,Mumbai,Financial Analyst,169000,45000,30600,10200,5100,13300,16800,5200,27000,22000,104200,126200,42800,25.3,17.4,47,3.1
IN_USR_03966,53,Female,Tier 1,Bangalore,Financial Analyst,164500,54000,21000,12100,8800,9800,13000,7500,26000,20500,105700,126200,38300,23.3,16.2,49,4.1
IN_USR_03967,22,Male,Tier 2,Ahmedabad,Data Analyst,52500,11500,6600,3800,1200,0,2400,3900,12500,6300,23100,29400,23100,44.0,21.4,82,9.4
IN_USR_03968,53,Male,Tier 1,Pune,Small Business Owner,247500,65000,31600,12900,14400,15700,16500,18100,33000,34600,139600,174200,73300,29.6,19.9,51,3.4
IN_USR_03969,37,Male,Tier 3,Trichy,Software Engineer,127000,16000,15400,5900,4800,7700,8300,8300,36000,16600,49800,66400,60600,47.7,25.0,90,15.3
IN_USR_03970,41,Male,Tier 1,Delhi-NCR,Civil Engineer,67500,22000,8600,4300,2000,3000,3300,5300,10500,8600,39900,48500,19000,28.1,17.7,51,3.7
IN_USR_03971,51,Female,Tier 1,Delhi-NCR,Healthcare Worker,121500,39000,16600,6000,6100,6000,9000,6800,13500,15800,73700,89500,32000,26.3,17.7,50,3.7
IN_USR_03972,44,Male,Tier 1,Pune,Freelancer/Consultant,52500,16000,8200,4200,1100,4500,3300,4000,6000,7300,34000,41300,11200,21.3,17.7,48,4.5
IN_USR_03973,32,Female,Tier 2,Chandigarh,Freelancer/Consultant,79000,14000,12000,4900,2300,4600,6400,3900,14000,10300,37800,48100,30900,39.1,21.4,81,9.4
IN_USR_03974,54,Male,Tier 1,Delhi-NCR,Small Business Owner,117500,35500,22000,6700,5300,6900,9800,6200,16000,16000,76400,92400,25100,21.4,17.3,39,1.8
IN_USR_03975,31,Male,Tier 1,Delhi-NCR,Freelancer/Consultant,101500,30500,17400,5100,2600,9800,9700,3400,12000,13100,65400,78500,23000,22.7,16.7,46,3.4
IN_USR_03976,40,Female,Tier 1,Hyderabad,Freelancer/Consultant,97000,33000,13600,5300,5500,8100,6200,4600,11500,10800,65500,76300,20700,21.3,14.2,42,2.3
IN_USR_03977,49,Male,Tier 1,Mumbai,Small Business Owner,286500,82500,51600,13200,9600,27500,14600,21000,30000,35600,184400,220000,66500,23.2,16.2,47,3.5
IN_USR_03978,39,Female,Tier 1,Delhi-NCR,Operations Executive,44500,11500,6200,2300,2100,2900,2800,2300,9500,5100,25000,30100,14400,32.4,16.9,49,2.1
IN_USR_03979,47,Female,Tier 1,Chennai,Software Engineer,218500,52500,34400,12200,7800,17800,21300,10500,38000,31800,124700,156500,62000,28.4,20.3,44,1.9
IN_USR_03980,35,Female,Tier 2,Chandigarh,Sales Consultant,72000,14000,10800,5000,3700,5000,6000,5400,10000,11400,38500,49900,22100,30.7,22.8,62,6.6
IN_USR_03981,33,Female,Tier 1,Pune,Operations Executive,99000,30500,13200,6100,3900,6400,9400,6900,10000,16300,60100,76400,22600,22.8,21.3,47,4.2
IN_USR_03982,31,Female,Tier 3,Salem,Operations Executive,76000,12000,12800,5600,2900,5800,5800,3400,19500,9200,39100,48300,27700,36.4,19.0,77,8.7
IN_USR_03983,26,Female,Tier 2,Jaipur,Healthcare Worker,56000,9500,8800,3100,1300,0,5300,3200,13500,8500,22700,31200,24800,44.3,27.2,89,15.1
IN_USR_03984,31,Female,Tier 2,Ahmedabad,Teacher/Professor,47500,9500,5800,3500,1500,2100,4600,2300,9500,6900,22400,29300,18200,38.3,23.5,60,4.2
IN_USR_03985,56,Female,Tier 3,Mysore,Financial Analyst,49500,6500,6400,3500,2000,4100,3500,3700,9500,7200,22500,29700,19800,40.0,24.2,83,10.1
IN_USR_03986,22,Male,Tier 1,Pune,Healthcare Worker,67000,22500,12800,3100,2000,800,4700,2100,9500,6800,41200,48000,19000,28.4,14.2,49,2.6
IN_USR_03987,57,Male,Tier 1,Hyderabad,Teacher/Professor,79000,21000,12000,3600,2200,4600,4200,4900,11000,9100,43400,52500,26500,33.5,17.3,64,5.8
IN_USR_03988,23,Female,Tier 1,Pune,Healthcare Worker,79000,24500,11800,5100,2700,700,7200,3700,9500,10900,44800,55700,23300,29.5,19.6,50,3.1
IN_USR_03989,42,Male,Tier 2,Jaipur,Healthcare Worker,90000,20500,10800,5600,2000,5300,4400,3900,21500,8300,44200,52500,37500,41.7,15.8,92,11.5
IN_USR_03990,54,Male,Tier 1,Pune,Small Business Owner,211500,53500,28000,11600,8400,10600,9800,12100,40000,21900,112100,134000,77500,36.6,16.3,81,9.5
IN_USR_03991,24,Male,Tier 2,Indore,Small Business Owner,233500,39500,44400,10200,10400,4200,22100,17400,56000,39500,108700,148200,85300,36.5,26.7,69,7.4
IN_USR_03992,28,Female,Tier 2,Kochi,Operations Executive,79500,18000,14000,6300,4100,1800,3500,3300,13500,6800,44200,51000,28500,35.8,13.3,79,8.7
IN_USR_03993,46,Female,Tier 1,Mumbai,Operations Executive,75500,23500,10400,3700,3500,5000,7300,4300,11500,11600,46100,57700,17800,23.6,20.1,50,4.6
IN_USR_03994,47,Female,Tier 2,Jaipur,Data Analyst,93000,22500,14200,6100,5200,8900,7000,4600,14500,11600,56900,68500,24500,26.3,16.9,48,3.0
IN_USR_03995,54,Female,Tier 2,Ahmedabad,Software Engineer,95000,18500,15600,6400,4300,8700,8700,4200,17000,12900,53500,66400,28600,30.1,19.4,49,2.9
IN_USR_03996,50,Female,Tier 3,Nagpur,Software Engineer,97000,13000,15600,6600,2500,9500,6800,3000,26000,9800,47200,57000,40000,41.2,17.2,89,10.9
IN_USR_03997,49,Female,Tier 1,Delhi-NCR,Financial Analyst,79000,22500,15000,5200,2600,5900,6400,4500,8000,10900,51200,62100,16900,21.4,17.6,43,3.0
IN_USR_03998,57,Female,Tier 2,Chandigarh,Teacher/Professor,31500,7000,6000,1600,1700,2000,2900,1500,4500,4400,18300,22700,8800,27.9,19.4,57,5.3
IN_USR_03999,51,Male,Tier 2,Jaipur,Civil Engineer,76500,14500,12000,5900,4600,6000,5500,3600,13000,9100,43000,52100,24400,31.9,17.5,52,2.9
IN_USR_04000,23,Male,Tier 3,Nagpur,Marketing Manager,56000,9000,10600,3100,2500,200,4600,3900,10500,8500,25400,33900,22100,39.5,25.1,76,8.4
