Profile_ID,Current_Role,Experience_Years,Current_Skills,Target_Job_Role,Target_Domain,Matching_Skills,Missing_Skills,Skill_Match_Pct,Current_Salary_INR,Target_Salary_INR,Upskilling_Recommendation,Career_Growth_Index
PRF_00001,Data Science,8,SQL; Python; Pandas; NumPy; PyTorch,Senior Data Scientist,Data Science,SQL; Python; Pandas; NumPy; PyTorch,Machine Learning; Deep Learning; MLOps; AWS,50.0,1700000,1800000,Learn Machine Learning and Deep Learning,72.4
PRF_00002,Data Science,2,Python; Pandas; Scikit-Learn; NumPy; Deep Learning; Machine Learning; PyTorch,Senior Data Scientist,Data Science,Python; Pandas; Scikit-Learn; NumPy; Deep Learning; Machine Learning; PyTorch,MLOps; AWS,70.0,1100000,1800000,Learn MLOps and AWS,100
PRF_00003,Data Science,13,Scikit-Learn; SQL; NumPy; Python; Pandas; MLOps,Senior Data Scientist,Data Science,Scikit-Learn; SQL; NumPy; Python; Pandas; MLOps,Machine Learning; Deep Learning; PyTorch; AWS,60.0,1800000,2700000,Learn Machine Learning and Deep Learning,96.0
PRF_00004,Data Science,1,Pandas; Python; NumPy; Scikit-Learn; SQL; PyTorch; Deep Learning,Senior Data Scientist,Data Science,Pandas; Python; NumPy; Scikit-Learn; SQL; PyTorch; Deep Learning,Machine Learning; MLOps; AWS,70.0,850000,1650000,Learn Machine Learning and MLOps,100
PRF_00005,Data Science,3,Pandas; Scikit-Learn; SQL; Python; Deep Learning,Senior Data Scientist,Data Science,Pandas; Scikit-Learn; SQL; Python; Deep Learning,Machine Learning; PyTorch; MLOps; AWS,50.0,1150000,1350000,Learn Machine Learning and PyTorch,77.0
PRF_00006,Data Science,10,Pandas; Python; Scikit-Learn; NumPy; PyTorch; AWS,Senior Data Scientist,Data Science,Pandas; Python; Scikit-Learn; NumPy; PyTorch; AWS,Machine Learning; Deep Learning; MLOps,60.0,1450000,2400000,Learn Machine Learning and Deep Learning,100
PRF_00007,Data Science,4,Pandas; Python; SQL; Scikit-Learn; NumPy; Machine Learning; PyTorch,Senior Data Scientist,Data Science,Pandas; Python; SQL; Scikit-Learn; NumPy; Machine Learning; PyTorch,Deep Learning; MLOps; AWS,70.0,900000,2050000,Learn Deep Learning and MLOps,100
PRF_00008,Data Science,8,Scikit-Learn; Pandas; Python; NumPy; SQL,Senior Data Scientist,Data Science,Scikit-Learn; Pandas; Python; NumPy; SQL,Machine Learning; Deep Learning; PyTorch; MLOps; AWS,50.0,1550000,1800000,Learn Machine Learning and Deep Learning,76.5
PRF_00009,Data Science,9,Python; NumPy; SQL; Scikit-Learn,Senior Data Scientist,Data Science,Python; NumPy; SQL; Scikit-Learn,Machine Learning; Deep Learning; PyTorch; MLOps; AWS,40.0,1400000,1500000,Learn Machine Learning and Deep Learning,66.9
PRF_00010,Data Science,9,SQL; Python; Scikit-Learn; NumPy; Pandas,Senior Data Scientist,Data Science,SQL; Python; Scikit-Learn; NumPy; Pandas,Machine Learning; Deep Learning; PyTorch; MLOps; AWS,50.0,1400000,1900000,Learn Machine Learning and Deep Learning,84.3
PRF_00011,Data Science,1,Scikit-Learn; Python; SQL; NumPy; Pandas; AWS; MLOps,Senior Data Scientist,Data Science,Scikit-Learn; Python; SQL; NumPy; Pandas; AWS; MLOps,Machine Learning; Deep Learning; PyTorch,70.0,1000000,1650000,Learn Machine Learning and Deep Learning,100
PRF_00012,Data Science,3,SQL; Python; Pandas; Scikit-Learn,Senior Data Scientist,Data Science,SQL; Python; Pandas; Scikit-Learn,Machine Learning; Deep Learning; PyTorch; MLOps; AWS,40.0,1250000,1100000,Learn Machine Learning and Deep Learning,59.2
PRF_00013,Data Science,10,NumPy; SQL; Pandas; AWS; Machine Learning; PyTorch,Senior Data Scientist,Data Science,NumPy; SQL; Pandas; AWS; Machine Learning; PyTorch,Deep Learning; MLOps,60.0,1750000,2400000,Learn Deep Learning and MLOps,90.9
PRF_00014,Data Science,1,Pandas; Python; NumPy; MLOps,Senior Data Scientist,Data Science,Pandas; Python; NumPy; MLOps,Machine Learning; Deep Learning; PyTorch; AWS,40.0,900000,950000,Learn Machine Learning and Deep Learning,66.2
PRF_00015,Data Science,14,SQL; Python; Pandas; NumPy; Scikit-Learn,Senior Data Scientist,Data Science,SQL; Python; Pandas; NumPy; Scikit-Learn,Machine Learning; Deep Learning; PyTorch; MLOps; AWS,50.0,1600000,2350000,Learn Machine Learning and Deep Learning,88.8
PRF_00016,Data Science,10,SQL; NumPy; Scikit-Learn; Deep Learning,Senior Data Scientist,Data Science,SQL; NumPy; Scikit-Learn; Deep Learning,Machine Learning; PyTorch; MLOps; AWS,40.0,1550000,1600000,Learn Machine Learning and PyTorch,65.3
PRF_00017,Data Science,12,Pandas; Python; Scikit-Learn; SQL; NumPy,Senior Data Scientist,Data Science,Pandas; Python; Scikit-Learn; SQL; NumPy,Machine Learning; Deep Learning; PyTorch; MLOps; AWS,50.0,2100000,2150000,Learn Machine Learning and Deep Learning,71.0
PRF_00018,Data Science,14,SQL; Scikit-Learn; NumPy; Python; Pandas; Machine Learning; AWS,Senior Data Scientist,Data Science,SQL; Scikit-Learn; NumPy; Python; Pandas; Machine Learning; AWS,Deep Learning; PyTorch; MLOps,70.0,1850000,3250000,Learn Deep Learning and PyTorch,100
PRF_00019,Data Science,5,Python; SQL; Scikit-Learn,Senior Data Scientist,Data Science,Python; SQL; Scikit-Learn,Machine Learning; Deep Learning; PyTorch; MLOps; AWS,30.0,1300000,900000,Learn Machine Learning and Deep Learning,45.7
PRF_00020,Data Science,7,Python; NumPy; SQL; Scikit-Learn,Senior Data Scientist,Data Science,Python; NumPy; SQL; Scikit-Learn,Machine Learning; Deep Learning; PyTorch; MLOps; AWS,40.0,1150000,1350000,Learn Machine Learning and Deep Learning,71.0
PRF_00021,Data Science,6,NumPy; Pandas; Scikit-Learn; Deep Learning; AWS,Senior Data Scientist,Data Science,NumPy; Pandas; Scikit-Learn; Deep Learning; AWS,Machine Learning; PyTorch; MLOps,50.0,1250000,1650000,Learn Machine Learning and PyTorch,82.8
PRF_00022,Data Science,11,Scikit-Learn; NumPy; Pandas; AWS; Machine Learning,Senior Data Scientist,Data Science,Scikit-Learn; NumPy; Pandas; AWS; Machine Learning,Deep Learning; PyTorch; MLOps,50.0,1500000,2050000,Learn Deep Learning and PyTorch,84.7
PRF_00023,Data Science,9,Scikit-Learn; NumPy; Python; AWS; Machine Learning,Senior Data Scientist,Data Science,Scikit-Learn; NumPy; Python; AWS; Machine Learning,Deep Learning; PyTorch; MLOps,50.0,1450000,1900000,Learn Deep Learning and PyTorch,82.4
PRF_00024,Data Science,9,SQL; Scikit-Learn; Python; Pandas; PyTorch; AWS; Deep Learning,Senior Data Scientist,Data Science,SQL; Scikit-Learn; Python; Pandas; PyTorch; AWS; Deep Learning,Machine Learning; MLOps,70.0,1750000,2650000,Learn Machine Learning and MLOps,100
PRF_00025,Data Science,4,SQL; Pandas; NumPy; Python; Scikit-Learn; Machine Learning; Deep Learning; MLOps,Senior Data Scientist,Data Science,SQL; Pandas; NumPy; Python; Scikit-Learn; Machine Learning; Deep Learning; MLOps,PyTorch; AWS,80.0,1350000,2300000,Learn PyTorch and AWS,100
PRF_00026,Data Science,3,Pandas; Scikit-Learn; Python; NumPy,Senior Data Scientist,Data Science,Pandas; Scikit-Learn; Python; NumPy,Machine Learning; Deep Learning; PyTorch; MLOps; AWS,40.0,1200000,1100000,Learn Machine Learning and Deep Learning,60.7
PRF_00027,Data Science,14,Scikit-Learn; Python; Pandas; Deep Learning,Senior Data Scientist,Data Science,Scikit-Learn; Python; Pandas; Deep Learning,Machine Learning; PyTorch; MLOps; AWS,40.0,1750000,1850000,Learn Machine Learning and PyTorch,66.3
PRF_00028,Data Science,13,Scikit-Learn; Python; SQL; MLOps; AWS,Senior Data Scientist,Data Science,Scikit-Learn; Python; SQL; MLOps; AWS,Machine Learning; Deep Learning; PyTorch,50.0,2350000,2250000,Learn Machine Learning and Deep Learning,68.3
PRF_00029,Data Science,4,Python; NumPy; Pandas,Senior Data Scientist,Data Science,Python; NumPy; Pandas,Machine Learning; Deep Learning; PyTorch; MLOps; AWS,30.0,1050000,850000,Learn Machine Learning and Deep Learning,50.4
PRF_00030,Data Science,8,Python; SQL; Pandas; Scikit-Learn; NumPy; MLOps,Senior Data Scientist,Data Science,Python; SQL; Pandas; Scikit-Learn; NumPy; MLOps,Machine Learning; Deep Learning; PyTorch; AWS,60.0,1700000,2150000,Learn Machine Learning and Deep Learning,86.6
PRF_00031,Data Science,7,SQL; Python; NumPy; Scikit-Learn; PyTorch; Machine Learning,Senior Data Scientist,Data Science,SQL; Python; NumPy; Scikit-Learn; PyTorch; Machine Learning,Deep Learning; MLOps; AWS,60.0,1250000,2050000,Learn Deep Learning and MLOps,100
PRF_00032,Data Science,3,SQL; Pandas; Python; Scikit-Learn; NumPy,Senior Data Scientist,Data Science,SQL; Pandas; Python; Scikit-Learn; NumPy,Machine Learning; Deep Learning; PyTorch; MLOps; AWS,50.0,850000,1350000,Learn Machine Learning and Deep Learning,93.5
PRF_00033,Data Science,6,Python; SQL; NumPy; Pandas; AWS,Senior Data Scientist,Data Science,Python; SQL; NumPy; Pandas; AWS,Machine Learning; Deep Learning; PyTorch; MLOps,50.0,1300000,1650000,Learn Machine Learning and Deep Learning,80.8
PRF_00034,Data Science,12,Scikit-Learn; SQL; Pandas; Python; Deep Learning; AWS; PyTorch,Senior Data Scientist,Data Science,Scikit-Learn; SQL; Pandas; Python; Deep Learning; AWS; PyTorch,Machine Learning; MLOps,70.0,1650000,3000000,Learn Machine Learning and MLOps,100
PRF_00035,Data Science,2,Pandas; NumPy; SQL; Machine Learning,Senior Data Scientist,Data Science,Pandas; NumPy; SQL; Machine Learning,Deep Learning; PyTorch; MLOps; AWS,40.0,1100000,1000000,Learn Deep Learning and PyTorch,60.4
PRF_00036,Data Science,11,NumPy; Python; SQL; Pandas,Senior Data Scientist,Data Science,NumPy; Python; SQL; Pandas,Machine Learning; Deep Learning; PyTorch; MLOps; AWS,40.0,1950000,1650000,Learn Machine Learning and Deep Learning,57.8
PRF_00037,Data Science,6,Scikit-Learn; Pandas; NumPy; MLOps; Deep Learning; PyTorch,Senior Data Scientist,Data Science,Scikit-Learn; Pandas; NumPy; MLOps; Deep Learning; PyTorch,Machine Learning; AWS,60.0,1050000,1950000,Learn Machine Learning and AWS,100
PRF_00038,Data Science,2,Scikit-Learn; Pandas; SQL; NumPy; Python; PyTorch; MLOps; Deep Learning,Senior Data Scientist,Data Science,Scikit-Learn; Pandas; SQL; NumPy; Python; PyTorch; MLOps; Deep Learning,Machine Learning; AWS,80.0,950000,2050000,Learn Machine Learning and AWS,100
PRF_00039,Data Science,11,SQL; Pandas; Python; Scikit-Learn; NumPy; Machine Learning,Senior Data Scientist,Data Science,SQL; Pandas; Python; Scikit-Learn; NumPy; Machine Learning,Deep Learning; PyTorch; MLOps; AWS,60.0,1750000,2500000,Learn Deep Learning and PyTorch,93.1
PRF_00040,Data Science,8,NumPy; Scikit-Learn; Pandas; MLOps,Senior Data Scientist,Data Science,NumPy; Scikit-Learn; Pandas; MLOps,Machine Learning; Deep Learning; PyTorch; AWS,40.0,1200000,1450000,Learn Machine Learning and Deep Learning,72.3
PRF_00041,Data Science,6,Python; Pandas; Scikit-Learn; Deep Learning; Machine Learning; AWS,Senior Data Scientist,Data Science,Python; Pandas; Scikit-Learn; Deep Learning; Machine Learning; AWS,PyTorch; MLOps,60.0,1600000,1950000,Learn PyTorch and MLOps,84.8
PRF_00042,Data Science,5,Python; Scikit-Learn; Pandas; NumPy; SQL,Senior Data Scientist,Data Science,Python; Scikit-Learn; Pandas; NumPy; SQL,Machine Learning; Deep Learning; PyTorch; MLOps; AWS,50.0,1400000,1550000,Learn Machine Learning and Deep Learning,74.3
PRF_00043,Data Science,3,SQL; Pandas; Scikit-Learn; PyTorch,Senior Data Scientist,Data Science,SQL; Pandas; Scikit-Learn; PyTorch,Machine Learning; Deep Learning; MLOps; AWS,40.0,1050000,1100000,Learn Machine Learning and Deep Learning,65.9
PRF_00044,Data Science,7,Pandas; NumPy; Scikit-Learn; SQL; Deep Learning; Machine Learning,Senior Data Scientist,Data Science,Pandas; NumPy; Scikit-Learn; SQL; Deep Learning; Machine Learning,PyTorch; MLOps; AWS,60.0,1400000,2050000,Learn PyTorch and MLOps,94.6
PRF_00045,Data Science,9,Python; Scikit-Learn; NumPy; Pandas; PyTorch; MLOps; Machine Learning,Senior Data Scientist,Data Science,Python; Scikit-Learn; NumPy; Pandas; PyTorch; MLOps; Machine Learning,Deep Learning; AWS,70.0,1850000,2650000,Learn Deep Learning and AWS,99.3
PRF_00046,Data Science,10,NumPy; Scikit-Learn; SQL; PyTorch; Machine Learning,Senior Data Scientist,Data Science,NumPy; Scikit-Learn; SQL; PyTorch; Machine Learning,Deep Learning; MLOps; AWS,50.0,1600000,2000000,Learn Deep Learning and MLOps,80.0
PRF_00047,Data Science,10,Python; NumPy; SQL; Scikit-Learn; PyTorch,Senior Data Scientist,Data Science,Python; NumPy; SQL; Scikit-Learn; PyTorch,Machine Learning; Deep Learning; MLOps; AWS,50.0,1400000,2000000,Learn Machine Learning and Deep Learning,87.1
PRF_00048,Data Science,9,Python; Scikit-Learn; NumPy; Deep Learning; AWS; Machine Learning,Senior Data Scientist,Data Science,Python; Scikit-Learn; NumPy; Deep Learning; AWS; Machine Learning,PyTorch; MLOps,60.0,1700000,2250000,Learn PyTorch and MLOps,88.9
PRF_00049,Data Science,14,NumPy; Pandas; Python,Senior Data Scientist,Data Science,NumPy; Pandas; Python,Machine Learning; Deep Learning; PyTorch; MLOps; AWS,30.0,1800000,1400000,Learn Machine Learning and Deep Learning,49.1
PRF_00050,Data Science,11,SQL; Scikit-Learn; NumPy; AWS; MLOps; Machine Learning,Senior Data Scientist,Data Science,SQL; Scikit-Learn; NumPy; AWS; MLOps; Machine Learning,Deep Learning; PyTorch,60.0,1500000,2500000,Learn Deep Learning and PyTorch,100
PRF_00051,Data Science,10,SQL; Scikit-Learn; Python; NumPy; Pandas; PyTorch; AWS; MLOps,Senior Data Scientist,Data Science,SQL; Scikit-Learn; Python; NumPy; Pandas; PyTorch; AWS; MLOps,Machine Learning; Deep Learning,80.0,1700000,3150000,Learn Machine Learning and Deep Learning,100
PRF_00052,Data Science,10,NumPy; SQL; Python; AWS,Senior Data Scientist,Data Science,NumPy; SQL; Python; AWS,Machine Learning; Deep Learning; PyTorch; MLOps,40.0,1350000,1600000,Learn Machine Learning and Deep Learning,71.4
PRF_00053,Data Science,14,SQL; NumPy; Scikit-Learn,Senior Data Scientist,Data Science,SQL; NumPy; Scikit-Learn,Machine Learning; Deep Learning; PyTorch; MLOps; AWS,30.0,2150000,1400000,Learn Machine Learning and Deep Learning,44.0
PRF_00054,Data Science,6,Scikit-Learn; SQL; NumPy,Senior Data Scientist,Data Science,Scikit-Learn; SQL; NumPy,Machine Learning; Deep Learning; PyTorch; MLOps; AWS,30.0,1450000,1000000,Learn Machine Learning and Deep Learning,45.6
PRF_00055,Data Science,8,NumPy; SQL; Scikit-Learn; AWS; PyTorch,Senior Data Scientist,Data Science,NumPy; SQL; Scikit-Learn; AWS; PyTorch,Machine Learning; Deep Learning; MLOps,50.0,1200000,1800000,Learn Machine Learning and Deep Learning,90.0
PRF_00056,Data Science,4,Scikit-Learn; Pandas; Python; SQL; NumPy; MLOps; Deep Learning; AWS,Senior Data Scientist,Data Science,Scikit-Learn; Pandas; Python; SQL; NumPy; MLOps; Deep Learning; AWS,Machine Learning; PyTorch,80.0,1000000,2300000,Learn Machine Learning and PyTorch,100
PRF_00057,Data Science,5,Python; Scikit-Learn; NumPy; Pandas; SQL; MLOps; PyTorch,Senior Data Scientist,Data Science,Python; Scikit-Learn; NumPy; Pandas; SQL; MLOps; PyTorch,Machine Learning; Deep Learning; AWS,70.0,1400000,2150000,Learn Machine Learning and Deep Learning,100
PRF_00058,Data Science,13,NumPy; Scikit-Learn; Python; AWS; PyTorch,Senior Data Scientist,Data Science,NumPy; Scikit-Learn; Python; AWS; PyTorch,Machine Learning; Deep Learning; MLOps,50.0,1850000,2250000,Learn Machine Learning and Deep Learning,78.6
PRF_00059,Data Science,7,NumPy; Scikit-Learn; Pandas; Python; AWS; Deep Learning; Machine Learning,Senior Data Scientist,Data Science,NumPy; Scikit-Learn; Pandas; Python; AWS; Deep Learning; Machine Learning,PyTorch; MLOps,70.0,1550000,2400000,Learn PyTorch and MLOps,100
PRF_00060,Data Science,1,NumPy; Scikit-Learn; Pandas; Machine Learning; PyTorch; MLOps,Senior Data Scientist,Data Science,NumPy; Scikit-Learn; Pandas; Machine Learning; PyTorch; MLOps,Deep Learning; AWS,60.0,750000,1450000,Learn Deep Learning and AWS,100
PRF_00061,Data Science,12,Python; Pandas; Scikit-Learn; NumPy,Senior Data Scientist,Data Science,Python; Pandas; Scikit-Learn; NumPy,Machine Learning; Deep Learning; PyTorch; MLOps; AWS,40.0,1600000,1700000,Learn Machine Learning and Deep Learning,66.5
PRF_00062,Data Science,1,Pandas; Python; SQL; NumPy,Senior Data Scientist,Data Science,Pandas; Python; SQL; NumPy,Machine Learning; Deep Learning; PyTorch; MLOps; AWS,40.0,1050000,950000,Learn Machine Learning and Deep Learning,60.2
PRF_00063,Data Science,10,SQL; Python; NumPy; Machine Learning; MLOps; Deep Learning,Senior Data Scientist,Data Science,SQL; Python; NumPy; Machine Learning; MLOps; Deep Learning,PyTorch; AWS,60.0,1750000,2400000,Learn PyTorch and AWS,90.9
PRF_00064,Data Science,6,SQL; Python; NumPy; Scikit-Learn; Machine Learning,Senior Data Scientist,Data Science,SQL; Python; NumPy; Scikit-Learn; Machine Learning,Deep Learning; PyTorch; MLOps; AWS,50.0,1500000,1650000,Learn Deep Learning and PyTorch,74.0
PRF_00065,Data Science,5,Python; SQL; Pandas; NumPy; Scikit-Learn; MLOps; Deep Learning; PyTorch,Senior Data Scientist,Data Science,Python; SQL; Pandas; NumPy; Scikit-Learn; MLOps; Deep Learning; PyTorch,Machine Learning; AWS,80.0,1050000,2450000,Learn Machine Learning and AWS,100
PRF_00066,Data Science,10,SQL; Scikit-Learn; Python; Pandas; NumPy; MLOps; Deep Learning,Senior Data Scientist,Data Science,SQL; Scikit-Learn; Python; Pandas; NumPy; MLOps; Deep Learning,Machine Learning; PyTorch; AWS,70.0,1450000,2750000,Learn Machine Learning and PyTorch,100
PRF_00067,Data Science,8,Pandas; Scikit-Learn; Python; Deep Learning,Senior Data Scientist,Data Science,Pandas; Scikit-Learn; Python; Deep Learning,Machine Learning; PyTorch; MLOps; AWS,40.0,1500000,1450000,Learn Machine Learning and PyTorch,62.7
PRF_00068,Data Science,13,Scikit-Learn; NumPy; Python; Pandas; SQL; AWS; MLOps; Deep Learning,Senior Data Scientist,Data Science,Scikit-Learn; NumPy; Python; Pandas; SQL; AWS; MLOps; Deep Learning,Machine Learning; PyTorch,80.0,2350000,3600000,Learn Machine Learning and PyTorch,100
PRF_00069,Data Science,3,NumPy; Pandas; Scikit-Learn; SQL; PyTorch; Deep Learning; MLOps,Senior Data Scientist,Data Science,NumPy; Pandas; Scikit-Learn; SQL; PyTorch; Deep Learning; MLOps,Machine Learning; AWS,70.0,950000,1900000,Learn Machine Learning and AWS,100
PRF_00070,Data Science,2,Python; SQL; Pandas; NumPy; AWS; Deep Learning,Senior Data Scientist,Data Science,Python; SQL; Pandas; NumPy; AWS; Deep Learning,Machine Learning; PyTorch; MLOps,60.0,1100000,1550000,Learn Machine Learning and PyTorch,92.4
PRF_00071,Data Science,7,NumPy; SQL; Scikit-Learn; AWS; Machine Learning,Senior Data Scientist,Data Science,NumPy; SQL; Scikit-Learn; AWS; Machine Learning,Deep Learning; PyTorch; MLOps,50.0,1300000,1700000,Learn Deep Learning and PyTorch,82.3
PRF_00072,Data Science,4,NumPy; SQL; Scikit-Learn; Python; AWS; PyTorch,Senior Data Scientist,Data Science,NumPy; SQL; Scikit-Learn; Python; AWS; PyTorch,Machine Learning; Deep Learning; MLOps,60.0,1250000,1750000,Learn Machine Learning and Deep Learning,92.0
PRF_00073,Data Science,13,NumPy; Python; Scikit-Learn,Senior Data Scientist,Data Science,NumPy; Python; Scikit-Learn,Machine Learning; Deep Learning; PyTorch; MLOps; AWS,30.0,1550000,1350000,Learn Machine Learning and Deep Learning,52.8
PRF_00074,Data Science,10,SQL; Scikit-Learn; NumPy; Python; Pandas,Senior Data Scientist,Data Science,SQL; Scikit-Learn; NumPy; Python; Pandas,Machine Learning; Deep Learning; PyTorch; MLOps; AWS,50.0,1550000,2000000,Learn Machine Learning and Deep Learning,81.6
PRF_00075,Data Science,10,Scikit-Learn; Python; SQL; Pandas; AWS,Senior Data Scientist,Data Science,Scikit-Learn; Python; SQL; Pandas; AWS,Machine Learning; Deep Learning; PyTorch; MLOps,50.0,1400000,2000000,Learn Machine Learning and Deep Learning,87.1
PRF_00076,Data Science,7,Scikit-Learn; SQL; NumPy; Pandas; Python; MLOps,Senior Data Scientist,Data Science,Scikit-Learn; SQL; NumPy; Pandas; Python; MLOps,Machine Learning; Deep Learning; PyTorch; AWS,60.0,1550000,2050000,Learn Machine Learning and Deep Learning,88.9
PRF_00077,Data Science,4,NumPy; Scikit-Learn; SQL; Python; Pandas; PyTorch,Senior Data Scientist,Data Science,NumPy; Scikit-Learn; SQL; Python; Pandas; PyTorch,Machine Learning; Deep Learning; MLOps; AWS,60.0,1300000,1750000,Learn Machine Learning and Deep Learning,89.8
PRF_00078,Data Science,10,Python; Scikit-Learn; Pandas; SQL; AWS; MLOps,Senior Data Scientist,Data Science,Python; Scikit-Learn; Pandas; SQL; AWS; MLOps,Machine Learning; Deep Learning; PyTorch,60.0,1600000,2400000,Learn Machine Learning and Deep Learning,96.0
PRF_00079,Data Science,5,Python; Pandas; NumPy; MLOps; PyTorch; AWS,Senior Data Scientist,Data Science,Python; Pandas; NumPy; MLOps; PyTorch; AWS,Machine Learning; Deep Learning,60.0,1000000,1850000,Learn Machine Learning and Deep Learning,100
PRF_00080,Data Science,13,Scikit-Learn; Pandas; Python; Machine Learning; PyTorch,Senior Data Scientist,Data Science,Scikit-Learn; Pandas; Python; Machine Learning; PyTorch,Deep Learning; MLOps; AWS,50.0,2300000,2250000,Learn Deep Learning and MLOps,69.1
PRF_00081,Data Science,8,SQL; Pandas; Scikit-Learn; NumPy; Python; Machine Learning; Deep Learning; PyTorch,Senior Data Scientist,Data Science,SQL; Pandas; Scikit-Learn; NumPy; Python; Machine Learning; Deep Learning; PyTorch,MLOps; AWS,80.0,1600000,2900000,Learn MLOps and AWS,100
PRF_00082,Data Science,3,Python; Pandas; NumPy; Scikit-Learn; MLOps,Senior Data Scientist,Data Science,Python; Pandas; NumPy; Scikit-Learn; MLOps,Machine Learning; Deep Learning; PyTorch; AWS,50.0,1100000,1350000,Learn Machine Learning and Deep Learning,79.1
PRF_00083,Data Science,5,Scikit-Learn; NumPy; Pandas,Senior Data Scientist,Data Science,Scikit-Learn; NumPy; Pandas,Machine Learning; Deep Learning; PyTorch; MLOps; AWS,30.0,1250000,900000,Learn Machine Learning and Deep Learning,46.8
PRF_00084,Data Science,8,NumPy; SQL; Scikit-Learn,Senior Data Scientist,Data Science,NumPy; SQL; Scikit-Learn,Machine Learning; Deep Learning; PyTorch; MLOps; AWS,30.0,1600000,1100000,Learn Machine Learning and Deep Learning,45.5
PRF_00085,Data Science,11,Scikit-Learn; Pandas; Python; MLOps,Senior Data Scientist,Data Science,Scikit-Learn; Pandas; Python; MLOps,Machine Learning; Deep Learning; PyTorch; AWS,40.0,1950000,1650000,Learn Machine Learning and Deep Learning,57.8
PRF_00086,Data Science,6,SQL; Scikit-Learn; NumPy; Pandas; Python; Machine Learning,Senior Data Scientist,Data Science,SQL; Scikit-Learn; NumPy; Pandas; Python; Machine Learning,Deep Learning; PyTorch; MLOps; AWS,60.0,1250000,1950000,Learn Deep Learning and PyTorch,98.4
PRF_00087,Data Science,1,SQL; NumPy; Scikit-Learn; MLOps,Senior Data Scientist,Data Science,SQL; NumPy; Scikit-Learn; MLOps,Machine Learning; Deep Learning; PyTorch; AWS,40.0,800000,950000,Learn Machine Learning and Deep Learning,71.5
PRF_00088,Data Science,7,Python; Scikit-Learn; Pandas; NumPy; SQL; Deep Learning; AWS,Senior Data Scientist,Data Science,Python; Scikit-Learn; Pandas; NumPy; SQL; Deep Learning; AWS,Machine Learning; PyTorch; MLOps,70.0,1250000,2400000,Learn Machine Learning and PyTorch,100
PRF_00089,Data Science,14,Python; Scikit-Learn; NumPy; Pandas; PyTorch,Senior Data Scientist,Data Science,Python; Scikit-Learn; NumPy; Pandas; PyTorch,Machine Learning; Deep Learning; MLOps; AWS,50.0,2000000,2350000,Learn Machine Learning and Deep Learning,77.0
PRF_00090,Data Science,10,Scikit-Learn; Pandas; Python; NumPy; SQL; AWS,Senior Data Scientist,Data Science,Scikit-Learn; Pandas; Python; NumPy; SQL; AWS,Machine Learning; Deep Learning; PyTorch; MLOps,60.0,1850000,2400000,Learn Machine Learning and Deep Learning,87.9
PRF_00091,Data Science,6,Scikit-Learn; Python; NumPy; Pandas; SQL; PyTorch; Machine Learning,Senior Data Scientist,Data Science,Scikit-Learn; Python; NumPy; Pandas; SQL; PyTorch; Machine Learning,Deep Learning; MLOps; AWS,70.0,1350000,2300000,Learn Deep Learning and MLOps,100
PRF_00092,Data Science,3,NumPy; Python; SQL; Pandas,Senior Data Scientist,Data Science,NumPy; Python; SQL; Pandas,Machine Learning; Deep Learning; PyTorch; MLOps; AWS,40.0,1150000,1100000,Learn Machine Learning and Deep Learning,62.3
PRF_00093,Data Science,6,Scikit-Learn; Pandas; SQL; NumPy; Deep Learning,Senior Data Scientist,Data Science,Scikit-Learn; Pandas; SQL; NumPy; Deep Learning,Machine Learning; PyTorch; MLOps; AWS,50.0,1050000,1650000,Learn Machine Learning and PyTorch,92.9
PRF_00094,Data Science,4,NumPy; SQL; Python; Pandas; Machine Learning,Senior Data Scientist,Data Science,NumPy; SQL; Python; Pandas; Machine Learning,Deep Learning; PyTorch; MLOps; AWS,50.0,1150000,1450000,Learn Deep Learning and PyTorch,80.4
PRF_00095,Data Science,5,Scikit-Learn; SQL; Pandas; MLOps; Machine Learning,Senior Data Scientist,Data Science,Scikit-Learn; SQL; Pandas; MLOps; Machine Learning,Deep Learning; PyTorch; AWS,50.0,1150000,1550000,Learn Deep Learning and PyTorch,83.9
PRF_00096,Data Science,11,Python; Scikit-Learn; SQL; NumPy,Senior Data Scientist,Data Science,Python; Scikit-Learn; SQL; NumPy,Machine Learning; Deep Learning; PyTorch; MLOps; AWS,40.0,1700000,1650000,Learn Machine Learning and Deep Learning,62.8
PRF_00097,Data Science,6,Python; Scikit-Learn; SQL; NumPy,Senior Data Scientist,Data Science,Python; Scikit-Learn; SQL; NumPy,Machine Learning; Deep Learning; PyTorch; MLOps; AWS,40.0,1450000,1300000,Learn Machine Learning and Deep Learning,59.9
PRF_00098,Data Science,1,SQL; Scikit-Learn; NumPy; Deep Learning; MLOps,Senior Data Scientist,Data Science,SQL; Scikit-Learn; NumPy; Deep Learning; MLOps,Machine Learning; PyTorch; AWS,50.0,950000,1200000,Learn Machine Learning and PyTorch,80.5
PRF_00099,Data Science,12,NumPy; Python; Pandas; SQL; PyTorch,Senior Data Scientist,Data Science,NumPy; Python; Pandas; SQL; PyTorch,Machine Learning; Deep Learning; MLOps; AWS,50.0,2200000,2150000,Learn Machine Learning and Deep Learning,69.1
PRF_00100,Data Science,2,Python; Scikit-Learn; SQL; NumPy; Deep Learning,Senior Data Scientist,Data Science,Python; Scikit-Learn; SQL; NumPy; Deep Learning,Machine Learning; PyTorch; MLOps; AWS,50.0,750000,1300000,Learn Machine Learning and PyTorch,99.3
PRF_00101,Data Science,4,Scikit-Learn; Pandas; Python; Machine Learning; Deep Learning; AWS,Senior Data Scientist,Data Science,Scikit-Learn; Pandas; Python; Machine Learning; Deep Learning; AWS,PyTorch; MLOps,60.0,1350000,1750000,Learn PyTorch and MLOps,87.9
PRF_00102,Data Science,11,Python; SQL; Scikit-Learn; NumPy; Pandas; Machine Learning; MLOps,Senior Data Scientist,Data Science,Python; SQL; Scikit-Learn; NumPy; Pandas; Machine Learning; MLOps,Deep Learning; PyTorch; AWS,70.0,1600000,2900000,Learn Deep Learning and PyTorch,100
PRF_00103,Data Science,6,Pandas; SQL; Scikit-Learn; MLOps; Machine Learning; Deep Learning,Senior Data Scientist,Data Science,Pandas; SQL; Scikit-Learn; MLOps; Machine Learning; Deep Learning,PyTorch; AWS,60.0,1300000,1950000,Learn PyTorch and AWS,96.0
PRF_00104,Data Science,8,Scikit-Learn; NumPy; Python; Machine Learning; Deep Learning,Senior Data Scientist,Data Science,Scikit-Learn; NumPy; Python; Machine Learning; Deep Learning,PyTorch; MLOps; AWS,50.0,1300000,1800000,Learn PyTorch and MLOps,85.4
PRF_00105,Data Science,10,Scikit-Learn; Pandas; NumPy; Python; AWS; PyTorch,Senior Data Scientist,Data Science,Scikit-Learn; Pandas; NumPy; Python; AWS; PyTorch,Machine Learning; Deep Learning; MLOps,60.0,1850000,2400000,Learn Machine Learning and Deep Learning,87.9
PRF_00106,Data Science,7,SQL; Python; Scikit-Learn; Deep Learning,Senior Data Scientist,Data Science,SQL; Python; Scikit-Learn; Deep Learning,Machine Learning; PyTorch; MLOps; AWS,40.0,1450000,1350000,Learn Machine Learning and PyTorch,61.2
PRF_00107,Data Science,9,Pandas; Scikit-Learn; SQL; Python,Senior Data Scientist,Data Science,Pandas; Scikit-Learn; SQL; Python,Machine Learning; Deep Learning; PyTorch; MLOps; AWS,40.0,1300000,1500000,Learn Machine Learning and Deep Learning,70.2
PRF_00108,Data Science,4,Python; NumPy; SQL; Pandas; Scikit-Learn; Machine Learning,Senior Data Scientist,Data Science,Python; NumPy; SQL; Pandas; Scikit-Learn; Machine Learning,Deep Learning; PyTorch; MLOps; AWS,60.0,1350000,1750000,Learn Deep Learning and PyTorch,87.9
PRF_00109,Data Science,10,Scikit-Learn; Pandas; NumPy; Python; SQL; AWS; Machine Learning; PyTorch,Senior Data Scientist,Data Science,Scikit-Learn; Pandas; NumPy; Python; SQL; AWS; Machine Learning; PyTorch,Deep Learning; MLOps,80.0,1400000,3150000,Learn Deep Learning and MLOps,100
PRF_00110,Data Science,13,Python; Pandas; NumPy; SQL; Machine Learning; MLOps,Senior Data Scientist,Data Science,Python; Pandas; NumPy; SQL; Machine Learning; MLOps,Deep Learning; PyTorch; AWS,60.0,2250000,2700000,Learn Deep Learning and PyTorch,84.0
PRF_00111,Data Science,10,Pandas; SQL; Python; Scikit-Learn; NumPy; MLOps; AWS,Senior Data Scientist,Data Science,Pandas; SQL; Python; Scikit-Learn; NumPy; MLOps; AWS,Machine Learning; Deep Learning; PyTorch,70.0,1950000,2750000,Learn Machine Learning and Deep Learning,98.4
PRF_00112,Data Science,2,Scikit-Learn; SQL; Python; Pandas,Senior Data Scientist,Data Science,Scikit-Learn; SQL; Python; Pandas,Machine Learning; Deep Learning; PyTorch; MLOps; AWS,40.0,1100000,1000000,Learn Machine Learning and Deep Learning,60.4
PRF_00113,Data Science,6,Scikit-Learn; SQL; NumPy; PyTorch; Deep Learning,Senior Data Scientist,Data Science,Scikit-Learn; SQL; NumPy; PyTorch; Deep Learning,Machine Learning; MLOps; AWS,50.0,1400000,1650000,Learn Machine Learning and MLOps,77.1
PRF_00114,Data Science,13,SQL; Python; NumPy,Senior Data Scientist,Data Science,SQL; Python; NumPy,Machine Learning; Deep Learning; PyTorch; MLOps; AWS,30.0,2100000,1350000,Learn Machine Learning and Deep Learning,43.7
PRF_00115,Data Science,5,NumPy; Python; Pandas; Scikit-Learn; Machine Learning; MLOps; Deep Learning,Senior Data Scientist,Data Science,NumPy; Python; Pandas; Scikit-Learn; Machine Learning; MLOps; Deep Learning,PyTorch; AWS,70.0,1100000,2150000,Learn PyTorch and AWS,100
PRF_00116,Data Science,10,Pandas; SQL; Python; NumPy; Scikit-Learn,Senior Data Scientist,Data Science,Pandas; SQL; Python; NumPy; Scikit-Learn,Machine Learning; Deep Learning; PyTorch; MLOps; AWS,50.0,1800000,2000000,Learn Machine Learning and Deep Learning,74.4
PRF_00117,Data Science,1,Python; NumPy; SQL; PyTorch,Senior Data Scientist,Data Science,Python; NumPy; SQL; PyTorch,Machine Learning; Deep Learning; MLOps; AWS,40.0,950000,950000,Learn Machine Learning and Deep Learning,64.0
PRF_00118,Data Science,9,Python; Scikit-Learn; NumPy; SQL; Deep Learning,Senior Data Scientist,Data Science,Python; Scikit-Learn; NumPy; SQL; Deep Learning,Machine Learning; PyTorch; MLOps; AWS,50.0,1850000,1900000,Learn Machine Learning and PyTorch,71.1
PRF_00119,Data Science,3,Scikit-Learn; Python; Pandas; NumPy,Senior Data Scientist,Data Science,Scikit-Learn; Python; Pandas; NumPy,Machine Learning; Deep Learning; PyTorch; MLOps; AWS,40.0,1050000,1100000,Learn Machine Learning and Deep Learning,65.9
PRF_00120,Data Science,1,NumPy; Python; SQL; Pandas; Deep Learning; AWS; Machine Learning,Senior Data Scientist,Data Science,NumPy; Python; SQL; Pandas; Deep Learning; AWS; Machine Learning,PyTorch; MLOps,70.0,750000,1650000,Learn PyTorch and MLOps,100
PRF_00121,Data Science,1,Python; NumPy; Scikit-Learn; Pandas,Senior Data Scientist,Data Science,Python; NumPy; Scikit-Learn; Pandas,Machine Learning; Deep Learning; PyTorch; MLOps; AWS,40.0,1000000,950000,Learn Machine Learning and Deep Learning,62.0
PRF_00122,Data Science,8,NumPy; SQL; Pandas; Scikit-Learn; Python; MLOps; Deep Learning; Machine Learning,Senior Data Scientist,Data Science,NumPy; SQL; Pandas; Scikit-Learn; Python; MLOps; Deep Learning; Machine Learning,PyTorch; AWS,80.0,1650000,2900000,Learn PyTorch and AWS,100
PRF_00123,Data Science,2,Pandas; Python; NumPy; Scikit-Learn; SQL; Deep Learning,Senior Data Scientist,Data Science,Pandas; Python; NumPy; Scikit-Learn; SQL; Deep Learning,Machine Learning; PyTorch; MLOps; AWS,60.0,1050000,1550000,Learn Machine Learning and PyTorch,95.0
PRF_00124,Data Science,10,Scikit-Learn; Python; SQL; NumPy; Machine Learning; MLOps,Senior Data Scientist,Data Science,Scikit-Learn; Python; SQL; NumPy; Machine Learning; MLOps,Deep Learning; PyTorch; AWS,60.0,1650000,2400000,Learn Deep Learning and PyTorch,94.2
PRF_00125,Data Science,6,Scikit-Learn; Pandas; SQL; NumPy; AWS; Machine Learning; MLOps,Senior Data Scientist,Data Science,Scikit-Learn; Pandas; SQL; NumPy; AWS; Machine Learning; MLOps,Deep Learning; PyTorch,70.0,1050000,2300000,Learn Deep Learning and PyTorch,100
PRF_00126,Data Science,11,SQL; Scikit-Learn; Python; Pandas; NumPy,Senior Data Scientist,Data Science,SQL; Scikit-Learn; Python; Pandas; NumPy,Machine Learning; Deep Learning; PyTorch; MLOps; AWS,50.0,2150000,2050000,Learn Machine Learning and Deep Learning,68.1
PRF_00127,Data Science,6,NumPy; Scikit-Learn; Python; MLOps,Senior Data Scientist,Data Science,NumPy; Scikit-Learn; Python; MLOps,Machine Learning; Deep Learning; PyTorch; AWS,40.0,1400000,1300000,Learn Machine Learning and Deep Learning,61.1
PRF_00128,Data Science,4,NumPy; Scikit-Learn; Python; AWS; MLOps,Senior Data Scientist,Data Science,NumPy; Scikit-Learn; Python; AWS; MLOps,Machine Learning; Deep Learning; PyTorch,50.0,950000,1450000,Learn Machine Learning and Deep Learning,91.1
PRF_00129,Data Science,14,Scikit-Learn; Python; NumPy,Senior Data Scientist,Data Science,Scikit-Learn; Python; NumPy,Machine Learning; Deep Learning; PyTorch; MLOps; AWS,30.0,2450000,1400000,Learn Machine Learning and Deep Learning,40.9
PRF_00130,Data Science,5,SQL; NumPy; Pandas; Machine Learning,Senior Data Scientist,Data Science,SQL; NumPy; Pandas; Machine Learning,Deep Learning; PyTorch; MLOps; AWS,40.0,1450000,1250000,Learn Deep Learning and PyTorch,58.5
PRF_00131,Data Science,13,Python; NumPy; Scikit-Learn; Pandas,Senior Data Scientist,Data Science,Python; NumPy; Scikit-Learn; Pandas,Machine Learning; Deep Learning; PyTorch; MLOps; AWS,40.0,2050000,1800000,Learn Machine Learning and Deep Learning,59.1
PRF_00132,Data Science,4,Python; Scikit-Learn; Pandas; MLOps,Senior Data Scientist,Data Science,Python; Scikit-Learn; Pandas; MLOps,Machine Learning; Deep Learning; PyTorch; AWS,40.0,1250000,1150000,Learn Machine Learning and Deep Learning,60.8
PRF_00133,Data Science,10,SQL; Scikit-Learn; Pandas,Senior Data Scientist,Data Science,SQL; Scikit-Learn; Pandas,Machine Learning; Deep Learning; PyTorch; MLOps; AWS,30.0,2000000,1200000,Learn Machine Learning and Deep Learning,42.0
PRF_00134,Data Science,6,Pandas; SQL; Scikit-Learn; AWS; Machine Learning,Senior Data Scientist,Data Science,Pandas; SQL; Scikit-Learn; AWS; Machine Learning,Deep Learning; PyTorch; MLOps,50.0,1100000,1650000,Learn Deep Learning and PyTorch,90.0
PRF_00135,Data Science,6,Scikit-Learn; NumPy; SQL; Python; Deep Learning; PyTorch; Machine Learning,Senior Data Scientist,Data Science,Scikit-Learn; NumPy; SQL; Python; Deep Learning; PyTorch; Machine Learning,MLOps; AWS,70.0,1450000,2300000,Learn MLOps and AWS,100
PRF_00136,Data Science,9,Scikit-Learn; SQL; Pandas; Python; NumPy; AWS,Senior Data Scientist,Data Science,Scikit-Learn; SQL; Pandas; Python; NumPy; AWS,Machine Learning; Deep Learning; PyTorch; MLOps,60.0,1750000,2250000,Learn Machine Learning and Deep Learning,87.4
PRF_00137,Data Science,9,NumPy; Python; SQL; Pandas; Deep Learning; PyTorch,Senior Data Scientist,Data Science,NumPy; Python; SQL; Pandas; Deep Learning; PyTorch,Machine Learning; MLOps; AWS,60.0,1500000,2250000,Learn Machine Learning and MLOps,96.0
PRF_00138,Data Science,5,Pandas; SQL; NumPy; Scikit-Learn; Machine Learning,Senior Data Scientist,Data Science,Pandas; SQL; NumPy; Scikit-Learn; Machine Learning,Deep Learning; PyTorch; MLOps; AWS,50.0,1100000,1550000,Learn Deep Learning and PyTorch,86.4
PRF_00139,Data Science,14,Python; SQL; Scikit-Learn; PyTorch; MLOps,Senior Data Scientist,Data Science,Python; SQL; Scikit-Learn; PyTorch; MLOps,Machine Learning; Deep Learning; AWS,50.0,2250000,2350000,Learn Machine Learning and Deep Learning,71.8
PRF_00140,Data Science,12,NumPy; Pandas; Python; SQL; Scikit-Learn,Senior Data Scientist,Data Science,NumPy; Pandas; Python; SQL; Scikit-Learn,Machine Learning; Deep Learning; PyTorch; MLOps; AWS,50.0,1650000,2150000,Learn Machine Learning and Deep Learning,82.1
PRF_00141,Data Science,5,Scikit-Learn; Pandas; NumPy; MLOps,Senior Data Scientist,Data Science,Scikit-Learn; Pandas; NumPy; MLOps,Machine Learning; Deep Learning; PyTorch; AWS,40.0,1100000,1250000,Learn Machine Learning and Deep Learning,69.5
PRF_00142,Data Science,10,Scikit-Learn; NumPy; SQL; Pandas; MLOps; Machine Learning,Senior Data Scientist,Data Science,Scikit-Learn; NumPy; SQL; Pandas; MLOps; Machine Learning,Deep Learning; PyTorch; AWS,60.0,1500000,2400000,Learn Deep Learning and PyTorch,100
PRF_00143,Data Science,7,Python; Scikit-Learn; SQL; Pandas; Machine Learning; MLOps,Senior Data Scientist,Data Science,Python; Scikit-Learn; SQL; Pandas; Machine Learning; MLOps,Deep Learning; PyTorch; AWS,60.0,1700000,2050000,Learn Deep Learning and PyTorch,84.2
PRF_00144,Data Science,13,NumPy; Scikit-Learn; Python; Pandas; AWS; PyTorch; MLOps,Senior Data Scientist,Data Science,NumPy; Scikit-Learn; Python; Pandas; AWS; PyTorch; MLOps,Machine Learning; Deep Learning,70.0,1600000,3150000,Learn Machine Learning and Deep Learning,100
PRF_00145,Data Science,1,Pandas; SQL; Scikit-Learn; MLOps; Deep Learning; AWS,Senior Data Scientist,Data Science,Pandas; SQL; Scikit-Learn; MLOps; Deep Learning; AWS,Machine Learning; PyTorch,60.0,700000,1450000,Learn Machine Learning and PyTorch,100
PRF_00146,Data Science,2,SQL; Scikit-Learn; Python; NumPy; MLOps,Senior Data Scientist,Data Science,SQL; Scikit-Learn; Python; NumPy; MLOps,Machine Learning; Deep Learning; PyTorch; AWS,50.0,900000,1300000,Learn Machine Learning and Deep Learning,87.8
PRF_00147,Data Science,8,Scikit-Learn; Pandas; NumPy; Deep Learning,Senior Data Scientist,Data Science,Scikit-Learn; Pandas; NumPy; Deep Learning,Machine Learning; PyTorch; MLOps; AWS,40.0,1300000,1450000,Learn Machine Learning and PyTorch,68.6
PRF_00148,Data Science,10,Python; Pandas; SQL; NumPy; Machine Learning; PyTorch; AWS,Senior Data Scientist,Data Science,Python; Pandas; SQL; NumPy; Machine Learning; PyTorch; AWS,Deep Learning; MLOps,70.0,1450000,2750000,Learn Deep Learning and MLOps,100
PRF_00149,Data Science,4,Scikit-Learn; Python; SQL; Deep Learning; MLOps; Machine Learning,Senior Data Scientist,Data Science,Scikit-Learn; Python; SQL; Deep Learning; MLOps; Machine Learning,PyTorch; AWS,60.0,1150000,1750000,Learn PyTorch and AWS,96.9
PRF_00150,Data Science,14,Scikit-Learn; NumPy; Python,Senior Data Scientist,Data Science,Scikit-Learn; NumPy; Python,Machine Learning; Deep Learning; PyTorch; MLOps; AWS,30.0,2100000,1400000,Learn Machine Learning and Deep Learning,44.7
PRF_00151,Data Science,7,Python; Pandas; SQL,Senior Data Scientist,Data Science,Python; Pandas; SQL,Machine Learning; Deep Learning; PyTorch; MLOps; AWS,30.0,1650000,1050000,Learn Machine Learning and Deep Learning,43.5
PRF_00152,Data Science,11,Python; Scikit-Learn; NumPy; Pandas; MLOps; AWS,Senior Data Scientist,Data Science,Python; Scikit-Learn; NumPy; Pandas; MLOps; AWS,Machine Learning; Deep Learning; PyTorch,60.0,2050000,2500000,Learn Machine Learning and Deep Learning,84.8
PRF_00153,Data Science,9,NumPy; Pandas; Python; Machine Learning,Senior Data Scientist,Data Science,NumPy; Pandas; Python; Machine Learning,Deep Learning; PyTorch; MLOps; AWS,40.0,1550000,1500000,Learn Deep Learning and PyTorch,62.7
PRF_00154,Data Science,11,SQL; NumPy; Scikit-Learn; Pandas; Machine Learning; PyTorch,Senior Data Scientist,Data Science,SQL; NumPy; Scikit-Learn; Pandas; Machine Learning; PyTorch,Deep Learning; MLOps; AWS,60.0,1500000,2500000,Learn Deep Learning and MLOps,100
PRF_00155,Data Science,1,Python; NumPy; Pandas; PyTorch; Machine Learning,Senior Data Scientist,Data Science,Python; NumPy; Pandas; PyTorch; Machine Learning,Deep Learning; MLOps; AWS,50.0,950000,1200000,Learn Deep Learning and MLOps,80.5
PRF_00156,Data Science,2,NumPy; Scikit-Learn; Python; SQL; MLOps; PyTorch; Deep Learning,Senior Data Scientist,Data Science,NumPy; Scikit-Learn; Python; SQL; MLOps; PyTorch; Deep Learning,Machine Learning; AWS,70.0,800000,1800000,Learn Machine Learning and AWS,100
PRF_00157,Data Science,13,NumPy; SQL; Scikit-Learn; MLOps; PyTorch,Senior Data Scientist,Data Science,NumPy; SQL; Scikit-Learn; MLOps; PyTorch,Machine Learning; Deep Learning; AWS,50.0,1950000,2250000,Learn Machine Learning and Deep Learning,76.2
PRF_00158,Data Science,6,Pandas; Scikit-Learn; SQL; NumPy; MLOps; Machine Learning,Senior Data Scientist,Data Science,Pandas; Scikit-Learn; SQL; NumPy; MLOps; Machine Learning,Deep Learning; PyTorch; AWS,60.0,1500000,1950000,Learn Deep Learning and PyTorch,88.0
PRF_00159,Data Science,10,Pandas; SQL; NumPy; PyTorch,Senior Data Scientist,Data Science,Pandas; SQL; NumPy; PyTorch,Machine Learning; Deep Learning; MLOps; AWS,40.0,1400000,1600000,Learn Machine Learning and Deep Learning,69.7
PRF_00160,Data Science,13,Python; Pandas; NumPy; SQL; Scikit-Learn; Machine Learning,Senior Data Scientist,Data Science,Python; Pandas; NumPy; SQL; Scikit-Learn; Machine Learning,Deep Learning; PyTorch; MLOps; AWS,60.0,2150000,2700000,Learn Deep Learning and PyTorch,86.2
PRF_00161,Data Science,11,SQL; Pandas; NumPy; Machine Learning; Deep Learning,Senior Data Scientist,Data Science,SQL; Pandas; NumPy; Machine Learning; Deep Learning,PyTorch; MLOps; AWS,50.0,1600000,2050000,Learn PyTorch and MLOps,81.2
PRF_00162,Data Science,2,NumPy; Python; Pandas,Senior Data Scientist,Data Science,NumPy; Python; Pandas,Machine Learning; Deep Learning; PyTorch; MLOps; AWS,30.0,1100000,750000,Learn Machine Learning and Deep Learning,45.3
PRF_00163,Data Science,8,NumPy; Python; Pandas; PyTorch,Senior Data Scientist,Data Science,NumPy; Python; Pandas; PyTorch,Machine Learning; Deep Learning; MLOps; AWS,40.0,1700000,1450000,Learn Machine Learning and Deep Learning,58.1
PRF_00164,Data Science,12,SQL; Scikit-Learn; Python; NumPy; Pandas,Senior Data Scientist,Data Science,SQL; Scikit-Learn; Python; NumPy; Pandas,Machine Learning; Deep Learning; PyTorch; MLOps; AWS,50.0,1450000,2150000,Learn Machine Learning and Deep Learning,89.3
PRF_00165,Data Science,8,Python; Pandas; NumPy; SQL; Scikit-Learn,Senior Data Scientist,Data Science,Python; Pandas; NumPy; SQL; Scikit-Learn,Machine Learning; Deep Learning; PyTorch; MLOps; AWS,50.0,1750000,1800000,Learn Machine Learning and Deep Learning,71.1
PRF_00166,Data Science,14,SQL; Pandas; NumPy; AWS; PyTorch; Machine Learning,Senior Data Scientist,Data Science,SQL; Pandas; NumPy; AWS; PyTorch; Machine Learning,Deep Learning; MLOps,60.0,1950000,2800000,Learn Deep Learning and MLOps,93.4
PRF_00167,Data Science,9,Scikit-Learn; Pandas; SQL; AWS; MLOps,Senior Data Scientist,Data Science,Scikit-Learn; Pandas; SQL; AWS; MLOps,Machine Learning; Deep Learning; PyTorch,50.0,1500000,1900000,Learn Machine Learning and Deep Learning,80.7
PRF_00168,Data Science,10,SQL; Pandas; NumPy; Python; Scikit-Learn; PyTorch,Senior Data Scientist,Data Science,SQL; Pandas; NumPy; Python; Scikit-Learn; PyTorch,Machine Learning; Deep Learning; MLOps; AWS,60.0,1900000,2400000,Learn Machine Learning and Deep Learning,86.5
PRF_00169,Data Science,6,Python; Pandas; NumPy; SQL; Deep Learning; Machine Learning; AWS,Senior Data Scientist,Data Science,Python; Pandas; NumPy; SQL; Deep Learning; Machine Learning; AWS,PyTorch; MLOps,70.0,1600000,2300000,Learn PyTorch and MLOps,99.5
PRF_00170,Data Science,14,Pandas; NumPy; Scikit-Learn; MLOps; PyTorch,Senior Data Scientist,Data Science,Pandas; NumPy; Scikit-Learn; MLOps; PyTorch,Machine Learning; Deep Learning; AWS,50.0,1650000,2350000,Learn Machine Learning and Deep Learning,87.0
PRF_00171,Data Science,14,Pandas; NumPy; Python; SQL; Scikit-Learn; AWS; Deep Learning,Senior Data Scientist,Data Science,Pandas; NumPy; Python; SQL; Scikit-Learn; AWS; Deep Learning,Machine Learning; PyTorch; MLOps,70.0,2400000,3250000,Learn Machine Learning and PyTorch,96.2
PRF_00172,Data Science,9,NumPy; Python; Scikit-Learn; Deep Learning; Machine Learning,Senior Data Scientist,Data Science,NumPy; Python; Scikit-Learn; Deep Learning; Machine Learning,PyTorch; MLOps; AWS,50.0,1700000,1900000,Learn PyTorch and MLOps,74.7
PRF_00173,Data Science,2,Python; SQL; NumPy; Pandas; Scikit-Learn; Deep Learning,Senior Data Scientist,Data Science,Python; SQL; NumPy; Pandas; Scikit-Learn; Deep Learning,Machine Learning; PyTorch; MLOps; AWS,60.0,1000000,1550000,Learn Machine Learning and PyTorch,98.0
PRF_00174,Data Science,9,Python; Scikit-Learn; Pandas; NumPy; SQL; PyTorch; Deep Learning,Senior Data Scientist,Data Science,Python; Scikit-Learn; Pandas; NumPy; SQL; PyTorch; Deep Learning,Machine Learning; MLOps; AWS,70.0,1700000,2650000,Learn Machine Learning and MLOps,100
PRF_00175,Data Science,3,Pandas; SQL; Python; Scikit-Learn; NumPy; Deep Learning,Senior Data Scientist,Data Science,Pandas; SQL; Python; Scikit-Learn; NumPy; Deep Learning,Machine Learning; PyTorch; MLOps; AWS,60.0,900000,1650000,Learn Machine Learning and PyTorch,100
PRF_00176,Data Science,10,Python; SQL; Pandas,Senior Data Scientist,Data Science,Python; SQL; Pandas,Machine Learning; Deep Learning; PyTorch; MLOps; AWS,30.0,1600000,1200000,Learn Machine Learning and Deep Learning,48.0
PRF_00177,Data Science,5,Python; Scikit-Learn; SQL; Pandas; Machine Learning,Senior Data Scientist,Data Science,Python; Scikit-Learn; SQL; Pandas; Machine Learning,Deep Learning; PyTorch; MLOps; AWS,50.0,1450000,1550000,Learn Deep Learning and PyTorch,72.8
PRF_00178,Data Science,4,Scikit-Learn; Python; NumPy; Pandas; AWS,Senior Data Scientist,Data Science,Scikit-Learn; Python; NumPy; Pandas; AWS,Machine Learning; Deep Learning; PyTorch; MLOps,50.0,950000,1450000,Learn Machine Learning and Deep Learning,91.1
PRF_00179,Data Science,5,Scikit-Learn; Pandas; NumPy; Python; SQL; AWS; MLOps; Machine Learning,Senior Data Scientist,Data Science,Scikit-Learn; Pandas; NumPy; Python; SQL; AWS; MLOps; Machine Learning,Deep Learning; PyTorch,80.0,1200000,2450000,Learn Deep Learning and PyTorch,100
PRF_00180,Data Science,10,Scikit-Learn; NumPy; Pandas; Machine Learning; Deep Learning,Senior Data Scientist,Data Science,Scikit-Learn; NumPy; Pandas; Machine Learning; Deep Learning,PyTorch; MLOps; AWS,50.0,1450000,2000000,Learn PyTorch and MLOps,85.2
PRF_00181,Data Science,9,NumPy; Python; Scikit-Learn; Machine Learning,Senior Data Scientist,Data Science,NumPy; Python; Scikit-Learn; Machine Learning,Deep Learning; PyTorch; MLOps; AWS,40.0,1250000,1500000,Learn Deep Learning and PyTorch,72.0
PRF_00182,Data Science,1,NumPy; Python; Scikit-Learn; Pandas; SQL; PyTorch,Senior Data Scientist,Data Science,NumPy; Python; Scikit-Learn; Pandas; SQL; PyTorch,Machine Learning; Deep Learning; MLOps; AWS,60.0,950000,1450000,Learn Machine Learning and Deep Learning,97.1
PRF_00183,Data Science,11,Pandas; NumPy; Scikit-Learn; SQL; Python; MLOps; Machine Learning,Senior Data Scientist,Data Science,Pandas; NumPy; Scikit-Learn; SQL; Python; MLOps; Machine Learning,Deep Learning; PyTorch; AWS,70.0,1550000,2900000,Learn Deep Learning and PyTorch,100
PRF_00184,Data Science,6,Scikit-Learn; SQL; Python; NumPy; Deep Learning; MLOps; AWS,Senior Data Scientist,Data Science,Scikit-Learn; SQL; Python; NumPy; Deep Learning; MLOps; AWS,Machine Learning; PyTorch,70.0,1300000,2300000,Learn Machine Learning and PyTorch,100
PRF_00185,Data Science,11,Python; SQL; Scikit-Learn; NumPy; AWS; Machine Learning,Senior Data Scientist,Data Science,Python; SQL; Scikit-Learn; NumPy; AWS; Machine Learning,Deep Learning; PyTorch; MLOps,60.0,1600000,2500000,Learn Deep Learning and PyTorch,98.5
PRF_00186,Data Science,1,Pandas; Scikit-Learn; Python; Machine Learning; MLOps,Senior Data Scientist,Data Science,Pandas; Scikit-Learn; Python; Machine Learning; MLOps,Deep Learning; PyTorch; AWS,50.0,800000,1200000,Learn Deep Learning and PyTorch,90.0
PRF_00187,Data Science,3,SQL; Scikit-Learn; Python; NumPy; Pandas; PyTorch; AWS; Deep Learning,Senior Data Scientist,Data Science,SQL; Scikit-Learn; Python; NumPy; Pandas; PyTorch; AWS; Deep Learning,Machine Learning; MLOps,80.0,1100000,2200000,Learn Machine Learning and MLOps,100
PRF_00188,Data Science,12,Scikit-Learn; Pandas; SQL; NumPy; MLOps; AWS; PyTorch,Senior Data Scientist,Data Science,Scikit-Learn; Pandas; SQL; NumPy; MLOps; AWS; PyTorch,Machine Learning; Deep Learning,70.0,1850000,3000000,Learn Machine Learning and Deep Learning,100
PRF_00189,Data Science,13,Pandas; Python; NumPy; MLOps; Deep Learning; Machine Learning,Senior Data Scientist,Data Science,Pandas; Python; NumPy; MLOps; Deep Learning; Machine Learning,PyTorch; AWS,60.0,2150000,2700000,Learn PyTorch and AWS,86.2
PRF_00190,Data Science,3,NumPy; Scikit-Learn; SQL; Python; Deep Learning; Machine Learning; MLOps,Senior Data Scientist,Data Science,NumPy; Scikit-Learn; SQL; Python; Deep Learning; Machine Learning; MLOps,PyTorch; AWS,70.0,950000,1900000,Learn PyTorch and AWS,100
PRF_00191,Data Science,2,NumPy; SQL; Scikit-Learn; Python; Machine Learning; MLOps,Senior Data Scientist,Data Science,NumPy; SQL; Scikit-Learn; Python; Machine Learning; MLOps,Deep Learning; PyTorch; AWS,60.0,1150000,1550000,Learn Deep Learning and PyTorch,89.9
PRF_00192,Data Science,9,Pandas; Scikit-Learn; Python; NumPy; SQL,Senior Data Scientist,Data Science,Pandas; Scikit-Learn; Python; NumPy; SQL,Machine Learning; Deep Learning; PyTorch; MLOps; AWS,50.0,1350000,1900000,Learn Machine Learning and Deep Learning,86.3
PRF_00193,Data Science,5,Python; Scikit-Learn; SQL,Senior Data Scientist,Data Science,Python; Scikit-Learn; SQL,Machine Learning; Deep Learning; PyTorch; MLOps; AWS,30.0,1300000,900000,Learn Machine Learning and Deep Learning,45.7
PRF_00194,Data Science,9,SQL; Pandas; Python; Scikit-Learn; NumPy; PyTorch,Senior Data Scientist,Data Science,SQL; Pandas; Python; Scikit-Learn; NumPy; PyTorch,Machine Learning; Deep Learning; MLOps; AWS,60.0,1350000,2250000,Learn Machine Learning and Deep Learning,100
PRF_00195,Data Science,3,NumPy; SQL; Scikit-Learn; AWS,Senior Data Scientist,Data Science,NumPy; SQL; Scikit-Learn; AWS,Machine Learning; Deep Learning; PyTorch; MLOps,40.0,1100000,1100000,Learn Machine Learning and Deep Learning,64.0
PRF_00196,Data Science,8,Pandas; SQL; NumPy; Machine Learning,Senior Data Scientist,Data Science,Pandas; SQL; NumPy; Machine Learning,Deep Learning; PyTorch; MLOps; AWS,40.0,1250000,1450000,Learn Deep Learning and PyTorch,70.4
PRF_00197,Data Science,6,Python; SQL; Pandas; Deep Learning,Senior Data Scientist,Data Science,Python; SQL; Pandas; Deep Learning,Machine Learning; PyTorch; MLOps; AWS,40.0,1500000,1300000,Learn Machine Learning and PyTorch,58.7
PRF_00198,Data Science,5,NumPy; SQL; Pandas; Scikit-Learn; Python; Machine Learning; Deep Learning,Senior Data Scientist,Data Science,NumPy; SQL; Pandas; Scikit-Learn; Python; Machine Learning; Deep Learning,PyTorch; MLOps; AWS,70.0,1300000,2150000,Learn PyTorch and MLOps,100
PRF_00199,Data Science,8,SQL; Scikit-Learn; Python; Pandas; PyTorch; Machine Learning,Senior Data Scientist,Data Science,SQL; Scikit-Learn; Python; Pandas; PyTorch; Machine Learning,Deep Learning; MLOps; AWS,60.0,1200000,2150000,Learn Deep Learning and MLOps,100
PRF_00200,Data Science,8,Pandas; NumPy; Python; SQL; Scikit-Learn; Machine Learning,Senior Data Scientist,Data Science,Pandas; NumPy; Python; SQL; Scikit-Learn; Machine Learning,Deep Learning; PyTorch; MLOps; AWS,60.0,1800000,2150000,Learn Deep Learning and PyTorch,83.8
PRF_00201,Data Science,12,SQL; Pandas; Python; NumPy; Scikit-Learn,Senior Data Scientist,Data Science,SQL; Pandas; Python; NumPy; Scikit-Learn,Machine Learning; Deep Learning; PyTorch; MLOps; AWS,50.0,1750000,2150000,Learn Machine Learning and Deep Learning,79.1
PRF_00202,Data Science,11,SQL; Pandas; Python; Deep Learning,Senior Data Scientist,Data Science,SQL; Pandas; Python; Deep Learning,Machine Learning; PyTorch; MLOps; AWS,40.0,2000000,1650000,Learn Machine Learning and PyTorch,57.0
PRF_00203,Data Science,2,Scikit-Learn; Python; Pandas; SQL; NumPy; PyTorch; MLOps,Senior Data Scientist,Data Science,Scikit-Learn; Python; Pandas; SQL; NumPy; PyTorch; MLOps,Machine Learning; Deep Learning; AWS,70.0,750000,1800000,Learn Machine Learning and Deep Learning,100
PRF_00204,Data Science,9,Scikit-Learn; SQL; Python,Senior Data Scientist,Data Science,Scikit-Learn; SQL; Python,Machine Learning; Deep Learning; PyTorch; MLOps; AWS,30.0,1900000,1150000,Learn Machine Learning and Deep Learning,42.2
PRF_00205,Data Science,4,SQL; NumPy; Pandas; Python; Scikit-Learn,Senior Data Scientist,Data Science,SQL; NumPy; Pandas; Python; Scikit-Learn,Machine Learning; Deep Learning; PyTorch; MLOps; AWS,50.0,950000,1450000,Learn Machine Learning and Deep Learning,91.1
PRF_00206,Data Science,13,Scikit-Learn; NumPy; SQL; Machine Learning,Senior Data Scientist,Data Science,Scikit-Learn; NumPy; SQL; Machine Learning,Deep Learning; PyTorch; MLOps; AWS,40.0,2100000,1800000,Learn Deep Learning and PyTorch,58.3
PRF_00207,Data Science,1,Pandas; SQL; NumPy; Scikit-Learn; Python; MLOps,Senior Data Scientist,Data Science,Pandas; SQL; NumPy; Scikit-Learn; Python; MLOps,Machine Learning; Deep Learning; PyTorch; AWS,60.0,900000,1450000,Learn Machine Learning and Deep Learning,100
PRF_00208,Data Science,2,Scikit-Learn; Pandas; SQL; Python; AWS,Senior Data Scientist,Data Science,Scikit-Learn; Pandas; SQL; Python; AWS,Machine Learning; Deep Learning; PyTorch; MLOps,50.0,1050000,1300000,Learn Machine Learning and Deep Learning,79.5
PRF_00209,Data Science,6,Scikit-Learn; Pandas; NumPy; SQL,Senior Data Scientist,Data Science,Scikit-Learn; Pandas; NumPy; SQL,Machine Learning; Deep Learning; PyTorch; MLOps; AWS,40.0,1450000,1300000,Learn Machine Learning and Deep Learning,59.9
PRF_00210,Data Science,4,Scikit-Learn; Python; Pandas; PyTorch,Senior Data Scientist,Data Science,Scikit-Learn; Python; Pandas; PyTorch,Machine Learning; Deep Learning; MLOps; AWS,40.0,1150000,1150000,Learn Machine Learning and Deep Learning,64.0
PRF_00211,Data Science,11,SQL; Python; Pandas; NumPy; Scikit-Learn; Deep Learning,Senior Data Scientist,Data Science,SQL; Python; Pandas; NumPy; Scikit-Learn; Deep Learning,Machine Learning; PyTorch; MLOps; AWS,60.0,1950000,2500000,Learn Machine Learning and PyTorch,87.3
PRF_00212,Data Science,8,Python; SQL; Scikit-Learn; Pandas; PyTorch,Senior Data Scientist,Data Science,Python; SQL; Scikit-Learn; Pandas; PyTorch,Machine Learning; Deep Learning; MLOps; AWS,50.0,1250000,1800000,Learn Machine Learning and Deep Learning,87.6
PRF_00213,Data Science,2,Pandas; SQL; NumPy; Scikit-Learn; Deep Learning; AWS,Senior Data Scientist,Data Science,Pandas; SQL; NumPy; Scikit-Learn; Deep Learning; AWS,Machine Learning; PyTorch; MLOps,60.0,800000,1550000,Learn Machine Learning and PyTorch,100
PRF_00214,Data Science,2,SQL; Scikit-Learn; Pandas; NumPy; Python,Senior Data Scientist,Data Science,SQL; Scikit-Learn; Pandas; NumPy; Python,Machine Learning; Deep Learning; PyTorch; MLOps; AWS,50.0,800000,1300000,Learn Machine Learning and Deep Learning,95.0
PRF_00215,Data Science,4,Python; SQL; Scikit-Learn; NumPy; AWS; MLOps; Machine Learning,Senior Data Scientist,Data Science,Python; SQL; Scikit-Learn; NumPy; AWS; MLOps; Machine Learning,Deep Learning; PyTorch,70.0,1400000,2050000,Learn Deep Learning and PyTorch,100
PRF_00216,Data Science,3,Pandas; Scikit-Learn; NumPy; Python; AWS,Senior Data Scientist,Data Science,Pandas; Scikit-Learn; NumPy; Python; AWS,Machine Learning; Deep Learning; PyTorch; MLOps,50.0,850000,1350000,Learn Machine Learning and Deep Learning,93.5
PRF_00217,Data Science,14,NumPy; Scikit-Learn; SQL; Pandas; Python; MLOps; Machine Learning; AWS,Senior Data Scientist,Data Science,NumPy; Scikit-Learn; SQL; Pandas; Python; MLOps; Machine Learning; AWS,Deep Learning; PyTorch,80.0,1600000,3750000,Learn Deep Learning and PyTorch,100
PRF_00218,Data Science,10,SQL; Pandas; Python; Machine Learning,Senior Data Scientist,Data Science,SQL; Pandas; Python; Machine Learning,Deep Learning; PyTorch; MLOps; AWS,40.0,2000000,1600000,Learn Deep Learning and PyTorch,56.0
PRF_00219,Data Science,8,Scikit-Learn; Pandas; SQL; NumPy; Python,Senior Data Scientist,Data Science,Scikit-Learn; Pandas; SQL; NumPy; Python,Machine Learning; Deep Learning; PyTorch; MLOps; AWS,50.0,1400000,1800000,Learn Machine Learning and Deep Learning,81.4
PRF_00220,Data Science,6,Pandas; NumPy; Scikit-Learn; Python; AWS; Machine Learning; Deep Learning,Senior Data Scientist,Data Science,Pandas; NumPy; Scikit-Learn; Python; AWS; Machine Learning; Deep Learning,PyTorch; MLOps,70.0,1350000,2300000,Learn PyTorch and MLOps,100
PRF_00221,Data Science,3,SQL; Python; Scikit-Learn,Senior Data Scientist,Data Science,SQL; Python; Scikit-Learn,Machine Learning; Deep Learning; PyTorch; MLOps; AWS,30.0,900000,800000,Learn Machine Learning and Deep Learning,53.6
PRF_00222,Data Science,7,Scikit-Learn; NumPy; SQL; Python; MLOps,Senior Data Scientist,Data Science,Scikit-Learn; NumPy; SQL; Python; MLOps,Machine Learning; Deep Learning; PyTorch; AWS,50.0,1250000,1700000,Learn Machine Learning and Deep Learning,84.4
PRF_00223,Data Science,8,SQL; Scikit-Learn; NumPy; Python,Senior Data Scientist,Data Science,SQL; Scikit-Learn; NumPy; Python,Machine Learning; Deep Learning; PyTorch; MLOps; AWS,40.0,1650000,1450000,Learn Machine Learning and Deep Learning,59.2
PRF_00224,Data Science,9,Pandas; Scikit-Learn; SQL; NumPy; Python; AWS; MLOps,Senior Data Scientist,Data Science,Pandas; Scikit-Learn; SQL; NumPy; Python; AWS; MLOps,Machine Learning; Deep Learning; PyTorch,70.0,1600000,2650000,Learn Machine Learning and Deep Learning,100
PRF_00225,Data Science,9,Pandas; SQL; Scikit-Learn; NumPy; PyTorch; Deep Learning,Senior Data Scientist,Data Science,Pandas; SQL; Scikit-Learn; NumPy; PyTorch; Deep Learning,Machine Learning; MLOps; AWS,60.0,1400000,2250000,Learn Machine Learning and MLOps,100
PRF_00226,Data Science,13,Pandas; SQL; Scikit-Learn; Python; Deep Learning; AWS,Senior Data Scientist,Data Science,Pandas; SQL; Scikit-Learn; Python; Deep Learning; AWS,Machine Learning; PyTorch; MLOps,60.0,2400000,2700000,Learn Machine Learning and PyTorch,81.0
PRF_00227,Data Science,10,Python; SQL; NumPy; Pandas; Scikit-Learn; Machine Learning,Senior Data Scientist,Data Science,Python; SQL; NumPy; Pandas; Scikit-Learn; Machine Learning,Deep Learning; PyTorch; MLOps; AWS,60.0,1400000,2400000,Learn Deep Learning and PyTorch,100
PRF_00228,Data Science,4,NumPy; Scikit-Learn; Pandas; SQL; Machine Learning,Senior Data Scientist,Data Science,NumPy; Scikit-Learn; Pandas; SQL; Machine Learning,Deep Learning; PyTorch; MLOps; AWS,50.0,1050000,1450000,Learn Deep Learning and PyTorch,85.2
PRF_00229,Data Science,10,Pandas; SQL; NumPy; Scikit-Learn; AWS,Senior Data Scientist,Data Science,Pandas; SQL; NumPy; Scikit-Learn; AWS,Machine Learning; Deep Learning; PyTorch; MLOps,50.0,1900000,2000000,Learn Machine Learning and Deep Learning,72.1
PRF_00230,Data Science,9,Scikit-Learn; NumPy; SQL; AWS; Machine Learning,Senior Data Scientist,Data Science,Scikit-Learn; NumPy; SQL; AWS; Machine Learning,Deep Learning; PyTorch; MLOps,50.0,1300000,1900000,Learn Deep Learning and PyTorch,88.5
PRF_00231,Data Science,12,Pandas; Python; Scikit-Learn; Machine Learning,Senior Data Scientist,Data Science,Pandas; Python; Scikit-Learn; Machine Learning,Deep Learning; PyTorch; MLOps; AWS,40.0,2250000,1700000,Learn Deep Learning and PyTorch,54.2
PRF_00232,Data Science,10,NumPy; SQL; Pandas; Deep Learning,Senior Data Scientist,Data Science,NumPy; SQL; Pandas; Deep Learning,Machine Learning; PyTorch; MLOps; AWS,40.0,1350000,1600000,Learn Machine Learning and PyTorch,71.4
PRF_00233,Data Science,10,Pandas; NumPy; Scikit-Learn; Python; PyTorch; Machine Learning; MLOps,Senior Data Scientist,Data Science,Pandas; NumPy; Scikit-Learn; Python; PyTorch; Machine Learning; MLOps,Deep Learning; AWS,70.0,1500000,2750000,Learn Deep Learning and AWS,100
PRF_00234,Data Science,10,Python; Pandas; SQL; AWS,Senior Data Scientist,Data Science,Python; Pandas; SQL; AWS,Machine Learning; Deep Learning; PyTorch; MLOps,40.0,1950000,1600000,Learn Machine Learning and Deep Learning,56.8
PRF_00235,Data Science,14,Scikit-Learn; NumPy; Python,Senior Data Scientist,Data Science,Scikit-Learn; NumPy; Python,Machine Learning; Deep Learning; PyTorch; MLOps; AWS,30.0,2300000,1400000,Learn Machine Learning and Deep Learning,42.3
PRF_00236,Data Science,2,Scikit-Learn; Pandas; NumPy; Python; Machine Learning; Deep Learning,Senior Data Scientist,Data Science,Scikit-Learn; Pandas; NumPy; Python; Machine Learning; Deep Learning,PyTorch; MLOps; AWS,60.0,1150000,1550000,Learn PyTorch and MLOps,89.9
PRF_00237,Data Science,4,SQL; NumPy; Scikit-Learn; Python; Pandas,Senior Data Scientist,Data Science,SQL; NumPy; Scikit-Learn; Python; Pandas,Machine Learning; Deep Learning; PyTorch; MLOps; AWS,50.0,1000000,1450000,Learn Machine Learning and Deep Learning,88.0
PRF_00238,Data Science,13,Python; Pandas; Scikit-Learn; Deep Learning,Senior Data Scientist,Data Science,Python; Pandas; Scikit-Learn; Deep Learning,Machine Learning; PyTorch; MLOps; AWS,40.0,2000000,1800000,Learn Machine Learning and PyTorch,60.0
PRF_00239,Data Science,10,Python; Pandas; Scikit-Learn; SQL; PyTorch,Senior Data Scientist,Data Science,Python; Pandas; Scikit-Learn; SQL; PyTorch,Machine Learning; Deep Learning; MLOps; AWS,50.0,2000000,2000000,Learn Machine Learning and Deep Learning,70.0
PRF_00240,Data Science,7,Python; NumPy; Scikit-Learn; Pandas; PyTorch; AWS; Deep Learning,Senior Data Scientist,Data Science,Python; NumPy; Scikit-Learn; Pandas; PyTorch; AWS; Deep Learning,Machine Learning; MLOps,70.0,1350000,2400000,Learn Machine Learning and MLOps,100
PRF_00241,Data Science,10,Python; Pandas; SQL; Scikit-Learn; NumPy; PyTorch; Deep Learning,Senior Data Scientist,Data Science,Python; Pandas; SQL; Scikit-Learn; NumPy; PyTorch; Deep Learning,Machine Learning; MLOps; AWS,70.0,1400000,2750000,Learn Machine Learning and MLOps,100
PRF_00242,Data Science,6,NumPy; Pandas; Scikit-Learn; SQL; PyTorch; MLOps; Deep Learning,Senior Data Scientist,Data Science,NumPy; Pandas; Scikit-Learn; SQL; PyTorch; MLOps; Deep Learning,Machine Learning; AWS,70.0,1400000,2300000,Learn Machine Learning and AWS,100
PRF_00243,Data Science,3,Pandas; SQL; Python; Scikit-Learn,Senior Data Scientist,Data Science,Pandas; SQL; Python; Scikit-Learn,Machine Learning; Deep Learning; PyTorch; MLOps; AWS,40.0,950000,1100000,Learn Machine Learning and Deep Learning,70.3
PRF_00244,Data Science,4,Python; Scikit-Learn; SQL,Senior Data Scientist,Data Science,Python; Scikit-Learn; SQL,Machine Learning; Deep Learning; PyTorch; MLOps; AWS,30.0,950000,850000,Learn Machine Learning and Deep Learning,53.8
PRF_00245,Data Science,13,Python; NumPy; SQL; Pandas; PyTorch; Machine Learning; AWS,Senior Data Scientist,Data Science,Python; NumPy; SQL; Pandas; PyTorch; Machine Learning; AWS,Deep Learning; MLOps,70.0,1750000,3150000,Learn Deep Learning and MLOps,100
PRF_00246,Data Science,4,Pandas; NumPy; Python; SQL; AWS; Machine Learning,Senior Data Scientist,Data Science,Pandas; NumPy; Python; SQL; AWS; Machine Learning,Deep Learning; PyTorch; MLOps,60.0,1200000,1750000,Learn Deep Learning and PyTorch,94.3
PRF_00247,Data Science,8,Pandas; Scikit-Learn; SQL; Python; NumPy,Senior Data Scientist,Data Science,Pandas; Scikit-Learn; SQL; Python; NumPy,Machine Learning; Deep Learning; PyTorch; MLOps; AWS,50.0,1600000,1800000,Learn Machine Learning and Deep Learning,75.0
PRF_00248,Data Science,5,Python; Scikit-Learn; Pandas; MLOps,Senior Data Scientist,Data Science,Python; Scikit-Learn; Pandas; MLOps,Machine Learning; Deep Learning; PyTorch; AWS,40.0,1100000,1250000,Learn Machine Learning and Deep Learning,69.5
PRF_00249,Data Science,2,Scikit-Learn; SQL; Pandas; NumPy; Python; Machine Learning; AWS,Senior Data Scientist,Data Science,Scikit-Learn; SQL; Pandas; NumPy; Python; Machine Learning; AWS,Deep Learning; PyTorch; MLOps,70.0,1050000,1800000,Learn Deep Learning and PyTorch,100
PRF_00250,Data Science,2,NumPy; Scikit-Learn; SQL; Pandas,Senior Data Scientist,Data Science,NumPy; Scikit-Learn; SQL; Pandas,Machine Learning; Deep Learning; PyTorch; MLOps; AWS,40.0,750000,1000000,Learn Machine Learning and Deep Learning,77.3
PRF_00251,Data Science,7,Excel; Tableau; SQL; Snowflake; PowerBI; dbt,Business Intelligence Engineer,Data Science,Excel; Tableau; SQL; Snowflake; PowerBI; dbt,Data Warehousing,75.0,950000,1850000,Learn Data Warehousing,100
PRF_00252,Data Science,11,Tableau; Python; SQL; Snowflake; Data Warehousing; PowerBI,Business Intelligence Engineer,Data Science,Tableau; Python; SQL; Snowflake; Data Warehousing; PowerBI,dbt,75.0,1150000,2250000,Learn dbt,100
PRF_00253,Data Science,5,SQL; Python; dbt,Business Intelligence Engineer,Data Science,SQL; Python; dbt,PowerBI; Data Warehousing; Snowflake,37.5,750000,850000,Learn PowerBI and Data Warehousing,67.8
PRF_00254,Data Science,8,SQL; Tableau; Excel; PowerBI; dbt; Data Warehousing,Business Intelligence Engineer,Data Science,SQL; Tableau; Excel; PowerBI; dbt; Data Warehousing,Snowflake,75.0,1000000,1950000,Learn Snowflake,100
PRF_00255,Data Science,12,Excel; SQL; Tableau; PowerBI; dbt,Business Intelligence Engineer,Data Science,Excel; SQL; Tableau; PowerBI; dbt,Data Warehousing; Snowflake,62.5,1500000,1950000,Learn Data Warehousing and Snowflake,89.5
PRF_00256,Data Science,8,Excel; Tableau; SQL; Data Warehousing,Business Intelligence Engineer,Data Science,Excel; Tableau; SQL; Data Warehousing,PowerBI; Snowflake; dbt,50.0,850000,1300000,Learn PowerBI and Snowflake,91.2
PRF_00257,Data Science,6,Python; Excel; SQL; Snowflake; Data Warehousing; PowerBI,Business Intelligence Engineer,Data Science,Python; Excel; SQL; Snowflake; Data Warehousing; PowerBI,dbt,75.0,1000000,1800000,Learn dbt,100
PRF_00258,Data Science,6,Tableau; Python; Excel,Business Intelligence Engineer,Data Science,Tableau; Python; Excel,PowerBI; Data Warehousing; Snowflake; dbt,37.5,950000,900000,Learn PowerBI and Data Warehousing,60.4
PRF_00259,Data Science,6,Excel; Python; SQL; Snowflake; dbt,Business Intelligence Engineer,Data Science,Excel; Python; SQL; Snowflake; dbt,PowerBI; Data Warehousing,62.5,800000,1500000,Learn PowerBI and Data Warehousing,100
PRF_00260,Data Science,5,Python; Excel; SQL; Data Warehousing; Snowflake; dbt,Business Intelligence Engineer,Data Science,Python; Excel; SQL; Data Warehousing; Snowflake; dbt,PowerBI,75.0,1000000,1700000,Learn PowerBI,100
PRF_00261,Data Science,2,Tableau; Python; SQL; dbt; Snowflake; PowerBI,Business Intelligence Engineer,Data Science,Tableau; Python; SQL; dbt; Snowflake; PowerBI,Data Warehousing,75.0,800000,1400000,Learn Data Warehousing,100
PRF_00262,Data Science,10,Python; SQL; Tableau; Snowflake,Business Intelligence Engineer,Data Science,Python; SQL; Tableau; Snowflake,PowerBI; Data Warehousing; dbt,50.0,1300000,1450000,Learn PowerBI and Data Warehousing,74.6
PRF_00263,Data Science,11,Tableau; Python; Snowflake; Data Warehousing; dbt,Business Intelligence Engineer,Data Science,Tableau; Python; Snowflake; Data Warehousing; dbt,PowerBI,62.5,1450000,1900000,Learn PowerBI,89.9
PRF_00264,Data Science,9,SQL; Excel; dbt; Data Warehousing; Snowflake,Business Intelligence Engineer,Data Science,SQL; Excel; dbt; Data Warehousing; Snowflake,PowerBI,62.5,950000,1700000,Learn PowerBI,100
PRF_00265,Data Science,8,Python; Excel,Business Intelligence Engineer,Data Science,Python; Excel,PowerBI; Data Warehousing; Snowflake; dbt,25.0,900000,650000,Learn PowerBI and Data Warehousing,43.9
PRF_00266,Data Science,12,SQL; Excel,Business Intelligence Engineer,Data Science,SQL; Excel,PowerBI; Data Warehousing; Snowflake; dbt,25.0,1100000,800000,Learn PowerBI and Data Warehousing,44.1
PRF_00267,Data Science,1,Excel; SQL,Business Intelligence Engineer,Data Science,Excel; SQL,PowerBI; Data Warehousing; Snowflake; dbt,25.0,500000,450000,Learn PowerBI and Data Warehousing,51.0
PRF_00268,Data Science,13,SQL; Tableau; Excel; PowerBI; dbt,Business Intelligence Engineer,Data Science,SQL; Tableau; Excel; PowerBI; dbt,Data Warehousing; Snowflake,62.5,1450000,2050000,Learn Data Warehousing and Snowflake,94.1
PRF_00269,Data Science,4,SQL; Python; Tableau; Data Warehousing; dbt; PowerBI,Business Intelligence Engineer,Data Science,SQL; Python; Tableau; Data Warehousing; dbt; PowerBI,Snowflake,75.0,900000,1600000,Learn Snowflake,100
PRF_00270,Data Science,4,Excel; SQL; PowerBI; Data Warehousing; dbt,Business Intelligence Engineer,Data Science,Excel; SQL; PowerBI; Data Warehousing; dbt,Snowflake,62.5,800000,1300000,Learn Snowflake,100
PRF_00271,Data Science,13,Python; Tableau; dbt; Snowflake; PowerBI,Business Intelligence Engineer,Data Science,Python; Tableau; dbt; Snowflake; PowerBI,Data Warehousing,62.5,1500000,2050000,Learn Data Warehousing,92.2
PRF_00272,Data Science,5,SQL; Excel; Tableau; Snowflake; Data Warehousing,Business Intelligence Engineer,Data Science,SQL; Excel; Tableau; Snowflake; Data Warehousing,PowerBI; dbt,62.5,750000,1400000,Learn PowerBI and dbt,100
PRF_00273,Data Science,3,Tableau; Python,Business Intelligence Engineer,Data Science,Tableau; Python,PowerBI; Data Warehousing; Snowflake; dbt,25.0,900000,500000,Learn PowerBI and Data Warehousing,37.2
PRF_00274,Data Science,8,Tableau; Excel; Python,Business Intelligence Engineer,Data Science,Tableau; Excel; Python,PowerBI; Data Warehousing; Snowflake; dbt,37.5,1200000,1000000,Learn PowerBI and Data Warehousing,55.8
PRF_00275,Data Science,13,Python; Excel,Business Intelligence Engineer,Data Science,Python; Excel,PowerBI; Data Warehousing; Snowflake; dbt,25.0,1600000,800000,Learn PowerBI and Data Warehousing,35.0
PRF_00276,Data Science,5,Excel; Tableau; Python; PowerBI; Data Warehousing,Business Intelligence Engineer,Data Science,Excel; Tableau; Python; PowerBI; Data Warehousing,Snowflake; dbt,62.5,850000,1400000,Learn Snowflake and dbt,100
PRF_00277,Data Science,9,SQL; Tableau; Python; Excel,Business Intelligence Engineer,Data Science,SQL; Tableau; Python; Excel,PowerBI; Data Warehousing; Snowflake; dbt,50.0,1250000,1400000,Learn PowerBI and Data Warehousing,74.8
PRF_00278,Data Science,11,SQL; Tableau; Python; Excel,Business Intelligence Engineer,Data Science,SQL; Tableau; Python; Excel,PowerBI; Data Warehousing; Snowflake; dbt,50.0,1350000,1500000,Learn PowerBI and Data Warehousing,74.4
PRF_00279,Data Science,5,Tableau; Excel; PowerBI; Data Warehousing,Business Intelligence Engineer,Data Science,Tableau; Excel; PowerBI; Data Warehousing,Snowflake; dbt,50.0,800000,1100000,Learn Snowflake and dbt,85.0
PRF_00280,Data Science,8,Python; Tableau; Snowflake,Business Intelligence Engineer,Data Science,Python; Tableau; Snowflake,PowerBI; Data Warehousing; dbt,37.5,850000,1000000,Learn PowerBI and Data Warehousing,69.6
PRF_00281,Data Science,6,Tableau; SQL; dbt,Business Intelligence Engineer,Data Science,Tableau; SQL; dbt,PowerBI; Data Warehousing; Snowflake,37.5,900000,900000,Learn PowerBI and Data Warehousing,62.5
PRF_00282,Data Science,8,Python; Tableau; Data Warehousing,Business Intelligence Engineer,Data Science,Python; Tableau; Data Warehousing,PowerBI; Snowflake; dbt,37.5,1200000,1000000,Learn PowerBI and Snowflake,55.8
PRF_00283,Data Science,12,SQL; Excel; Tableau,Business Intelligence Engineer,Data Science,SQL; Excel; Tableau,PowerBI; Data Warehousing; Snowflake; dbt,37.5,1350000,1200000,Learn PowerBI and Data Warehousing,58.1
PRF_00284,Data Science,13,Tableau; Python; SQL; Excel; Data Warehousing; PowerBI; dbt,Business Intelligence Engineer,Data Science,Tableau; Python; SQL; Excel; Data Warehousing; PowerBI; dbt,Snowflake,87.5,1650000,2850000,Learn Snowflake,100
PRF_00285,Data Science,3,Python; Excel; SQL; Tableau; PowerBI; Snowflake,Business Intelligence Engineer,Data Science,Python; Excel; SQL; Tableau; PowerBI; Snowflake,Data Warehousing; dbt,75.0,700000,1500000,Learn Data Warehousing and dbt,100
PRF_00286,Data Science,14,SQL; Tableau; Excel; Python; Data Warehousing; PowerBI,Business Intelligence Engineer,Data Science,SQL; Tableau; Excel; Python; Data Warehousing; PowerBI,Snowflake; dbt,75.0,1200000,2550000,Learn Snowflake and dbt,100
PRF_00287,Data Science,5,Python; Excel; SQL; Tableau; Data Warehousing; dbt,Business Intelligence Engineer,Data Science,Python; Excel; SQL; Tableau; Data Warehousing; dbt,PowerBI; Snowflake,75.0,850000,1700000,Learn PowerBI and Snowflake,100
PRF_00288,Data Science,10,Excel; SQL; Python; Tableau,Business Intelligence Engineer,Data Science,Excel; SQL; Python; Tableau,PowerBI; Data Warehousing; Snowflake; dbt,50.0,1000000,1450000,Learn PowerBI and Data Warehousing,88.0
PRF_00289,Data Science,6,Excel; SQL; Data Warehousing; PowerBI,Business Intelligence Engineer,Data Science,Excel; SQL; Data Warehousing; PowerBI,Snowflake; dbt,50.0,750000,1200000,Learn Snowflake and dbt,94.0
PRF_00290,Data Science,14,Excel; Python; Tableau; Data Warehousing; dbt; Snowflake,Business Intelligence Engineer,Data Science,Excel; Python; Tableau; Data Warehousing; dbt; Snowflake,PowerBI,75.0,1550000,2550000,Learn PowerBI,100
PRF_00291,Data Science,2,Tableau; SQL; PowerBI; Data Warehousing; Snowflake,Business Intelligence Engineer,Data Science,Tableau; SQL; PowerBI; Data Warehousing; Snowflake,dbt,62.5,800000,1150000,Learn dbt,95.0
PRF_00292,Data Science,9,SQL; Tableau,Business Intelligence Engineer,Data Science,SQL; Tableau,PowerBI; Data Warehousing; Snowflake; dbt,25.0,1050000,700000,Learn PowerBI and Data Warehousing,41.7
PRF_00293,Data Science,12,SQL; Tableau; Python; Excel; dbt,Business Intelligence Engineer,Data Science,SQL; Tableau; Python; Excel; dbt,PowerBI; Data Warehousing; Snowflake,62.5,1500000,1950000,Learn PowerBI and Data Warehousing,89.5
PRF_00294,Data Science,2,Python; SQL; Tableau; PowerBI; Snowflake,Business Intelligence Engineer,Data Science,Python; SQL; Tableau; PowerBI; Snowflake,Data Warehousing; dbt,62.5,600000,1150000,Learn Data Warehousing and dbt,100
PRF_00295,Data Science,6,Excel; SQL; PowerBI,Business Intelligence Engineer,Data Science,Excel; SQL; PowerBI,Data Warehousing; Snowflake; dbt,37.5,700000,900000,Learn Data Warehousing and Snowflake,73.9
PRF_00296,Data Science,8,Tableau; SQL; Python; Data Warehousing; dbt,Business Intelligence Engineer,Data Science,Tableau; SQL; Python; Data Warehousing; dbt,PowerBI; Snowflake,62.5,1100000,1650000,Learn PowerBI and Snowflake,97.5
PRF_00297,Data Science,11,Python; SQL; PowerBI; Data Warehousing,Business Intelligence Engineer,Data Science,Python; SQL; PowerBI; Data Warehousing,Snowflake; dbt,50.0,1150000,1500000,Learn Snowflake and dbt,82.2
PRF_00298,Data Science,4,Excel; Tableau; dbt; Snowflake,Business Intelligence Engineer,Data Science,Excel; Tableau; dbt; Snowflake,PowerBI; Data Warehousing,50.0,950000,1050000,Learn PowerBI and Data Warehousing,74.2
PRF_00299,Data Science,5,Python; Tableau; dbt; Data Warehousing,Business Intelligence Engineer,Data Science,Python; Tableau; dbt; Data Warehousing,PowerBI; Snowflake,50.0,850000,1100000,Learn PowerBI and Snowflake,81.8
PRF_00300,Data Science,5,Python; Excel; SQL; Tableau; Data Warehousing,Business Intelligence Engineer,Data Science,Python; Excel; SQL; Tableau; Data Warehousing,PowerBI; Snowflake; dbt,62.5,800000,1400000,Learn PowerBI and Snowflake,100
PRF_00301,Data Science,8,SQL; Python; Excel; Data Warehousing; Snowflake; PowerBI,Business Intelligence Engineer,Data Science,SQL; Python; Excel; Data Warehousing; Snowflake; PowerBI,dbt,75.0,950000,1950000,Learn dbt,100
PRF_00302,Data Science,10,Excel; Python; Tableau; PowerBI; Data Warehousing,Business Intelligence Engineer,Data Science,Excel; Python; Tableau; PowerBI; Data Warehousing,Snowflake; dbt,62.5,1200000,1800000,Learn Snowflake and dbt,97.5
PRF_00303,Data Science,14,Python; Tableau; Excel; dbt; Snowflake; Data Warehousing,Business Intelligence Engineer,Data Science,Python; Tableau; Excel; dbt; Snowflake; Data Warehousing,PowerBI,75.0,1450000,2550000,Learn PowerBI,100
PRF_00304,Data Science,14,Python; Tableau,Business Intelligence Engineer,Data Science,Python; Tableau,PowerBI; Data Warehousing; Snowflake; dbt,25.0,1650000,850000,Learn PowerBI and Data Warehousing,35.6
PRF_00305,Data Science,2,Python; SQL; Data Warehousing,Business Intelligence Engineer,Data Science,Python; SQL; Data Warehousing,PowerBI; Snowflake; dbt,37.5,800000,700000,Learn PowerBI and Snowflake,57.5
PRF_00306,Data Science,1,Excel; SQL; Tableau; Python,Business Intelligence Engineer,Data Science,Excel; SQL; Tableau; Python,PowerBI; Data Warehousing; Snowflake; dbt,50.0,700000,850000,Learn PowerBI and Data Warehousing,78.6
PRF_00307,Data Science,12,Python; Excel; Tableau; SQL,Business Intelligence Engineer,Data Science,Python; Excel; Tableau; SQL,PowerBI; Data Warehousing; Snowflake; dbt,50.0,1450000,1550000,Learn PowerBI and Data Warehousing,72.8
PRF_00308,Data Science,10,Python; SQL; Tableau; PowerBI,Business Intelligence Engineer,Data Science,Python; SQL; Tableau; PowerBI,Data Warehousing; Snowflake; dbt,50.0,950000,1450000,Learn Data Warehousing and Snowflake,91.1
PRF_00309,Data Science,14,Tableau; Python; Excel,Business Intelligence Engineer,Data Science,Tableau; Python; Excel,PowerBI; Data Warehousing; Snowflake; dbt,37.5,1500000,1250000,Learn PowerBI and Data Warehousing,55.8
PRF_00310,Data Science,11,Tableau; Excel; SQL; Python; Snowflake; Data Warehousing,Business Intelligence Engineer,Data Science,Tableau; Excel; SQL; Python; Snowflake; Data Warehousing,PowerBI; dbt,75.0,1350000,2250000,Learn PowerBI and dbt,100
PRF_00311,Data Science,8,SQL; Tableau; Excel; Python; Data Warehousing; Snowflake; dbt,Business Intelligence Engineer,Data Science,SQL; Tableau; Excel; Python; Data Warehousing; Snowflake; dbt,PowerBI,87.5,850000,2300000,Learn PowerBI,100
PRF_00312,Data Science,3,Python; Tableau; Excel; SQL; Snowflake; PowerBI,Business Intelligence Engineer,Data Science,Python; Tableau; Excel; SQL; Snowflake; PowerBI,Data Warehousing; dbt,75.0,750000,1500000,Learn Data Warehousing and dbt,100
PRF_00313,Data Science,1,Python; Tableau; SQL; PowerBI,Business Intelligence Engineer,Data Science,Python; Tableau; SQL; PowerBI,Data Warehousing; Snowflake; dbt,50.0,550000,850000,Learn Data Warehousing and Snowflake,91.8
PRF_00314,Data Science,9,Tableau; Python; SQL; Snowflake,Business Intelligence Engineer,Data Science,Tableau; Python; SQL; Snowflake,PowerBI; Data Warehousing; dbt,50.0,1000000,1400000,Learn PowerBI and Data Warehousing,86.0
PRF_00315,Data Science,6,SQL; Tableau,Business Intelligence Engineer,Data Science,SQL; Tableau,PowerBI; Data Warehousing; Snowflake; dbt,25.0,1050000,600000,Learn PowerBI and Data Warehousing,37.9
PRF_00316,Data Science,3,Excel; Python; Tableau; SQL,Business Intelligence Engineer,Data Science,Excel; Python; Tableau; SQL,PowerBI; Data Warehousing; Snowflake; dbt,50.0,600000,1000000,Learn PowerBI and Data Warehousing,96.7
PRF_00317,Data Science,3,SQL; Tableau; Python,Business Intelligence Engineer,Data Science,SQL; Tableau; Python,PowerBI; Data Warehousing; Snowflake; dbt,37.5,750000,750000,Learn PowerBI and Data Warehousing,62.5
PRF_00318,Data Science,1,Excel; Python; dbt,Business Intelligence Engineer,Data Science,Excel; Python; dbt,PowerBI; Data Warehousing; Snowflake,37.5,550000,650000,Learn PowerBI and Data Warehousing,69.8
PRF_00319,Data Science,14,Excel; SQL; Tableau; Python; Data Warehousing; Snowflake,Business Intelligence Engineer,Data Science,Excel; SQL; Tableau; Python; Data Warehousing; Snowflake,PowerBI; dbt,75.0,1500000,2550000,Learn PowerBI and dbt,100
PRF_00320,Data Science,1,Tableau; Python,Business Intelligence Engineer,Data Science,Tableau; Python,PowerBI; Data Warehousing; Snowflake; dbt,25.0,600000,450000,Learn PowerBI and Data Warehousing,45.0
PRF_00321,Data Science,7,Python; Excel; Tableau; Data Warehousing,Business Intelligence Engineer,Data Science,Python; Excel; Tableau; Data Warehousing,PowerBI; Snowflake; dbt,50.0,1000000,1250000,Learn PowerBI and Snowflake,80.0
PRF_00322,Data Science,9,Excel; Python; Snowflake,Business Intelligence Engineer,Data Science,Excel; Python; Snowflake,PowerBI; Data Warehousing; dbt,37.5,900000,1050000,Learn PowerBI and Data Warehousing,69.2
PRF_00323,Data Science,13,Python; SQL,Business Intelligence Engineer,Data Science,Python; SQL,PowerBI; Data Warehousing; Snowflake; dbt,25.0,1250000,800000,Learn PowerBI and Data Warehousing,40.6
PRF_00324,Data Science,7,Python; Tableau; Excel,Business Intelligence Engineer,Data Science,Python; Tableau; Excel,PowerBI; Data Warehousing; Snowflake; dbt,37.5,950000,950000,Learn PowerBI and Data Warehousing,62.5
PRF_00325,Data Science,7,SQL; Python; PowerBI; dbt; Data Warehousing,Business Intelligence Engineer,Data Science,SQL; Python; PowerBI; dbt; Data Warehousing,Snowflake,62.5,900000,1550000,Learn Snowflake,100
PRF_00326,Data Science,4,Excel; Tableau; SQL; dbt; Snowflake; PowerBI,Business Intelligence Engineer,Data Science,Excel; Tableau; SQL; dbt; Snowflake; PowerBI,Data Warehousing,75.0,800000,1600000,Learn Data Warehousing,100
PRF_00327,Data Science,4,Tableau; Python; SQL; Snowflake,Business Intelligence Engineer,Data Science,Tableau; Python; SQL; Snowflake,PowerBI; Data Warehousing; dbt,50.0,800000,1050000,Learn PowerBI and Data Warehousing,82.5
PRF_00328,Data Science,6,Tableau; Excel; SQL; Python; PowerBI,Business Intelligence Engineer,Data Science,Tableau; Excel; SQL; Python; PowerBI,Data Warehousing; Snowflake; dbt,62.5,850000,1500000,Learn Data Warehousing and Snowflake,100
PRF_00329,Data Science,11,Python; SQL; Excel; Data Warehousing,Business Intelligence Engineer,Data Science,Python; SQL; Excel; Data Warehousing,PowerBI; Snowflake; dbt,50.0,1100000,1500000,Learn PowerBI and Snowflake,84.5
PRF_00330,Data Science,1,SQL; Tableau; Python; Excel; PowerBI,Business Intelligence Engineer,Data Science,SQL; Tableau; Python; Excel; PowerBI,Data Warehousing; Snowflake; dbt,62.5,650000,1100000,Learn Data Warehousing and Snowflake,100
PRF_00331,Data Science,10,Tableau; Python; SQL; Excel,Business Intelligence Engineer,Data Science,Tableau; Python; SQL; Excel,PowerBI; Data Warehousing; Snowflake; dbt,50.0,1000000,1450000,Learn PowerBI and Data Warehousing,88.0
PRF_00332,Data Science,8,SQL; Excel; Python; PowerBI,Business Intelligence Engineer,Data Science,SQL; Excel; Python; PowerBI,Data Warehousing; Snowflake; dbt,50.0,1200000,1300000,Learn Data Warehousing and Snowflake,73.3
PRF_00333,Data Science,2,Tableau; Excel; Python; SQL; PowerBI,Business Intelligence Engineer,Data Science,Tableau; Excel; Python; SQL; PowerBI,Data Warehousing; Snowflake; dbt,62.5,650000,1150000,Learn Data Warehousing and Snowflake,100
PRF_00334,Data Science,6,Excel; Python; Tableau; SQL,Business Intelligence Engineer,Data Science,Excel; Python; Tableau; SQL,PowerBI; Data Warehousing; Snowflake; dbt,50.0,900000,1200000,Learn PowerBI and Data Warehousing,83.3
PRF_00335,Data Science,14,Tableau; Excel; SQL; Snowflake; dbt; Data Warehousing,Business Intelligence Engineer,Data Science,Tableau; Excel; SQL; Snowflake; dbt; Data Warehousing,PowerBI,75.0,1450000,2550000,Learn PowerBI,100
PRF_00336,Data Science,12,Excel; SQL; Python; Tableau; Snowflake,Business Intelligence Engineer,Data Science,Excel; SQL; Python; Tableau; Snowflake,PowerBI; Data Warehousing; dbt,62.5,1100000,1950000,Learn PowerBI and Data Warehousing,100
PRF_00337,Data Science,14,Python; Excel; SQL; Snowflake,Business Intelligence Engineer,Data Science,Python; Excel; SQL; Snowflake,PowerBI; Data Warehousing; dbt,50.0,1600000,1700000,Learn PowerBI and Data Warehousing,72.5
PRF_00338,Data Science,6,Excel; SQL; Data Warehousing; Snowflake; PowerBI,Business Intelligence Engineer,Data Science,Excel; SQL; Data Warehousing; Snowflake; PowerBI,dbt,62.5,1050000,1500000,Learn dbt,94.6
PRF_00339,Data Science,4,SQL; Tableau,Business Intelligence Engineer,Data Science,SQL; Tableau,PowerBI; Data Warehousing; Snowflake; dbt,25.0,700000,550000,Learn PowerBI and Data Warehousing,46.4
PRF_00340,Data Science,4,Excel; SQL; Tableau; dbt; PowerBI; Snowflake,Business Intelligence Engineer,Data Science,Excel; SQL; Tableau; dbt; PowerBI; Snowflake,Data Warehousing,75.0,750000,1600000,Learn Data Warehousing,100
PRF_00341,Data Science,10,Tableau; Python; Excel; Data Warehousing,Business Intelligence Engineer,Data Science,Tableau; Python; Excel; Data Warehousing,PowerBI; Snowflake; dbt,50.0,1050000,1450000,Learn PowerBI and Snowflake,85.2
PRF_00342,Data Science,2,Python; SQL; Excel; PowerBI,Business Intelligence Engineer,Data Science,Python; SQL; Excel; PowerBI,Data Warehousing; Snowflake; dbt,50.0,700000,950000,Learn Data Warehousing and Snowflake,84.3
PRF_00343,Data Science,1,Excel; Python; Tableau; SQL; dbt,Business Intelligence Engineer,Data Science,Excel; Python; Tableau; SQL; dbt,PowerBI; Data Warehousing; Snowflake,62.5,550000,1100000,Learn PowerBI and Data Warehousing,100
PRF_00344,Data Science,11,SQL; Tableau; Python; Excel; PowerBI; Data Warehousing,Business Intelligence Engineer,Data Science,SQL; Tableau; Python; Excel; PowerBI; Data Warehousing,Snowflake; dbt,75.0,1250000,2250000,Learn Snowflake and dbt,100
PRF_00345,Data Science,1,SQL; Tableau; Data Warehousing,Business Intelligence Engineer,Data Science,SQL; Tableau; Data Warehousing,PowerBI; Snowflake; dbt,37.5,750000,650000,Learn PowerBI and Snowflake,57.2
PRF_00346,Data Science,10,Excel; Tableau; dbt; PowerBI,Business Intelligence Engineer,Data Science,Excel; Tableau; dbt; PowerBI,Data Warehousing; Snowflake,50.0,1100000,1450000,Learn Data Warehousing and Snowflake,82.7
PRF_00347,Data Science,7,Python; SQL; Tableau; PowerBI; Data Warehousing,Business Intelligence Engineer,Data Science,Python; SQL; Tableau; PowerBI; Data Warehousing,Snowflake; dbt,62.5,950000,1550000,Learn Snowflake and dbt,100
PRF_00348,Data Science,7,Tableau; Python; Data Warehousing,Business Intelligence Engineer,Data Science,Tableau; Python; Data Warehousing,PowerBI; Snowflake; dbt,37.5,1000000,950000,Learn PowerBI and Snowflake,60.5
PRF_00349,Data Science,2,Tableau; Python; Excel; dbt; PowerBI,Business Intelligence Engineer,Data Science,Tableau; Python; Excel; dbt; PowerBI,Data Warehousing; Snowflake,62.5,800000,1150000,Learn Data Warehousing and Snowflake,95.0
PRF_00350,Data Science,1,Python; SQL; Excel,Business Intelligence Engineer,Data Science,Python; SQL; Excel,PowerBI; Data Warehousing; Snowflake; dbt,37.5,500000,650000,Learn PowerBI and Data Warehousing,74.5
PRF_00351,Data Science,3,SQL; Excel; Snowflake; Data Warehousing; dbt,Business Intelligence Engineer,Data Science,SQL; Excel; Snowflake; Data Warehousing; dbt,PowerBI,62.5,850000,1250000,Learn PowerBI,96.3
PRF_00352,Data Science,4,Python; Excel; SQL,Business Intelligence Engineer,Data Science,Python; Excel; SQL,PowerBI; Data Warehousing; Snowflake; dbt,37.5,650000,800000,Learn PowerBI and Data Warehousing,71.7
PRF_00353,Data Science,13,Excel; SQL,Business Intelligence Engineer,Data Science,Excel; SQL,PowerBI; Data Warehousing; Snowflake; dbt,25.0,1100000,800000,Learn PowerBI and Data Warehousing,44.1
PRF_00354,Data Science,3,SQL; Python; Excel,Business Intelligence Engineer,Data Science,SQL; Python; Excel,PowerBI; Data Warehousing; Snowflake; dbt,37.5,750000,750000,Learn PowerBI and Data Warehousing,62.5
PRF_00355,Data Science,7,Excel; Tableau; Python; SQL; PowerBI,Business Intelligence Engineer,Data Science,Excel; Tableau; Python; SQL; PowerBI,Data Warehousing; Snowflake; dbt,62.5,800000,1550000,Learn Data Warehousing and Snowflake,100
PRF_00356,Data Science,13,Tableau; Python; SQL,Business Intelligence Engineer,Data Science,Tableau; Python; SQL,PowerBI; Data Warehousing; Snowflake; dbt,37.5,1400000,1200000,Learn PowerBI and Data Warehousing,56.8
PRF_00357,Data Science,10,Excel; Tableau; SQL,Business Intelligence Engineer,Data Science,Excel; Tableau; SQL,PowerBI; Data Warehousing; Snowflake; dbt,37.5,1400000,1100000,Learn PowerBI and Data Warehousing,53.9
PRF_00358,Data Science,11,Python; SQL; Tableau; Excel,Business Intelligence Engineer,Data Science,Python; SQL; Tableau; Excel,PowerBI; Data Warehousing; Snowflake; dbt,50.0,1050000,1500000,Learn PowerBI and Data Warehousing,87.1
PRF_00359,Data Science,1,Python; Excel; dbt,Business Intelligence Engineer,Data Science,Python; Excel; dbt,PowerBI; Data Warehousing; Snowflake,37.5,550000,650000,Learn PowerBI and Data Warehousing,69.8
PRF_00360,Data Science,7,Tableau; SQL; dbt; Snowflake; Data Warehousing,Business Intelligence Engineer,Data Science,Tableau; SQL; dbt; Snowflake; Data Warehousing,PowerBI,62.5,950000,1550000,Learn PowerBI,100
PRF_00361,Data Science,7,Excel; Python; Tableau; Data Warehousing; PowerBI,Business Intelligence Engineer,Data Science,Excel; Python; Tableau; Data Warehousing; PowerBI,Snowflake; dbt,62.5,950000,1550000,Learn Snowflake and dbt,100
PRF_00362,Data Science,6,Excel; SQL; Snowflake; dbt; Data Warehousing,Business Intelligence Engineer,Data Science,Excel; SQL; Snowflake; dbt; Data Warehousing,PowerBI,62.5,900000,1500000,Learn PowerBI,100
PRF_00363,Data Science,2,Tableau; Python; SQL; Excel,Business Intelligence Engineer,Data Science,Tableau; Python; SQL; Excel,PowerBI; Data Warehousing; Snowflake; dbt,50.0,650000,950000,Learn PowerBI and Data Warehousing,88.5
PRF_00364,Data Science,13,Excel; Tableau; Python; Snowflake; PowerBI,Business Intelligence Engineer,Data Science,Excel; Tableau; Python; Snowflake; PowerBI,Data Warehousing; dbt,62.5,1300000,2050000,Learn Data Warehousing and dbt,100
PRF_00365,Data Science,14,Python; SQL; Tableau; dbt; PowerBI,Business Intelligence Engineer,Data Science,Python; SQL; Tableau; dbt; PowerBI,Data Warehousing; Snowflake,62.5,1550000,2100000,Learn Data Warehousing and Snowflake,91.7
PRF_00366,Data Science,5,Excel; Python; Tableau; SQL; Data Warehousing,Business Intelligence Engineer,Data Science,Excel; Python; Tableau; SQL; Data Warehousing,PowerBI; Snowflake; dbt,62.5,750000,1400000,Learn PowerBI and Snowflake,100
PRF_00367,Data Science,14,Python; Tableau; Excel; SQL; Data Warehousing; PowerBI,Business Intelligence Engineer,Data Science,Python; Tableau; Excel; SQL; Data Warehousing; PowerBI,Snowflake; dbt,75.0,1200000,2550000,Learn Snowflake and dbt,100
PRF_00368,Data Science,9,SQL; Excel; Python; PowerBI,Business Intelligence Engineer,Data Science,SQL; Excel; Python; PowerBI,Data Warehousing; Snowflake; dbt,50.0,1100000,1400000,Learn Data Warehousing and Snowflake,80.9
PRF_00369,Data Science,9,Excel; Tableau; SQL; Snowflake,Business Intelligence Engineer,Data Science,Excel; Tableau; SQL; Snowflake,PowerBI; Data Warehousing; dbt,50.0,1250000,1400000,Learn PowerBI and Data Warehousing,74.8
PRF_00370,Data Science,14,Python; Tableau; Excel; SQL; PowerBI; dbt,Business Intelligence Engineer,Data Science,Python; Tableau; Excel; SQL; PowerBI; dbt,Data Warehousing; Snowflake,75.0,1600000,2550000,Learn Data Warehousing and Snowflake,100
PRF_00371,Data Science,6,SQL; Excel; Tableau; Data Warehousing; Snowflake; PowerBI,Business Intelligence Engineer,Data Science,SQL; Excel; Tableau; Data Warehousing; Snowflake; PowerBI,dbt,75.0,850000,1800000,Learn dbt,100
PRF_00372,Data Science,7,Tableau; SQL; Excel; Data Warehousing; PowerBI,Business Intelligence Engineer,Data Science,Tableau; SQL; Excel; Data Warehousing; PowerBI,Snowflake; dbt,62.5,950000,1550000,Learn Snowflake and dbt,100
PRF_00373,Data Science,7,Tableau; SQL; Python; PowerBI; dbt; Data Warehousing,Business Intelligence Engineer,Data Science,Tableau; SQL; Python; PowerBI; dbt; Data Warehousing,Snowflake,75.0,1100000,1850000,Learn Snowflake,100
PRF_00374,Data Science,13,Excel; Tableau; PowerBI; Data Warehousing; Snowflake,Business Intelligence Engineer,Data Science,Excel; Tableau; PowerBI; Data Warehousing; Snowflake,dbt,62.5,1350000,2050000,Learn dbt,98.2
PRF_00375,Data Science,6,Excel; Tableau; Data Warehousing; PowerBI,Business Intelligence Engineer,Data Science,Excel; Tableau; Data Warehousing; PowerBI,Snowflake; dbt,50.0,800000,1200000,Learn Snowflake and dbt,90.0
PRF_00376,Data Science,7,Tableau; Excel; SQL; Python,Business Intelligence Engineer,Data Science,Tableau; Excel; SQL; Python,PowerBI; Data Warehousing; Snowflake; dbt,50.0,900000,1250000,Learn PowerBI and Data Warehousing,85.6
PRF_00377,Data Science,1,Python; Tableau; SQL; Excel; Snowflake; dbt; Data Warehousing,Business Intelligence Engineer,Data Science,Python; Tableau; SQL; Excel; Snowflake; dbt; Data Warehousing,PowerBI,87.5,600000,1500000,Learn PowerBI,100
PRF_00378,Data Science,8,SQL; Tableau; dbt; PowerBI; Snowflake,Business Intelligence Engineer,Data Science,SQL; Tableau; dbt; PowerBI; Snowflake,Data Warehousing,62.5,1200000,1650000,Learn Data Warehousing,92.5
PRF_00379,Data Science,13,Excel; SQL; Python; Tableau; Snowflake,Business Intelligence Engineer,Data Science,Excel; SQL; Python; Tableau; Snowflake,PowerBI; Data Warehousing; dbt,62.5,1200000,2050000,Learn PowerBI and Data Warehousing,100
PRF_00380,Data Science,4,Python; Tableau; SQL,Business Intelligence Engineer,Data Science,Python; Tableau; SQL,PowerBI; Data Warehousing; Snowflake; dbt,37.5,900000,800000,Learn PowerBI and Data Warehousing,58.1
PRF_00381,Data Science,9,Tableau; SQL; Excel; Data Warehousing; dbt; Snowflake,Business Intelligence Engineer,Data Science,Tableau; SQL; Excel; Data Warehousing; dbt; Snowflake,PowerBI,75.0,1250000,2050000,Learn PowerBI,100
PRF_00382,Data Science,5,SQL; Tableau; Python; Data Warehousing; dbt,Business Intelligence Engineer,Data Science,SQL; Tableau; Python; Data Warehousing; dbt,PowerBI; Snowflake,62.5,850000,1400000,Learn PowerBI and Snowflake,100
PRF_00383,Data Science,13,SQL; Python; Tableau; Snowflake; PowerBI; Data Warehousing,Business Intelligence Engineer,Data Science,SQL; Python; Tableau; Snowflake; PowerBI; Data Warehousing,dbt,75.0,1200000,2450000,Learn dbt,100
PRF_00384,Data Science,12,Tableau; SQL; Excel; Python,Business Intelligence Engineer,Data Science,Tableau; SQL; Excel; Python,PowerBI; Data Warehousing; Snowflake; dbt,50.0,1450000,1550000,Learn PowerBI and Data Warehousing,72.8
PRF_00385,Data Science,2,Tableau; Excel; SQL; dbt; Snowflake; Data Warehousing,Business Intelligence Engineer,Data Science,Tableau; Excel; SQL; dbt; Snowflake; Data Warehousing,PowerBI,75.0,750000,1400000,Learn PowerBI,100
PRF_00386,Data Science,2,Tableau; Excel; Python,Business Intelligence Engineer,Data Science,Tableau; Excel; Python,PowerBI; Data Warehousing; Snowflake; dbt,37.5,700000,700000,Learn PowerBI and Data Warehousing,62.5
PRF_00387,Data Science,8,Excel; Tableau; Python; SQL; dbt; Data Warehousing; Snowflake,Business Intelligence Engineer,Data Science,Excel; Tableau; Python; SQL; dbt; Data Warehousing; Snowflake,PowerBI,87.5,1000000,2300000,Learn PowerBI,100
PRF_00388,Data Science,9,Python; Tableau; dbt,Business Intelligence Engineer,Data Science,Python; Tableau; dbt,PowerBI; Data Warehousing; Snowflake,37.5,1000000,1050000,Learn PowerBI and Data Warehousing,64.5
PRF_00389,Data Science,13,SQL; Tableau; dbt,Business Intelligence Engineer,Data Science,SQL; Tableau; dbt,PowerBI; Data Warehousing; Snowflake,37.5,1550000,1200000,Learn PowerBI and Data Warehousing,53.5
PRF_00390,Data Science,2,Excel; SQL; dbt; Snowflake,Business Intelligence Engineer,Data Science,Excel; SQL; dbt; Snowflake,PowerBI; Data Warehousing,50.0,700000,950000,Learn PowerBI and Data Warehousing,84.3
PRF_00391,Data Science,6,SQL; Tableau,Business Intelligence Engineer,Data Science,SQL; Tableau,PowerBI; Data Warehousing; Snowflake; dbt,25.0,800000,600000,Learn PowerBI and Data Warehousing,45.0
PRF_00392,Data Science,12,Python; Excel,Business Intelligence Engineer,Data Science,Python; Excel,PowerBI; Data Warehousing; Snowflake; dbt,25.0,1250000,800000,Learn PowerBI and Data Warehousing,40.6
PRF_00393,Data Science,4,Tableau; SQL; Excel; dbt; Snowflake,Business Intelligence Engineer,Data Science,Tableau; SQL; Excel; dbt; Snowflake,PowerBI; Data Warehousing,62.5,1000000,1300000,Learn PowerBI and Data Warehousing,89.5
PRF_00394,Data Science,5,SQL; Excel; Python; Tableau,Business Intelligence Engineer,Data Science,SQL; Excel; Python; Tableau,PowerBI; Data Warehousing; Snowflake; dbt,50.0,750000,1100000,Learn PowerBI and Data Warehousing,88.7
PRF_00395,Data Science,9,Tableau; Python; Data Warehousing; PowerBI; Snowflake,Business Intelligence Engineer,Data Science,Tableau; Python; Data Warehousing; PowerBI; Snowflake,dbt,62.5,1200000,1700000,Learn dbt,94.2
PRF_00396,Data Science,12,Tableau; Python; Excel; dbt; Snowflake; Data Warehousing,Business Intelligence Engineer,Data Science,Tableau; Python; Excel; dbt; Snowflake; Data Warehousing,PowerBI,75.0,1300000,2350000,Learn PowerBI,100
PRF_00397,Data Science,4,Python; Tableau; Excel; SQL; PowerBI; Snowflake; Data Warehousing,Business Intelligence Engineer,Data Science,Python; Tableau; Excel; SQL; PowerBI; Snowflake; Data Warehousing,dbt,87.5,800000,1850000,Learn dbt,100
PRF_00398,Data Science,13,SQL; Tableau; Excel,Business Intelligence Engineer,Data Science,SQL; Tableau; Excel,PowerBI; Data Warehousing; Snowflake; dbt,37.5,1450000,1200000,Learn PowerBI and Data Warehousing,55.6
PRF_00399,Data Science,1,Python; SQL; Excel; Tableau; dbt,Business Intelligence Engineer,Data Science,Python; SQL; Excel; Tableau; dbt,PowerBI; Data Warehousing; Snowflake,62.5,700000,1100000,Learn PowerBI and Data Warehousing,100
PRF_00400,Data Science,11,Python; Excel; SQL; Tableau,Business Intelligence Engineer,Data Science,Python; Excel; SQL; Tableau,PowerBI; Data Warehousing; Snowflake; dbt,50.0,1200000,1500000,Learn PowerBI and Data Warehousing,80.0
PRF_00401,Data Science,4,Python; Tableau; Excel,Business Intelligence Engineer,Data Science,Python; Tableau; Excel,PowerBI; Data Warehousing; Snowflake; dbt,37.5,650000,800000,Learn PowerBI and Data Warehousing,71.7
PRF_00402,Data Science,8,Excel; SQL; dbt,Business Intelligence Engineer,Data Science,Excel; SQL; dbt,PowerBI; Data Warehousing; Snowflake,37.5,1050000,1000000,Learn PowerBI and Data Warehousing,60.6
PRF_00403,Data Science,6,Python; Tableau; SQL; Excel,Business Intelligence Engineer,Data Science,Python; Tableau; SQL; Excel,PowerBI; Data Warehousing; Snowflake; dbt,50.0,900000,1200000,Learn PowerBI and Data Warehousing,83.3
PRF_00404,Data Science,11,SQL; Excel; Python; Tableau; dbt; Snowflake; Data Warehousing,Business Intelligence Engineer,Data Science,SQL; Excel; Python; Tableau; dbt; Snowflake; Data Warehousing,PowerBI,87.5,1050000,2650000,Learn PowerBI,100
PRF_00405,Data Science,13,Tableau; Excel; SQL,Business Intelligence Engineer,Data Science,Tableau; Excel; SQL,PowerBI; Data Warehousing; Snowflake; dbt,37.5,1400000,1200000,Learn PowerBI and Data Warehousing,56.8
PRF_00406,Data Science,9,Tableau; SQL; Python; dbt; Data Warehousing,Business Intelligence Engineer,Data Science,Tableau; SQL; Python; dbt; Data Warehousing,PowerBI; Snowflake,62.5,950000,1700000,Learn PowerBI and Snowflake,100
PRF_00407,Data Science,13,SQL; Tableau; PowerBI; Snowflake; Data Warehousing,Business Intelligence Engineer,Data Science,SQL; Tableau; PowerBI; Snowflake; Data Warehousing,dbt,62.5,1400000,2050000,Learn dbt,96.1
PRF_00408,Data Science,2,Tableau; Python; Excel; PowerBI,Business Intelligence Engineer,Data Science,Tableau; Python; Excel; PowerBI,Data Warehousing; Snowflake; dbt,50.0,600000,950000,Learn Data Warehousing and Snowflake,93.3
PRF_00409,Data Science,9,Excel; Python; Tableau; dbt; Data Warehousing,Business Intelligence Engineer,Data Science,Excel; Python; Tableau; dbt; Data Warehousing,PowerBI; Snowflake,62.5,1100000,1700000,Learn PowerBI and Snowflake,99.3
PRF_00410,Data Science,8,SQL; Excel; Tableau; Python; dbt; PowerBI; Snowflake,Business Intelligence Engineer,Data Science,SQL; Excel; Tableau; Python; dbt; PowerBI; Snowflake,Data Warehousing,87.5,950000,2300000,Learn Data Warehousing,100
PRF_00411,Data Science,10,Tableau; Python; SQL; Excel; PowerBI; dbt,Business Intelligence Engineer,Data Science,Tableau; Python; SQL; Excel; PowerBI; dbt,Data Warehousing; Snowflake,75.0,950000,2150000,Learn Data Warehousing and Snowflake,100
PRF_00412,Data Science,8,Tableau; Python; Excel; SQL; PowerBI,Business Intelligence Engineer,Data Science,Tableau; Python; Excel; SQL; PowerBI,Data Warehousing; Snowflake; dbt,62.5,1000000,1650000,Learn Data Warehousing and Snowflake,100
PRF_00413,Data Science,1,SQL; Tableau; Python; PowerBI,Business Intelligence Engineer,Data Science,SQL; Tableau; Python; PowerBI,Data Warehousing; Snowflake; dbt,50.0,650000,850000,Learn Data Warehousing and Snowflake,82.3
PRF_00414,Data Science,12,Tableau; Python; Snowflake; PowerBI,Business Intelligence Engineer,Data Science,Tableau; Python; Snowflake; PowerBI,Data Warehousing; dbt,50.0,1400000,1550000,Learn Data Warehousing and dbt,74.3
PRF_00415,Data Science,13,Excel; Tableau; Python; SQL,Business Intelligence Engineer,Data Science,Excel; Tableau; Python; SQL,PowerBI; Data Warehousing; Snowflake; dbt,50.0,1400000,1650000,Learn PowerBI and Data Warehousing,77.1
PRF_00416,Data Science,10,Python; Excel; SQL; Tableau,Business Intelligence Engineer,Data Science,Python; Excel; SQL; Tableau,PowerBI; Data Warehousing; Snowflake; dbt,50.0,1350000,1450000,Learn PowerBI and Data Warehousing,73.0
PRF_00417,Data Science,12,Tableau; Python; SQL; Snowflake,Business Intelligence Engineer,Data Science,Tableau; Python; SQL; Snowflake,PowerBI; Data Warehousing; dbt,50.0,1150000,1550000,Learn PowerBI and Data Warehousing,83.9
PRF_00418,Data Science,1,Tableau; SQL; Excel; Python; dbt; PowerBI; Snowflake,Business Intelligence Engineer,Data Science,Tableau; SQL; Excel; Python; dbt; PowerBI; Snowflake,Data Warehousing,87.5,550000,1500000,Learn Data Warehousing,100
PRF_00419,Data Science,9,Python; Tableau; SQL; Excel; dbt; PowerBI; Data Warehousing,Business Intelligence Engineer,Data Science,Python; Tableau; SQL; Excel; dbt; PowerBI; Data Warehousing,Snowflake,87.5,950000,2400000,Learn Snowflake,100
PRF_00420,Data Science,8,Excel; Tableau; dbt,Business Intelligence Engineer,Data Science,Excel; Tableau; dbt,PowerBI; Data Warehousing; Snowflake,37.5,1150000,1000000,Learn PowerBI and Data Warehousing,57.3
PRF_00421,Data Science,6,SQL; Excel; dbt; PowerBI,Business Intelligence Engineer,Data Science,SQL; Excel; dbt; PowerBI,Data Warehousing; Snowflake,50.0,1150000,1200000,Learn Data Warehousing and Snowflake,71.7
PRF_00422,Data Science,2,Tableau; Python; Snowflake,Business Intelligence Engineer,Data Science,Tableau; Python; Snowflake,PowerBI; Data Warehousing; dbt,37.5,750000,700000,Learn PowerBI and Data Warehousing,59.8
PRF_00423,Data Science,2,Python; Excel; Data Warehousing; dbt,Business Intelligence Engineer,Data Science,Python; Excel; Data Warehousing; dbt,PowerBI; Snowflake,50.0,650000,950000,Learn PowerBI and Snowflake,88.5
PRF_00424,Data Science,10,SQL; Tableau; Python,Business Intelligence Engineer,Data Science,SQL; Tableau; Python,PowerBI; Data Warehousing; Snowflake; dbt,37.5,1450000,1100000,Learn PowerBI and Data Warehousing,52.8
PRF_00425,Data Science,13,Tableau; Python; Excel; PowerBI; Data Warehousing; dbt,Business Intelligence Engineer,Data Science,Tableau; Python; Excel; PowerBI; Data Warehousing; dbt,Snowflake,75.0,1250000,2450000,Learn Snowflake,100
PRF_00426,Data Science,14,Tableau; Excel; SQL; Python; Snowflake; PowerBI; dbt,Business Intelligence Engineer,Data Science,Tableau; Excel; SQL; Python; Snowflake; PowerBI; dbt,Data Warehousing,87.5,1350000,2950000,Learn Data Warehousing,100
PRF_00427,Data Science,2,SQL; Python; Tableau; Excel; dbt,Business Intelligence Engineer,Data Science,SQL; Python; Tableau; Excel; dbt,PowerBI; Data Warehousing; Snowflake,62.5,800000,1150000,Learn PowerBI and Data Warehousing,95.0
PRF_00428,Data Science,14,Tableau; Python,Business Intelligence Engineer,Data Science,Tableau; Python,PowerBI; Data Warehousing; Snowflake; dbt,25.0,1200000,850000,Learn PowerBI and Data Warehousing,43.3
PRF_00429,Data Science,8,Python; Tableau,Business Intelligence Engineer,Data Science,Python; Tableau,PowerBI; Data Warehousing; Snowflake; dbt,25.0,1300000,650000,Learn PowerBI and Data Warehousing,35.0
PRF_00430,Data Science,9,SQL; Python,Business Intelligence Engineer,Data Science,SQL; Python,PowerBI; Data Warehousing; Snowflake; dbt,25.0,900000,700000,Learn PowerBI and Data Warehousing,46.1
PRF_00431,Data Science,10,Tableau; Excel; SQL; Snowflake; PowerBI,Business Intelligence Engineer,Data Science,Tableau; Excel; SQL; Snowflake; PowerBI,Data Warehousing; dbt,62.5,1200000,1800000,Learn Data Warehousing and dbt,97.5
PRF_00432,Data Science,11,Tableau; SQL; Python; Data Warehousing; Snowflake,Business Intelligence Engineer,Data Science,Tableau; SQL; Python; Data Warehousing; Snowflake,PowerBI; dbt,62.5,1050000,1900000,Learn PowerBI and dbt,100
PRF_00433,Data Science,8,Tableau; Python; SQL; PowerBI,Business Intelligence Engineer,Data Science,Tableau; Python; SQL; PowerBI,Data Warehousing; Snowflake; dbt,50.0,950000,1300000,Learn Data Warehousing and Snowflake,84.7
PRF_00434,Data Science,14,Tableau; SQL; Python; Data Warehousing,Business Intelligence Engineer,Data Science,Tableau; SQL; Python; Data Warehousing,PowerBI; Snowflake; dbt,50.0,1550000,1700000,Learn PowerBI and Snowflake,73.9
PRF_00435,Data Science,9,Excel; Python; Tableau; dbt,Business Intelligence Engineer,Data Science,Excel; Python; Tableau; dbt,PowerBI; Data Warehousing; Snowflake,50.0,1250000,1400000,Learn PowerBI and Data Warehousing,74.8
PRF_00436,Data Science,13,Excel; Tableau; SQL; dbt,Business Intelligence Engineer,Data Science,Excel; Tableau; SQL; dbt,PowerBI; Data Warehousing; Snowflake,50.0,1250000,1650000,Learn PowerBI and Data Warehousing,82.8
PRF_00437,Data Science,10,Excel; Tableau; Python; dbt; PowerBI; Data Warehousing,Business Intelligence Engineer,Data Science,Excel; Tableau; Python; dbt; PowerBI; Data Warehousing,Snowflake,75.0,1200000,2150000,Learn Snowflake,100
PRF_00438,Data Science,8,Python; Tableau; Excel; SQL; Data Warehousing,Business Intelligence Engineer,Data Science,Python; Tableau; Excel; SQL; Data Warehousing,PowerBI; Snowflake; dbt,62.5,950000,1650000,Learn PowerBI and Snowflake,100
PRF_00439,Data Science,6,Python; Excel; SQL; Tableau; PowerBI,Business Intelligence Engineer,Data Science,Python; Excel; SQL; Tableau; PowerBI,Data Warehousing; Snowflake; dbt,62.5,1100000,1500000,Learn Data Warehousing and Snowflake,92.0
PRF_00440,Data Science,14,Excel; SQL; Python; Tableau; Data Warehousing; dbt,Business Intelligence Engineer,Data Science,Excel; SQL; Python; Tableau; Data Warehousing; dbt,PowerBI; Snowflake,75.0,1700000,2550000,Learn PowerBI and Snowflake,100
PRF_00441,Data Science,12,Excel; Tableau; Python; SQL; Snowflake,Business Intelligence Engineer,Data Science,Excel; Tableau; Python; SQL; Snowflake,PowerBI; Data Warehousing; dbt,62.5,1050000,1950000,Learn PowerBI and Data Warehousing,100
PRF_00442,Data Science,14,Python; SQL,Business Intelligence Engineer,Data Science,Python; SQL,PowerBI; Data Warehousing; Snowflake; dbt,25.0,1650000,850000,Learn PowerBI and Data Warehousing,35.6
PRF_00443,Data Science,13,Python; Excel; SQL; PowerBI,Business Intelligence Engineer,Data Science,Python; Excel; SQL; PowerBI,Data Warehousing; Snowflake; dbt,50.0,1200000,1650000,Learn Data Warehousing and Snowflake,85.0
PRF_00444,Data Science,2,SQL; Excel; Tableau; Python,Business Intelligence Engineer,Data Science,SQL; Excel; Tableau; Python,PowerBI; Data Warehousing; Snowflake; dbt,50.0,700000,950000,Learn PowerBI and Data Warehousing,84.3
PRF_00445,Data Science,4,Excel; Tableau; Python; SQL; Snowflake; Data Warehousing,Business Intelligence Engineer,Data Science,Excel; Tableau; Python; SQL; Snowflake; Data Warehousing,PowerBI; dbt,75.0,850000,1600000,Learn PowerBI and dbt,100
PRF_00446,Data Science,11,Tableau; Python; Excel; Data Warehousing; dbt; Snowflake,Business Intelligence Engineer,Data Science,Tableau; Python; Excel; Data Warehousing; dbt; Snowflake,PowerBI,75.0,1100000,2250000,Learn PowerBI,100
PRF_00447,Data Science,13,Tableau; SQL; Excel; Python; dbt,Business Intelligence Engineer,Data Science,Tableau; SQL; Excel; Python; dbt,PowerBI; Data Warehousing; Snowflake,62.5,1250000,2050000,Learn PowerBI and Data Warehousing,100
PRF_00448,Data Science,5,SQL; Excel; Tableau; Python,Business Intelligence Engineer,Data Science,SQL; Excel; Tableau; Python,PowerBI; Data Warehousing; Snowflake; dbt,50.0,700000,1100000,Learn PowerBI and Data Warehousing,92.9
PRF_00449,Data Science,13,Python; Tableau; PowerBI,Business Intelligence Engineer,Data Science,Python; Tableau; PowerBI,Data Warehousing; Snowflake; dbt,37.5,1600000,1200000,Learn Data Warehousing and Snowflake,52.5
PRF_00450,Data Science,3,Python; Tableau; SQL; Excel; dbt,Business Intelligence Engineer,Data Science,Python; Tableau; SQL; Excel; dbt,PowerBI; Data Warehousing; Snowflake,62.5,700000,1250000,Learn PowerBI and Data Warehousing,100
PRF_00451,Data Science,1,Python; SQL,Business Intelligence Engineer,Data Science,Python; SQL,PowerBI; Data Warehousing; Snowflake; dbt,25.0,450000,450000,Learn PowerBI and Data Warehousing,55.0
PRF_00452,Data Science,10,SQL; Python; Excel; Tableau; Snowflake,Business Intelligence Engineer,Data Science,SQL; Python; Excel; Tableau; Snowflake,PowerBI; Data Warehousing; dbt,62.5,1000000,1800000,Learn PowerBI and Data Warehousing,100
PRF_00453,Data Science,6,SQL; Excel; Python; PowerBI,Business Intelligence Engineer,Data Science,SQL; Excel; Python; PowerBI,Data Warehousing; Snowflake; dbt,50.0,1050000,1200000,Learn Data Warehousing and Snowflake,75.7
PRF_00454,Data Science,6,SQL; Python; Snowflake,Business Intelligence Engineer,Data Science,SQL; Python; Snowflake,PowerBI; Data Warehousing; dbt,37.5,850000,900000,Learn PowerBI and Data Warehousing,64.9
PRF_00455,Data Science,12,Tableau; Excel; SQL; Python; Data Warehousing; Snowflake; PowerBI,Business Intelligence Engineer,Data Science,Tableau; Excel; SQL; Python; Data Warehousing; Snowflake; PowerBI,dbt,87.5,1100000,2750000,Learn dbt,100
PRF_00456,Data Science,4,Tableau; Python; Excel,Business Intelligence Engineer,Data Science,Tableau; Python; Excel,PowerBI; Data Warehousing; Snowflake; dbt,37.5,600000,800000,Learn PowerBI and Data Warehousing,75.8
PRF_00457,Data Science,5,Tableau; Excel; Python; SQL; Snowflake,Business Intelligence Engineer,Data Science,Tableau; Excel; Python; SQL; Snowflake,PowerBI; Data Warehousing; dbt,62.5,1000000,1400000,Learn PowerBI and Data Warehousing,93.5
PRF_00458,Data Science,2,Excel; Python; SQL; Tableau; Data Warehousing; Snowflake,Business Intelligence Engineer,Data Science,Excel; Python; SQL; Tableau; Data Warehousing; Snowflake,PowerBI; dbt,75.0,800000,1400000,Learn PowerBI and dbt,100
PRF_00459,Data Science,13,SQL; Excel; Python; Tableau; PowerBI; Snowflake; dbt,Business Intelligence Engineer,Data Science,SQL; Excel; Python; Tableau; PowerBI; Snowflake; dbt,Data Warehousing,87.5,1450000,2850000,Learn Data Warehousing,100
PRF_00460,Data Science,7,Python; Excel; Tableau,Business Intelligence Engineer,Data Science,Python; Excel; Tableau,PowerBI; Data Warehousing; Snowflake; dbt,37.5,950000,950000,Learn PowerBI and Data Warehousing,62.5
PRF_00461,Data Science,12,Python; SQL; Tableau; PowerBI; dbt; Snowflake,Business Intelligence Engineer,Data Science,Python; SQL; Tableau; PowerBI; dbt; Snowflake,Data Warehousing,75.0,1450000,2350000,Learn Data Warehousing,100
PRF_00462,Data Science,5,Python; Tableau; dbt; Data Warehousing; Snowflake,Business Intelligence Engineer,Data Science,Python; Tableau; dbt; Data Warehousing; Snowflake,PowerBI,62.5,700000,1400000,Learn PowerBI,100
PRF_00463,Data Science,10,Excel; SQL; Tableau; Python; PowerBI; Snowflake; dbt,Business Intelligence Engineer,Data Science,Excel; SQL; Tableau; Python; PowerBI; Snowflake; dbt,Data Warehousing,87.5,1350000,2500000,Learn Data Warehousing,100
PRF_00464,Data Science,3,Tableau; Excel; Python; PowerBI,Business Intelligence Engineer,Data Science,Tableau; Excel; Python; PowerBI,Data Warehousing; Snowflake; dbt,50.0,800000,1000000,Learn Data Warehousing and Snowflake,80.0
PRF_00465,Data Science,4,SQL; Tableau; Python; Excel; PowerBI; Snowflake; dbt,Business Intelligence Engineer,Data Science,SQL; Tableau; Python; Excel; PowerBI; Snowflake; dbt,Data Warehousing,87.5,850000,1850000,Learn Data Warehousing,100
PRF_00466,Data Science,3,Python; SQL; Excel; dbt,Business Intelligence Engineer,Data Science,Python; SQL; Excel; dbt,PowerBI; Data Warehousing; Snowflake,50.0,850000,1000000,Learn PowerBI and Data Warehousing,77.1
PRF_00467,Data Science,2,Python; Tableau; Data Warehousing,Business Intelligence Engineer,Data Science,Python; Tableau; Data Warehousing,PowerBI; Snowflake; dbt,37.5,750000,700000,Learn PowerBI and Snowflake,59.8
PRF_00468,Data Science,10,Python; SQL,Business Intelligence Engineer,Data Science,Python; SQL,PowerBI; Data Warehousing; Snowflake; dbt,25.0,1000000,700000,Learn PowerBI and Data Warehousing,43.0
PRF_00469,Data Science,13,SQL; Excel; Tableau; Python; dbt; Data Warehousing,Business Intelligence Engineer,Data Science,SQL; Excel; Tableau; Python; dbt; Data Warehousing,PowerBI; Snowflake,75.0,1550000,2450000,Learn PowerBI and Snowflake,100
PRF_00470,Data Science,2,SQL; Tableau; Python; Excel; Snowflake,Business Intelligence Engineer,Data Science,SQL; Tableau; Python; Excel; Snowflake,PowerBI; Data Warehousing; dbt,62.5,600000,1150000,Learn PowerBI and Data Warehousing,100
PRF_00471,Data Science,9,SQL; Python; Tableau; Excel,Business Intelligence Engineer,Data Science,SQL; Python; Tableau; Excel,PowerBI; Data Warehousing; Snowflake; dbt,50.0,1050000,1400000,Learn PowerBI and Data Warehousing,83.3
PRF_00472,Data Science,11,Tableau; Excel,Business Intelligence Engineer,Data Science,Tableau; Excel,PowerBI; Data Warehousing; Snowflake; dbt,25.0,1050000,750000,Learn PowerBI and Data Warehousing,43.6
PRF_00473,Data Science,11,Excel; Python; SQL; Tableau; Snowflake,Business Intelligence Engineer,Data Science,Excel; Python; SQL; Tableau; Snowflake,PowerBI; Data Warehousing; dbt,62.5,1150000,1900000,Learn PowerBI and Data Warehousing,100
PRF_00474,Data Science,13,SQL; Python,Business Intelligence Engineer,Data Science,SQL; Python,PowerBI; Data Warehousing; Snowflake; dbt,25.0,1100000,800000,Learn PowerBI and Data Warehousing,44.1
PRF_00475,Data Science,10,Tableau; Python; Excel,Business Intelligence Engineer,Data Science,Tableau; Python; Excel,PowerBI; Data Warehousing; Snowflake; dbt,37.5,1200000,1100000,Learn PowerBI and Data Warehousing,59.2
PRF_00476,Data Science,3,SQL; Excel; Tableau; Python,Business Intelligence Engineer,Data Science,SQL; Excel; Tableau; Python,PowerBI; Data Warehousing; Snowflake; dbt,50.0,800000,1000000,Learn PowerBI and Data Warehousing,80.0
PRF_00477,Data Science,10,Python; Excel; Tableau; SQL; dbt; PowerBI; Snowflake,Business Intelligence Engineer,Data Science,Python; Excel; Tableau; SQL; dbt; PowerBI; Snowflake,Data Warehousing,87.5,1200000,2500000,Learn Data Warehousing,100
PRF_00478,Data Science,9,Excel; SQL; Tableau,Business Intelligence Engineer,Data Science,Excel; SQL; Tableau,PowerBI; Data Warehousing; Snowflake; dbt,37.5,950000,1050000,Learn PowerBI and Data Warehousing,66.7
PRF_00479,Data Science,11,Python; Tableau; SQL; Excel; Data Warehousing; PowerBI,Business Intelligence Engineer,Data Science,Python; Tableau; SQL; Excel; Data Warehousing; PowerBI,Snowflake; dbt,75.0,1050000,2250000,Learn Snowflake and dbt,100
PRF_00480,Data Science,2,Python; SQL; Data Warehousing; PowerBI; dbt,Business Intelligence Engineer,Data Science,Python; SQL; Data Warehousing; PowerBI; dbt,Snowflake,62.5,650000,1150000,Learn Snowflake,100
PRF_00481,Data Science,4,Excel; Tableau; SQL; Python; dbt,Business Intelligence Engineer,Data Science,Excel; Tableau; SQL; Python; dbt,PowerBI; Data Warehousing; Snowflake,62.5,750000,1300000,Learn PowerBI and Data Warehousing,100
PRF_00482,Data Science,7,Python; Tableau; SQL; Data Warehousing; PowerBI; dbt,Business Intelligence Engineer,Data Science,Python; Tableau; SQL; Data Warehousing; PowerBI; dbt,Snowflake,75.0,1050000,1850000,Learn Snowflake,100
PRF_00483,Data Science,9,SQL; Python; Excel; Tableau; PowerBI,Business Intelligence Engineer,Data Science,SQL; Python; Excel; Tableau; PowerBI,Data Warehousing; Snowflake; dbt,62.5,1100000,1700000,Learn Data Warehousing and Snowflake,99.3
PRF_00484,Data Science,8,Tableau; Excel; Data Warehousing; PowerBI,Business Intelligence Engineer,Data Science,Tableau; Excel; Data Warehousing; PowerBI,Snowflake; dbt,50.0,950000,1300000,Learn Snowflake and dbt,84.7
PRF_00485,Data Science,13,Tableau; Excel; Python; Snowflake; dbt; Data Warehousing,Business Intelligence Engineer,Data Science,Tableau; Excel; Python; Snowflake; dbt; Data Warehousing,PowerBI,75.0,1350000,2450000,Learn PowerBI,100
PRF_00486,Data Science,10,Tableau; Excel; Python; dbt; Snowflake; Data Warehousing,Business Intelligence Engineer,Data Science,Tableau; Excel; Python; dbt; Snowflake; Data Warehousing,PowerBI,75.0,1100000,2150000,Learn PowerBI,100
PRF_00487,Data Science,1,Tableau; Excel; SQL; Python; Snowflake; Data Warehousing; dbt,Business Intelligence Engineer,Data Science,Tableau; Excel; SQL; Python; Snowflake; Data Warehousing; dbt,PowerBI,87.5,550000,1500000,Learn PowerBI,100
PRF_00488,Data Science,7,SQL; Python; Excel; Tableau,Business Intelligence Engineer,Data Science,SQL; Python; Excel; Tableau,PowerBI; Data Warehousing; Snowflake; dbt,50.0,1100000,1250000,Learn PowerBI and Data Warehousing,75.5
PRF_00489,Data Science,1,Python; SQL; Excel; Tableau; Snowflake; Data Warehousing,Business Intelligence Engineer,Data Science,Python; SQL; Excel; Tableau; Snowflake; Data Warehousing,PowerBI; dbt,75.0,650000,1300000,Learn PowerBI and dbt,100
PRF_00490,Data Science,1,Excel; SQL; Data Warehousing,Business Intelligence Engineer,Data Science,Excel; SQL; Data Warehousing,PowerBI; Snowflake; dbt,37.5,650000,650000,Learn PowerBI and Snowflake,62.5
PRF_00491,Data Science,1,Excel; SQL; dbt; Snowflake,Business Intelligence Engineer,Data Science,Excel; SQL; dbt; Snowflake,PowerBI; Data Warehousing,50.0,500000,850000,Learn PowerBI and Data Warehousing,98.0
PRF_00492,Data Science,10,Tableau; Python; Excel; PowerBI; Data Warehousing,Business Intelligence Engineer,Data Science,Tableau; Python; Excel; PowerBI; Data Warehousing,Snowflake; dbt,62.5,1250000,1800000,Learn Snowflake and dbt,95.1
PRF_00493,Data Science,8,Tableau; Python; Excel; dbt,Business Intelligence Engineer,Data Science,Tableau; Python; Excel; dbt,PowerBI; Data Warehousing; Snowflake,50.0,1000000,1300000,Learn PowerBI and Data Warehousing,82.0
PRF_00494,Data Science,7,Python; Excel; Tableau; SQL; Snowflake,Business Intelligence Engineer,Data Science,Python; Excel; Tableau; SQL; Snowflake,PowerBI; Data Warehousing; dbt,62.5,900000,1550000,Learn PowerBI and Data Warehousing,100
PRF_00495,Data Science,11,SQL; Excel; Tableau,Business Intelligence Engineer,Data Science,SQL; Excel; Tableau,PowerBI; Data Warehousing; Snowflake; dbt,37.5,1200000,1150000,Learn PowerBI and Data Warehousing,60.8
PRF_00496,Data Science,12,Tableau; SQL; Excel; Python; Data Warehousing; Snowflake,Business Intelligence Engineer,Data Science,Tableau; SQL; Excel; Python; Data Warehousing; Snowflake,PowerBI; dbt,75.0,1250000,2350000,Learn PowerBI and dbt,100
PRF_00497,Data Science,13,SQL; Excel; Python; PowerBI,Business Intelligence Engineer,Data Science,SQL; Excel; Python; PowerBI,Data Warehousing; Snowflake; dbt,50.0,1600000,1650000,Learn Data Warehousing and Snowflake,71.2
PRF_00498,Data Science,9,Excel; Tableau; PowerBI; Data Warehousing,Business Intelligence Engineer,Data Science,Excel; Tableau; PowerBI; Data Warehousing,Snowflake; dbt,50.0,950000,1400000,Learn Snowflake and dbt,88.9
PRF_00499,Data Science,9,Tableau; Python; SQL; PowerBI; Data Warehousing,Business Intelligence Engineer,Data Science,Tableau; Python; SQL; PowerBI; Data Warehousing,Snowflake; dbt,62.5,1250000,1700000,Learn Snowflake and dbt,91.9
PRF_00500,Data Science,12,SQL; Tableau; Excel; Python; Data Warehousing,Business Intelligence Engineer,Data Science,SQL; Tableau; Excel; Python; Data Warehousing,PowerBI; Snowflake; dbt,62.5,1400000,1950000,Learn PowerBI and Snowflake,93.2
PRF_00501,Java Developer,8,Spring Boot; Java; REST APIs; Hibernate; Kubernetes,Lead Java Microservices Architect,Java Developer,Spring Boot; Java; REST APIs; Hibernate; Kubernetes,Kafka; Docker; System Design; Microservices,55.6,1750000,2350000,Learn Kafka and Docker,87.1
PRF_00502,Java Developer,14,Java; REST APIs; Docker; Kubernetes,Lead Java Microservices Architect,Java Developer,Java; REST APIs; Docker; Kubernetes,Kafka; System Design; Microservices,44.4,1850000,2450000,Learn Kafka and System Design,79.6
PRF_00503,Java Developer,8,Hibernate; Spring Boot; Java; REST APIs; Kafka; Kubernetes,Lead Java Microservices Architect,Java Developer,Hibernate; Spring Boot; Java; REST APIs; Kafka; Kubernetes,Docker; System Design; Microservices,66.7,1900000,2850000,Learn Docker and System Design,100
PRF_00504,Java Developer,2,Java; REST APIs; Spring Boot; Hibernate; System Design; Microservices,Lead Java Microservices Architect,Java Developer,Java; REST APIs; Spring Boot; Hibernate; System Design; Microservices,Kafka; Kubernetes; Docker,66.7,950000,2000000,Learn Kafka and Kubernetes,100
PRF_00505,Java Developer,6,Java; Spring Boot; Hibernate; REST APIs; Docker; System Design; Kubernetes,Lead Java Microservices Architect,Java Developer,Java; Spring Boot; Hibernate; REST APIs; Docker; System Design; Kubernetes,Kafka; Microservices,77.8,1250000,3000000,Learn Kafka and Microservices,100
PRF_00506,Java Developer,2,Java; REST APIs; Microservices; Docker,Lead Java Microservices Architect,Java Developer,Java; REST APIs; Microservices; Docker,Kafka; Kubernetes; System Design,44.4,950000,1350000,Learn Kafka and Kubernetes,83.5
PRF_00507,Java Developer,6,REST APIs; Spring Boot; Java; Kubernetes,Lead Java Microservices Architect,Java Developer,REST APIs; Spring Boot; Java; Kubernetes,Kafka; Docker; System Design; Microservices,44.4,1600000,1700000,Learn Kafka and Docker,69.1
PRF_00508,Java Developer,8,Java; Spring Boot; Hibernate; REST APIs; Docker; Kubernetes; Microservices,Lead Java Microservices Architect,Java Developer,Java; Spring Boot; Hibernate; REST APIs; Docker; Kubernetes; Microservices,Kafka; System Design,77.8,1500000,3300000,Learn Kafka and System Design,100
PRF_00509,Java Developer,8,Hibernate; Java; Kafka; Kubernetes; Docker,Lead Java Microservices Architect,Java Developer,Hibernate; Java; Kafka; Kubernetes; Docker,System Design; Microservices,55.6,1900000,2350000,Learn System Design and Microservices,82.8
PRF_00510,Java Developer,13,Hibernate; Java,Lead Java Microservices Architect,Java Developer,Hibernate; Java,Kafka; Kubernetes; Docker; System Design; Microservices,22.2,2400000,1200000,Learn Kafka and Kubernetes,33.3
PRF_00511,Java Developer,3,REST APIs; Spring Boot; Hibernate; Java; Microservices; System Design; Kafka,Lead Java Microservices Architect,Java Developer,REST APIs; Spring Boot; Hibernate; Java; Microservices; System Design; Kafka,Kubernetes; Docker,77.8,1050000,2500000,Learn Kubernetes and Docker,100
PRF_00512,Java Developer,5,REST APIs; Spring Boot; Microservices,Lead Java Microservices Architect,Java Developer,REST APIs; Spring Boot; Microservices,Kafka; Kubernetes; Docker; System Design,33.3,1150000,1200000,Learn Kafka and Kubernetes,61.7
PRF_00513,Java Developer,12,REST APIs; Spring Boot; Java; Kafka,Lead Java Microservices Architect,Java Developer,REST APIs; Spring Boot; Java; Kafka,Kubernetes; Docker; System Design; Microservices,44.4,2050000,2250000,Learn Kubernetes and Docker,70.5
PRF_00514,Java Developer,7,Spring Boot; REST APIs; Microservices; Docker; Kubernetes,Lead Java Microservices Architect,Java Developer,Spring Boot; REST APIs; Microservices; Docker; Kubernetes,Kafka; System Design,55.6,1800000,2250000,Learn Kafka and System Design,83.4
PRF_00515,Java Developer,6,Java; Spring Boot; Hibernate; Kubernetes; Microservices; System Design,Lead Java Microservices Architect,Java Developer,Java; Spring Boot; Hibernate; Kubernetes; Microservices; System Design,Kafka; Docker,66.7,1150000,2550000,Learn Kafka and Docker,100
PRF_00516,Java Developer,4,Spring Boot; Java; REST APIs; Hibernate; Docker; Microservices; Kubernetes,Lead Java Microservices Architect,Java Developer,Spring Boot; Java; REST APIs; Hibernate; Docker; Microservices; Kubernetes,Kafka; System Design,77.8,1150000,2650000,Learn Kafka and System Design,100
PRF_00517,Java Developer,14,Spring Boot; Hibernate; REST APIs; Java; Docker; Kubernetes; Microservices,Lead Java Microservices Architect,Java Developer,Spring Boot; Hibernate; REST APIs; Java; Docker; Kubernetes; Microservices,Kafka; System Design,77.8,2650000,4300000,Learn Kafka and System Design,100
PRF_00518,Java Developer,10,Spring Boot; Hibernate; Java; Microservices; Kafka,Lead Java Microservices Architect,Java Developer,Spring Boot; Hibernate; Java; Microservices; Kafka,Kubernetes; Docker; System Design,55.6,2150000,2600000,Learn Kubernetes and Docker,81.7
PRF_00519,Java Developer,9,REST APIs; Hibernate,Lead Java Microservices Architect,Java Developer,REST APIs; Hibernate,Kafka; Kubernetes; Docker; System Design; Microservices,22.2,1950000,1000000,Learn Kafka and Kubernetes,33.8
PRF_00520,Java Developer,13,REST APIs; Spring Boot; Hibernate; Kubernetes; System Design; Kafka,Lead Java Microservices Architect,Java Developer,REST APIs; Spring Boot; Hibernate; Kubernetes; System Design; Kafka,Docker; Microservices,66.7,2100000,3550000,Learn Docker and Microservices,100
PRF_00521,Java Developer,3,Hibernate; Java; Spring Boot; Kubernetes,Lead Java Microservices Architect,Java Developer,Hibernate; Java; Spring Boot; Kubernetes,Kafka; Docker; System Design; Microservices,44.4,900000,1450000,Learn Kafka and Docker,91.1
PRF_00522,Java Developer,7,Spring Boot; Java; Hibernate; REST APIs; System Design,Lead Java Microservices Architect,Java Developer,Spring Boot; Java; Hibernate; REST APIs; System Design,Kafka; Kubernetes; Docker; Microservices,55.6,1750000,2250000,Learn Kafka and Kubernetes,84.8
PRF_00523,Java Developer,5,Spring Boot; Hibernate; Kubernetes; System Design,Lead Java Microservices Architect,Java Developer,Spring Boot; Hibernate; Kubernetes; System Design,Kafka; Docker; Microservices,44.4,1500000,1600000,Learn Kafka and Docker,69.3
PRF_00524,Java Developer,9,Spring Boot; Hibernate; Java; REST APIs; Kafka; Kubernetes,Lead Java Microservices Architect,Java Developer,Spring Boot; Hibernate; Java; REST APIs; Kafka; Kubernetes,Docker; System Design; Microservices,66.7,1950000,3000000,Learn Docker and System Design,100
PRF_00525,Java Developer,10,REST APIs; Spring Boot; Java; Docker,Lead Java Microservices Architect,Java Developer,REST APIs; Spring Boot; Java; Docker,Kafka; Kubernetes; System Design; Microservices,44.4,1900000,2100000,Learn Kafka and Kubernetes,70.9
PRF_00526,Java Developer,14,Spring Boot; Java; REST APIs; Hibernate; Microservices; Kubernetes,Lead Java Microservices Architect,Java Developer,Spring Boot; Java; REST APIs; Hibernate; Microservices; Kubernetes,Kafka; Docker; System Design,66.7,2200000,3700000,Learn Kafka and Docker,100
PRF_00527,Java Developer,10,Spring Boot; Java; Hibernate; REST APIs; Microservices; Docker,Lead Java Microservices Architect,Java Developer,Spring Boot; Java; Hibernate; REST APIs; Microservices; Docker,Kafka; Kubernetes; System Design,66.7,1650000,3100000,Learn Kafka and Kubernetes,100
PRF_00528,Java Developer,11,Hibernate; Spring Boot; Java; REST APIs,Lead Java Microservices Architect,Java Developer,Hibernate; Spring Boot; Java; REST APIs,Kafka; Kubernetes; Docker; System Design; Microservices,44.4,1550000,2150000,Learn Kafka and Kubernetes,82.1
PRF_00529,Java Developer,2,Hibernate; Java; Spring Boot; REST APIs,Lead Java Microservices Architect,Java Developer,Hibernate; Java; Spring Boot; REST APIs,Kafka; Kubernetes; Docker; System Design; Microservices,44.4,800000,1350000,Learn Kafka and Kubernetes,94.1
PRF_00530,Java Developer,1,Spring Boot; Hibernate,Lead Java Microservices Architect,Java Developer,Spring Boot; Hibernate,Kafka; Kubernetes; Docker; System Design; Microservices,22.2,900000,600000,Learn Kafka and Kubernetes,40.0
PRF_00531,Java Developer,3,Java; REST APIs; Spring Boot; Hibernate; System Design; Docker; Kafka,Lead Java Microservices Architect,Java Developer,Java; REST APIs; Spring Boot; Hibernate; System Design; Docker; Kafka,Kubernetes; Microservices,77.8,1350000,2500000,Learn Kubernetes and Microservices,100
PRF_00532,Java Developer,6,REST APIs; Spring Boot,Lead Java Microservices Architect,Java Developer,REST APIs; Spring Boot,Kafka; Kubernetes; Docker; System Design; Microservices,22.2,1500000,850000,Learn Kafka and Kubernetes,36.0
PRF_00533,Java Developer,11,REST APIs; Spring Boot,Lead Java Microservices Architect,Java Developer,REST APIs; Spring Boot,Kafka; Kubernetes; Docker; System Design; Microservices,22.2,1700000,1100000,Learn Kafka and Kubernetes,39.2
PRF_00534,Java Developer,2,Hibernate; Java; Spring Boot; Docker; Kafka,Lead Java Microservices Architect,Java Developer,Hibernate; Java; Spring Boot; Docker; Kafka,Kubernetes; System Design; Microservices,55.6,950000,1700000,Learn Kubernetes and System Design,100
PRF_00535,Java Developer,14,Java; Spring Boot; REST APIs,Lead Java Microservices Architect,Java Developer,Java; Spring Boot; REST APIs,Kafka; Kubernetes; Docker; System Design; Microservices,33.3,2650000,1850000,Learn Kafka and Kubernetes,47.9
PRF_00536,Java Developer,8,Hibernate; REST APIs; Spring Boot; Microservices,Lead Java Microservices Architect,Java Developer,Hibernate; REST APIs; Spring Boot; Microservices,Kafka; Kubernetes; Docker; System Design,44.4,1300000,1900000,Learn Kafka and Kubernetes,85.1
PRF_00537,Java Developer,1,Spring Boot; REST APIs; Hibernate; Java; Kubernetes; System Design,Lead Java Microservices Architect,Java Developer,Spring Boot; REST APIs; Hibernate; Java; Kubernetes; System Design,Kafka; Docker; Microservices,66.7,800000,1850000,Learn Kafka and Docker,100
PRF_00538,Java Developer,7,REST APIs; Java; Hibernate,Lead Java Microservices Architect,Java Developer,REST APIs; Java; Hibernate,Kafka; Kubernetes; Docker; System Design; Microservices,33.3,1650000,1350000,Learn Kafka and Kubernetes,52.7
PRF_00539,Java Developer,13,Java; Spring Boot; REST APIs; Docker; Kubernetes,Lead Java Microservices Architect,Java Developer,Java; Spring Boot; REST APIs; Docker; Kubernetes,Kafka; System Design; Microservices,55.6,2350000,2950000,Learn Kafka and System Design,83.6
PRF_00540,Java Developer,14,Spring Boot; REST APIs; Java; Kubernetes; Kafka; Docker,Lead Java Microservices Architect,Java Developer,Spring Boot; REST APIs; Java; Kubernetes; Kafka; Docker,System Design; Microservices,66.7,2400000,3700000,Learn System Design and Microservices,100
PRF_00541,Java Developer,8,Spring Boot; Hibernate; Microservices; Kafka,Lead Java Microservices Architect,Java Developer,Spring Boot; Hibernate; Microservices; Kafka,Kubernetes; Docker; System Design,44.4,1700000,1900000,Learn Kubernetes and Docker,71.3
PRF_00542,Java Developer,1,Java; REST APIs; Hibernate; Docker; Microservices,Lead Java Microservices Architect,Java Developer,Java; REST APIs; Hibernate; Docker; Microservices,Kafka; Kubernetes; System Design,55.6,950000,1550000,Learn Kafka and Kubernetes,98.6
PRF_00543,Java Developer,7,REST APIs; Spring Boot; Hibernate; Java,Lead Java Microservices Architect,Java Developer,REST APIs; Spring Boot; Hibernate; Java,Kafka; Kubernetes; Docker; System Design; Microservices,44.4,1450000,1800000,Learn Kafka and Kubernetes,76.3
PRF_00544,Java Developer,11,Spring Boot; Java; Hibernate; REST APIs; Kafka; Microservices,Lead Java Microservices Architect,Java Developer,Spring Boot; Java; Hibernate; REST APIs; Kafka; Microservices,Kubernetes; Docker; System Design,66.7,1850000,3250000,Learn Kubernetes and Docker,100
PRF_00545,Java Developer,6,REST APIs; Hibernate; Spring Boot; Java,Lead Java Microservices Architect,Java Developer,REST APIs; Hibernate; Spring Boot; Java,Kafka; Kubernetes; Docker; System Design; Microservices,44.4,1200000,1700000,Learn Kafka and Kubernetes,83.3
PRF_00546,Java Developer,11,Spring Boot; REST APIs; Java; Hibernate; System Design; Microservices,Lead Java Microservices Architect,Java Developer,Spring Boot; REST APIs; Java; Hibernate; System Design; Microservices,Kafka; Kubernetes; Docker,66.7,1550000,3250000,Learn Kafka and Kubernetes,100
PRF_00547,Java Developer,9,Spring Boot; REST APIs; Hibernate; Java,Lead Java Microservices Architect,Java Developer,Spring Boot; REST APIs; Hibernate; Java,Kafka; Kubernetes; Docker; System Design; Microservices,44.4,1450000,2000000,Learn Kafka and Kubernetes,81.8
PRF_00548,Java Developer,2,Java; REST APIs; Spring Boot; Hibernate,Lead Java Microservices Architect,Java Developer,Java; REST APIs; Spring Boot; Hibernate,Kafka; Kubernetes; Docker; System Design; Microservices,44.4,1000000,1350000,Learn Kafka and Kubernetes,80.6
PRF_00549,Java Developer,10,Hibernate; Spring Boot; Microservices,Lead Java Microservices Architect,Java Developer,Hibernate; Spring Boot; Microservices,Kafka; Kubernetes; Docker; System Design,33.3,1900000,1550000,Learn Kafka and Kubernetes,52.6
PRF_00550,Java Developer,13,Hibernate; REST APIs; Spring Boot; Java,Lead Java Microservices Architect,Java Developer,Hibernate; REST APIs; Spring Boot; Java,Kafka; Kubernetes; Docker; System Design; Microservices,44.4,2100000,2350000,Learn Kafka and Kubernetes,71.4
PRF_00551,Java Developer,10,Hibernate; Spring Boot; Java; Kafka; Docker; Microservices,Lead Java Microservices Architect,Java Developer,Hibernate; Spring Boot; Java; Kafka; Docker; Microservices,Kubernetes; System Design,66.7,1900000,3100000,Learn Kubernetes and System Design,100
PRF_00552,Java Developer,9,Java; Spring Boot; REST APIs; Hibernate; Microservices; Kafka,Lead Java Microservices Architect,Java Developer,Java; Spring Boot; REST APIs; Hibernate; Microservices; Kafka,Kubernetes; Docker; System Design,66.7,1700000,3000000,Learn Kubernetes and Docker,100
PRF_00553,Java Developer,1,Hibernate; REST APIs; Java; Kubernetes; Microservices; Docker,Lead Java Microservices Architect,Java Developer,Hibernate; REST APIs; Java; Kubernetes; Microservices; Docker,Kafka; System Design,66.7,950000,1850000,Learn Kafka and System Design,100
PRF_00554,Java Developer,3,Spring Boot; REST APIs; Java; Hibernate; Kubernetes; Docker; System Design,Lead Java Microservices Architect,Java Developer,Spring Boot; REST APIs; Java; Hibernate; Kubernetes; Docker; System Design,Kafka; Microservices,77.8,950000,2500000,Learn Kafka and Microservices,100
PRF_00555,Java Developer,1,Java; Hibernate; REST APIs; Spring Boot; Docker; Kafka; System Design,Lead Java Microservices Architect,Java Developer,Java; Hibernate; REST APIs; Spring Boot; Docker; Kafka; System Design,Kubernetes; Microservices,77.8,1050000,2200000,Learn Kubernetes and Microservices,100
PRF_00556,Java Developer,7,Hibernate; Spring Boot; REST APIs; Java; Docker; Kafka; Microservices,Lead Java Microservices Architect,Java Developer,Hibernate; Spring Boot; REST APIs; Java; Docker; Kafka; Microservices,Kubernetes; System Design,77.8,1800000,3150000,Learn Kubernetes and System Design,100
PRF_00557,Java Developer,12,Spring Boot; REST APIs,Lead Java Microservices Architect,Java Developer,Spring Boot; REST APIs,Kafka; Kubernetes; Docker; System Design; Microservices,22.2,1800000,1150000,Learn Kafka and Kubernetes,38.9
PRF_00558,Java Developer,1,Hibernate; Spring Boot; Kubernetes; Microservices; Kafka,Lead Java Microservices Architect,Java Developer,Hibernate; Spring Boot; Kubernetes; Microservices; Kafka,Docker; System Design,55.6,850000,1550000,Learn Docker and System Design,100
PRF_00559,Java Developer,2,Java; Hibernate; REST APIs; System Design,Lead Java Microservices Architect,Java Developer,Java; Hibernate; REST APIs; System Design,Kafka; Kubernetes; Docker; Microservices,44.4,1100000,1350000,Learn Kafka and Kubernetes,75.7
PRF_00560,Java Developer,10,REST APIs; Spring Boot; Java; Hibernate; Microservices; Docker,Lead Java Microservices Architect,Java Developer,REST APIs; Spring Boot; Java; Hibernate; Microservices; Docker,Kafka; Kubernetes; System Design,66.7,1500000,3100000,Learn Kafka and Kubernetes,100
PRF_00561,Java Developer,3,REST APIs; Hibernate; System Design; Docker; Kafka,Lead Java Microservices Architect,Java Developer,REST APIs; Hibernate; System Design; Docker; Kafka,Kubernetes; Microservices,55.6,950000,1800000,Learn Kubernetes and Microservices,100
PRF_00562,Java Developer,6,REST APIs; Hibernate; Java; Spring Boot; Docker; Kafka; System Design,Lead Java Microservices Architect,Java Developer,REST APIs; Hibernate; Java; Spring Boot; Docker; Kafka; System Design,Kubernetes; Microservices,77.8,1100000,3000000,Learn Kubernetes and Microservices,100
PRF_00563,Java Developer,10,Spring Boot; REST APIs; Hibernate; Java; Microservices,Lead Java Microservices Architect,Java Developer,Spring Boot; REST APIs; Hibernate; Java; Microservices,Kafka; Kubernetes; Docker; System Design,55.6,1750000,2600000,Learn Kafka and Kubernetes,92.8
PRF_00564,Java Developer,3,Java; REST APIs; Spring Boot; Hibernate; Kubernetes,Lead Java Microservices Architect,Java Developer,Java; REST APIs; Spring Boot; Hibernate; Kubernetes,Kafka; Docker; System Design; Microservices,55.6,1050000,1800000,Learn Kafka and Docker,100
PRF_00565,Java Developer,9,Java; Spring Boot; Kubernetes; Docker; Microservices,Lead Java Microservices Architect,Java Developer,Java; Spring Boot; Kubernetes; Docker; Microservices,Kafka; System Design,55.6,1900000,2500000,Learn Kafka and System Design,86.0
PRF_00566,Java Developer,7,Hibernate; Spring Boot; REST APIs; Java,Lead Java Microservices Architect,Java Developer,Hibernate; Spring Boot; REST APIs; Java,Kafka; Kubernetes; Docker; System Design; Microservices,44.4,1700000,1800000,Learn Kafka and Kubernetes,69.0
PRF_00567,Java Developer,8,Java; Hibernate; Spring Boot; REST APIs; System Design; Kafka,Lead Java Microservices Architect,Java Developer,Java; Hibernate; Spring Boot; REST APIs; System Design; Kafka,Kubernetes; Docker; Microservices,66.7,1300000,2850000,Learn Kubernetes and Docker,100
PRF_00568,Java Developer,4,Hibernate; REST APIs; Kubernetes,Lead Java Microservices Architect,Java Developer,Hibernate; REST APIs; Kubernetes,Kafka; Docker; System Design; Microservices,33.3,1100000,1150000,Learn Kafka and Docker,61.8
PRF_00569,Java Developer,7,Spring Boot; REST APIs; Hibernate; Microservices; Kubernetes; Kafka,Lead Java Microservices Architect,Java Developer,Spring Boot; REST APIs; Hibernate; Microservices; Kubernetes; Kafka,Docker; System Design,66.7,1650000,2700000,Learn Docker and System Design,100
PRF_00570,Java Developer,13,Hibernate; REST APIs; Spring Boot; Java; System Design; Docker,Lead Java Microservices Architect,Java Developer,Hibernate; REST APIs; Spring Boot; Java; System Design; Docker,Kafka; Kubernetes; Microservices,66.7,1900000,3550000,Learn Kafka and Kubernetes,100
PRF_00571,Java Developer,1,Spring Boot; Java; Kafka,Lead Java Microservices Architect,Java Developer,Spring Boot; Java; Kafka,Kubernetes; Docker; System Design; Microservices,33.3,850000,950000,Learn Kubernetes and Docker,64.7
PRF_00572,Java Developer,13,Spring Boot; Hibernate; Java; REST APIs,Lead Java Microservices Architect,Java Developer,Spring Boot; Hibernate; Java; REST APIs,Kafka; Kubernetes; Docker; System Design; Microservices,44.4,1750000,2350000,Learn Kafka and Kubernetes,80.4
PRF_00573,Java Developer,1,Java; Hibernate; Spring Boot; System Design; Kafka; Docker,Lead Java Microservices Architect,Java Developer,Java; Hibernate; Spring Boot; System Design; Kafka; Docker,Kubernetes; Microservices,66.7,750000,1850000,Learn Kubernetes and Microservices,100
PRF_00574,Java Developer,2,REST APIs; Hibernate; Spring Boot,Lead Java Microservices Architect,Java Developer,REST APIs; Hibernate; Spring Boot,Kafka; Kubernetes; Docker; System Design; Microservices,33.3,1000000,1000000,Learn Kafka and Kubernetes,60.0
PRF_00575,Java Developer,14,Spring Boot; Java; REST APIs; Hibernate; System Design,Lead Java Microservices Architect,Java Developer,Spring Boot; Java; REST APIs; Hibernate; System Design,Kafka; Kubernetes; Docker; Microservices,55.6,2050000,3050000,Learn Kafka and Kubernetes,92.9
PRF_00576,Java Developer,14,REST APIs; Spring Boot; Java; Kubernetes,Lead Java Microservices Architect,Java Developer,REST APIs; Spring Boot; Java; Kubernetes,Kafka; Docker; System Design; Microservices,44.4,2150000,2450000,Learn Kafka and Docker,72.2
PRF_00577,Java Developer,8,Spring Boot; REST APIs,Lead Java Microservices Architect,Java Developer,Spring Boot; REST APIs,Kafka; Kubernetes; Docker; System Design; Microservices,22.2,1350000,950000,Learn Kafka and Kubernetes,41.5
PRF_00578,Java Developer,3,Spring Boot; Java; Hibernate; REST APIs,Lead Java Microservices Architect,Java Developer,Spring Boot; Java; Hibernate; REST APIs,Kafka; Kubernetes; Docker; System Design; Microservices,44.4,1200000,1450000,Learn Kafka and Kubernetes,75.0
PRF_00579,Java Developer,2,Hibernate; Java; Kubernetes; Kafka; Microservices,Lead Java Microservices Architect,Java Developer,Hibernate; Java; Kubernetes; Kafka; Microservices,Docker; System Design,55.6,900000,1700000,Learn Docker and System Design,100
PRF_00580,Java Developer,5,Java; Hibernate; Microservices; Kafka; Docker,Lead Java Microservices Architect,Java Developer,Java; Hibernate; Microservices; Kafka; Docker,Kubernetes; System Design,55.6,1400000,2000000,Learn Kubernetes and System Design,90.5
PRF_00581,Java Developer,3,Spring Boot; Hibernate; REST APIs; Kubernetes; Kafka,Lead Java Microservices Architect,Java Developer,Spring Boot; Hibernate; REST APIs; Kubernetes; Kafka,Docker; System Design; Microservices,55.6,1100000,1800000,Learn Docker and System Design,98.8
PRF_00582,Java Developer,3,Spring Boot; Java; Hibernate; System Design; Microservices,Lead Java Microservices Architect,Java Developer,Spring Boot; Java; Hibernate; System Design; Microservices,Kafka; Kubernetes; Docker,55.6,1350000,1800000,Learn Kafka and Kubernetes,86.7
PRF_00583,Java Developer,2,Spring Boot; Java; REST APIs; Hibernate; Microservices; Docker,Lead Java Microservices Architect,Java Developer,Spring Boot; Java; REST APIs; Hibernate; Microservices; Docker,Kafka; Kubernetes; System Design,66.7,1150000,2000000,Learn Kafka and Kubernetes,100
PRF_00584,Java Developer,2,Java; REST APIs; Spring Boot; Docker; Kubernetes,Lead Java Microservices Architect,Java Developer,Java; REST APIs; Spring Boot; Docker; Kubernetes,Kafka; System Design; Microservices,55.6,1150000,1700000,Learn Kafka and System Design,92.5
PRF_00585,Java Developer,7,Java; Spring Boot; Kafka,Lead Java Microservices Architect,Java Developer,Java; Spring Boot; Kafka,Kubernetes; Docker; System Design; Microservices,33.3,1350000,1350000,Learn Kubernetes and Docker,60.0
PRF_00586,Java Developer,4,Spring Boot; REST APIs; Hibernate; System Design,Lead Java Microservices Architect,Java Developer,Spring Boot; REST APIs; Hibernate; System Design,Kafka; Kubernetes; Docker; Microservices,44.4,1250000,1500000,Learn Kafka and Kubernetes,74.6
PRF_00587,Java Developer,6,Java; Hibernate; Kafka,Lead Java Microservices Architect,Java Developer,Java; Hibernate; Kafka,Kubernetes; Docker; System Design; Microservices,33.3,1300000,1300000,Learn Kubernetes and Docker,60.0
PRF_00588,Java Developer,6,Hibernate; Spring Boot; Microservices; Kafka,Lead Java Microservices Architect,Java Developer,Hibernate; Spring Boot; Microservices; Kafka,Kubernetes; Docker; System Design,44.4,1250000,1700000,Learn Kubernetes and Docker,81.0
PRF_00589,Java Developer,3,Hibernate; Spring Boot; REST APIs; Java; Kubernetes,Lead Java Microservices Architect,Java Developer,Hibernate; Spring Boot; REST APIs; Java; Kubernetes,Kafka; Docker; System Design; Microservices,55.6,1050000,1800000,Learn Kafka and Docker,100
PRF_00590,Java Developer,4,Java; REST APIs; Hibernate; Spring Boot; Kubernetes; Kafka; System Design,Lead Java Microservices Architect,Java Developer,Java; REST APIs; Hibernate; Spring Boot; Kubernetes; Kafka; System Design,Docker; Microservices,77.8,1250000,2650000,Learn Docker and Microservices,100
PRF_00591,Java Developer,1,Java; Hibernate; Spring Boot; REST APIs; System Design,Lead Java Microservices Architect,Java Developer,Java; Hibernate; Spring Boot; REST APIs; System Design,Kafka; Kubernetes; Docker; Microservices,55.6,950000,1550000,Learn Kafka and Kubernetes,98.6
PRF_00592,Java Developer,3,Java; Spring Boot; System Design; Kubernetes; Kafka,Lead Java Microservices Architect,Java Developer,Java; Spring Boot; System Design; Kubernetes; Kafka,Docker; Microservices,55.6,1300000,1800000,Learn Docker and Microservices,88.7
PRF_00593,Java Developer,1,Hibernate; Spring Boot; Java; System Design; Microservices,Lead Java Microservices Architect,Java Developer,Hibernate; Spring Boot; Java; System Design; Microservices,Kafka; Kubernetes; Docker,55.6,700000,1550000,Learn Kafka and Kubernetes,100
PRF_00594,Java Developer,12,Spring Boot; Hibernate; Java; Kubernetes; Docker,Lead Java Microservices Architect,Java Developer,Spring Boot; Hibernate; Java; Kubernetes; Docker,Kafka; System Design; Microservices,55.6,1900000,2850000,Learn Kafka and System Design,93.4
PRF_00595,Java Developer,1,Hibernate; Spring Boot,Lead Java Microservices Architect,Java Developer,Hibernate; Spring Boot,Kafka; Kubernetes; Docker; System Design; Microservices,22.2,850000,600000,Learn Kafka and Kubernetes,41.6
PRF_00596,Java Developer,12,REST APIs; Spring Boot; Hibernate; Kafka; Docker,Lead Java Microservices Architect,Java Developer,REST APIs; Spring Boot; Hibernate; Kafka; Docker,Kubernetes; System Design; Microservices,55.6,2350000,2850000,Learn Kubernetes and System Design,81.9
PRF_00597,Java Developer,10,Spring Boot; Hibernate; Java; REST APIs,Lead Java Microservices Architect,Java Developer,Spring Boot; Hibernate; Java; REST APIs,Kafka; Kubernetes; Docker; System Design; Microservices,44.4,1900000,2100000,Learn Kafka and Kubernetes,70.9
PRF_00598,Java Developer,13,Hibernate; REST APIs,Lead Java Microservices Architect,Java Developer,Hibernate; REST APIs,Kafka; Kubernetes; Docker; System Design; Microservices,22.2,2100000,1200000,Learn Kafka and Kubernetes,36.2
PRF_00599,Java Developer,10,Java; Spring Boot; Hibernate; REST APIs; System Design; Microservices,Lead Java Microservices Architect,Java Developer,Java; Spring Boot; Hibernate; REST APIs; System Design; Microservices,Kafka; Kubernetes; Docker,66.7,1550000,3100000,Learn Kafka and Kubernetes,100
PRF_00600,Java Developer,6,REST APIs; Hibernate; Java,Lead Java Microservices Architect,Java Developer,REST APIs; Hibernate; Java,Kafka; Kubernetes; Docker; System Design; Microservices,33.3,1700000,1300000,Learn Kafka and Kubernetes,50.6
PRF_00601,Java Developer,11,REST APIs; Hibernate; Microservices,Lead Java Microservices Architect,Java Developer,REST APIs; Hibernate; Microservices,Kafka; Kubernetes; Docker; System Design,33.3,2200000,1650000,Learn Kafka and Kubernetes,50.0
PRF_00602,Java Developer,1,Spring Boot; Java; REST APIs; Microservices; System Design,Lead Java Microservices Architect,Java Developer,Spring Boot; Java; REST APIs; Microservices; System Design,Kafka; Kubernetes; Docker,55.6,800000,1550000,Learn Kafka and Kubernetes,100
PRF_00603,Java Developer,7,REST APIs; Java; Docker,Lead Java Microservices Architect,Java Developer,REST APIs; Java; Docker,Kafka; Kubernetes; System Design; Microservices,33.3,1800000,1350000,Learn Kafka and Kubernetes,50.0
PRF_00604,Java Developer,12,Hibernate; Java; Microservices; Docker,Lead Java Microservices Architect,Java Developer,Hibernate; Java; Microservices; Docker,Kafka; Kubernetes; System Design,44.4,2350000,2250000,Learn Kafka and Kubernetes,64.9
PRF_00605,Java Developer,6,Spring Boot; REST APIs,Lead Java Microservices Architect,Java Developer,Spring Boot; REST APIs,Kafka; Kubernetes; Docker; System Design; Microservices,22.2,1300000,850000,Learn Kafka and Kubernetes,39.5
PRF_00606,Java Developer,4,Hibernate; Java; REST APIs; Spring Boot; Kubernetes; Microservices,Lead Java Microservices Architect,Java Developer,Hibernate; Java; REST APIs; Spring Boot; Kubernetes; Microservices,Kafka; Docker; System Design,66.7,1050000,2300000,Learn Kafka and Docker,100
PRF_00607,Java Developer,11,Spring Boot; Hibernate; REST APIs; Docker; System Design; Kubernetes,Lead Java Microservices Architect,Java Developer,Spring Boot; Hibernate; REST APIs; Docker; System Design; Kubernetes,Kafka; Microservices,66.7,2200000,3250000,Learn Kafka and Microservices,99.1
PRF_00608,Java Developer,12,REST APIs; Hibernate; Java; Spring Boot; Kubernetes,Lead Java Microservices Architect,Java Developer,REST APIs; Hibernate; Java; Spring Boot; Kubernetes,Kafka; Docker; System Design; Microservices,55.6,2350000,2850000,Learn Kafka and Docker,81.9
PRF_00609,Java Developer,3,Java; Hibernate; REST APIs; System Design; Microservices,Lead Java Microservices Architect,Java Developer,Java; Hibernate; REST APIs; System Design; Microservices,Kafka; Kubernetes; Docker,55.6,1100000,1800000,Learn Kafka and Kubernetes,98.8
PRF_00610,Java Developer,12,Hibernate; REST APIs; Kubernetes,Lead Java Microservices Architect,Java Developer,Hibernate; REST APIs; Kubernetes,Kafka; Docker; System Design; Microservices,33.3,1650000,1700000,Learn Kafka and Docker,61.2
PRF_00611,Java Developer,7,Hibernate; Java; REST APIs; Kafka; System Design,Lead Java Microservices Architect,Java Developer,Hibernate; Java; REST APIs; Kafka; System Design,Kubernetes; Docker; Microservices,55.6,1300000,2250000,Learn Kubernetes and Docker,100
PRF_00612,Java Developer,5,Hibernate; Spring Boot; REST APIs; Java; System Design,Lead Java Microservices Architect,Java Developer,Hibernate; Spring Boot; REST APIs; Java; System Design,Kafka; Kubernetes; Docker; Microservices,55.6,1200000,2000000,Learn Kafka and Kubernetes,100
PRF_00613,Java Developer,8,REST APIs; Java; Spring Boot; Hibernate,Lead Java Microservices Architect,Java Developer,REST APIs; Java; Spring Boot; Hibernate,Kafka; Kubernetes; Docker; System Design; Microservices,44.4,1300000,1900000,Learn Kafka and Kubernetes,85.1
PRF_00614,Java Developer,14,Java; Hibernate; Kubernetes; Microservices,Lead Java Microservices Architect,Java Developer,Java; Hibernate; Kubernetes; Microservices,Kafka; Docker; System Design,44.4,1750000,2450000,Learn Kafka and Docker,82.6
PRF_00615,Java Developer,13,Java; REST APIs; Hibernate; Spring Boot; System Design,Lead Java Microservices Architect,Java Developer,Java; REST APIs; Hibernate; Spring Boot; System Design,Kafka; Kubernetes; Docker; Microservices,55.6,1650000,2950000,Learn Kafka and Kubernetes,100
PRF_00616,Java Developer,11,REST APIs; Spring Boot; Kafka,Lead Java Microservices Architect,Java Developer,REST APIs; Spring Boot; Kafka,Kubernetes; Docker; System Design; Microservices,33.3,1850000,1650000,Learn Kubernetes and Docker,55.7
PRF_00617,Java Developer,10,Spring Boot; Java; System Design; Kubernetes; Docker,Lead Java Microservices Architect,Java Developer,Spring Boot; Java; System Design; Kubernetes; Docker,Kafka; Microservices,55.6,1850000,2600000,Learn Kafka and Microservices,89.6
PRF_00618,Java Developer,7,Hibernate; REST APIs; Microservices; Kafka; Docker,Lead Java Microservices Architect,Java Developer,Hibernate; REST APIs; Microservices; Kafka; Docker,Kubernetes; System Design,55.6,1450000,2250000,Learn Kubernetes and System Design,95.4
PRF_00619,Java Developer,8,Java; Hibernate; REST APIs; Spring Boot; Docker; Kubernetes,Lead Java Microservices Architect,Java Developer,Java; Hibernate; REST APIs; Spring Boot; Docker; Kubernetes,Kafka; System Design; Microservices,66.7,1600000,2850000,Learn Kafka and System Design,100
PRF_00620,Java Developer,9,Spring Boot; Java,Lead Java Microservices Architect,Java Developer,Spring Boot; Java,Kafka; Kubernetes; Docker; System Design; Microservices,22.2,1800000,1000000,Learn Kafka and Kubernetes,35.5
PRF_00621,Java Developer,14,Java; Hibernate; REST APIs; Kafka,Lead Java Microservices Architect,Java Developer,Java; Hibernate; REST APIs; Kafka,Kubernetes; Docker; System Design; Microservices,44.4,2100000,2450000,Learn Kubernetes and Docker,73.3
PRF_00622,Java Developer,5,Java; Hibernate; Microservices; Kafka,Lead Java Microservices Architect,Java Developer,Java; Hibernate; Microservices; Kafka,Kubernetes; Docker; System Design,44.4,1050000,1600000,Learn Kubernetes and Docker,87.6
PRF_00623,Java Developer,2,Java; Hibernate; REST APIs; Spring Boot,Lead Java Microservices Architect,Java Developer,Java; Hibernate; REST APIs; Spring Boot,Kafka; Kubernetes; Docker; System Design; Microservices,44.4,950000,1350000,Learn Kafka and Kubernetes,83.5
PRF_00624,Java Developer,3,Spring Boot; REST APIs; Java; Kafka,Lead Java Microservices Architect,Java Developer,Spring Boot; REST APIs; Java; Kafka,Kubernetes; Docker; System Design; Microservices,44.4,1250000,1450000,Learn Kubernetes and Docker,73.0
PRF_00625,Java Developer,5,Hibernate; REST APIs; Spring Boot; Microservices; Kubernetes,Lead Java Microservices Architect,Java Developer,Hibernate; REST APIs; Spring Boot; Microservices; Kubernetes,Kafka; Docker; System Design,55.6,1400000,2000000,Learn Kafka and Docker,90.5
PRF_00626,Java Developer,12,Hibernate; Spring Boot; REST APIs; Java; Kubernetes; Kafka,Lead Java Microservices Architect,Java Developer,Hibernate; Spring Boot; REST APIs; Java; Kubernetes; Kafka,Docker; System Design; Microservices,66.7,2250000,3400000,Learn Docker and System Design,100
PRF_00627,Java Developer,11,REST APIs; Hibernate; Docker; Microservices,Lead Java Microservices Architect,Java Developer,REST APIs; Hibernate; Docker; Microservices,Kafka; Kubernetes; System Design,44.4,1900000,2150000,Learn Kafka and Kubernetes,71.9
PRF_00628,Java Developer,4,Hibernate; Java; REST APIs; Microservices,Lead Java Microservices Architect,Java Developer,Hibernate; Java; REST APIs; Microservices,Kafka; Kubernetes; Docker; System Design,44.4,1100000,1500000,Learn Kafka and Kubernetes,81.2
PRF_00629,Java Developer,13,Hibernate; REST APIs,Lead Java Microservices Architect,Java Developer,Hibernate; REST APIs,Kafka; Kubernetes; Docker; System Design; Microservices,22.2,2450000,1200000,Learn Kafka and Kubernetes,32.9
PRF_00630,Java Developer,12,Java; REST APIs; Docker; Kubernetes,Lead Java Microservices Architect,Java Developer,Java; REST APIs; Docker; Kubernetes,Kafka; System Design; Microservices,44.4,2300000,2250000,Learn Kafka and System Design,65.8
PRF_00631,Java Developer,14,Hibernate; Spring Boot; Java; REST APIs; Docker,Lead Java Microservices Architect,Java Developer,Hibernate; Spring Boot; Java; REST APIs; Docker,Kafka; Kubernetes; System Design; Microservices,55.6,2550000,3050000,Learn Kafka and Kubernetes,81.2
PRF_00632,Java Developer,3,REST APIs; Java; Spring Boot,Lead Java Microservices Architect,Java Developer,REST APIs; Java; Spring Boot,Kafka; Kubernetes; Docker; System Design; Microservices,33.3,1200000,1050000,Learn Kafka and Kubernetes,55.0
PRF_00633,Java Developer,14,Spring Boot; Hibernate; Java; Kafka; Docker,Lead Java Microservices Architect,Java Developer,Spring Boot; Hibernate; Java; Kafka; Docker,Kubernetes; System Design; Microservices,55.6,2200000,3050000,Learn Kubernetes and System Design,88.8
PRF_00634,Java Developer,14,REST APIs; Java; Spring Boot; Kafka,Lead Java Microservices Architect,Java Developer,REST APIs; Java; Spring Boot; Kafka,Kubernetes; Docker; System Design; Microservices,44.4,2200000,2450000,Learn Kubernetes and Docker,71.2
PRF_00635,Java Developer,10,REST APIs; Hibernate; Docker,Lead Java Microservices Architect,Java Developer,REST APIs; Hibernate; Docker,Kafka; Kubernetes; System Design; Microservices,33.3,1750000,1550000,Learn Kafka and Kubernetes,55.4
PRF_00636,Java Developer,8,REST APIs; Spring Boot; Kubernetes; Kafka; Microservices,Lead Java Microservices Architect,Java Developer,REST APIs; Spring Boot; Kubernetes; Kafka; Microservices,Docker; System Design,55.6,1400000,2350000,Learn Docker and System Design,100
PRF_00637,Java Developer,6,Hibernate; Java; REST APIs,Lead Java Microservices Architect,Java Developer,Hibernate; Java; REST APIs,Kafka; Kubernetes; Docker; System Design; Microservices,33.3,1300000,1300000,Learn Kafka and Kubernetes,60.0
PRF_00638,Java Developer,11,Spring Boot; REST APIs; Hibernate; Microservices; System Design; Kubernetes,Lead Java Microservices Architect,Java Developer,Spring Boot; REST APIs; Hibernate; Microservices; System Design; Kubernetes,Kafka; Docker,66.7,1600000,3250000,Learn Kafka and Docker,100
PRF_00639,Java Developer,3,Hibernate; Spring Boot; Java; Microservices,Lead Java Microservices Architect,Java Developer,Hibernate; Spring Boot; Java; Microservices,Kafka; Kubernetes; Docker; System Design,44.4,1300000,1450000,Learn Kafka and Kubernetes,71.3
PRF_00640,Java Developer,8,Spring Boot; Hibernate; Java; REST APIs; Docker; Microservices,Lead Java Microservices Architect,Java Developer,Spring Boot; Hibernate; Java; REST APIs; Docker; Microservices,Kafka; Kubernetes; System Design,66.7,1400000,2850000,Learn Kafka and Kubernetes,100
PRF_00641,Java Developer,14,Spring Boot; Hibernate; Java,Lead Java Microservices Architect,Java Developer,Spring Boot; Hibernate; Java,Kafka; Kubernetes; Docker; System Design; Microservices,33.3,2600000,1850000,Learn Kafka and Kubernetes,48.4
PRF_00642,Java Developer,10,Hibernate; REST APIs; Kubernetes; Kafka,Lead Java Microservices Architect,Java Developer,Hibernate; REST APIs; Kubernetes; Kafka,Docker; System Design; Microservices,44.4,1800000,2100000,Learn Docker and System Design,73.3
PRF_00643,Java Developer,1,Hibernate; Java; REST APIs; Microservices; Docker,Lead Java Microservices Architect,Java Developer,Hibernate; Java; REST APIs; Microservices; Docker,Kafka; Kubernetes; System Design,55.6,900000,1550000,Learn Kafka and Kubernetes,100
PRF_00644,Java Developer,12,Spring Boot; Java; Hibernate; REST APIs; System Design; Kubernetes,Lead Java Microservices Architect,Java Developer,Spring Boot; Java; Hibernate; REST APIs; System Design; Kubernetes,Kafka; Docker; Microservices,66.7,2400000,3400000,Learn Kafka and Docker,96.7
PRF_00645,Java Developer,6,Java; Spring Boot; REST APIs; Hibernate; Docker,Lead Java Microservices Architect,Java Developer,Java; Spring Boot; REST APIs; Hibernate; Docker,Kafka; Kubernetes; System Design; Microservices,55.6,1450000,2150000,Learn Kafka and Kubernetes,92.7
PRF_00646,Java Developer,7,Java; REST APIs; Spring Boot; Microservices,Lead Java Microservices Architect,Java Developer,Java; REST APIs; Spring Boot; Microservices,Kafka; Kubernetes; Docker; System Design,44.4,1550000,1800000,Learn Kafka and Kubernetes,73.1
PRF_00647,Java Developer,11,Java; REST APIs; Hibernate; Spring Boot,Lead Java Microservices Architect,Java Developer,Java; REST APIs; Hibernate; Spring Boot,Kafka; Kubernetes; Docker; System Design; Microservices,44.4,1550000,2150000,Learn Kafka and Kubernetes,82.1
PRF_00648,Java Developer,2,Java; Hibernate; REST APIs; Spring Boot; Kubernetes; Kafka,Lead Java Microservices Architect,Java Developer,Java; Hibernate; REST APIs; Spring Boot; Kubernetes; Kafka,Docker; System Design; Microservices,66.7,950000,2000000,Learn Docker and System Design,100
PRF_00649,Java Developer,6,Spring Boot; REST APIs; Hibernate; Docker,Lead Java Microservices Architect,Java Developer,Spring Boot; REST APIs; Hibernate; Docker,Kafka; Kubernetes; System Design; Microservices,44.4,1250000,1700000,Learn Kafka and Kubernetes,81.0
PRF_00650,Java Developer,5,Java; Hibernate; REST APIs; Spring Boot; Kubernetes; Kafka; Microservices,Lead Java Microservices Architect,Java Developer,Java; Hibernate; REST APIs; Spring Boot; Kubernetes; Kafka; Microservices,Docker; System Design,77.8,1150000,2850000,Learn Docker and System Design,100
PRF_00651,Java Developer,5,Spring Boot; REST APIs; Java; System Design; Docker; Kafka,Lead Java Microservices Architect,Java Developer,Spring Boot; REST APIs; Java; System Design; Docker; Kafka,Kubernetes; Microservices,66.7,1350000,2450000,Learn Kubernetes and Microservices,100
PRF_00652,Java Developer,2,Spring Boot; Java; REST APIs; Docker; Kafka; Microservices,Lead Java Microservices Architect,Java Developer,Spring Boot; Java; REST APIs; Docker; Kafka; Microservices,Kubernetes; System Design,66.7,1200000,2000000,Learn Kubernetes and System Design,100
PRF_00653,Java Developer,12,Spring Boot; REST APIs; Hibernate; Java; Microservices; Docker,Lead Java Microservices Architect,Java Developer,Spring Boot; REST APIs; Hibernate; Java; Microservices; Docker,Kafka; Kubernetes; System Design,66.7,2050000,3400000,Learn Kafka and Kubernetes,100
PRF_00654,Java Developer,10,Hibernate; REST APIs; Kubernetes; System Design; Kafka,Lead Java Microservices Architect,Java Developer,Hibernate; REST APIs; Kubernetes; System Design; Kafka,Docker; Microservices,55.6,1850000,2600000,Learn Docker and Microservices,89.6
PRF_00655,Java Developer,13,Hibernate; REST APIs; Java; Microservices; System Design; Docker,Lead Java Microservices Architect,Java Developer,Hibernate; REST APIs; Java; Microservices; System Design; Docker,Kafka; Kubernetes,66.7,2050000,3550000,Learn Kafka and Kubernetes,100
PRF_00656,Java Developer,6,Java; Hibernate; Spring Boot; System Design; Kubernetes; Docker,Lead Java Microservices Architect,Java Developer,Java; Hibernate; Spring Boot; System Design; Kubernetes; Docker,Kafka; Microservices,66.7,1350000,2550000,Learn Kafka and Microservices,100
PRF_00657,Java Developer,5,REST APIs; Hibernate; Spring Boot; Java; Kafka; System Design; Microservices,Lead Java Microservices Architect,Java Developer,REST APIs; Hibernate; Spring Boot; Java; Kafka; System Design; Microservices,Kubernetes; Docker,77.8,1450000,2850000,Learn Kubernetes and Docker,100
PRF_00658,Java Developer,1,Hibernate; Spring Boot; Kafka,Lead Java Microservices Architect,Java Developer,Hibernate; Spring Boot; Kafka,Kubernetes; Docker; System Design; Microservices,33.3,950000,950000,Learn Kubernetes and Docker,60.0
PRF_00659,Java Developer,1,REST APIs; Spring Boot; Kafka,Lead Java Microservices Architect,Java Developer,REST APIs; Spring Boot; Kafka,Kubernetes; Docker; System Design; Microservices,33.3,800000,950000,Learn Kubernetes and Docker,67.5
PRF_00660,Java Developer,3,Java; REST APIs,Lead Java Microservices Architect,Java Developer,Java; REST APIs,Kafka; Kubernetes; Docker; System Design; Microservices,22.2,950000,700000,Learn Kafka and Kubernetes,42.8
PRF_00661,Java Developer,11,Hibernate; Spring Boot; Docker; System Design; Kubernetes,Lead Java Microservices Architect,Java Developer,Hibernate; Spring Boot; Docker; System Design; Kubernetes,Kafka; Microservices,55.6,2150000,2700000,Learn Kafka and Microservices,83.6
PRF_00662,Java Developer,7,REST APIs; Java; Hibernate; System Design; Microservices; Kubernetes,Lead Java Microservices Architect,Java Developer,REST APIs; Java; Hibernate; System Design; Microservices; Kubernetes,Kafka; Docker,66.7,1400000,2700000,Learn Kafka and Docker,100
PRF_00663,Java Developer,14,Hibernate; Java; Kubernetes; Kafka; Docker,Lead Java Microservices Architect,Java Developer,Hibernate; Java; Kubernetes; Kafka; Docker,System Design; Microservices,55.6,2650000,3050000,Learn System Design and Microservices,79.4
PRF_00664,Java Developer,5,Spring Boot; Java; REST APIs; Kafka,Lead Java Microservices Architect,Java Developer,Spring Boot; Java; REST APIs; Kafka,Kubernetes; Docker; System Design; Microservices,44.4,1350000,1600000,Learn Kubernetes and Docker,74.0
PRF_00665,Java Developer,1,Java; Spring Boot; REST APIs; Hibernate; Kubernetes; System Design,Lead Java Microservices Architect,Java Developer,Java; Spring Boot; REST APIs; Hibernate; Kubernetes; System Design,Kafka; Docker; Microservices,66.7,1000000,1850000,Learn Kafka and Docker,100
PRF_00666,Java Developer,10,REST APIs; Java; Microservices; Kubernetes,Lead Java Microservices Architect,Java Developer,REST APIs; Java; Microservices; Kubernetes,Kafka; Docker; System Design,44.4,1600000,2100000,Learn Kafka and Docker,79.1
PRF_00667,Java Developer,7,REST APIs; Hibernate; Java; Spring Boot; Docker,Lead Java Microservices Architect,Java Developer,REST APIs; Hibernate; Java; Spring Boot; Docker,Kafka; Kubernetes; System Design; Microservices,55.6,1750000,2250000,Learn Kafka and Kubernetes,84.8
PRF_00668,Java Developer,3,Hibernate; Java; Spring Boot; Kafka; Kubernetes; Microservices,Lead Java Microservices Architect,Java Developer,Hibernate; Java; Spring Boot; Kafka; Kubernetes; Microservices,Docker; System Design,66.7,1200000,2150000,Learn Docker and System Design,100
PRF_00669,Java Developer,14,Java; Hibernate; Spring Boot; Microservices,Lead Java Microservices Architect,Java Developer,Java; Hibernate; Spring Boot; Microservices,Kafka; Kubernetes; Docker; System Design,44.4,2650000,2450000,Learn Kafka and Kubernetes,63.6
PRF_00670,Java Developer,12,Hibernate; REST APIs; System Design; Kafka; Microservices,Lead Java Microservices Architect,Java Developer,Hibernate; REST APIs; System Design; Kafka; Microservices,Kubernetes; Docker,55.6,2050000,2850000,Learn Kubernetes and Docker,89.0
PRF_00671,Java Developer,3,Spring Boot; Java; Hibernate; REST APIs; Docker,Lead Java Microservices Architect,Java Developer,Spring Boot; Java; Hibernate; REST APIs; Docker,Kafka; Kubernetes; System Design; Microservices,55.6,900000,1800000,Learn Kafka and Kubernetes,100
PRF_00672,Java Developer,12,Java; Spring Boot; REST APIs; Microservices; Kubernetes,Lead Java Microservices Architect,Java Developer,Java; Spring Boot; REST APIs; Microservices; Kubernetes,Kafka; Docker; System Design,55.6,1850000,2850000,Learn Kafka and Docker,95.0
PRF_00673,Java Developer,12,Hibernate; Java; Spring Boot,Lead Java Microservices Architect,Java Developer,Hibernate; Java; Spring Boot,Kafka; Kubernetes; Docker; System Design; Microservices,33.3,1600000,1700000,Learn Kafka and Kubernetes,62.5
PRF_00674,Java Developer,10,Spring Boot; Java; Hibernate,Lead Java Microservices Architect,Java Developer,Spring Boot; Java; Hibernate,Kafka; Kubernetes; Docker; System Design; Microservices,33.3,1550000,1550000,Learn Kafka and Kubernetes,60.0
PRF_00675,Java Developer,13,REST APIs; Java; Spring Boot; Docker,Lead Java Microservices Architect,Java Developer,REST APIs; Java; Spring Boot; Docker,Kafka; Kubernetes; System Design; Microservices,44.4,1950000,2350000,Learn Kafka and Kubernetes,74.8
PRF_00676,Java Developer,10,Spring Boot; Hibernate; System Design,Lead Java Microservices Architect,Java Developer,Spring Boot; Hibernate; System Design,Kafka; Kubernetes; Docker; Microservices,33.3,1800000,1550000,Learn Kafka and Kubernetes,54.4
PRF_00677,Java Developer,9,REST APIs; Java; Hibernate,Lead Java Microservices Architect,Java Developer,REST APIs; Java; Hibernate,Kafka; Kubernetes; Docker; System Design; Microservices,33.3,1400000,1500000,Learn Kafka and Kubernetes,62.8
PRF_00678,Java Developer,14,Spring Boot; REST APIs; Java,Lead Java Microservices Architect,Java Developer,Spring Boot; REST APIs; Java,Kafka; Kubernetes; Docker; System Design; Microservices,33.3,2450000,1850000,Learn Kafka and Kubernetes,50.2
PRF_00679,Java Developer,11,Hibernate; Java; REST APIs; Docker; Kafka,Lead Java Microservices Architect,Java Developer,Hibernate; Java; REST APIs; Docker; Kafka,Kubernetes; System Design; Microservices,55.6,1800000,2700000,Learn Kubernetes and System Design,93.4
PRF_00680,Java Developer,6,Hibernate; Java; Kafka; Docker,Lead Java Microservices Architect,Java Developer,Hibernate; Java; Kafka; Docker,Kubernetes; System Design; Microservices,44.4,1700000,1700000,Learn Kubernetes and System Design,66.6
PRF_00681,Java Developer,12,Spring Boot; Java; REST APIs; Kafka; System Design; Kubernetes,Lead Java Microservices Architect,Java Developer,Spring Boot; Java; REST APIs; Kafka; System Design; Kubernetes,Docker; Microservices,66.7,2150000,3400000,Learn Docker and Microservices,100
PRF_00682,Java Developer,2,Java; Hibernate,Lead Java Microservices Architect,Java Developer,Java; Hibernate,Kafka; Kubernetes; Docker; System Design; Microservices,22.2,1200000,650000,Learn Kafka and Kubernetes,35.0
PRF_00683,Java Developer,9,Java; Spring Boot; REST APIs; System Design; Kubernetes; Docker,Lead Java Microservices Architect,Java Developer,Java; Spring Boot; REST APIs; System Design; Kubernetes; Docker,Kafka; Microservices,66.7,2000000,3000000,Learn Kafka and Microservices,100
PRF_00684,Java Developer,1,Java; Spring Boot; Hibernate; Kubernetes; Microservices,Lead Java Microservices Architect,Java Developer,Java; Spring Boot; Hibernate; Kubernetes; Microservices,Kafka; Docker; System Design,55.6,850000,1550000,Learn Kafka and Docker,100
PRF_00685,Java Developer,14,Hibernate; Java; Kubernetes; Kafka; System Design,Lead Java Microservices Architect,Java Developer,Hibernate; Java; Kubernetes; Kafka; System Design,Docker; Microservices,55.6,2050000,3050000,Learn Docker and Microservices,92.9
PRF_00686,Java Developer,14,Hibernate; REST APIs; Microservices; Kubernetes; Docker,Lead Java Microservices Architect,Java Developer,Hibernate; REST APIs; Microservices; Kubernetes; Docker,Kafka; System Design,55.6,1950000,3050000,Learn Kafka and System Design,95.9
PRF_00687,Java Developer,7,Spring Boot; Hibernate; System Design; Kafka; Microservices,Lead Java Microservices Architect,Java Developer,Spring Boot; Hibernate; System Design; Kafka; Microservices,Kubernetes; Docker,55.6,1500000,2250000,Learn Kubernetes and Docker,93.4
PRF_00688,Java Developer,10,Spring Boot; REST APIs; Hibernate; System Design; Microservices; Docker,Lead Java Microservices Architect,Java Developer,Spring Boot; REST APIs; Hibernate; System Design; Microservices; Docker,Kafka; Kubernetes,66.7,1700000,3100000,Learn Kafka and Kubernetes,100
PRF_00689,Java Developer,5,Spring Boot; Java; Docker,Lead Java Microservices Architect,Java Developer,Spring Boot; Java; Docker,Kafka; Kubernetes; System Design; Microservices,33.3,1150000,1200000,Learn Kafka and Kubernetes,61.7
PRF_00690,Java Developer,11,Hibernate; Java; REST APIs,Lead Java Microservices Architect,Java Developer,Hibernate; Java; REST APIs,Kafka; Kubernetes; Docker; System Design; Microservices,33.3,1850000,1650000,Learn Kafka and Kubernetes,55.7
PRF_00691,Java Developer,4,Hibernate; Spring Boot; Java; REST APIs; Kafka; Docker,Lead Java Microservices Architect,Java Developer,Hibernate; Spring Boot; Java; REST APIs; Kafka; Docker,Kubernetes; System Design; Microservices,66.7,1400000,2300000,Learn Kubernetes and System Design,100
PRF_00692,Java Developer,2,Java; REST APIs; Hibernate; Spring Boot; Kafka; System Design,Lead Java Microservices Architect,Java Developer,Java; REST APIs; Hibernate; Spring Boot; Kafka; System Design,Kubernetes; Docker; Microservices,66.7,1150000,2000000,Learn Kubernetes and Docker,100
PRF_00693,Java Developer,13,Spring Boot; Hibernate; Java; Docker,Lead Java Microservices Architect,Java Developer,Spring Boot; Hibernate; Java; Docker,Kafka; Kubernetes; System Design; Microservices,44.4,1600000,2350000,Learn Kafka and Kubernetes,85.4
PRF_00694,Java Developer,13,Java; Spring Boot; Kubernetes; Microservices; Docker,Lead Java Microservices Architect,Java Developer,Java; Spring Boot; Kubernetes; Microservices; Docker,Kafka; System Design,55.6,2100000,2950000,Learn Kafka and System Design,89.6
PRF_00695,Java Developer,3,Java; Spring Boot; REST APIs; System Design; Microservices; Kubernetes,Lead Java Microservices Architect,Java Developer,Java; Spring Boot; REST APIs; System Design; Microservices; Kubernetes,Kafka; Docker,66.7,900000,2150000,Learn Kafka and Docker,100
PRF_00696,Java Developer,10,Spring Boot; REST APIs; Hibernate; Java; Microservices; System Design; Docker,Lead Java Microservices Architect,Java Developer,Spring Boot; REST APIs; Hibernate; Java; Microservices; System Design; Docker,Kafka; Kubernetes,77.8,2000000,3650000,Learn Kafka and Kubernetes,100
PRF_00697,Java Developer,4,Java; Hibernate; Spring Boot; REST APIs; System Design; Microservices,Lead Java Microservices Architect,Java Developer,Java; Hibernate; Spring Boot; REST APIs; System Design; Microservices,Kafka; Kubernetes; Docker,66.7,1450000,2300000,Learn Kafka and Kubernetes,100
PRF_00698,Java Developer,1,Spring Boot; Hibernate; Java; REST APIs; System Design; Kafka,Lead Java Microservices Architect,Java Developer,Spring Boot; Hibernate; Java; REST APIs; System Design; Kafka,Kubernetes; Docker; Microservices,66.7,750000,1850000,Learn Kubernetes and Docker,100
PRF_00699,Java Developer,10,Hibernate; REST APIs; Java; Spring Boot; Docker; Kafka; System Design,Lead Java Microservices Architect,Java Developer,Hibernate; REST APIs; Java; Spring Boot; Docker; Kafka; System Design,Kubernetes; Microservices,77.8,1750000,3650000,Learn Kubernetes and Microservices,100
PRF_00700,Java Developer,9,Java; REST APIs; Hibernate; Spring Boot; Kafka,Lead Java Microservices Architect,Java Developer,Java; REST APIs; Hibernate; Spring Boot; Kafka,Kubernetes; Docker; System Design; Microservices,55.6,1800000,2500000,Learn Kubernetes and Docker,88.9
PRF_00701,Java Developer,9,Spring Boot; Java; REST APIs,Lead Java Microservices Architect,Java Developer,Spring Boot; Java; REST APIs,Kafka; Kubernetes; Docker; System Design; Microservices,33.3,1900000,1500000,Learn Kafka and Kubernetes,51.6
PRF_00702,Java Developer,14,Hibernate; REST APIs; Java; Spring Boot; System Design; Kafka; Microservices,Lead Java Microservices Architect,Java Developer,Hibernate; REST APIs; Java; Spring Boot; System Design; Kafka; Microservices,Kubernetes; Docker,77.8,2450000,4300000,Learn Kubernetes and Docker,100
PRF_00703,Java Developer,3,Hibernate; REST APIs; Java; Spring Boot; Kafka,Lead Java Microservices Architect,Java Developer,Hibernate; REST APIs; Java; Spring Boot; Kafka,Kubernetes; Docker; System Design; Microservices,55.6,1000000,1800000,Learn Kubernetes and Docker,100
PRF_00704,Java Developer,8,REST APIs; Java; Spring Boot; Hibernate; Kubernetes; System Design,Lead Java Microservices Architect,Java Developer,REST APIs; Java; Spring Boot; Hibernate; Kubernetes; System Design,Kafka; Docker; Microservices,66.7,1350000,2850000,Learn Kafka and Docker,100
PRF_00705,Java Developer,14,Spring Boot; Java,Lead Java Microservices Architect,Java Developer,Spring Boot; Java,Kafka; Kubernetes; Docker; System Design; Microservices,22.2,2600000,1200000,Learn Kafka and Kubernetes,31.8
PRF_00706,Java Developer,1,REST APIs; Java; Spring Boot; Hibernate; Microservices; Kafka; Kubernetes,Lead Java Microservices Architect,Java Developer,REST APIs; Java; Spring Boot; Hibernate; Microservices; Kafka; Kubernetes,Docker; System Design,77.8,900000,2200000,Learn Docker and System Design,100
PRF_00707,Java Developer,10,REST APIs; Java; Hibernate; Spring Boot; Kubernetes; System Design,Lead Java Microservices Architect,Java Developer,REST APIs; Java; Hibernate; Spring Boot; Kubernetes; System Design,Kafka; Docker; Microservices,66.7,1850000,3100000,Learn Kafka and Docker,100
PRF_00708,Java Developer,1,Spring Boot; Java; Hibernate; System Design; Microservices; Docker,Lead Java Microservices Architect,Java Developer,Spring Boot; Java; Hibernate; System Design; Microservices; Docker,Kafka; Kubernetes,66.7,750000,1850000,Learn Kafka and Kubernetes,100
PRF_00709,Java Developer,7,Hibernate; REST APIs; Java; Spring Boot; System Design; Microservices,Lead Java Microservices Architect,Java Developer,Hibernate; REST APIs; Java; Spring Boot; System Design; Microservices,Kafka; Kubernetes; Docker,66.7,1700000,2700000,Learn Kafka and Kubernetes,100
PRF_00710,Java Developer,3,Java; Spring Boot; Kafka; Microservices; Docker,Lead Java Microservices Architect,Java Developer,Java; Spring Boot; Kafka; Microservices; Docker,Kubernetes; System Design,55.6,1300000,1800000,Learn Kubernetes and System Design,88.7
PRF_00711,Java Developer,6,Hibernate; Spring Boot; Kubernetes; Microservices,Lead Java Microservices Architect,Java Developer,Hibernate; Spring Boot; Kubernetes; Microservices,Kafka; Docker; System Design,44.4,1100000,1700000,Learn Kafka and Docker,88.5
PRF_00712,Java Developer,14,Hibernate; Java; Spring Boot; Docker; System Design,Lead Java Microservices Architect,Java Developer,Hibernate; Java; Spring Boot; Docker; System Design,Kafka; Kubernetes; Microservices,55.6,2400000,3050000,Learn Kafka and Kubernetes,84.2
PRF_00713,Java Developer,6,Spring Boot; Hibernate; REST APIs; System Design,Lead Java Microservices Architect,Java Developer,Spring Boot; Hibernate; REST APIs; System Design,Kafka; Kubernetes; Docker; Microservices,44.4,1500000,1700000,Learn Kafka and Kubernetes,72.0
PRF_00714,Java Developer,8,REST APIs; Hibernate; Kafka; System Design,Lead Java Microservices Architect,Java Developer,REST APIs; Hibernate; Kafka; System Design,Kubernetes; Docker; Microservices,44.4,1600000,1900000,Learn Kubernetes and Docker,74.1
PRF_00715,Java Developer,8,Java; Hibernate; REST APIs; Microservices; Docker,Lead Java Microservices Architect,Java Developer,Java; Hibernate; REST APIs; Microservices; Docker,Kafka; Kubernetes; System Design,55.6,1500000,2350000,Learn Kafka and Kubernetes,96.0
PRF_00716,Java Developer,5,Java; Hibernate; Spring Boot; REST APIs; System Design; Kafka; Microservices,Lead Java Microservices Architect,Java Developer,Java; Hibernate; Spring Boot; REST APIs; System Design; Kafka; Microservices,Kubernetes; Docker,77.8,1200000,2850000,Learn Kubernetes and Docker,100
PRF_00717,Java Developer,5,REST APIs; Hibernate; Kubernetes; Docker; Kafka,Lead Java Microservices Architect,Java Developer,REST APIs; Hibernate; Kubernetes; Docker; Kafka,System Design; Microservices,55.6,1100000,2000000,Learn System Design and Microservices,100
PRF_00718,Java Developer,3,Spring Boot; REST APIs; Hibernate,Lead Java Microservices Architect,Java Developer,Spring Boot; REST APIs; Hibernate,Kafka; Kubernetes; Docker; System Design; Microservices,33.3,1350000,1050000,Learn Kafka and Kubernetes,51.1
PRF_00719,Java Developer,9,Hibernate; Java,Lead Java Microservices Architect,Java Developer,Hibernate; Java,Kafka; Kubernetes; Docker; System Design; Microservices,22.2,1500000,1000000,Learn Kafka and Kubernetes,40.0
PRF_00720,Java Developer,4,Java; REST APIs; Kafka,Lead Java Microservices Architect,Java Developer,Java; REST APIs; Kafka,Kubernetes; Docker; System Design; Microservices,33.3,1450000,1150000,Learn Kubernetes and Docker,51.7
PRF_00721,Java Developer,9,Spring Boot; Hibernate,Lead Java Microservices Architect,Java Developer,Spring Boot; Hibernate,Kafka; Kubernetes; Docker; System Design; Microservices,22.2,1400000,1000000,Learn Kafka and Kubernetes,41.9
PRF_00722,Java Developer,9,Hibernate; Java; REST APIs; Spring Boot; Microservices,Lead Java Microservices Architect,Java Developer,Hibernate; Java; REST APIs; Spring Boot; Microservices,Kafka; Kubernetes; Docker; System Design,55.6,1700000,2500000,Learn Kafka and Kubernetes,92.2
PRF_00723,Java Developer,8,Spring Boot; Hibernate; Java; REST APIs; Docker,Lead Java Microservices Architect,Java Developer,Spring Boot; Hibernate; Java; REST APIs; Docker,Kafka; Kubernetes; System Design; Microservices,55.6,1900000,2350000,Learn Kafka and Kubernetes,82.8
PRF_00724,Java Developer,3,Java; Spring Boot; Hibernate; Microservices; Kafka,Lead Java Microservices Architect,Java Developer,Java; Spring Boot; Hibernate; Microservices; Kafka,Kubernetes; Docker; System Design,55.6,900000,1800000,Learn Kubernetes and Docker,100
PRF_00725,Java Developer,13,Java; REST APIs; Hibernate; Spring Boot; System Design,Lead Java Microservices Architect,Java Developer,Java; REST APIs; Hibernate; Spring Boot; System Design,Kafka; Kubernetes; Docker; Microservices,55.6,2500000,2950000,Learn Kafka and Kubernetes,80.6
PRF_00726,Java Developer,8,Spring Boot; Hibernate; Java; REST APIs; Kubernetes; Microservices,Lead Java Microservices Architect,Java Developer,Spring Boot; Hibernate; Java; REST APIs; Kubernetes; Microservices,Kafka; Docker; System Design,66.7,1700000,2850000,Learn Kafka and Docker,100
PRF_00727,Java Developer,7,REST APIs; Hibernate; Spring Boot,Lead Java Microservices Architect,Java Developer,REST APIs; Hibernate; Spring Boot,Kafka; Kubernetes; Docker; System Design; Microservices,33.3,1700000,1350000,Learn Kafka and Kubernetes,51.7
PRF_00728,Java Developer,2,Spring Boot; Java,Lead Java Microservices Architect,Java Developer,Spring Boot; Java,Kafka; Kubernetes; Docker; System Design; Microservices,22.2,1150000,650000,Learn Kafka and Kubernetes,35.9
PRF_00729,Java Developer,11,REST APIs; Java; Microservices; Kafka; Kubernetes,Lead Java Microservices Architect,Java Developer,REST APIs; Java; Microservices; Kafka; Kubernetes,Docker; System Design,55.6,2250000,2700000,Learn Docker and System Design,81.4
PRF_00730,Java Developer,7,Hibernate; Java; REST APIs; Spring Boot; Microservices; Kubernetes,Lead Java Microservices Architect,Java Developer,Hibernate; Java; REST APIs; Spring Boot; Microservices; Kubernetes,Kafka; Docker; System Design,66.7,1750000,2700000,Learn Kafka and Docker,100
PRF_00731,Java Developer,5,Hibernate; Spring Boot; REST APIs; Java; Docker; System Design,Lead Java Microservices Architect,Java Developer,Hibernate; Spring Boot; REST APIs; Java; Docker; System Design,Kafka; Kubernetes; Microservices,66.7,1300000,2450000,Learn Kafka and Kubernetes,100
PRF_00732,Java Developer,8,Hibernate; Java; REST APIs; Spring Boot; System Design; Docker; Kafka,Lead Java Microservices Architect,Java Developer,Hibernate; Java; REST APIs; Spring Boot; System Design; Docker; Kafka,Kubernetes; Microservices,77.8,1650000,3300000,Learn Kubernetes and Microservices,100
PRF_00733,Java Developer,8,REST APIs; Hibernate; Java; Spring Boot; Docker; Kafka,Lead Java Microservices Architect,Java Developer,REST APIs; Hibernate; Java; Spring Boot; Docker; Kafka,Kubernetes; System Design; Microservices,66.7,1850000,2850000,Learn Kubernetes and System Design,100
PRF_00734,Java Developer,12,REST APIs; Java; Spring Boot; System Design; Docker; Kafka,Lead Java Microservices Architect,Java Developer,REST APIs; Java; Spring Boot; System Design; Docker; Kafka,Kubernetes; Microservices,66.7,1900000,3400000,Learn Kubernetes and Microservices,100
PRF_00735,Java Developer,3,Java; Hibernate; Kubernetes; Docker; System Design,Lead Java Microservices Architect,Java Developer,Java; Hibernate; Kubernetes; Docker; System Design,Kafka; Microservices,55.6,1200000,1800000,Learn Kafka and Microservices,93.4
PRF_00736,Java Developer,1,Java; Hibernate; Spring Boot; Docker; System Design; Kubernetes,Lead Java Microservices Architect,Java Developer,Java; Hibernate; Spring Boot; Docker; System Design; Kubernetes,Kafka; Microservices,66.7,1050000,1850000,Learn Kafka and Microservices,100
PRF_00737,Java Developer,11,Hibernate; REST APIs; Kafka; Kubernetes; Microservices,Lead Java Microservices Architect,Java Developer,Hibernate; REST APIs; Kafka; Kubernetes; Microservices,Docker; System Design,55.6,1700000,2700000,Learn Docker and System Design,96.9
PRF_00738,Java Developer,14,REST APIs; Spring Boot; Java,Lead Java Microservices Architect,Java Developer,REST APIs; Spring Boot; Java,Kafka; Kubernetes; Docker; System Design; Microservices,33.3,2300000,1850000,Learn Kafka and Kubernetes,52.2
PRF_00739,Java Developer,12,Spring Boot; Java; Hibernate; REST APIs; Kafka,Lead Java Microservices Architect,Java Developer,Spring Boot; Java; Hibernate; REST APIs; Kafka,Kubernetes; Docker; System Design; Microservices,55.6,2000000,2850000,Learn Kubernetes and Docker,90.4
PRF_00740,Java Developer,6,Hibernate; Spring Boot; REST APIs; Java,Lead Java Microservices Architect,Java Developer,Hibernate; Spring Boot; REST APIs; Java,Kafka; Kubernetes; Docker; System Design; Microservices,44.4,1350000,1700000,Learn Kafka and Kubernetes,77.0
PRF_00741,Java Developer,7,Spring Boot; Hibernate; REST APIs; Kafka; System Design; Docker,Lead Java Microservices Architect,Java Developer,Spring Boot; Hibernate; REST APIs; Kafka; System Design; Docker,Kubernetes; Microservices,66.7,1450000,2700000,Learn Kubernetes and Microservices,100
PRF_00742,Java Developer,12,Hibernate; REST APIs; Java; Spring Boot; Kafka,Lead Java Microservices Architect,Java Developer,Hibernate; REST APIs; Java; Spring Boot; Kafka,Kubernetes; Docker; System Design; Microservices,55.6,2000000,2850000,Learn Kubernetes and Docker,90.4
PRF_00743,Java Developer,6,Java; Hibernate; Docker; Kubernetes,Lead Java Microservices Architect,Java Developer,Java; Hibernate; Docker; Kubernetes,Kafka; System Design; Microservices,44.4,1100000,1700000,Learn Kafka and System Design,88.5
PRF_00744,Java Developer,14,Hibernate; REST APIs; Java; Spring Boot,Lead Java Microservices Architect,Java Developer,Hibernate; REST APIs; Java; Spring Boot,Kafka; Kubernetes; Docker; System Design; Microservices,44.4,1950000,2450000,Learn Kafka and Kubernetes,76.9
PRF_00745,Java Developer,10,Spring Boot; Java; Kafka; System Design,Lead Java Microservices Architect,Java Developer,Spring Boot; Java; Kafka; System Design,Kubernetes; Docker; Microservices,44.4,2050000,2100000,Learn Kubernetes and Docker,67.6
PRF_00746,Java Developer,7,Hibernate; Java; Spring Boot; REST APIs,Lead Java Microservices Architect,Java Developer,Hibernate; Java; Spring Boot; REST APIs,Kafka; Kubernetes; Docker; System Design; Microservices,44.4,1800000,1800000,Learn Kafka and Kubernetes,66.6
PRF_00747,Java Developer,5,Spring Boot; Hibernate; REST APIs; Kubernetes; Kafka; System Design,Lead Java Microservices Architect,Java Developer,Spring Boot; Hibernate; REST APIs; Kubernetes; Kafka; System Design,Docker; Microservices,66.7,1150000,2450000,Learn Docker and Microservices,100
PRF_00748,Java Developer,2,Hibernate; Spring Boot; Microservices; Kafka; Kubernetes,Lead Java Microservices Architect,Java Developer,Hibernate; Spring Boot; Microservices; Kafka; Kubernetes,Docker; System Design,55.6,1000000,1700000,Learn Docker and System Design,100
PRF_00749,Java Developer,8,REST APIs; Hibernate; Java,Lead Java Microservices Architect,Java Developer,REST APIs; Hibernate; Java,Kafka; Kubernetes; Docker; System Design; Microservices,33.3,1400000,1400000,Learn Kafka and Kubernetes,60.0
PRF_00750,Java Developer,11,Java; Hibernate; Spring Boot; REST APIs; Kubernetes; System Design,Lead Java Microservices Architect,Java Developer,Java; Hibernate; Spring Boot; REST APIs; Kubernetes; System Design,Kafka; Docker; Microservices,66.7,2300000,3250000,Learn Kafka and Docker,96.5
PRF_00751,Python Developer,9,Django; Flask; PostgreSQL; Python,Full Stack Python Engineer,Python Developer,Django; Flask; PostgreSQL; Python,FastAPI; React; Redis; Docker; Celery,44.4,1600000,1350000,Learn FastAPI and React,60.4
PRF_00752,Python Developer,10,Flask; Django; Python; FastAPI; Redis,Full Stack Python Engineer,Python Developer,Flask; Django; Python; FastAPI; Redis,React; Docker; Celery,55.6,1250000,1800000,Learn React and Docker,91.0
PRF_00753,Python Developer,11,Python; Django; PostgreSQL; Flask; Celery; FastAPI,Full Stack Python Engineer,Python Developer,Python; Django; PostgreSQL; Flask; Celery; FastAPI,React; Redis; Docker,66.7,1650000,2250000,Learn React and Redis,94.6
PRF_00754,Python Developer,9,PostgreSQL; Flask; Celery; Docker; React,Full Stack Python Engineer,Python Developer,PostgreSQL; Flask; Celery; Docker; React,FastAPI; Redis,55.6,1550000,1700000,Learn FastAPI and Redis,77.2
PRF_00755,Python Developer,3,PostgreSQL; Python; Django; Flask; FastAPI; Celery,Full Stack Python Engineer,Python Developer,PostgreSQL; Python; Django; Flask; FastAPI; Celery,React; Redis; Docker,66.7,650000,1500000,Learn React and Redis,100
PRF_00756,Python Developer,4,Django; PostgreSQL; Python; React; Redis,Full Stack Python Engineer,Python Developer,Django; PostgreSQL; Python; React; Redis,FastAPI; Docker; Celery,55.6,950000,1300000,Learn FastAPI and Docker,88.1
PRF_00757,Python Developer,1,PostgreSQL; Python,Full Stack Python Engineer,Python Developer,PostgreSQL; Python,FastAPI; React; Redis; Docker; Celery,22.2,700000,450000,Learn FastAPI and React,39.0
PRF_00758,Python Developer,13,PostgreSQL; Python; FastAPI,Full Stack Python Engineer,Python Developer,PostgreSQL; Python; FastAPI,React; Redis; Docker; Celery,33.3,1900000,1200000,Learn React and Redis,45.2
PRF_00759,Python Developer,7,Django; PostgreSQL; Python; FastAPI; Celery,Full Stack Python Engineer,Python Developer,Django; PostgreSQL; Python; FastAPI; Celery,React; Redis; Docker,55.6,900000,1550000,Learn React and Redis,100
PRF_00760,Python Developer,4,Python; PostgreSQL; Django; Flask; Celery; Docker,Full Stack Python Engineer,Python Developer,Python; PostgreSQL; Django; Flask; Celery; Docker,FastAPI; React; Redis,66.7,800000,1600000,Learn FastAPI and React,100
PRF_00761,Python Developer,2,Django; PostgreSQL; Flask; Python; React,Full Stack Python Engineer,Python Developer,Django; PostgreSQL; Flask; Python; React,FastAPI; Redis; Docker; Celery,55.6,700000,1150000,Learn FastAPI and Redis,99.1
PRF_00762,Python Developer,3,Django; PostgreSQL; FastAPI; Redis; Docker,Full Stack Python Engineer,Python Developer,Django; PostgreSQL; FastAPI; Redis; Docker,React; Celery,55.6,1050000,1250000,Learn React and Celery,81.0
PRF_00763,Python Developer,12,Flask; Python; React; Redis,Full Stack Python Engineer,Python Developer,Flask; Python; React; Redis,FastAPI; Docker; Celery,44.4,1400000,1550000,Learn FastAPI and Docker,70.9
PRF_00764,Python Developer,13,Flask; PostgreSQL; Django; Python,Full Stack Python Engineer,Python Developer,Flask; PostgreSQL; Django; Python,FastAPI; React; Redis; Docker; Celery,44.4,1700000,1650000,Learn FastAPI and React,65.5
PRF_00765,Python Developer,7,Python; PostgreSQL; Flask; Django; Celery; Docker; FastAPI,Full Stack Python Engineer,Python Developer,Python; PostgreSQL; Flask; Django; Celery; Docker; FastAPI,React; Redis,77.8,1250000,2200000,Learn React and Redis,100
PRF_00766,Python Developer,11,Django; Flask; Celery; Docker,Full Stack Python Engineer,Python Developer,Django; Flask; Celery; Docker,FastAPI; React; Redis,44.4,1650000,1500000,Learn FastAPI and React,63.0
PRF_00767,Python Developer,3,PostgreSQL; Flask; Python; Django,Full Stack Python Engineer,Python Developer,PostgreSQL; Flask; Python; Django,FastAPI; React; Redis; Docker; Celery,44.4,750000,1000000,Learn FastAPI and React,80.0
PRF_00768,Python Developer,5,Django; PostgreSQL; Docker; FastAPI,Full Stack Python Engineer,Python Developer,Django; PostgreSQL; Docker; FastAPI,React; Redis; Celery,44.4,1050000,1100000,Learn React and Redis,68.5
PRF_00769,Python Developer,2,Flask; Django; Python; Docker,Full Stack Python Engineer,Python Developer,Flask; Django; Python; Docker,FastAPI; React; Redis; Celery,44.4,700000,950000,Learn FastAPI and React,80.9
PRF_00770,Python Developer,10,Python; Flask,Full Stack Python Engineer,Python Developer,Python; Flask,FastAPI; React; Redis; Docker; Celery,22.2,1300000,700000,Learn FastAPI and React,34.9
PRF_00771,Python Developer,10,Python; Flask; PostgreSQL; Django; FastAPI; Celery,Full Stack Python Engineer,Python Developer,Python; Flask; PostgreSQL; Django; FastAPI; Celery,React; Redis; Docker,66.7,1500000,2150000,Learn React and Redis,97.4
PRF_00772,Python Developer,5,PostgreSQL; Python; FastAPI,Full Stack Python Engineer,Python Developer,PostgreSQL; Python; FastAPI,React; Redis; Docker; Celery,33.3,900000,850000,Learn React and Redis,57.8
PRF_00773,Python Developer,14,PostgreSQL; Python; Flask,Full Stack Python Engineer,Python Developer,PostgreSQL; Python; Flask,FastAPI; React; Redis; Docker; Celery,33.3,1850000,1250000,Learn FastAPI and React,47.0
PRF_00774,Python Developer,2,Flask; Django; Python,Full Stack Python Engineer,Python Developer,Flask; Django; Python,FastAPI; React; Redis; Docker; Celery,33.3,700000,700000,Learn FastAPI and React,60.0
PRF_00775,Python Developer,12,Django; Python; PostgreSQL; Redis; Docker; FastAPI,Full Stack Python Engineer,Python Developer,Django; Python; PostgreSQL; Redis; Docker; FastAPI,React; Celery,66.7,1250000,2350000,Learn React and Celery,100
PRF_00776,Python Developer,12,Flask; Django; Python; PostgreSQL; React; FastAPI; Redis,Full Stack Python Engineer,Python Developer,Flask; Django; Python; PostgreSQL; React; FastAPI; Redis,Docker; Celery,77.8,1200000,2750000,Learn Docker and Celery,100
PRF_00777,Python Developer,7,PostgreSQL; Django; React; Redis,Full Stack Python Engineer,Python Developer,PostgreSQL; Django; React; Redis,FastAPI; Docker; Celery,44.4,1050000,1250000,Learn FastAPI and Docker,74.3
PRF_00778,Python Developer,11,PostgreSQL; Python; Docker,Full Stack Python Engineer,Python Developer,PostgreSQL; Python; Docker,FastAPI; React; Redis; Celery,33.3,1250000,1150000,Learn FastAPI and React,56.8
PRF_00779,Python Developer,8,PostgreSQL; Python; Django; Flask; React; Docker; FastAPI,Full Stack Python Engineer,Python Developer,PostgreSQL; Python; Django; Flask; React; Docker; FastAPI,Redis; Celery,77.8,1450000,2300000,Learn Redis and Celery,100
PRF_00780,Python Developer,14,Django; PostgreSQL; Python; Flask; Docker; Redis; Celery,Full Stack Python Engineer,Python Developer,Django; PostgreSQL; Python; Flask; Docker; Redis; Celery,FastAPI; React,77.8,1950000,2950000,Learn FastAPI and React,100
PRF_00781,Python Developer,8,PostgreSQL; Django; Python; Redis; Celery; React,Full Stack Python Engineer,Python Developer,PostgreSQL; Django; Python; Redis; Celery; React,FastAPI; Docker,66.7,1350000,1950000,Learn FastAPI and Docker,97.8
PRF_00782,Python Developer,12,Django; Flask; PostgreSQL; Python; Celery; Redis,Full Stack Python Engineer,Python Developer,Django; Flask; PostgreSQL; Python; Celery; Redis,FastAPI; React; Docker,66.7,1700000,2350000,Learn FastAPI and React,95.3
PRF_00783,Python Developer,2,PostgreSQL; Django; Python; Celery; React,Full Stack Python Engineer,Python Developer,PostgreSQL; Django; Python; Celery; React,FastAPI; Redis; Docker,55.6,650000,1150000,Learn FastAPI and Redis,100
PRF_00784,Python Developer,4,Flask; PostgreSQL; Django; Python,Full Stack Python Engineer,Python Developer,Flask; PostgreSQL; Django; Python,FastAPI; React; Redis; Docker; Celery,44.4,750000,1050000,Learn FastAPI and React,82.6
PRF_00785,Python Developer,1,Flask; PostgreSQL; Django; Python; FastAPI; Docker; Redis,Full Stack Python Engineer,Python Developer,Flask; PostgreSQL; Django; Python; FastAPI; Docker; Redis,React; Celery,77.8,850000,1500000,Learn React and Celery,100
PRF_00786,Python Developer,9,Python; PostgreSQL; Flask; React; Redis; Docker,Full Stack Python Engineer,Python Developer,Python; PostgreSQL; Flask; React; Redis; Docker,FastAPI; Celery,66.7,1550000,2050000,Learn FastAPI and Celery,92.9
PRF_00787,Python Developer,3,Django; Python; Redis; Docker; FastAPI,Full Stack Python Engineer,Python Developer,Django; Python; Redis; Docker; FastAPI,React; Celery,55.6,1000000,1250000,Learn React and Celery,83.4
PRF_00788,Python Developer,3,Django; PostgreSQL; Flask; Python; FastAPI; Celery; React,Full Stack Python Engineer,Python Developer,Django; PostgreSQL; Flask; Python; FastAPI; Celery; React,Redis; Docker,77.8,1000000,1750000,Learn Redis and Docker,100
PRF_00789,Python Developer,9,Flask; Python; Celery,Full Stack Python Engineer,Python Developer,Flask; Python; Celery,FastAPI; React; Redis; Docker,33.3,1450000,1050000,Learn FastAPI and React,48.9
PRF_00790,Python Developer,9,Python; Flask; Django; PostgreSQL; Redis; FastAPI; React,Full Stack Python Engineer,Python Developer,Python; Flask; Django; PostgreSQL; Redis; FastAPI; React,Docker; Celery,77.8,1200000,2400000,Learn Docker and Celery,100
PRF_00791,Python Developer,5,Django; Flask; Python; PostgreSQL; React; FastAPI; Celery,Full Stack Python Engineer,Python Developer,Django; Flask; Python; PostgreSQL; React; FastAPI; Celery,Redis; Docker,77.8,1100000,1950000,Learn Redis and Docker,100
PRF_00792,Python Developer,1,Django; Flask; React; FastAPI; Redis,Full Stack Python Engineer,Python Developer,Django; Flask; React; FastAPI; Redis,Docker; Celery,55.6,800000,1100000,Learn Docker and Celery,88.4
PRF_00793,Python Developer,13,Flask; Python; Django; PostgreSQL; Docker; Celery,Full Stack Python Engineer,Python Developer,Flask; Python; Django; PostgreSQL; Docker; Celery,FastAPI; React; Redis,66.7,1700000,2450000,Learn FastAPI and React,97.7
PRF_00794,Python Developer,1,Flask; Python; PostgreSQL; Celery; React,Full Stack Python Engineer,Python Developer,Flask; Python; PostgreSQL; Celery; React,FastAPI; Redis; Docker,55.6,700000,1100000,Learn FastAPI and Redis,96.2
PRF_00795,Python Developer,14,PostgreSQL; Python; Flask; Redis; React,Full Stack Python Engineer,Python Developer,PostgreSQL; Python; Flask; Redis; React,FastAPI; Docker; Celery,55.6,1600000,2100000,Learn FastAPI and Docker,85.9
PRF_00796,Python Developer,9,PostgreSQL; Flask; Python; Django; FastAPI; Docker,Full Stack Python Engineer,Python Developer,PostgreSQL; Flask; Python; Django; FastAPI; Docker,React; Redis; Celery,66.7,1300000,2050000,Learn React and Redis,100
PRF_00797,Python Developer,9,Django; Flask; PostgreSQL,Full Stack Python Engineer,Python Developer,Django; Flask; PostgreSQL,FastAPI; React; Redis; Docker; Celery,33.3,1600000,1050000,Learn FastAPI and React,46.2
PRF_00798,Python Developer,13,Python; Flask; PostgreSQL; Django; Redis,Full Stack Python Engineer,Python Developer,Python; Flask; PostgreSQL; Django; Redis,FastAPI; React; Docker; Celery,55.6,1950000,2050000,Learn FastAPI and React,75.4
PRF_00799,Python Developer,14,PostgreSQL; Django; Celery,Full Stack Python Engineer,Python Developer,PostgreSQL; Django; Celery,FastAPI; React; Redis; Docker,33.3,1950000,1250000,Learn FastAPI and React,45.6
PRF_00800,Python Developer,10,Flask; PostgreSQL; React; FastAPI; Redis,Full Stack Python Engineer,Python Developer,Flask; PostgreSQL; React; FastAPI; Redis,Docker; Celery,55.6,1500000,1800000,Learn Docker and Celery,81.4
PRF_00801,Python Developer,12,PostgreSQL; Django; Python,Full Stack Python Engineer,Python Developer,PostgreSQL; Django; Python,FastAPI; React; Redis; Docker; Celery,33.3,1550000,1150000,Learn FastAPI and React,49.7
PRF_00802,Python Developer,9,Django; Python; Docker; Redis,Full Stack Python Engineer,Python Developer,Django; Python; Docker; Redis,FastAPI; React; Celery,44.4,1600000,1350000,Learn FastAPI and React,60.4
PRF_00803,Python Developer,5,Python; PostgreSQL; FastAPI,Full Stack Python Engineer,Python Developer,Python; PostgreSQL; FastAPI,React; Redis; Docker; Celery,33.3,950000,850000,Learn React and Redis,55.8
PRF_00804,Python Developer,10,PostgreSQL; Python; Flask; Django; React,Full Stack Python Engineer,Python Developer,PostgreSQL; Python; Flask; Django; React,FastAPI; Redis; Docker; Celery,55.6,1400000,1800000,Learn FastAPI and Redis,84.8
PRF_00805,Python Developer,2,Flask; Python; Django; Redis,Full Stack Python Engineer,Python Developer,Flask; Python; Django; Redis,FastAPI; React; Docker; Celery,44.4,700000,950000,Learn FastAPI and React,80.9
PRF_00806,Python Developer,10,Django; Flask; Python; FastAPI; Docker,Full Stack Python Engineer,Python Developer,Django; Flask; Python; FastAPI; Docker,React; Redis; Celery,55.6,1250000,1800000,Learn React and Redis,91.0
PRF_00807,Python Developer,4,Flask; Django; Redis,Full Stack Python Engineer,Python Developer,Flask; Django; Redis,FastAPI; React; Docker; Celery,33.3,900000,800000,Learn FastAPI and React,55.5
PRF_00808,Python Developer,10,Flask; Python; Django; PostgreSQL; Docker; FastAPI,Full Stack Python Engineer,Python Developer,Flask; Python; Django; PostgreSQL; Docker; FastAPI,React; Redis; Celery,66.7,1400000,2150000,Learn React and Redis,100
PRF_00809,Python Developer,14,Flask; Python; React,Full Stack Python Engineer,Python Developer,Flask; Python; React,FastAPI; Redis; Docker; Celery,33.3,1450000,1250000,Learn FastAPI and Redis,54.5
PRF_00810,Python Developer,13,Flask; Python; FastAPI,Full Stack Python Engineer,Python Developer,Flask; Python; FastAPI,React; Redis; Docker; Celery,33.3,1950000,1200000,Learn React and Redis,44.6
PRF_00811,Python Developer,6,PostgreSQL; Flask; Django,Full Stack Python Engineer,Python Developer,PostgreSQL; Flask; Django,FastAPI; React; Redis; Docker; Celery,33.3,1100000,900000,Learn FastAPI and React,52.7
PRF_00812,Python Developer,5,PostgreSQL; Django; Python,Full Stack Python Engineer,Python Developer,PostgreSQL; Django; Python,FastAPI; React; Redis; Docker; Celery,33.3,1100000,850000,Learn FastAPI and React,50.9
PRF_00813,Python Developer,2,Django; PostgreSQL; Flask; FastAPI,Full Stack Python Engineer,Python Developer,Django; PostgreSQL; Flask; FastAPI,React; Redis; Docker; Celery,44.4,950000,950000,Learn React and Redis,66.6
PRF_00814,Python Developer,1,Django; Python; Flask; PostgreSQL,Full Stack Python Engineer,Python Developer,Django; Python; Flask; PostgreSQL,FastAPI; React; Redis; Docker; Celery,44.4,600000,850000,Learn FastAPI and React,83.3
PRF_00815,Python Developer,6,Django; PostgreSQL; FastAPI; Celery; React,Full Stack Python Engineer,Python Developer,Django; PostgreSQL; FastAPI; Celery; React,Redis; Docker,55.6,900000,1500000,Learn Redis and Docker,100
PRF_00816,Python Developer,4,Flask; Django; PostgreSQL; FastAPI; Redis,Full Stack Python Engineer,Python Developer,Flask; Django; PostgreSQL; FastAPI; Redis,React; Docker; Celery,55.6,850000,1300000,Learn React and Docker,94.5
PRF_00817,Python Developer,13,PostgreSQL; Django; Flask; Python; Redis; Docker,Full Stack Python Engineer,Python Developer,PostgreSQL; Django; Flask; Python; Redis; Docker,FastAPI; React; Celery,66.7,1650000,2450000,Learn FastAPI and React,99.4
PRF_00818,Python Developer,11,PostgreSQL; Django; Flask,Full Stack Python Engineer,Python Developer,PostgreSQL; Django; Flask,FastAPI; React; Redis; Docker; Celery,33.3,1400000,1150000,Learn FastAPI and React,52.8
PRF_00819,Python Developer,13,Flask; Django; Docker; Celery; FastAPI,Full Stack Python Engineer,Python Developer,Flask; Django; Docker; Celery; FastAPI,React; Redis,55.6,1400000,2050000,Learn React and Redis,91.9
PRF_00820,Python Developer,13,PostgreSQL; Django; Redis; React; FastAPI,Full Stack Python Engineer,Python Developer,PostgreSQL; Django; Redis; React; FastAPI,Docker; Celery,55.6,1950000,2050000,Learn Docker and Celery,75.4
PRF_00821,Python Developer,12,Flask; Python; Django,Full Stack Python Engineer,Python Developer,Flask; Python; Django,FastAPI; React; Redis; Docker; Celery,33.3,1750000,1150000,Learn FastAPI and React,46.3
PRF_00822,Python Developer,5,PostgreSQL; Python; Flask; Django; React; Docker,Full Stack Python Engineer,Python Developer,PostgreSQL; Python; Flask; Django; React; Docker,FastAPI; Redis; Celery,66.7,1050000,1700000,Learn FastAPI and Redis,100
PRF_00823,Python Developer,14,Python; Flask; PostgreSQL; Docker,Full Stack Python Engineer,Python Developer,Python; Flask; PostgreSQL; Docker,FastAPI; React; Redis; Celery,44.4,1800000,1700000,Learn FastAPI and React,64.4
PRF_00824,Python Developer,12,Python; Django; FastAPI; Redis,Full Stack Python Engineer,Python Developer,Python; Django; FastAPI; Redis,React; Docker; Celery,44.4,1500000,1550000,Learn React and Docker,68.0
PRF_00825,Python Developer,8,Python; Flask; Django; PostgreSQL,Full Stack Python Engineer,Python Developer,Python; Flask; Django; PostgreSQL,FastAPI; React; Redis; Docker; Celery,44.4,1100000,1300000,Learn FastAPI and React,73.9
PRF_00826,Python Developer,2,Flask; Django; Python,Full Stack Python Engineer,Python Developer,Flask; Django; Python,FastAPI; React; Redis; Docker; Celery,33.3,850000,700000,Learn FastAPI and React,52.9
PRF_00827,Python Developer,11,Python; Flask; Django; PostgreSQL; FastAPI,Full Stack Python Engineer,Python Developer,Python; Flask; Django; PostgreSQL; FastAPI,React; Redis; Docker; Celery,55.6,1700000,1900000,Learn React and Redis,78.1
PRF_00828,Python Developer,6,Python; Flask; Django; FastAPI; Docker,Full Stack Python Engineer,Python Developer,Python; Flask; Django; FastAPI; Docker,React; Redis; Celery,55.6,950000,1500000,Learn React and Redis,96.5
PRF_00829,Python Developer,13,Flask; PostgreSQL; Django; React; Docker,Full Stack Python Engineer,Python Developer,Flask; PostgreSQL; Django; React; Docker,FastAPI; Redis; Celery,55.6,1800000,2050000,Learn FastAPI and Redis,78.9
PRF_00830,Python Developer,7,Python; Flask,Full Stack Python Engineer,Python Developer,Python; Flask,FastAPI; React; Redis; Docker; Celery,22.2,1150000,600000,Learn FastAPI and React,34.2
PRF_00831,Python Developer,14,PostgreSQL; Django; Flask; Python; FastAPI,Full Stack Python Engineer,Python Developer,PostgreSQL; Django; Flask; Python; FastAPI,React; Redis; Docker; Celery,55.6,1700000,2100000,Learn React and Redis,82.8
PRF_00832,Python Developer,14,Python; PostgreSQL; Django,Full Stack Python Engineer,Python Developer,Python; PostgreSQL; Django,FastAPI; React; Redis; Docker; Celery,33.3,2000000,1250000,Learn FastAPI and React,45.0
PRF_00833,Python Developer,1,PostgreSQL; Django; Python; Docker; React; FastAPI,Full Stack Python Engineer,Python Developer,PostgreSQL; Django; Python; Docker; React; FastAPI,Redis; Celery,66.7,700000,1300000,Learn Redis and Celery,100
PRF_00834,Python Developer,12,PostgreSQL; Python; Django; Flask; Celery,Full Stack Python Engineer,Python Developer,PostgreSQL; Python; Django; Flask; Celery,FastAPI; React; Redis; Docker,55.6,1650000,1950000,Learn FastAPI and React,80.6
PRF_00835,Python Developer,5,Flask; Python; Redis,Full Stack Python Engineer,Python Developer,Flask; Python; Redis,FastAPI; React; Docker; Celery,33.3,1100000,850000,Learn FastAPI and React,50.9
PRF_00836,Python Developer,2,Flask; PostgreSQL; Django,Full Stack Python Engineer,Python Developer,Flask; PostgreSQL; Django,FastAPI; React; Redis; Docker; Celery,33.3,700000,700000,Learn FastAPI and React,60.0
PRF_00837,Python Developer,12,Flask; Python; PostgreSQL; Redis; FastAPI,Full Stack Python Engineer,Python Developer,Flask; Python; PostgreSQL; Redis; FastAPI,React; Docker; Celery,55.6,1550000,1950000,Learn React and Docker,83.7
PRF_00838,Python Developer,6,Python; Flask; Redis; Docker; Celery,Full Stack Python Engineer,Python Developer,Python; Flask; Redis; Docker; Celery,FastAPI; React,55.6,1250000,1500000,Learn FastAPI and React,81.4
PRF_00839,Python Developer,4,PostgreSQL; Flask; Django; Python,Full Stack Python Engineer,Python Developer,PostgreSQL; Flask; Django; Python,FastAPI; React; Redis; Docker; Celery,44.4,900000,1050000,Learn FastAPI and React,73.3
PRF_00840,Python Developer,4,Flask; PostgreSQL; Python; Django; Docker,Full Stack Python Engineer,Python Developer,Flask; PostgreSQL; Python; Django; Docker,FastAPI; React; Redis; Celery,55.6,1050000,1300000,Learn FastAPI and React,82.9
PRF_00841,Python Developer,11,Python; Django; Flask; Docker; FastAPI,Full Stack Python Engineer,Python Developer,Python; Django; Flask; Docker; FastAPI,React; Redis; Celery,55.6,1550000,1900000,Learn React and Redis,82.4
PRF_00842,Python Developer,4,PostgreSQL; Django; Python; Flask; Celery; Docker; FastAPI,Full Stack Python Engineer,Python Developer,PostgreSQL; Django; Python; Flask; Celery; Docker; FastAPI,React; Redis,77.8,950000,1850000,Learn React and Redis,100
PRF_00843,Python Developer,4,PostgreSQL; Python,Full Stack Python Engineer,Python Developer,PostgreSQL; Python,FastAPI; React; Redis; Docker; Celery,22.2,1000000,550000,Learn FastAPI and React,35.3
PRF_00844,Python Developer,1,Django; Flask; Python; PostgreSQL; Redis,Full Stack Python Engineer,Python Developer,Django; Flask; Python; PostgreSQL; Redis,FastAPI; React; Docker; Celery,55.6,650000,1100000,Learn FastAPI and React,100
PRF_00845,Python Developer,12,Django; PostgreSQL; Celery; Docker; FastAPI,Full Stack Python Engineer,Python Developer,Django; PostgreSQL; Celery; Docker; FastAPI,React; Redis,55.6,1800000,1950000,Learn React and Redis,76.7
PRF_00846,Python Developer,3,Python; PostgreSQL; Redis; Docker,Full Stack Python Engineer,Python Developer,Python; PostgreSQL; Redis; Docker,FastAPI; React; Celery,44.4,1000000,1000000,Learn FastAPI and React,66.6
PRF_00847,Python Developer,13,Python; Flask; Django,Full Stack Python Engineer,Python Developer,Python; Flask; Django,FastAPI; React; Redis; Docker; Celery,33.3,1750000,1200000,Learn FastAPI and React,47.4
PRF_00848,Python Developer,7,Flask; Django; PostgreSQL; Python,Full Stack Python Engineer,Python Developer,Flask; Django; PostgreSQL; Python,FastAPI; React; Redis; Docker; Celery,44.4,1150000,1250000,Learn FastAPI and React,70.1
PRF_00849,Python Developer,2,Python; Flask; Redis; Celery,Full Stack Python Engineer,Python Developer,Python; Flask; Redis; Celery,FastAPI; React; Docker,44.4,850000,950000,Learn FastAPI and React,71.3
PRF_00850,Python Developer,3,PostgreSQL; Django; Redis,Full Stack Python Engineer,Python Developer,PostgreSQL; Django; Redis,FastAPI; React; Docker; Celery,33.3,850000,750000,Learn FastAPI and React,55.3
PRF_00851,Python Developer,3,PostgreSQL; Python; Flask; Django,Full Stack Python Engineer,Python Developer,PostgreSQL; Python; Flask; Django,FastAPI; React; Redis; Docker; Celery,44.4,1000000,1000000,Learn FastAPI and React,66.6
PRF_00852,Python Developer,4,PostgreSQL; Python; Flask; Django,Full Stack Python Engineer,Python Developer,PostgreSQL; Python; Flask; Django,FastAPI; React; Redis; Docker; Celery,44.4,900000,1050000,Learn FastAPI and React,73.3
PRF_00853,Python Developer,12,Django; Flask; FastAPI; Docker,Full Stack Python Engineer,Python Developer,Django; Flask; FastAPI; Docker,React; Redis; Celery,44.4,1450000,1550000,Learn React and Redis,69.4
PRF_00854,Python Developer,8,PostgreSQL; Flask,Full Stack Python Engineer,Python Developer,PostgreSQL; Flask,FastAPI; React; Redis; Docker; Celery,22.2,1150000,650000,Learn FastAPI and React,35.9
PRF_00855,Python Developer,2,PostgreSQL; Python,Full Stack Python Engineer,Python Developer,PostgreSQL; Python,FastAPI; React; Redis; Docker; Celery,22.2,750000,450000,Learn FastAPI and React,37.3
PRF_00856,Python Developer,6,Django; PostgreSQL; Python; React,Full Stack Python Engineer,Python Developer,Django; PostgreSQL; Python; React,FastAPI; Redis; Docker; Celery,44.4,1200000,1200000,Learn FastAPI and Redis,66.6
PRF_00857,Python Developer,4,Django; Python; Flask; PostgreSQL; Docker; Celery; React,Full Stack Python Engineer,Python Developer,Django; Python; Flask; PostgreSQL; Docker; Celery; React,FastAPI; Redis,77.8,1100000,1850000,Learn FastAPI and Redis,100
PRF_00858,Python Developer,12,PostgreSQL; Flask,Full Stack Python Engineer,Python Developer,PostgreSQL; Flask,FastAPI; React; Redis; Docker; Celery,22.2,1750000,800000,Learn FastAPI and React,31.6
PRF_00859,Python Developer,11,Flask; PostgreSQL; Python; Django; FastAPI; Redis,Full Stack Python Engineer,Python Developer,Flask; PostgreSQL; Python; Django; FastAPI; Redis,React; Docker; Celery,66.7,1600000,2250000,Learn React and Docker,96.3
PRF_00860,Python Developer,7,Python; PostgreSQL; Flask; Django,Full Stack Python Engineer,Python Developer,Python; PostgreSQL; Flask; Django,FastAPI; React; Redis; Docker; Celery,44.4,1000000,1250000,Learn FastAPI and React,76.6
PRF_00861,Python Developer,10,Flask; Python; PostgreSQL,Full Stack Python Engineer,Python Developer,Flask; Python; PostgreSQL,FastAPI; React; Redis; Docker; Celery,33.3,1200000,1100000,Learn FastAPI and React,56.6
PRF_00862,Python Developer,6,PostgreSQL; Python; Redis; React,Full Stack Python Engineer,Python Developer,PostgreSQL; Python; Redis; React,FastAPI; Docker; Celery,44.4,1250000,1200000,Learn FastAPI and Docker,65.0
PRF_00863,Python Developer,11,Flask; Python; Celery; Redis,Full Stack Python Engineer,Python Developer,Flask; Python; Celery; Redis,FastAPI; React; Docker,44.4,1650000,1500000,Learn FastAPI and React,63.0
PRF_00864,Python Developer,12,PostgreSQL; Django; Redis,Full Stack Python Engineer,Python Developer,PostgreSQL; Django; Redis,FastAPI; React; Docker; Celery,33.3,1250000,1150000,Learn FastAPI and React,56.8
PRF_00865,Python Developer,5,PostgreSQL; Django; Flask; Python; Docker; React,Full Stack Python Engineer,Python Developer,PostgreSQL; Django; Flask; Python; Docker; React,FastAPI; Redis; Celery,66.7,1000000,1700000,Learn FastAPI and Redis,100
PRF_00866,Python Developer,12,Django; Python; Flask; PostgreSQL; Celery; FastAPI; Redis,Full Stack Python Engineer,Python Developer,Django; Python; Flask; PostgreSQL; Celery; FastAPI; Redis,React; Docker,77.8,1450000,2750000,Learn React and Docker,100
PRF_00867,Python Developer,4,Python; Django; PostgreSQL; Flask,Full Stack Python Engineer,Python Developer,Python; Django; PostgreSQL; Flask,FastAPI; React; Redis; Docker; Celery,44.4,1050000,1050000,Learn FastAPI and React,66.6
PRF_00868,Python Developer,8,PostgreSQL; Django; Flask; React; FastAPI; Docker,Full Stack Python Engineer,Python Developer,PostgreSQL; Django; Flask; React; FastAPI; Docker,Redis; Celery,66.7,1150000,1950000,Learn Redis and Celery,100
PRF_00869,Python Developer,12,Python; Flask; Django; Docker; Celery,Full Stack Python Engineer,Python Developer,Python; Flask; Django; Docker; Celery,FastAPI; React; Redis,55.6,1550000,1950000,Learn FastAPI and React,83.7
PRF_00870,Python Developer,6,Python; PostgreSQL; Django; Celery; Docker; FastAPI,Full Stack Python Engineer,Python Developer,Python; PostgreSQL; Django; Celery; Docker; FastAPI,React; Redis,66.7,1050000,1800000,Learn React and Redis,100
PRF_00871,Python Developer,6,PostgreSQL; Django; Python; Celery; React; Redis,Full Stack Python Engineer,Python Developer,PostgreSQL; Django; Python; Celery; React; Redis,FastAPI; Docker,66.7,1050000,1800000,Learn FastAPI and Docker,100
PRF_00872,Python Developer,10,Python; Flask; PostgreSQL; Django,Full Stack Python Engineer,Python Developer,Python; Flask; PostgreSQL; Django,FastAPI; React; Redis; Docker; Celery,44.4,1400000,1450000,Learn FastAPI and React,68.1
PRF_00873,Python Developer,14,PostgreSQL; Flask; Celery; React; FastAPI,Full Stack Python Engineer,Python Developer,PostgreSQL; Flask; Celery; React; FastAPI,Redis; Docker,55.6,2050000,2100000,Learn Redis and Docker,74.3
PRF_00874,Python Developer,7,PostgreSQL; Flask; Python; React,Full Stack Python Engineer,Python Developer,PostgreSQL; Flask; Python; React,FastAPI; Redis; Docker; Celery,44.4,1350000,1250000,Learn FastAPI and Redis,63.7
PRF_00875,Python Developer,4,PostgreSQL; Python; Django,Full Stack Python Engineer,Python Developer,PostgreSQL; Python; Django,FastAPI; React; Redis; Docker; Celery,33.3,1000000,800000,Learn FastAPI and React,52.0
PRF_00876,Python Developer,11,PostgreSQL; Python,Full Stack Python Engineer,Python Developer,PostgreSQL; Python,FastAPI; React; Redis; Docker; Celery,22.2,1600000,750000,Learn FastAPI and React,32.1
PRF_00877,Python Developer,8,Django; PostgreSQL; Python,Full Stack Python Engineer,Python Developer,Django; PostgreSQL; Python,FastAPI; React; Redis; Docker; Celery,33.3,1450000,1000000,Learn FastAPI and React,47.6
PRF_00878,Python Developer,4,PostgreSQL; Flask; Django,Full Stack Python Engineer,Python Developer,PostgreSQL; Flask; Django,FastAPI; React; Redis; Docker; Celery,33.3,1050000,800000,Learn FastAPI and React,50.5
PRF_00879,Python Developer,8,PostgreSQL; Python,Full Stack Python Engineer,Python Developer,PostgreSQL; Python,FastAPI; React; Redis; Docker; Celery,22.2,1100000,650000,Learn FastAPI and React,37.0
PRF_00880,Python Developer,1,Flask; PostgreSQL; Python; Docker; Redis,Full Stack Python Engineer,Python Developer,Flask; PostgreSQL; Python; Docker; Redis,FastAPI; React; Celery,55.6,800000,1100000,Learn FastAPI and React,88.4
PRF_00881,Python Developer,8,Flask; Django; Python; Docker; Celery; React,Full Stack Python Engineer,Python Developer,Flask; Django; Python; Docker; Celery; React,FastAPI; Redis,66.7,1100000,1950000,Learn FastAPI and Redis,100
PRF_00882,Python Developer,2,Flask; Django; Python,Full Stack Python Engineer,Python Developer,Flask; Django; Python,FastAPI; React; Redis; Docker; Celery,33.3,800000,700000,Learn FastAPI and React,55.0
PRF_00883,Python Developer,14,Flask; Django; Python; Redis; React; Celery,Full Stack Python Engineer,Python Developer,Flask; Django; Python; Redis; React; Celery,FastAPI; Docker,66.7,1750000,2550000,Learn FastAPI and Docker,98.3
PRF_00884,Python Developer,2,Python; Django; PostgreSQL; Flask; Docker; React,Full Stack Python Engineer,Python Developer,Python; Django; PostgreSQL; Flask; Docker; React,FastAPI; Redis; Celery,66.7,850000,1400000,Learn FastAPI and Redis,100
PRF_00885,Python Developer,14,Flask; Django; PostgreSQL; Python; React,Full Stack Python Engineer,Python Developer,Flask; Django; PostgreSQL; Python; React,FastAPI; Redis; Docker; Celery,55.6,1900000,2100000,Learn FastAPI and Redis,77.6
PRF_00886,Python Developer,8,Flask; Python; Django; PostgreSQL; Docker; FastAPI; React,Full Stack Python Engineer,Python Developer,Flask; Python; Django; PostgreSQL; Docker; FastAPI; React,Redis; Celery,77.8,1400000,2300000,Learn Redis and Celery,100
PRF_00887,Python Developer,6,PostgreSQL; Python; Flask; Django; Redis; React; Celery,Full Stack Python Engineer,Python Developer,PostgreSQL; Python; Flask; Django; Redis; React; Celery,FastAPI; Docker,77.8,1150000,2050000,Learn FastAPI and Docker,100
PRF_00888,Python Developer,7,Django; Python; PostgreSQL; Flask; FastAPI; React,Full Stack Python Engineer,Python Developer,Django; Python; PostgreSQL; Flask; FastAPI; React,Redis; Docker; Celery,66.7,1200000,1850000,Learn Redis and Docker,100
PRF_00889,Python Developer,14,Django; PostgreSQL; Docker,Full Stack Python Engineer,Python Developer,Django; PostgreSQL; Docker,FastAPI; React; Redis; Celery,33.3,1850000,1250000,Learn FastAPI and React,47.0
PRF_00890,Python Developer,6,Flask; PostgreSQL; FastAPI,Full Stack Python Engineer,Python Developer,Flask; PostgreSQL; FastAPI,React; Redis; Docker; Celery,33.3,1250000,900000,Learn React and Redis,48.8
PRF_00891,Python Developer,6,PostgreSQL; Flask; Python; Celery; Docker; Redis,Full Stack Python Engineer,Python Developer,PostgreSQL; Flask; Python; Celery; Docker; Redis,FastAPI; React,66.7,1000000,1800000,Learn FastAPI and React,100
PRF_00892,Python Developer,3,PostgreSQL; Python,Full Stack Python Engineer,Python Developer,PostgreSQL; Python,FastAPI; React; Redis; Docker; Celery,22.2,850000,500000,Learn FastAPI and React,36.8
PRF_00893,Python Developer,7,Flask; Python; PostgreSQL; Django,Full Stack Python Engineer,Python Developer,Flask; Python; PostgreSQL; Django,FastAPI; React; Redis; Docker; Celery,44.4,900000,1250000,Learn FastAPI and React,82.2
PRF_00894,Python Developer,1,Flask; Django; Docker; Celery,Full Stack Python Engineer,Python Developer,Flask; Django; Docker; Celery,FastAPI; React; Redis,44.4,600000,850000,Learn FastAPI and React,83.3
PRF_00895,Python Developer,9,Python; Flask; PostgreSQL; Django; Docker,Full Stack Python Engineer,Python Developer,Python; Flask; PostgreSQL; Django; Docker,FastAPI; React; Redis; Celery,55.6,1050000,1700000,Learn FastAPI and React,98.1
PRF_00896,Python Developer,1,PostgreSQL; Python; Django; Flask,Full Stack Python Engineer,Python Developer,PostgreSQL; Python; Django; Flask,FastAPI; React; Redis; Docker; Celery,44.4,850000,850000,Learn FastAPI and React,66.6
PRF_00897,Python Developer,14,Python; Flask; Django; Docker; FastAPI,Full Stack Python Engineer,Python Developer,Python; Flask; Django; Docker; FastAPI,React; Redis; Celery,55.6,1650000,2100000,Learn React and Redis,84.3
PRF_00898,Python Developer,9,Python; Django; Flask; FastAPI,Full Stack Python Engineer,Python Developer,Python; Django; Flask; FastAPI,React; Redis; Docker; Celery,44.4,1200000,1350000,Learn React and Redis,71.6
PRF_00899,Python Developer,11,Python; Flask; Django,Full Stack Python Engineer,Python Developer,Python; Flask; Django,FastAPI; React; Redis; Docker; Celery,33.3,1350000,1150000,Learn FastAPI and React,54.1
PRF_00900,Python Developer,1,Django; PostgreSQL; Flask; Python; Docker; Redis,Full Stack Python Engineer,Python Developer,Django; PostgreSQL; Flask; Python; Docker; Redis,FastAPI; React; Celery,66.7,750000,1300000,Learn FastAPI and React,100
PRF_00901,Python Developer,12,Python; Django; PostgreSQL; Celery,Full Stack Python Engineer,Python Developer,Python; Django; PostgreSQL; Celery,FastAPI; React; Redis; Docker,44.4,1700000,1550000,Learn FastAPI and React,63.1
PRF_00902,Python Developer,5,Python; Flask; Django; PostgreSQL; Redis,Full Stack Python Engineer,Python Developer,Python; Flask; Django; PostgreSQL; Redis,FastAPI; React; Docker; Celery,55.6,800000,1400000,Learn FastAPI and React,100
PRF_00903,Python Developer,14,Python; Django; Flask; Redis; React; Celery,Full Stack Python Engineer,Python Developer,Python; Django; Flask; Redis; React; Celery,FastAPI; Docker,66.7,1950000,2550000,Learn FastAPI and Docker,92.3
PRF_00904,Python Developer,7,Flask; Python,Full Stack Python Engineer,Python Developer,Flask; Python,FastAPI; React; Redis; Docker; Celery,22.2,1100000,600000,Learn FastAPI and React,35.1
PRF_00905,Python Developer,1,Django; PostgreSQL; Python; Flask; Redis,Full Stack Python Engineer,Python Developer,Django; PostgreSQL; Python; Flask; Redis,FastAPI; React; Docker; Celery,55.6,600000,1100000,Learn FastAPI and React,100
PRF_00906,Python Developer,7,Django; Flask; Python; PostgreSQL; React; Docker; Redis,Full Stack Python Engineer,Python Developer,Django; Flask; Python; PostgreSQL; React; Docker; Redis,FastAPI; Celery,77.8,1400000,2200000,Learn FastAPI and Celery,100
PRF_00907,Python Developer,13,Flask; Python; PostgreSQL,Full Stack Python Engineer,Python Developer,Flask; Python; PostgreSQL,FastAPI; React; Redis; Docker; Celery,33.3,1300000,1200000,Learn FastAPI and React,56.9
PRF_00908,Python Developer,9,Flask; Django; FastAPI,Full Stack Python Engineer,Python Developer,Flask; Django; FastAPI,React; Redis; Docker; Celery,33.3,1400000,1050000,Learn React and Redis,50.0
PRF_00909,Python Developer,11,Python; PostgreSQL; Docker,Full Stack Python Engineer,Python Developer,Python; PostgreSQL; Docker,FastAPI; React; Redis; Celery,33.3,1700000,1150000,Learn FastAPI and React,47.0
PRF_00910,Python Developer,12,Python; Django; PostgreSQL; Flask; Celery; Redis; FastAPI,Full Stack Python Engineer,Python Developer,Python; Django; PostgreSQL; Flask; Celery; Redis; FastAPI,React; Docker,77.8,1600000,2750000,Learn React and Docker,100
PRF_00911,Python Developer,7,Django; Flask; PostgreSQL; Redis; Celery,Full Stack Python Engineer,Python Developer,Django; Flask; PostgreSQL; Redis; Celery,FastAPI; React; Docker,55.6,1400000,1550000,Learn FastAPI and React,77.6
PRF_00912,Python Developer,7,PostgreSQL; Django; Flask; Celery; FastAPI; Docker,Full Stack Python Engineer,Python Developer,PostgreSQL; Django; Flask; Celery; FastAPI; Docker,React; Redis,66.7,1000000,1850000,Learn React and Redis,100
PRF_00913,Python Developer,4,Flask; PostgreSQL; Python; Django,Full Stack Python Engineer,Python Developer,Flask; PostgreSQL; Python; Django,FastAPI; React; Redis; Docker; Celery,44.4,750000,1050000,Learn FastAPI and React,82.6
PRF_00914,Python Developer,2,PostgreSQL; Flask; Python; Redis; FastAPI,Full Stack Python Engineer,Python Developer,PostgreSQL; Flask; Python; Redis; FastAPI,React; Docker; Celery,55.6,800000,1150000,Learn React and Docker,90.9
PRF_00915,Python Developer,10,Django; Python; Docker,Full Stack Python Engineer,Python Developer,Django; Python; Docker,FastAPI; React; Redis; Celery,33.3,1550000,1100000,Learn FastAPI and React,48.4
PRF_00916,Python Developer,10,Flask; Python; PostgreSQL; Docker; React; Celery,Full Stack Python Engineer,Python Developer,Flask; Python; PostgreSQL; Docker; React; Celery,FastAPI; Redis,66.7,1500000,2150000,Learn FastAPI and Redis,97.4
PRF_00917,Python Developer,4,PostgreSQL; Python; Django; Celery; React; Docker,Full Stack Python Engineer,Python Developer,PostgreSQL; Python; Django; Celery; React; Docker,FastAPI; Redis,66.7,1000000,1600000,Learn FastAPI and Redis,100
PRF_00918,Python Developer,4,PostgreSQL; Python; Django; Flask,Full Stack Python Engineer,Python Developer,PostgreSQL; Python; Django; Flask,FastAPI; React; Redis; Docker; Celery,44.4,900000,1050000,Learn FastAPI and React,73.3
PRF_00919,Python Developer,9,Django; Flask,Full Stack Python Engineer,Python Developer,Django; Flask,FastAPI; React; Redis; Docker; Celery,22.2,1500000,700000,Learn FastAPI and React,32.0
PRF_00920,Python Developer,5,PostgreSQL; Flask; Django; Docker; React; FastAPI,Full Stack Python Engineer,Python Developer,PostgreSQL; Flask; Django; Docker; React; FastAPI,Redis; Celery,66.7,950000,1700000,Learn Redis and Celery,100
PRF_00921,Python Developer,8,PostgreSQL; Python; Redis; FastAPI,Full Stack Python Engineer,Python Developer,PostgreSQL; Python; Redis; FastAPI,React; Docker; Celery,44.4,1300000,1300000,Learn React and Docker,66.6
PRF_00922,Python Developer,6,Django; Flask; Python; PostgreSQL; Celery,Full Stack Python Engineer,Python Developer,Django; Flask; Python; PostgreSQL; Celery,FastAPI; React; Redis; Docker,55.6,1200000,1500000,Learn FastAPI and React,83.4
PRF_00923,Python Developer,1,Python; PostgreSQL; Django; Flask; React; Celery,Full Stack Python Engineer,Python Developer,Python; PostgreSQL; Django; Flask; React; Celery,FastAPI; Redis; Docker,66.7,850000,1300000,Learn FastAPI and Redis,100
PRF_00924,Python Developer,9,PostgreSQL; Flask; Python; Redis,Full Stack Python Engineer,Python Developer,PostgreSQL; Flask; Python; Redis,FastAPI; React; Docker; Celery,44.4,1200000,1350000,Learn FastAPI and React,71.6
PRF_00925,Python Developer,8,PostgreSQL; Flask; Python; Celery; Redis; React,Full Stack Python Engineer,Python Developer,PostgreSQL; Flask; Python; Celery; Redis; React,FastAPI; Docker,66.7,1150000,1950000,Learn FastAPI and Docker,100
PRF_00926,Python Developer,14,Python; Django; PostgreSQL; React; FastAPI,Full Stack Python Engineer,Python Developer,Python; Django; PostgreSQL; React; FastAPI,Redis; Docker; Celery,55.6,1550000,2100000,Learn Redis and Docker,87.6
PRF_00927,Python Developer,5,Flask; Python; Docker; Redis,Full Stack Python Engineer,Python Developer,Flask; Python; Docker; Redis,FastAPI; React; Celery,44.4,1100000,1100000,Learn FastAPI and React,66.6
PRF_00928,Python Developer,3,Python; PostgreSQL; Celery; FastAPI,Full Stack Python Engineer,Python Developer,Python; PostgreSQL; Celery; FastAPI,React; Redis; Docker,44.4,1050000,1000000,Learn React and Redis,64.7
PRF_00929,Python Developer,4,Django; Python; PostgreSQL; Flask; Docker,Full Stack Python Engineer,Python Developer,Django; Python; PostgreSQL; Flask; Docker,FastAPI; React; Redis; Celery,55.6,950000,1300000,Learn FastAPI and React,88.1
PRF_00930,Python Developer,3,PostgreSQL; Flask; Python; Django; Redis; React,Full Stack Python Engineer,Python Developer,PostgreSQL; Flask; Python; Django; Redis; React,FastAPI; Docker; Celery,66.7,850000,1500000,Learn FastAPI and Docker,100
PRF_00931,Python Developer,14,Flask; Python; PostgreSQL; Django; Docker; Redis,Full Stack Python Engineer,Python Developer,Flask; Python; PostgreSQL; Django; Docker; Redis,FastAPI; React; Celery,66.7,1650000,2550000,Learn FastAPI and React,100
PRF_00932,Python Developer,7,PostgreSQL; Python; Flask; Redis; FastAPI,Full Stack Python Engineer,Python Developer,PostgreSQL; Python; Flask; Redis; FastAPI,React; Docker; Celery,55.6,1350000,1550000,Learn React and Docker,79.3
PRF_00933,Python Developer,2,Flask; Python; FastAPI,Full Stack Python Engineer,Python Developer,Flask; Python; FastAPI,React; Redis; Docker; Celery,33.3,700000,700000,Learn React and Redis,60.0
PRF_00934,Python Developer,5,Python; PostgreSQL; Django; Flask,Full Stack Python Engineer,Python Developer,Python; PostgreSQL; Django; Flask,FastAPI; React; Redis; Docker; Celery,44.4,1000000,1100000,Learn FastAPI and React,70.6
PRF_00935,Python Developer,9,PostgreSQL; Flask; Django; Python,Full Stack Python Engineer,Python Developer,PostgreSQL; Flask; Django; Python,FastAPI; React; Redis; Docker; Celery,44.4,1450000,1350000,Learn FastAPI and React,63.9
PRF_00936,Python Developer,14,Python; Django; Flask; PostgreSQL; FastAPI; Docker; React,Full Stack Python Engineer,Python Developer,Python; Django; Flask; PostgreSQL; FastAPI; Docker; React,Redis; Celery,77.8,1700000,2950000,Learn Redis and Celery,100
PRF_00937,Python Developer,13,PostgreSQL; Django; Redis; Celery,Full Stack Python Engineer,Python Developer,PostgreSQL; Django; Redis; Celery,FastAPI; React; Docker,44.4,1350000,1650000,Learn FastAPI and React,75.5
PRF_00938,Python Developer,12,Django; Flask; Python; PostgreSQL; React; FastAPI; Redis,Full Stack Python Engineer,Python Developer,Django; Flask; Python; PostgreSQL; React; FastAPI; Redis,Docker; Celery,77.8,1550000,2750000,Learn Docker and Celery,100
PRF_00939,Python Developer,8,PostgreSQL; Django; React; Redis,Full Stack Python Engineer,Python Developer,PostgreSQL; Django; React; Redis,FastAPI; Docker; Celery,44.4,1250000,1300000,Learn FastAPI and Docker,68.2
PRF_00940,Python Developer,4,Flask; Python; Django; PostgreSQL; React,Full Stack Python Engineer,Python Developer,Flask; Python; Django; PostgreSQL; React,FastAPI; Redis; Docker; Celery,55.6,1100000,1300000,Learn FastAPI and Redis,80.6
PRF_00941,Python Developer,5,Python; Flask,Full Stack Python Engineer,Python Developer,Python; Flask,FastAPI; React; Redis; Docker; Celery,22.2,1150000,550000,Learn FastAPI and React,32.5
PRF_00942,Python Developer,3,Django; Flask; FastAPI; Celery,Full Stack Python Engineer,Python Developer,Django; Flask; FastAPI; Celery,React; Redis; Docker,44.4,800000,1000000,Learn React and Redis,76.6
PRF_00943,Python Developer,4,Flask; PostgreSQL; Django; React; Celery; FastAPI,Full Stack Python Engineer,Python Developer,Flask; PostgreSQL; Django; React; Celery; FastAPI,Redis; Docker,66.7,800000,1600000,Learn Redis and Docker,100
PRF_00944,Python Developer,6,Flask; Python; PostgreSQL; Redis,Full Stack Python Engineer,Python Developer,Flask; Python; PostgreSQL; Redis,FastAPI; React; Docker; Celery,44.4,1300000,1200000,Learn FastAPI and React,63.6
PRF_00945,Python Developer,8,Flask; Python; Django; FastAPI; React,Full Stack Python Engineer,Python Developer,Flask; Python; Django; FastAPI; React,Redis; Docker; Celery,55.6,1300000,1650000,Learn Redis and Docker,84.1
PRF_00946,Python Developer,11,Python; Django; PostgreSQL; Flask; React,Full Stack Python Engineer,Python Developer,Python; Django; PostgreSQL; Flask; React,FastAPI; Redis; Docker; Celery,55.6,1400000,1900000,Learn FastAPI and Redis,87.6
PRF_00947,Python Developer,2,Flask; PostgreSQL; Django; React,Full Stack Python Engineer,Python Developer,Flask; PostgreSQL; Django; React,FastAPI; Redis; Docker; Celery,44.4,650000,950000,Learn FastAPI and Redis,85.1
PRF_00948,Python Developer,6,Python; Flask; Django; PostgreSQL; Docker; Celery,Full Stack Python Engineer,Python Developer,Python; Flask; Django; PostgreSQL; Docker; Celery,FastAPI; React; Redis,66.7,950000,1800000,Learn FastAPI and React,100
PRF_00949,Python Developer,2,PostgreSQL; Django,Full Stack Python Engineer,Python Developer,PostgreSQL; Django,FastAPI; React; Redis; Docker; Celery,22.2,650000,450000,Learn FastAPI and React,41.0
PRF_00950,Python Developer,10,PostgreSQL; Flask; Python,Full Stack Python Engineer,Python Developer,PostgreSQL; Flask; Python,FastAPI; React; Redis; Docker; Celery,33.3,1150000,1100000,Learn FastAPI and React,58.2
PRF_00951,Python Developer,13,Python; Flask; Redis; React; Docker,Full Stack Python Engineer,Python Developer,Python; Flask; Redis; React; Docker,FastAPI; Celery,55.6,1700000,2050000,Learn FastAPI and Celery,81.6
PRF_00952,Python Developer,2,Python; Django; React,Full Stack Python Engineer,Python Developer,Python; Django; React,FastAPI; Redis; Docker; Celery,33.3,900000,700000,Learn FastAPI and Redis,51.1
PRF_00953,Python Developer,11,PostgreSQL; Python; Flask,Full Stack Python Engineer,Python Developer,PostgreSQL; Python; Flask,FastAPI; React; Redis; Docker; Celery,33.3,1500000,1150000,Learn FastAPI and React,50.6
PRF_00954,Python Developer,2,Python; Django,Full Stack Python Engineer,Python Developer,Python; Django,FastAPI; React; Redis; Docker; Celery,22.2,800000,450000,Learn FastAPI and React,35.8
PRF_00955,Python Developer,8,Python; PostgreSQL; React; FastAPI; Docker,Full Stack Python Engineer,Python Developer,Python; PostgreSQL; React; FastAPI; Docker,Redis; Celery,55.6,1350000,1650000,Learn Redis and Celery,82.2
PRF_00956,Python Developer,8,Django; Python; Flask; PostgreSQL; Celery,Full Stack Python Engineer,Python Developer,Django; Python; Flask; PostgreSQL; Celery,FastAPI; React; Redis; Docker,55.6,1350000,1650000,Learn FastAPI and React,82.2
PRF_00957,Python Developer,13,Python; Django; PostgreSQL; Flask; FastAPI; Docker; Redis,Full Stack Python Engineer,Python Developer,Python; Django; PostgreSQL; Flask; FastAPI; Docker; Redis,React; Celery,77.8,1600000,2850000,Learn React and Celery,100
PRF_00958,Python Developer,5,Python; Django; PostgreSQL; Flask,Full Stack Python Engineer,Python Developer,Python; Django; PostgreSQL; Flask,FastAPI; React; Redis; Docker; Celery,44.4,1100000,1100000,Learn FastAPI and React,66.6
PRF_00959,Python Developer,1,PostgreSQL; Flask; Python; Django; Celery; React,Full Stack Python Engineer,Python Developer,PostgreSQL; Flask; Python; Django; Celery; React,FastAPI; Redis; Docker,66.7,800000,1300000,Learn FastAPI and Redis,100
PRF_00960,Python Developer,2,PostgreSQL; Python,Full Stack Python Engineer,Python Developer,PostgreSQL; Python,FastAPI; React; Redis; Docker; Celery,22.2,650000,450000,Learn FastAPI and React,41.0
PRF_00961,Python Developer,14,Python; Django; Flask; PostgreSQL; Celery; Docker,Full Stack Python Engineer,Python Developer,Python; Django; Flask; PostgreSQL; Celery; Docker,FastAPI; React; Redis,66.7,1500000,2550000,Learn FastAPI and React,100
PRF_00962,Python Developer,7,Python; Flask; PostgreSQL,Full Stack Python Engineer,Python Developer,Python; Flask; PostgreSQL,FastAPI; React; Redis; Docker; Celery,33.3,1000000,950000,Learn FastAPI and React,58.0
PRF_00963,Python Developer,2,PostgreSQL; Python; Flask; Django; Docker; Celery; React,Full Stack Python Engineer,Python Developer,PostgreSQL; Python; Flask; Django; Docker; Celery; React,FastAPI; Redis,77.8,750000,1600000,Learn FastAPI and Redis,100
PRF_00964,Python Developer,12,Python; Flask; Django; PostgreSQL; Redis,Full Stack Python Engineer,Python Developer,Python; Flask; Django; PostgreSQL; Redis,FastAPI; React; Docker; Celery,55.6,1400000,1950000,Learn FastAPI and React,89.1
PRF_00965,Python Developer,6,Django; Flask; Python,Full Stack Python Engineer,Python Developer,Django; Flask; Python,FastAPI; React; Redis; Docker; Celery,33.3,1150000,900000,Learn FastAPI and React,51.3
PRF_00966,Python Developer,5,Flask; Django; Celery; Redis,Full Stack Python Engineer,Python Developer,Flask; Django; Celery; Redis,FastAPI; React; Docker,44.4,850000,1100000,Learn FastAPI and React,78.4
PRF_00967,Python Developer,4,PostgreSQL; Python; Django; Redis; Celery,Full Stack Python Engineer,Python Developer,PostgreSQL; Python; Django; Redis; Celery,FastAPI; React; Docker,55.6,950000,1300000,Learn FastAPI and React,88.1
PRF_00968,Python Developer,2,Django; Python; Flask; Redis,Full Stack Python Engineer,Python Developer,Django; Python; Flask; Redis,FastAPI; React; Docker; Celery,44.4,750000,950000,Learn FastAPI and React,77.3
PRF_00969,Python Developer,14,Django; PostgreSQL; Flask; Python; React; FastAPI; Celery,Full Stack Python Engineer,Python Developer,Django; PostgreSQL; Flask; Python; React; FastAPI; Celery,Redis; Docker,77.8,1900000,2950000,Learn Redis and Docker,100
PRF_00970,Python Developer,8,Flask; Django; PostgreSQL; Python; FastAPI; Redis; Docker,Full Stack Python Engineer,Python Developer,Flask; Django; PostgreSQL; Python; FastAPI; Redis; Docker,React; Celery,77.8,1200000,2300000,Learn React and Celery,100
PRF_00971,Python Developer,10,PostgreSQL; Django; Celery,Full Stack Python Engineer,Python Developer,PostgreSQL; Django; Celery,FastAPI; React; Redis; Docker,33.3,1100000,1100000,Learn FastAPI and React,60.0
PRF_00972,Python Developer,10,Flask; Python; PostgreSQL,Full Stack Python Engineer,Python Developer,Flask; Python; PostgreSQL,FastAPI; React; Redis; Docker; Celery,33.3,1400000,1100000,Learn FastAPI and React,51.4
PRF_00973,Python Developer,10,Python; Django; Flask; Celery; Docker,Full Stack Python Engineer,Python Developer,Python; Django; Flask; Celery; Docker,FastAPI; React; Redis,55.6,1200000,1800000,Learn FastAPI and React,93.4
PRF_00974,Python Developer,9,PostgreSQL; Flask; Python; Django; React,Full Stack Python Engineer,Python Developer,PostgreSQL; Flask; Python; Django; React,FastAPI; Redis; Docker; Celery,55.6,1550000,1700000,Learn FastAPI and Redis,77.2
PRF_00975,Python Developer,2,PostgreSQL; Flask; Python; Django; FastAPI; Redis; Docker,Full Stack Python Engineer,Python Developer,PostgreSQL; Flask; Python; Django; FastAPI; Redis; Docker,React; Celery,77.8,600000,1600000,Learn React and Celery,100
PRF_00976,Python Developer,6,Python; Django; Flask; PostgreSQL; React,Full Stack Python Engineer,Python Developer,Python; Django; Flask; PostgreSQL; React,FastAPI; Redis; Docker; Celery,55.6,1000000,1500000,Learn FastAPI and Redis,93.4
PRF_00977,Python Developer,6,Flask; Python; PostgreSQL,Full Stack Python Engineer,Python Developer,Flask; Python; PostgreSQL,FastAPI; React; Redis; Docker; Celery,33.3,1300000,900000,Learn FastAPI and React,47.7
PRF_00978,Python Developer,6,Flask; PostgreSQL; Python; Django,Full Stack Python Engineer,Python Developer,Flask; PostgreSQL; Python; Django,FastAPI; React; Redis; Docker; Celery,44.4,1200000,1200000,Learn FastAPI and React,66.6
PRF_00979,Python Developer,5,Python; PostgreSQL; Celery; React; Redis,Full Stack Python Engineer,Python Developer,Python; PostgreSQL; Celery; React; Redis,FastAPI; Docker,55.6,850000,1400000,Learn FastAPI and Docker,99.2
PRF_00980,Python Developer,7,Flask; PostgreSQL; FastAPI; Redis,Full Stack Python Engineer,Python Developer,Flask; PostgreSQL; FastAPI; Redis,React; Docker; Celery,44.4,900000,1250000,Learn React and Docker,82.2
PRF_00981,Python Developer,13,Django; Python; PostgreSQL; Flask; Docker,Full Stack Python Engineer,Python Developer,Django; Python; PostgreSQL; Flask; Docker,FastAPI; React; Redis; Celery,55.6,1300000,2050000,Learn FastAPI and React,96.4
PRF_00982,Python Developer,14,Python; Flask; PostgreSQL; Django; React,Full Stack Python Engineer,Python Developer,Python; Flask; PostgreSQL; Django; React,FastAPI; Redis; Docker; Celery,55.6,1700000,2100000,Learn FastAPI and Redis,82.8
PRF_00983,Python Developer,6,Flask; Django; PostgreSQL; Redis; Docker,Full Stack Python Engineer,Python Developer,Flask; Django; PostgreSQL; Redis; Docker,FastAPI; React; Celery,55.6,1200000,1500000,Learn FastAPI and React,83.4
PRF_00984,Python Developer,1,PostgreSQL; Python; Celery; Redis; Docker,Full Stack Python Engineer,Python Developer,PostgreSQL; Python; Celery; Redis; Docker,FastAPI; React,55.6,550000,1100000,Learn FastAPI and React,100
PRF_00985,Python Developer,1,Flask; PostgreSQL; Python; Django; Celery; Redis,Full Stack Python Engineer,Python Developer,Flask; PostgreSQL; Python; Django; Celery; Redis,FastAPI; React; Docker,66.7,550000,1300000,Learn FastAPI and React,100
PRF_00986,Python Developer,7,Python; PostgreSQL; Django; Celery,Full Stack Python Engineer,Python Developer,Python; PostgreSQL; Django; Celery,FastAPI; React; Redis; Docker,44.4,1300000,1250000,Learn FastAPI and React,65.1
PRF_00987,Python Developer,4,PostgreSQL; Python; FastAPI,Full Stack Python Engineer,Python Developer,PostgreSQL; Python; FastAPI,React; Redis; Docker; Celery,33.3,1100000,800000,Learn React and Redis,49.1
PRF_00988,Python Developer,12,PostgreSQL; Flask; Python; Django; Docker; FastAPI; React,Full Stack Python Engineer,Python Developer,PostgreSQL; Flask; Python; Django; Docker; FastAPI; React,Redis; Celery,77.8,1750000,2750000,Learn Redis and Celery,100
PRF_00989,Python Developer,6,Python; Flask; Django; PostgreSQL,Full Stack Python Engineer,Python Developer,Python; Flask; Django; PostgreSQL,FastAPI; React; Redis; Docker; Celery,44.4,950000,1200000,Learn FastAPI and React,77.2
PRF_00990,Python Developer,7,Flask; Django; PostgreSQL; Python; Redis; FastAPI; React,Full Stack Python Engineer,Python Developer,Flask; Django; PostgreSQL; Python; Redis; FastAPI; React,Docker; Celery,77.8,1050000,2200000,Learn Docker and Celery,100
PRF_00991,Python Developer,2,PostgreSQL; Python; Django; Flask,Full Stack Python Engineer,Python Developer,PostgreSQL; Python; Django; Flask,FastAPI; React; Redis; Docker; Celery,44.4,900000,950000,Learn FastAPI and React,68.9
PRF_00992,Python Developer,14,Flask; Django; Python; PostgreSQL; Celery; React,Full Stack Python Engineer,Python Developer,Flask; Django; Python; PostgreSQL; Celery; React,FastAPI; Redis; Docker,66.7,1300000,2550000,Learn FastAPI and Redis,100
PRF_00993,Python Developer,12,Django; PostgreSQL; FastAPI,Full Stack Python Engineer,Python Developer,Django; PostgreSQL; FastAPI,React; Redis; Docker; Celery,33.3,1300000,1150000,Learn React and Redis,55.4
PRF_00994,Python Developer,7,Django; Flask; React,Full Stack Python Engineer,Python Developer,Django; Flask; React,FastAPI; Redis; Docker; Celery,33.3,1150000,950000,Learn FastAPI and Redis,53.0
PRF_00995,Python Developer,3,PostgreSQL; Flask; Python; Django; Celery,Full Stack Python Engineer,Python Developer,PostgreSQL; Flask; Python; Django; Celery,FastAPI; React; Redis; Docker,55.6,750000,1250000,Learn FastAPI and React,100
PRF_00996,Python Developer,2,Django; PostgreSQL; Python; Celery; Redis; React,Full Stack Python Engineer,Python Developer,Django; PostgreSQL; Python; Celery; Redis; React,FastAPI; Docker,66.7,800000,1400000,Learn FastAPI and Docker,100
PRF_00997,Python Developer,14,PostgreSQL; Flask; Python; Docker; Redis,Full Stack Python Engineer,Python Developer,PostgreSQL; Flask; Python; Docker; Redis,FastAPI; React; Celery,55.6,1450000,2100000,Learn FastAPI and React,91.3
PRF_00998,Python Developer,2,PostgreSQL; Django; Celery; Docker; FastAPI,Full Stack Python Engineer,Python Developer,PostgreSQL; Django; Celery; Docker; FastAPI,React; Redis,55.6,650000,1150000,Learn React and Redis,100
PRF_00999,Python Developer,4,PostgreSQL; Python; Django; Flask; React,Full Stack Python Engineer,Python Developer,PostgreSQL; Python; Django; Flask; React,FastAPI; Redis; Docker; Celery,55.6,950000,1300000,Learn FastAPI and Redis,88.1
PRF_01000,Python Developer,10,Python; Flask; PostgreSQL; Django; FastAPI; Redis,Full Stack Python Engineer,Python Developer,Python; Flask; PostgreSQL; Django; FastAPI; Redis,React; Docker; Celery,66.7,1550000,2150000,Learn React and Docker,95.5
PRF_01001,DevOps Engineer,12,Linux; Git; Jenkins; Kubernetes; AWS; CI/CD,Cloud Platform Architect,DevOps Engineer,Linux; Git; Jenkins; Kubernetes; AWS; CI/CD,Terraform; Prometheus; ArgoCD,54.5,2000000,3000000,Learn Terraform and Prometheus,92.7
PRF_01002,DevOps Engineer,9,Git; Bash; Linux; Prometheus; ArgoCD; Terraform,Cloud Platform Architect,DevOps Engineer,Git; Bash; Linux; Prometheus; ArgoCD; Terraform,Kubernetes; AWS; CI/CD,54.5,1650000,2600000,Learn Kubernetes and AWS,95.7
PRF_01003,DevOps Engineer,11,Jenkins; Linux; Bash; Kubernetes; CI/CD,Cloud Platform Architect,DevOps Engineer,Jenkins; Linux; Bash; Kubernetes; CI/CD,Terraform; AWS; Prometheus; ArgoCD,45.5,2700000,2400000,Learn Terraform and AWS,62.9
PRF_01004,DevOps Engineer,9,Bash; Git; Jenkins; ArgoCD; CI/CD; Terraform,Cloud Platform Architect,DevOps Engineer,Bash; Git; Jenkins; ArgoCD; CI/CD; Terraform,Kubernetes; AWS; Prometheus,54.5,2350000,2600000,Learn Kubernetes and AWS,77.0
PRF_01005,DevOps Engineer,2,Jenkins; Bash; Git; Linux; Docker,Cloud Platform Architect,DevOps Engineer,Jenkins; Bash; Git; Linux; Docker,Kubernetes; Terraform; AWS; CI/CD; Prometheus; ArgoCD,45.5,1350000,1500000,Learn Kubernetes and Terraform,71.7
PRF_01006,DevOps Engineer,1,Docker; Jenkins; Bash; Git; Linux; Kubernetes; Prometheus,Cloud Platform Architect,DevOps Engineer,Docker; Jenkins; Bash; Git; Linux; Kubernetes; Prometheus,Terraform; AWS; CI/CD; ArgoCD,63.6,1350000,1900000,Learn Terraform and AWS,94.5
PRF_01007,DevOps Engineer,8,Jenkins; Bash; Git; Docker; Linux; CI/CD; Terraform; ArgoCD,Cloud Platform Architect,DevOps Engineer,Jenkins; Bash; Git; Docker; Linux; CI/CD; Terraform; ArgoCD,Kubernetes; AWS; Prometheus,72.7,1900000,3350000,Learn Kubernetes and AWS,100
PRF_01008,DevOps Engineer,6,Bash; Git; Docker,Cloud Platform Architect,DevOps Engineer,Bash; Git; Docker,Kubernetes; Terraform; AWS; CI/CD; Prometheus; ArgoCD,27.3,1800000,1150000,Learn Kubernetes and Terraform,41.9
PRF_01009,DevOps Engineer,4,Bash; Git; Docker; AWS; Prometheus; CI/CD,Cloud Platform Architect,DevOps Engineer,Bash; Git; Docker; AWS; Prometheus; CI/CD,Kubernetes; Terraform; ArgoCD,54.5,1550000,2000000,Learn Kubernetes and Terraform,84.3
PRF_01010,DevOps Engineer,13,Docker; Jenkins; Bash; Git; Linux; Terraform; ArgoCD,Cloud Platform Architect,DevOps Engineer,Docker; Jenkins; Bash; Git; Linux; Terraform; ArgoCD,Kubernetes; AWS; CI/CD; Prometheus,63.6,2900000,3650000,Learn Kubernetes and AWS,88.5
PRF_01011,DevOps Engineer,3,Git; Docker; Jenkins; Linux; ArgoCD,Cloud Platform Architect,DevOps Engineer,Git; Docker; Jenkins; Linux; ArgoCD,Kubernetes; Terraform; AWS; CI/CD; Prometheus,45.5,1200000,1600000,Learn Kubernetes and Terraform,80.6
PRF_01012,DevOps Engineer,8,Bash; Git; Linux; AWS,Cloud Platform Architect,DevOps Engineer,Bash; Git; Linux; AWS,Kubernetes; Terraform; CI/CD; Prometheus; ArgoCD,36.4,2350000,1650000,Learn Kubernetes and Terraform,49.9
PRF_01013,DevOps Engineer,2,Jenkins; Docker; Git; Bash; Linux; Prometheus; CI/CD; ArgoCD,Cloud Platform Architect,DevOps Engineer,Jenkins; Docker; Git; Bash; Linux; Prometheus; CI/CD; ArgoCD,Kubernetes; Terraform; AWS,72.7,1400000,2350000,Learn Kubernetes and Terraform,100
PRF_01014,DevOps Engineer,2,Docker; Linux; Bash; Git,Cloud Platform Architect,DevOps Engineer,Docker; Linux; Bash; Git,Kubernetes; Terraform; AWS; CI/CD; Prometheus; ArgoCD,36.4,1000000,1200000,Learn Kubernetes and Terraform,69.8
PRF_01015,DevOps Engineer,11,Docker; Git; Linux; Jenkins; Bash,Cloud Platform Architect,DevOps Engineer,Docker; Git; Linux; Jenkins; Bash,Kubernetes; Terraform; AWS; CI/CD; Prometheus; ArgoCD,45.5,2350000,2400000,Learn Kubernetes and Terraform,68.2
PRF_01016,DevOps Engineer,13,Bash; Git; Jenkins; Linux; AWS; Kubernetes; ArgoCD,Cloud Platform Architect,DevOps Engineer,Bash; Git; Jenkins; Linux; AWS; Kubernetes; ArgoCD,Terraform; CI/CD; Prometheus,63.6,2900000,3650000,Learn Terraform and CI/CD,88.5
PRF_01017,DevOps Engineer,8,Git; Bash; Linux; Docker; Jenkins; Prometheus; AWS,Cloud Platform Architect,DevOps Engineer,Git; Bash; Linux; Docker; Jenkins; Prometheus; AWS,Kubernetes; Terraform; CI/CD; ArgoCD,63.6,1650000,2900000,Learn Kubernetes and Terraform,100
PRF_01018,DevOps Engineer,2,Jenkins; Bash; Linux; Docker; ArgoCD; Prometheus,Cloud Platform Architect,DevOps Engineer,Jenkins; Bash; Linux; Docker; ArgoCD; Prometheus,Kubernetes; Terraform; AWS; CI/CD,54.5,1000000,1750000,Learn Kubernetes and Terraform,100
PRF_01019,DevOps Engineer,13,Jenkins; Docker; Bash; Git,Cloud Platform Architect,DevOps Engineer,Jenkins; Docker; Bash; Git,Kubernetes; Terraform; AWS; CI/CD; Prometheus; ArgoCD,36.4,2050000,2100000,Learn Kubernetes and Terraform,62.8
PRF_01020,DevOps Engineer,3,Bash; Docker; Git; AWS,Cloud Platform Architect,DevOps Engineer,Bash; Docker; Git; AWS,Kubernetes; Terraform; CI/CD; Prometheus; ArgoCD,36.4,1500000,1250000,Learn Kubernetes and Terraform,55.2
PRF_01021,DevOps Engineer,14,Git; Jenkins; Linux; Docker; Bash; Kubernetes; Terraform; ArgoCD,Cloud Platform Architect,DevOps Engineer,Git; Jenkins; Linux; Docker; Bash; Kubernetes; Terraform; ArgoCD,AWS; CI/CD; Prometheus,72.7,2450000,4300000,Learn AWS and CI/CD,100
PRF_01022,DevOps Engineer,9,Git; Linux; Docker; Bash; Prometheus; Kubernetes; AWS,Cloud Platform Architect,DevOps Engineer,Git; Linux; Docker; Bash; Prometheus; Kubernetes; AWS,Terraform; CI/CD; ArgoCD,63.6,2300000,3050000,Learn Terraform and CI/CD,91.2
PRF_01023,DevOps Engineer,9,Git; Linux; Docker; Bash; ArgoCD,Cloud Platform Architect,DevOps Engineer,Git; Linux; Docker; Bash; ArgoCD,Kubernetes; Terraform; AWS; CI/CD; Prometheus,45.5,1700000,2200000,Learn Kubernetes and Terraform,79.1
PRF_01024,DevOps Engineer,12,Bash; Linux; Docker; Git; Jenkins; Prometheus; CI/CD; ArgoCD,Cloud Platform Architect,DevOps Engineer,Bash; Linux; Docker; Git; Jenkins; Prometheus; CI/CD; ArgoCD,Kubernetes; Terraform; AWS,72.7,1950000,4000000,Learn Kubernetes and Terraform,100
PRF_01025,DevOps Engineer,8,Docker; Bash; Linux; Git; Kubernetes; CI/CD; Prometheus,Cloud Platform Architect,DevOps Engineer,Docker; Bash; Linux; Git; Kubernetes; CI/CD; Prometheus,Terraform; AWS; ArgoCD,63.6,1950000,2900000,Learn Terraform and AWS,97.6
PRF_01026,DevOps Engineer,10,Git; Docker; Bash; Linux; Kubernetes; Terraform; ArgoCD,Cloud Platform Architect,DevOps Engineer,Git; Docker; Bash; Linux; Kubernetes; Terraform; ArgoCD,AWS; CI/CD; Prometheus,63.6,1900000,3200000,Learn AWS and CI/CD,100
PRF_01027,DevOps Engineer,12,Docker; Jenkins; Linux; Git; Bash,Cloud Platform Architect,DevOps Engineer,Docker; Jenkins; Linux; Git; Bash,Kubernetes; Terraform; AWS; CI/CD; Prometheus; ArgoCD,45.5,2250000,2500000,Learn Kubernetes and Terraform,71.7
PRF_01028,DevOps Engineer,13,Bash; Linux; Jenkins; Git,Cloud Platform Architect,DevOps Engineer,Bash; Linux; Jenkins; Git,Kubernetes; Terraform; AWS; CI/CD; Prometheus; ArgoCD,36.4,2250000,2100000,Learn Kubernetes and Terraform,59.2
PRF_01029,DevOps Engineer,9,Git; Bash; Linux; Jenkins; Prometheus; ArgoCD,Cloud Platform Architect,DevOps Engineer,Git; Bash; Linux; Jenkins; Prometheus; ArgoCD,Kubernetes; Terraform; AWS; CI/CD,54.5,2350000,2600000,Learn Kubernetes and Terraform,77.0
PRF_01030,DevOps Engineer,6,Git; Linux; Bash; Prometheus,Cloud Platform Architect,DevOps Engineer,Git; Linux; Bash; Prometheus,Kubernetes; Terraform; AWS; CI/CD; ArgoCD,36.4,1700000,1500000,Learn Kubernetes and Terraform,57.1
PRF_01031,DevOps Engineer,5,Linux; Docker; Bash,Cloud Platform Architect,DevOps Engineer,Linux; Docker; Bash,Kubernetes; Terraform; AWS; CI/CD; Prometheus; ArgoCD,27.3,1550000,1050000,Learn Kubernetes and Terraform,43.5
PRF_01032,DevOps Engineer,5,Docker; Linux; Jenkins; Git; Bash; Terraform; CI/CD; Prometheus,Cloud Platform Architect,DevOps Engineer,Docker; Linux; Jenkins; Git; Bash; Terraform; CI/CD; Prometheus,Kubernetes; AWS; ArgoCD,72.7,1350000,2850000,Learn Kubernetes and AWS,100
PRF_01033,DevOps Engineer,9,Bash; Git; Linux; Docker; Jenkins; ArgoCD; Kubernetes,Cloud Platform Architect,DevOps Engineer,Bash; Git; Linux; Docker; Jenkins; ArgoCD; Kubernetes,Terraform; AWS; CI/CD; Prometheus,63.6,1900000,3050000,Learn Terraform and AWS,100
PRF_01034,DevOps Engineer,3,Docker; Linux; Bash; Jenkins; Git,Cloud Platform Architect,DevOps Engineer,Docker; Linux; Bash; Jenkins; Git,Kubernetes; Terraform; AWS; CI/CD; Prometheus; ArgoCD,45.5,1200000,1600000,Learn Kubernetes and Terraform,80.6
PRF_01035,DevOps Engineer,1,Bash; Jenkins; Git; Docker; AWS; Prometheus; ArgoCD,Cloud Platform Architect,DevOps Engineer,Bash; Jenkins; Git; Docker; AWS; Prometheus; ArgoCD,Kubernetes; Terraform; CI/CD,63.6,900000,1900000,Learn Kubernetes and Terraform,100
PRF_01036,DevOps Engineer,7,Jenkins; Linux; Bash; Docker; AWS,Cloud Platform Architect,DevOps Engineer,Jenkins; Linux; Bash; Docker; AWS,Kubernetes; Terraform; CI/CD; Prometheus; ArgoCD,45.5,1650000,2000000,Learn Kubernetes and Terraform,75.8
PRF_01037,DevOps Engineer,5,Jenkins; Linux; Docker; Terraform; ArgoCD,Cloud Platform Architect,DevOps Engineer,Jenkins; Linux; Docker; Terraform; ArgoCD,Kubernetes; AWS; CI/CD; Prometheus,45.5,1500000,1800000,Learn Kubernetes and AWS,75.3
PRF_01038,DevOps Engineer,13,Jenkins; Git; Docker; Bash; Linux,Cloud Platform Architect,DevOps Engineer,Jenkins; Git; Docker; Bash; Linux,Kubernetes; Terraform; AWS; CI/CD; Prometheus; ArgoCD,45.5,2150000,2600000,Learn Kubernetes and Terraform,75.7
PRF_01039,DevOps Engineer,1,Docker; Bash; Jenkins; Git; Terraform; Prometheus; CI/CD,Cloud Platform Architect,DevOps Engineer,Docker; Bash; Jenkins; Git; Terraform; Prometheus; CI/CD,Kubernetes; AWS; ArgoCD,63.6,1300000,1900000,Learn Kubernetes and AWS,96.6
PRF_01040,DevOps Engineer,4,Git; Linux; Jenkins; Bash; Docker; AWS,Cloud Platform Architect,DevOps Engineer,Git; Linux; Jenkins; Bash; Docker; AWS,Kubernetes; Terraform; CI/CD; Prometheus; ArgoCD,54.5,1350000,2000000,Learn Kubernetes and Terraform,92.0
PRF_01041,DevOps Engineer,14,Linux; Jenkins; Docker,Cloud Platform Architect,DevOps Engineer,Linux; Jenkins; Docker,Kubernetes; Terraform; AWS; CI/CD; Prometheus; ArgoCD,27.3,2150000,1600000,Learn Kubernetes and Terraform,46.1
PRF_01042,DevOps Engineer,3,Bash; Jenkins; Docker; Git; Prometheus,Cloud Platform Architect,DevOps Engineer,Bash; Jenkins; Docker; Git; Prometheus,Kubernetes; Terraform; AWS; CI/CD; ArgoCD,45.5,1300000,1600000,Learn Kubernetes and Terraform,76.5
PRF_01043,DevOps Engineer,11,Git; Linux; Bash; ArgoCD,Cloud Platform Architect,DevOps Engineer,Git; Linux; Bash; ArgoCD,Kubernetes; Terraform; AWS; CI/CD; Prometheus,36.4,2700000,1900000,Learn Kubernetes and Terraform,50.0
PRF_01044,DevOps Engineer,1,Linux; Git; Jenkins; Bash; CI/CD; Prometheus,Cloud Platform Architect,DevOps Engineer,Linux; Git; Jenkins; Bash; CI/CD; Prometheus,Kubernetes; Terraform; AWS; ArgoCD,54.5,1000000,1650000,Learn Kubernetes and Terraform,98.7
PRF_01045,DevOps Engineer,7,Jenkins; Bash; Docker; Linux; Git,Cloud Platform Architect,DevOps Engineer,Jenkins; Bash; Docker; Linux; Git,Kubernetes; Terraform; AWS; CI/CD; Prometheus; ArgoCD,45.5,1550000,2000000,Learn Kubernetes and Terraform,78.9
PRF_01046,DevOps Engineer,5,Linux; Bash; Git; CI/CD,Cloud Platform Architect,DevOps Engineer,Linux; Bash; Git; CI/CD,Kubernetes; Terraform; AWS; Prometheus; ArgoCD,36.4,1450000,1450000,Learn Kubernetes and Terraform,61.8
PRF_01047,DevOps Engineer,8,Bash; Jenkins; Git; Kubernetes; Terraform,Cloud Platform Architect,DevOps Engineer,Bash; Jenkins; Git; Kubernetes; Terraform,AWS; CI/CD; Prometheus; ArgoCD,45.5,2300000,2100000,Learn AWS and CI/CD,63.8
PRF_01048,DevOps Engineer,6,Bash; Docker; Jenkins; ArgoCD; AWS,Cloud Platform Architect,DevOps Engineer,Bash; Docker; Jenkins; ArgoCD; AWS,Kubernetes; Terraform; CI/CD; Prometheus,45.5,1800000,1900000,Learn Kubernetes and Terraform,69.5
PRF_01049,DevOps Engineer,11,Linux; Jenkins; Bash; Kubernetes; ArgoCD,Cloud Platform Architect,DevOps Engineer,Linux; Jenkins; Bash; Kubernetes; ArgoCD,Terraform; AWS; CI/CD; Prometheus,45.5,2400000,2400000,Learn Terraform and AWS,67.3
PRF_01050,DevOps Engineer,4,Git; Docker; Linux; Bash; Jenkins,Cloud Platform Architect,DevOps Engineer,Git; Docker; Linux; Bash; Jenkins,Kubernetes; Terraform; AWS; CI/CD; Prometheus; ArgoCD,45.5,1650000,1700000,Learn Kubernetes and Terraform,68.5
PRF_01051,DevOps Engineer,4,Jenkins; Docker; Linux; CI/CD; Prometheus,Cloud Platform Architect,DevOps Engineer,Jenkins; Docker; Linux; CI/CD; Prometheus,Kubernetes; Terraform; AWS; ArgoCD,45.5,1350000,1700000,Learn Kubernetes and Terraform,77.7
PRF_01052,DevOps Engineer,2,Bash; Docker; Jenkins; Linux; ArgoCD; Prometheus,Cloud Platform Architect,DevOps Engineer,Bash; Docker; Jenkins; Linux; ArgoCD; Prometheus,Kubernetes; Terraform; AWS; CI/CD,54.5,1150000,1750000,Learn Kubernetes and Terraform,93.6
PRF_01053,DevOps Engineer,2,Linux; Bash; Git; Terraform; CI/CD,Cloud Platform Architect,DevOps Engineer,Linux; Bash; Git; Terraform; CI/CD,Kubernetes; AWS; Prometheus; ArgoCD,45.5,1150000,1500000,Learn Kubernetes and AWS,79.5
PRF_01054,DevOps Engineer,14,Bash; Git; Jenkins; AWS; CI/CD,Cloud Platform Architect,DevOps Engineer,Bash; Git; Jenkins; AWS; CI/CD,Kubernetes; Terraform; Prometheus; ArgoCD,45.5,3150000,2700000,Learn Kubernetes and Terraform,61.6
PRF_01055,DevOps Engineer,11,Git; Linux; Jenkins; Bash; Docker,Cloud Platform Architect,DevOps Engineer,Git; Linux; Jenkins; Bash; Docker,Kubernetes; Terraform; AWS; CI/CD; Prometheus; ArgoCD,45.5,2600000,2400000,Learn Kubernetes and Terraform,64.2
PRF_01056,DevOps Engineer,1,Linux; Docker; Git,Cloud Platform Architect,DevOps Engineer,Linux; Docker; Git,Kubernetes; Terraform; AWS; CI/CD; Prometheus; ArgoCD,27.3,1150000,850000,Learn Kubernetes and Terraform,45.9
PRF_01057,DevOps Engineer,14,Git; Bash; Docker; Prometheus; ArgoCD,Cloud Platform Architect,DevOps Engineer,Git; Bash; Docker; Prometheus; ArgoCD,Kubernetes; Terraform; AWS; CI/CD,45.5,2350000,2700000,Learn Kubernetes and Terraform,73.3
PRF_01058,DevOps Engineer,14,Docker; Bash; Linux,Cloud Platform Architect,DevOps Engineer,Docker; Bash; Linux,Kubernetes; Terraform; AWS; CI/CD; Prometheus; ArgoCD,27.3,2600000,1600000,Learn Kubernetes and Terraform,41.0
PRF_01059,DevOps Engineer,2,Linux; Jenkins; Bash; Docker; Git; AWS; CI/CD,Cloud Platform Architect,DevOps Engineer,Linux; Jenkins; Bash; Docker; Git; AWS; CI/CD,Kubernetes; Terraform; Prometheus; ArgoCD,63.6,1100000,2050000,Learn Kubernetes and Terraform,100
PRF_01060,DevOps Engineer,8,Bash; Jenkins; Linux; Git; Docker,Cloud Platform Architect,DevOps Engineer,Bash; Jenkins; Linux; Git; Docker,Kubernetes; Terraform; AWS; CI/CD; Prometheus; ArgoCD,45.5,2000000,2100000,Learn Kubernetes and Terraform,69.3
PRF_01061,DevOps Engineer,13,Jenkins; Bash; Linux; ArgoCD; Kubernetes; CI/CD,Cloud Platform Architect,DevOps Engineer,Jenkins; Bash; Linux; ArgoCD; Kubernetes; CI/CD,Terraform; AWS; Prometheus,54.5,2050000,3100000,Learn Terraform and AWS,93.2
PRF_01062,DevOps Engineer,3,Jenkins; Git; Docker; ArgoCD,Cloud Platform Architect,DevOps Engineer,Jenkins; Git; Docker; ArgoCD,Kubernetes; Terraform; AWS; CI/CD; Prometheus,36.4,1550000,1250000,Learn Kubernetes and Terraform,54.1
PRF_01063,DevOps Engineer,8,Bash; Jenkins; Docker; Linux; Git; ArgoCD; Kubernetes,Cloud Platform Architect,DevOps Engineer,Bash; Jenkins; Docker; Linux; Git; ArgoCD; Kubernetes,Terraform; AWS; CI/CD; Prometheus,63.6,2250000,2900000,Learn Terraform and AWS,89.7
PRF_01064,DevOps Engineer,2,Docker; Bash; Linux; Jenkins; Git,Cloud Platform Architect,DevOps Engineer,Docker; Bash; Linux; Jenkins; Git,Kubernetes; Terraform; AWS; CI/CD; Prometheus; ArgoCD,45.5,1050000,1500000,Learn Kubernetes and Terraform,84.4
PRF_01065,DevOps Engineer,4,Docker; Bash; Linux; Git; Jenkins; Terraform,Cloud Platform Architect,DevOps Engineer,Docker; Bash; Linux; Git; Jenkins; Terraform,Kubernetes; AWS; CI/CD; Prometheus; ArgoCD,54.5,1750000,2000000,Learn Kubernetes and AWS,78.4
PRF_01066,DevOps Engineer,7,Bash; Jenkins; Docker; AWS,Cloud Platform Architect,DevOps Engineer,Bash; Jenkins; Docker; AWS,Kubernetes; Terraform; CI/CD; Prometheus; ArgoCD,36.4,1450000,1600000,Learn Kubernetes and Terraform,66.0
PRF_01067,DevOps Engineer,1,Linux; Jenkins; Bash; Docker; Git,Cloud Platform Architect,DevOps Engineer,Linux; Jenkins; Bash; Docker; Git,Kubernetes; Terraform; AWS; CI/CD; Prometheus; ArgoCD,45.5,1000000,1400000,Learn Kubernetes and Terraform,83.3
PRF_01068,DevOps Engineer,5,Bash; Docker; Linux; Git; CI/CD; Kubernetes; ArgoCD,Cloud Platform Architect,DevOps Engineer,Bash; Docker; Linux; Git; CI/CD; Kubernetes; ArgoCD,Terraform; AWS; Prometheus,63.6,1550000,2500000,Learn Terraform and AWS,100
PRF_01069,DevOps Engineer,12,Docker; Linux; Git; Bash; Jenkins,Cloud Platform Architect,DevOps Engineer,Docker; Linux; Git; Bash; Jenkins,Kubernetes; Terraform; AWS; CI/CD; Prometheus; ArgoCD,45.5,2250000,2500000,Learn Kubernetes and Terraform,71.7
PRF_01070,DevOps Engineer,14,Git; Linux; Docker; Bash; CI/CD; Kubernetes; Prometheus,Cloud Platform Architect,DevOps Engineer,Git; Linux; Docker; Bash; CI/CD; Kubernetes; Prometheus,Terraform; AWS; ArgoCD,63.6,2100000,3800000,Learn Terraform and AWS,100
PRF_01071,DevOps Engineer,8,Jenkins; Docker; Git; Bash; Prometheus; Kubernetes; ArgoCD,Cloud Platform Architect,DevOps Engineer,Jenkins; Docker; Git; Bash; Prometheus; Kubernetes; ArgoCD,Terraform; AWS; CI/CD,63.6,1900000,2900000,Learn Terraform and AWS,99.2
PRF_01072,DevOps Engineer,10,Bash; Git; Jenkins; ArgoCD,Cloud Platform Architect,DevOps Engineer,Bash; Git; Jenkins; ArgoCD,Kubernetes; Terraform; AWS; CI/CD; Prometheus,36.4,2200000,1850000,Learn Kubernetes and Terraform,55.5
PRF_01073,DevOps Engineer,10,Jenkins; Git; Linux; Bash; CI/CD; Terraform; Kubernetes,Cloud Platform Architect,DevOps Engineer,Jenkins; Git; Linux; Bash; CI/CD; Terraform; Kubernetes,AWS; Prometheus; ArgoCD,63.6,2150000,3200000,Learn AWS and Prometheus,97.7
PRF_01074,DevOps Engineer,12,Jenkins; Bash; Docker; Git; Linux; Kubernetes,Cloud Platform Architect,DevOps Engineer,Jenkins; Bash; Docker; Git; Linux; Kubernetes,Terraform; AWS; CI/CD; Prometheus; ArgoCD,54.5,2750000,3000000,Learn Terraform and AWS,76.3
PRF_01075,DevOps Engineer,9,Docker; Linux; Jenkins,Cloud Platform Architect,DevOps Engineer,Docker; Linux; Jenkins,Kubernetes; Terraform; AWS; CI/CD; Prometheus; ArgoCD,27.3,2300000,1300000,Learn Kubernetes and Terraform,39.0
PRF_01076,DevOps Engineer,4,Jenkins; Linux; Bash; Docker; Git; CI/CD; Terraform,Cloud Platform Architect,DevOps Engineer,Jenkins; Linux; Bash; Docker; Git; CI/CD; Terraform,Kubernetes; AWS; Prometheus; ArgoCD,63.6,1250000,2350000,Learn Kubernetes and AWS,100
PRF_01077,DevOps Engineer,3,Git; Docker; Bash; ArgoCD; Terraform; CI/CD,Cloud Platform Architect,DevOps Engineer,Git; Docker; Bash; ArgoCD; Terraform; CI/CD,Kubernetes; AWS; Prometheus,54.5,1550000,1900000,Learn Kubernetes and AWS,81.7
PRF_01078,DevOps Engineer,4,Docker; Bash; Jenkins; Git; Linux; CI/CD; Prometheus; ArgoCD,Cloud Platform Architect,DevOps Engineer,Docker; Bash; Jenkins; Git; Linux; CI/CD; Prometheus; ArgoCD,Kubernetes; Terraform; AWS,72.7,1250000,2700000,Learn Kubernetes and Terraform,100
PRF_01079,DevOps Engineer,4,Bash; Git; Linux; ArgoCD; Prometheus,Cloud Platform Architect,DevOps Engineer,Bash; Git; Linux; ArgoCD; Prometheus,Kubernetes; Terraform; AWS; CI/CD,45.5,1500000,1700000,Learn Kubernetes and Terraform,72.6
PRF_01080,DevOps Engineer,14,Docker; Jenkins; Bash; Git; CI/CD; Kubernetes,Cloud Platform Architect,DevOps Engineer,Docker; Jenkins; Bash; Git; CI/CD; Kubernetes,Terraform; AWS; Prometheus; ArgoCD,54.5,3100000,3250000,Learn Terraform and AWS,74.6
PRF_01081,DevOps Engineer,14,Jenkins; Git; Docker; Bash; Prometheus; AWS,Cloud Platform Architect,DevOps Engineer,Jenkins; Git; Docker; Bash; Prometheus; AWS,Kubernetes; Terraform; CI/CD; ArgoCD,54.5,2800000,3250000,Learn Kubernetes and Terraform,79.1
PRF_01082,DevOps Engineer,5,Docker; Bash; Git; Linux; Jenkins,Cloud Platform Architect,DevOps Engineer,Docker; Bash; Git; Linux; Jenkins,Kubernetes; Terraform; AWS; CI/CD; Prometheus; ArgoCD,45.5,1450000,1800000,Learn Kubernetes and Terraform,77.0
PRF_01083,DevOps Engineer,1,Jenkins; Git; Linux; Docker; Bash; ArgoCD; CI/CD,Cloud Platform Architect,DevOps Engineer,Jenkins; Git; Linux; Docker; Bash; ArgoCD; CI/CD,Kubernetes; Terraform; AWS; Prometheus,63.6,1200000,1900000,Learn Kubernetes and Terraform,100
PRF_01084,DevOps Engineer,7,Linux; Git; Jenkins; Bash; Kubernetes; AWS,Cloud Platform Architect,DevOps Engineer,Linux; Git; Jenkins; Bash; Kubernetes; AWS,Terraform; CI/CD; Prometheus; ArgoCD,54.5,2050000,2400000,Learn Terraform and CI/CD,79.5
PRF_01085,DevOps Engineer,10,Jenkins; Bash; Git; Linux,Cloud Platform Architect,DevOps Engineer,Jenkins; Bash; Git; Linux,Kubernetes; Terraform; AWS; CI/CD; Prometheus; ArgoCD,36.4,2050000,1850000,Learn Kubernetes and Terraform,57.9
PRF_01086,DevOps Engineer,1,Git; Jenkins; Linux; Bash; Docker; CI/CD; Kubernetes; ArgoCD,Cloud Platform Architect,DevOps Engineer,Git; Jenkins; Linux; Bash; Docker; CI/CD; Kubernetes; ArgoCD,Terraform; AWS; Prometheus,72.7,1150000,2200000,Learn Terraform and AWS,100
PRF_01087,DevOps Engineer,8,Linux; Jenkins; Bash; Git; Docker,Cloud Platform Architect,DevOps Engineer,Linux; Jenkins; Bash; Git; Docker,Kubernetes; Terraform; AWS; CI/CD; Prometheus; ArgoCD,45.5,1750000,2100000,Learn Kubernetes and Terraform,75.3
PRF_01088,DevOps Engineer,2,Git; Jenkins; Docker; CI/CD; Kubernetes,Cloud Platform Architect,DevOps Engineer,Git; Jenkins; Docker; CI/CD; Kubernetes,Terraform; AWS; Prometheus; ArgoCD,45.5,1150000,1500000,Learn Terraform and AWS,79.5
PRF_01089,DevOps Engineer,14,Bash; Linux; Docker; Kubernetes; AWS,Cloud Platform Architect,DevOps Engineer,Bash; Linux; Docker; Kubernetes; AWS,Terraform; CI/CD; Prometheus; ArgoCD,45.5,2600000,2700000,Learn Terraform and CI/CD,68.8
PRF_01090,DevOps Engineer,3,Bash; Git; Jenkins,Cloud Platform Architect,DevOps Engineer,Bash; Git; Jenkins,Kubernetes; Terraform; AWS; CI/CD; Prometheus; ArgoCD,27.3,1550000,950000,Learn Kubernetes and Terraform,40.9
PRF_01091,DevOps Engineer,12,Linux; Git; Docker; Bash; Jenkins; Terraform; Prometheus; CI/CD,Cloud Platform Architect,DevOps Engineer,Linux; Git; Docker; Bash; Jenkins; Terraform; Prometheus; CI/CD,Kubernetes; AWS; ArgoCD,72.7,2150000,4000000,Learn Kubernetes and AWS,100
PRF_01092,DevOps Engineer,6,Jenkins; Linux; Bash; Docker; Git; AWS,Cloud Platform Architect,DevOps Engineer,Jenkins; Linux; Bash; Docker; Git; AWS,Kubernetes; Terraform; CI/CD; Prometheus; ArgoCD,54.5,1650000,2250000,Learn Kubernetes and Terraform,87.2
PRF_01093,DevOps Engineer,7,Git; Linux; Docker; Jenkins,Cloud Platform Architect,DevOps Engineer,Git; Linux; Docker; Jenkins,Kubernetes; Terraform; AWS; CI/CD; Prometheus; ArgoCD,36.4,2050000,1600000,Learn Kubernetes and Terraform,53.1
PRF_01094,DevOps Engineer,2,Linux; Jenkins; Git; Docker,Cloud Platform Architect,DevOps Engineer,Linux; Jenkins; Git; Docker,Kubernetes; Terraform; AWS; CI/CD; Prometheus; ArgoCD,36.4,1450000,1200000,Learn Kubernetes and Terraform,54.9
PRF_01095,DevOps Engineer,8,Git; Bash; Docker; Jenkins,Cloud Platform Architect,DevOps Engineer,Git; Bash; Docker; Jenkins,Kubernetes; Terraform; AWS; CI/CD; Prometheus; ArgoCD,36.4,1850000,1650000,Learn Kubernetes and Terraform,57.5
PRF_01096,DevOps Engineer,6,Git; Jenkins; Docker; Kubernetes; CI/CD,Cloud Platform Architect,DevOps Engineer,Git; Jenkins; Docker; Kubernetes; CI/CD,Terraform; AWS; Prometheus; ArgoCD,45.5,1900000,1900000,Learn Terraform and AWS,67.3
PRF_01097,DevOps Engineer,2,Docker; Jenkins; Git; AWS,Cloud Platform Architect,DevOps Engineer,Docker; Jenkins; Git; AWS,Kubernetes; Terraform; CI/CD; Prometheus; ArgoCD,36.4,1250000,1200000,Learn Kubernetes and Terraform,60.2
PRF_01098,DevOps Engineer,9,Linux; Bash; Docker; Git; AWS; ArgoCD; Terraform,Cloud Platform Architect,DevOps Engineer,Linux; Bash; Docker; Git; AWS; ArgoCD; Terraform,Kubernetes; CI/CD; Prometheus,63.6,2200000,3050000,Learn Kubernetes and CI/CD,93.6
PRF_01099,DevOps Engineer,10,Linux; Git; Bash; AWS; Kubernetes; Terraform,Cloud Platform Architect,DevOps Engineer,Linux; Git; Bash; AWS; Kubernetes; Terraform,CI/CD; Prometheus; ArgoCD,54.5,2300000,2750000,Learn CI/CD and Prometheus,80.5
PRF_01100,DevOps Engineer,5,Bash; Linux; Docker; Jenkins; Git; Prometheus; Terraform,Cloud Platform Architect,DevOps Engineer,Bash; Linux; Docker; Jenkins; Git; Prometheus; Terraform,Kubernetes; AWS; CI/CD; ArgoCD,63.6,1650000,2500000,Learn Kubernetes and AWS,98.8
PRF_01101,DevOps Engineer,8,Linux; Docker; Git; ArgoCD; AWS; CI/CD,Cloud Platform Architect,DevOps Engineer,Linux; Docker; Git; ArgoCD; AWS; CI/CD,Kubernetes; Terraform; Prometheus,54.5,2000000,2500000,Learn Kubernetes and Terraform,82.7
PRF_01102,DevOps Engineer,10,Linux; Git; Docker; Bash; AWS; Terraform; ArgoCD,Cloud Platform Architect,DevOps Engineer,Linux; Git; Docker; Bash; AWS; Terraform; ArgoCD,Kubernetes; CI/CD; Prometheus,63.6,2650000,3200000,Learn Kubernetes and CI/CD,86.5
PRF_01103,DevOps Engineer,3,Git; Jenkins; Bash; Prometheus,Cloud Platform Architect,DevOps Engineer,Git; Jenkins; Bash; Prometheus,Kubernetes; Terraform; AWS; CI/CD; ArgoCD,36.4,1150000,1250000,Learn Kubernetes and Terraform,65.3
PRF_01104,DevOps Engineer,8,Linux; Jenkins; Docker; CI/CD,Cloud Platform Architect,DevOps Engineer,Linux; Jenkins; Docker; CI/CD,Kubernetes; Terraform; AWS; Prometheus; ArgoCD,36.4,2300000,1650000,Learn Kubernetes and Terraform,50.5
PRF_01105,DevOps Engineer,8,Git; Docker; Bash; AWS; Prometheus; ArgoCD,Cloud Platform Architect,DevOps Engineer,Git; Docker; Bash; AWS; Prometheus; ArgoCD,Kubernetes; Terraform; CI/CD,54.5,2350000,2500000,Learn Kubernetes and Terraform,75.3
PRF_01106,DevOps Engineer,11,Docker; Linux; Git; Jenkins; Bash; Prometheus; ArgoCD,Cloud Platform Architect,DevOps Engineer,Docker; Linux; Git; Jenkins; Bash; Prometheus; ArgoCD,Kubernetes; Terraform; AWS; CI/CD,63.6,2000000,3350000,Learn Kubernetes and Terraform,100
PRF_01107,DevOps Engineer,6,Docker; Bash; Jenkins; Linux; AWS; Terraform,Cloud Platform Architect,DevOps Engineer,Docker; Bash; Jenkins; Linux; AWS; Terraform,Kubernetes; CI/CD; Prometheus; ArgoCD,54.5,1900000,2250000,Learn Kubernetes and CI/CD,80.1
PRF_01108,DevOps Engineer,7,Git; Linux; Bash; Jenkins; AWS; Prometheus,Cloud Platform Architect,DevOps Engineer,Git; Linux; Bash; Jenkins; AWS; Prometheus,Kubernetes; Terraform; CI/CD; ArgoCD,54.5,1650000,2400000,Learn Kubernetes and Terraform,90.9
PRF_01109,DevOps Engineer,7,Linux; Docker; Bash; Git; Jenkins; Terraform; ArgoCD; Kubernetes,Cloud Platform Architect,DevOps Engineer,Linux; Docker; Bash; Git; Jenkins; Terraform; ArgoCD; Kubernetes,AWS; CI/CD; Prometheus,72.7,1550000,3200000,Learn AWS and CI/CD,100
PRF_01110,DevOps Engineer,5,Bash; Linux; Jenkins; Git; Docker; ArgoCD,Cloud Platform Architect,DevOps Engineer,Bash; Linux; Jenkins; Git; Docker; ArgoCD,Kubernetes; Terraform; AWS; CI/CD; Prometheus,54.5,1600000,2150000,Learn Kubernetes and Terraform,86.4
PRF_01111,DevOps Engineer,12,Git; Jenkins; Bash; Linux; Docker; Terraform; AWS; Prometheus,Cloud Platform Architect,DevOps Engineer,Git; Jenkins; Bash; Linux; Docker; Terraform; AWS; Prometheus,Kubernetes; CI/CD; ArgoCD,72.7,2200000,4000000,Learn Kubernetes and CI/CD,100
PRF_01112,DevOps Engineer,4,Git; Bash; Docker; Prometheus,Cloud Platform Architect,DevOps Engineer,Git; Bash; Docker; Prometheus,Kubernetes; Terraform; AWS; CI/CD; ArgoCD,36.4,1300000,1350000,Learn Kubernetes and Terraform,63.4
PRF_01113,DevOps Engineer,14,Linux; Jenkins; Git; Prometheus; AWS; Kubernetes,Cloud Platform Architect,DevOps Engineer,Linux; Jenkins; Git; Prometheus; AWS; Kubernetes,Terraform; CI/CD; ArgoCD,54.5,3050000,3250000,Learn Terraform and CI/CD,75.3
PRF_01114,DevOps Engineer,6,Docker; Git; Bash,Cloud Platform Architect,DevOps Engineer,Docker; Git; Bash,Kubernetes; Terraform; AWS; CI/CD; Prometheus; ArgoCD,27.3,1450000,1150000,Learn Kubernetes and Terraform,48.1
PRF_01115,DevOps Engineer,14,Docker; Jenkins; Bash; Linux,Cloud Platform Architect,DevOps Engineer,Docker; Jenkins; Bash; Linux,Kubernetes; Terraform; AWS; CI/CD; Prometheus; ArgoCD,36.4,2200000,2150000,Learn Kubernetes and Terraform,60.9
PRF_01116,DevOps Engineer,7,Linux; Git; Docker; CI/CD; Kubernetes; Prometheus,Cloud Platform Architect,DevOps Engineer,Linux; Git; Docker; CI/CD; Kubernetes; Prometheus,Terraform; AWS; ArgoCD,54.5,1650000,2400000,Learn Terraform and AWS,90.9
PRF_01117,DevOps Engineer,9,Bash; Linux; Git; Docker; Jenkins; Terraform; AWS; Prometheus,Cloud Platform Architect,DevOps Engineer,Bash; Linux; Git; Docker; Jenkins; Terraform; AWS; Prometheus,Kubernetes; CI/CD; ArgoCD,72.7,1700000,3500000,Learn Kubernetes and CI/CD,100
PRF_01118,DevOps Engineer,13,Linux; Docker; Bash; Kubernetes,Cloud Platform Architect,DevOps Engineer,Linux; Docker; Bash; Kubernetes,Terraform; AWS; CI/CD; Prometheus; ArgoCD,36.4,2500000,2100000,Learn Terraform and AWS,55.4
PRF_01119,DevOps Engineer,1,Jenkins; Docker; Git; Linux; AWS; Terraform; Prometheus,Cloud Platform Architect,DevOps Engineer,Jenkins; Docker; Git; Linux; AWS; Terraform; Prometheus,Kubernetes; CI/CD; ArgoCD,63.6,950000,1900000,Learn Kubernetes and CI/CD,100
PRF_01120,DevOps Engineer,11,Jenkins; Git; Bash; Linux; Prometheus,Cloud Platform Architect,DevOps Engineer,Jenkins; Git; Bash; Linux; Prometheus,Kubernetes; Terraform; AWS; CI/CD; ArgoCD,45.5,2100000,2400000,Learn Kubernetes and Terraform,73.0
PRF_01121,DevOps Engineer,1,Bash; Git; Docker; Prometheus,Cloud Platform Architect,DevOps Engineer,Bash; Git; Docker; Prometheus,Kubernetes; Terraform; AWS; CI/CD; ArgoCD,36.4,1050000,1100000,Learn Kubernetes and Terraform,63.7
PRF_01122,DevOps Engineer,10,Bash; Docker; Git; Jenkins; Linux; CI/CD,Cloud Platform Architect,DevOps Engineer,Bash; Docker; Git; Jenkins; Linux; CI/CD,Kubernetes; Terraform; AWS; Prometheus; ArgoCD,54.5,2250000,2750000,Learn Kubernetes and Terraform,81.6
PRF_01123,DevOps Engineer,12,Linux; Jenkins; Git; Docker; Prometheus; Kubernetes; CI/CD,Cloud Platform Architect,DevOps Engineer,Linux; Jenkins; Git; Docker; Prometheus; Kubernetes; CI/CD,Terraform; AWS; ArgoCD,63.6,2150000,3500000,Learn Terraform and AWS,100
PRF_01124,DevOps Engineer,11,Bash; Linux; Git; Docker; Jenkins; Kubernetes; CI/CD,Cloud Platform Architect,DevOps Engineer,Bash; Linux; Git; Docker; Jenkins; Kubernetes; CI/CD,Terraform; AWS; Prometheus; ArgoCD,63.6,2350000,3350000,Learn Terraform and AWS,95.2
PRF_01125,DevOps Engineer,12,Docker; Jenkins; Git; Bash; Linux,Cloud Platform Architect,DevOps Engineer,Docker; Jenkins; Git; Bash; Linux,Kubernetes; Terraform; AWS; CI/CD; Prometheus; ArgoCD,45.5,2550000,2500000,Learn Kubernetes and Terraform,66.5
PRF_01126,DevOps Engineer,14,Git; Jenkins; Docker; Bash; Terraform; ArgoCD,Cloud Platform Architect,DevOps Engineer,Git; Jenkins; Docker; Bash; Terraform; ArgoCD,Kubernetes; AWS; CI/CD; Prometheus,54.5,2700000,3250000,Learn Kubernetes and AWS,80.8
PRF_01127,DevOps Engineer,8,Bash; Docker; Git; Jenkins; Kubernetes; ArgoCD; Prometheus,Cloud Platform Architect,DevOps Engineer,Bash; Docker; Git; Jenkins; Kubernetes; ArgoCD; Prometheus,Terraform; AWS; CI/CD,63.6,2350000,2900000,Learn Terraform and AWS,87.5
PRF_01128,DevOps Engineer,6,Docker; Bash; Git; Jenkins; ArgoCD; Prometheus; CI/CD,Cloud Platform Architect,DevOps Engineer,Docker; Bash; Git; Jenkins; ArgoCD; Prometheus; CI/CD,Kubernetes; Terraform; AWS,63.6,1900000,2650000,Learn Kubernetes and Terraform,93.9
PRF_01129,DevOps Engineer,5,Docker; Jenkins; Git; Linux; CI/CD,Cloud Platform Architect,DevOps Engineer,Docker; Jenkins; Git; Linux; CI/CD,Kubernetes; Terraform; AWS; Prometheus; ArgoCD,45.5,1550000,1800000,Learn Kubernetes and Terraform,73.8
PRF_01130,DevOps Engineer,5,Git; Docker; Bash,Cloud Platform Architect,DevOps Engineer,Git; Docker; Bash,Kubernetes; Terraform; AWS; CI/CD; Prometheus; ArgoCD,27.3,1950000,1050000,Learn Kubernetes and Terraform,37.9
PRF_01131,DevOps Engineer,9,Bash; Git; Jenkins; Docker; Linux; CI/CD,Cloud Platform Architect,DevOps Engineer,Bash; Git; Jenkins; Docker; Linux; CI/CD,Kubernetes; Terraform; AWS; Prometheus; ArgoCD,54.5,2350000,2600000,Learn Kubernetes and Terraform,77.0
PRF_01132,DevOps Engineer,9,Docker; Git; Bash; Jenkins; Linux; CI/CD; Prometheus,Cloud Platform Architect,DevOps Engineer,Docker; Git; Bash; Jenkins; Linux; CI/CD; Prometheus,Kubernetes; Terraform; AWS; ArgoCD,63.6,2350000,3050000,Learn Kubernetes and Terraform,90.1
PRF_01133,DevOps Engineer,9,Docker; Jenkins; Linux; Git; Bash,Cloud Platform Architect,DevOps Engineer,Docker; Jenkins; Linux; Git; Bash,Kubernetes; Terraform; AWS; CI/CD; Prometheus; ArgoCD,45.5,1750000,2200000,Learn Kubernetes and Terraform,77.6
PRF_01134,DevOps Engineer,2,Docker; Git; Jenkins; Terraform; ArgoCD,Cloud Platform Architect,DevOps Engineer,Docker; Git; Jenkins; Terraform; ArgoCD,Kubernetes; AWS; CI/CD; Prometheus,45.5,1300000,1500000,Learn Kubernetes and AWS,73.5
PRF_01135,DevOps Engineer,12,Docker; Git; Bash; ArgoCD; AWS; Kubernetes,Cloud Platform Architect,DevOps Engineer,Docker; Git; Bash; ArgoCD; AWS; Kubernetes,Terraform; CI/CD; Prometheus,54.5,2750000,3000000,Learn Terraform and CI/CD,76.3
PRF_01136,DevOps Engineer,10,Bash; Git; Docker; Linux,Cloud Platform Architect,DevOps Engineer,Bash; Git; Docker; Linux,Kubernetes; Terraform; AWS; CI/CD; Prometheus; ArgoCD,36.4,2500000,1850000,Learn Kubernetes and Terraform,51.4
PRF_01137,DevOps Engineer,1,Linux; Docker; Jenkins,Cloud Platform Architect,DevOps Engineer,Linux; Docker; Jenkins,Kubernetes; Terraform; AWS; CI/CD; Prometheus; ArgoCD,27.3,850000,850000,Learn Kubernetes and Terraform,56.4
PRF_01138,DevOps Engineer,8,Linux; Bash; Jenkins; Docker,Cloud Platform Architect,DevOps Engineer,Linux; Bash; Jenkins; Docker,Kubernetes; Terraform; AWS; CI/CD; Prometheus; ArgoCD,36.4,2200000,1650000,Learn Kubernetes and Terraform,51.8
PRF_01139,DevOps Engineer,2,Bash; Linux; Jenkins,Cloud Platform Architect,DevOps Engineer,Bash; Linux; Jenkins,Kubernetes; Terraform; AWS; CI/CD; Prometheus; ArgoCD,27.3,1200000,900000,Learn Kubernetes and Terraform,46.4
PRF_01140,DevOps Engineer,11,Docker; Git; Jenkins; CI/CD; AWS,Cloud Platform Architect,DevOps Engineer,Docker; Git; Jenkins; CI/CD; AWS,Kubernetes; Terraform; Prometheus; ArgoCD,45.5,2200000,2400000,Learn Kubernetes and Terraform,70.9
PRF_01141,DevOps Engineer,13,Bash; Jenkins; Git; AWS; Kubernetes; CI/CD,Cloud Platform Architect,DevOps Engineer,Bash; Jenkins; Git; AWS; Kubernetes; CI/CD,Terraform; Prometheus; ArgoCD,54.5,2400000,3100000,Learn Terraform and Prometheus,84.4
PRF_01142,DevOps Engineer,9,Bash; Linux; Git; Docker; AWS,Cloud Platform Architect,DevOps Engineer,Bash; Linux; Git; Docker; AWS,Kubernetes; Terraform; CI/CD; Prometheus; ArgoCD,45.5,1900000,2200000,Learn Kubernetes and Terraform,73.6
PRF_01143,DevOps Engineer,6,Git; Jenkins; Linux; Bash,Cloud Platform Architect,DevOps Engineer,Git; Jenkins; Linux; Bash,Kubernetes; Terraform; AWS; CI/CD; Prometheus; ArgoCD,36.4,1800000,1500000,Learn Kubernetes and Terraform,55.2
PRF_01144,DevOps Engineer,9,Git; Docker; Linux; Kubernetes; Terraform; CI/CD,Cloud Platform Architect,DevOps Engineer,Git; Docker; Linux; Kubernetes; Terraform; CI/CD,AWS; Prometheus; ArgoCD,54.5,2100000,2600000,Learn AWS and Prometheus,82.2
PRF_01145,DevOps Engineer,2,Jenkins; Docker; Linux,Cloud Platform Architect,DevOps Engineer,Jenkins; Docker; Linux,Kubernetes; Terraform; AWS; CI/CD; Prometheus; ArgoCD,27.3,1450000,900000,Learn Kubernetes and Terraform,41.2
PRF_01146,DevOps Engineer,9,Jenkins; Bash; Linux; Docker; Git,Cloud Platform Architect,DevOps Engineer,Jenkins; Bash; Linux; Docker; Git,Kubernetes; Terraform; AWS; CI/CD; Prometheus; ArgoCD,45.5,2200000,2200000,Learn Kubernetes and Terraform,67.3
PRF_01147,DevOps Engineer,4,Bash; Linux; Docker; Jenkins; Git; Terraform; AWS,Cloud Platform Architect,DevOps Engineer,Bash; Linux; Docker; Jenkins; Git; Terraform; AWS,Kubernetes; CI/CD; Prometheus; ArgoCD,63.6,1250000,2350000,Learn Kubernetes and CI/CD,100
PRF_01148,DevOps Engineer,3,Linux; Docker; Jenkins; ArgoCD; AWS; Terraform,Cloud Platform Architect,DevOps Engineer,Linux; Docker; Jenkins; ArgoCD; AWS; Terraform,Kubernetes; CI/CD; Prometheus,54.5,1400000,1900000,Learn Kubernetes and CI/CD,87.0
PRF_01149,DevOps Engineer,13,Linux; Docker; Git; Jenkins; Bash; Prometheus,Cloud Platform Architect,DevOps Engineer,Linux; Docker; Git; Jenkins; Bash; Prometheus,Kubernetes; Terraform; AWS; CI/CD; ArgoCD,54.5,2250000,3100000,Learn Kubernetes and Terraform,87.8
PRF_01150,DevOps Engineer,1,Jenkins; Bash; Linux; ArgoCD; AWS,Cloud Platform Architect,DevOps Engineer,Jenkins; Bash; Linux; ArgoCD; AWS,Kubernetes; Terraform; CI/CD; Prometheus,45.5,1050000,1400000,Learn Kubernetes and Terraform,80.6
PRF_01151,DevOps Engineer,8,Docker; Git; Linux; Bash,Cloud Platform Architect,DevOps Engineer,Docker; Git; Linux; Bash,Kubernetes; Terraform; AWS; CI/CD; Prometheus; ArgoCD,36.4,1950000,1650000,Learn Kubernetes and Terraform,55.7
PRF_01152,DevOps Engineer,14,Jenkins; Linux; Bash; Terraform; ArgoCD,Cloud Platform Architect,DevOps Engineer,Jenkins; Linux; Bash; Terraform; ArgoCD,Kubernetes; AWS; CI/CD; Prometheus,45.5,2700000,2700000,Learn Kubernetes and AWS,67.3
PRF_01153,DevOps Engineer,10,Docker; Jenkins; Git,Cloud Platform Architect,DevOps Engineer,Docker; Jenkins; Git,Kubernetes; Terraform; AWS; CI/CD; Prometheus; ArgoCD,27.3,2350000,1400000,Learn Kubernetes and Terraform,40.2
PRF_01154,DevOps Engineer,10,Linux; Docker; Bash; Jenkins; Git,Cloud Platform Architect,DevOps Engineer,Linux; Docker; Bash; Jenkins; Git,Kubernetes; Terraform; AWS; CI/CD; Prometheus; ArgoCD,45.5,2600000,2300000,Learn Kubernetes and Terraform,62.7
PRF_01155,DevOps Engineer,6,Linux; Jenkins; Bash; Docker; Git; ArgoCD; AWS,Cloud Platform Architect,DevOps Engineer,Linux; Jenkins; Bash; Docker; Git; ArgoCD; AWS,Kubernetes; Terraform; CI/CD; Prometheus,63.6,1500000,2650000,Learn Kubernetes and Terraform,100
PRF_01156,DevOps Engineer,11,Git; Jenkins; Docker; Linux; Bash; ArgoCD; Terraform; Kubernetes,Cloud Platform Architect,DevOps Engineer,Git; Jenkins; Docker; Linux; Bash; ArgoCD; Terraform; Kubernetes,AWS; CI/CD; Prometheus,72.7,2100000,3850000,Learn AWS and CI/CD,100
PRF_01157,DevOps Engineer,6,Git; Jenkins; Docker; ArgoCD; Terraform,Cloud Platform Architect,DevOps Engineer,Git; Jenkins; Docker; ArgoCD; Terraform,Kubernetes; AWS; CI/CD; Prometheus,45.5,1350000,1900000,Learn Kubernetes and AWS,83.6
PRF_01158,DevOps Engineer,5,Jenkins; Git; Linux; Bash; Terraform; AWS,Cloud Platform Architect,DevOps Engineer,Jenkins; Git; Linux; Bash; Terraform; AWS,Kubernetes; CI/CD; Prometheus; ArgoCD,54.5,1350000,2150000,Learn Kubernetes and CI/CD,96.4
PRF_01159,DevOps Engineer,11,Bash; Git; Linux; Jenkins; Docker; Terraform; AWS,Cloud Platform Architect,DevOps Engineer,Bash; Git; Linux; Jenkins; Docker; Terraform; AWS,Kubernetes; CI/CD; Prometheus; ArgoCD,63.6,2350000,3350000,Learn Kubernetes and CI/CD,95.2
PRF_01160,DevOps Engineer,12,Bash; Docker; Git; Linux; ArgoCD,Cloud Platform Architect,DevOps Engineer,Bash; Docker; Git; Linux; ArgoCD,Kubernetes; Terraform; AWS; CI/CD; Prometheus,45.5,2850000,2500000,Learn Kubernetes and Terraform,62.4
PRF_01161,DevOps Engineer,8,Linux; Jenkins; Bash; Docker; Git; AWS; Kubernetes,Cloud Platform Architect,DevOps Engineer,Linux; Jenkins; Bash; Docker; Git; AWS; Kubernetes,Terraform; CI/CD; Prometheus; ArgoCD,63.6,2300000,2900000,Learn Terraform and CI/CD,88.6
PRF_01162,DevOps Engineer,5,Bash; Docker; Linux; Jenkins; AWS; Prometheus,Cloud Platform Architect,DevOps Engineer,Bash; Docker; Linux; Jenkins; AWS; Prometheus,Kubernetes; Terraform; CI/CD; ArgoCD,54.5,1400000,2150000,Learn Kubernetes and Terraform,94.1
PRF_01163,DevOps Engineer,6,Jenkins; Docker; Bash; Terraform; AWS,Cloud Platform Architect,DevOps Engineer,Jenkins; Docker; Bash; Terraform; AWS,Kubernetes; CI/CD; Prometheus; ArgoCD,45.5,1700000,1900000,Learn Kubernetes and CI/CD,72.0
PRF_01164,DevOps Engineer,3,Docker; Bash; Jenkins; Git; AWS; Kubernetes; Prometheus,Cloud Platform Architect,DevOps Engineer,Docker; Bash; Jenkins; Git; AWS; Kubernetes; Prometheus,Terraform; CI/CD; ArgoCD,63.6,1500000,2200000,Learn Terraform and CI/CD,96.8
PRF_01165,DevOps Engineer,7,Jenkins; Git; Bash; Linux; Docker; AWS; ArgoCD; Terraform,Cloud Platform Architect,DevOps Engineer,Jenkins; Git; Bash; Linux; Docker; AWS; ArgoCD; Terraform,Kubernetes; CI/CD; Prometheus,72.7,2000000,3200000,Learn Kubernetes and CI/CD,100
PRF_01166,DevOps Engineer,14,Jenkins; Linux; Docker; Bash; Git; AWS; Kubernetes,Cloud Platform Architect,DevOps Engineer,Jenkins; Linux; Docker; Bash; Git; AWS; Kubernetes,Terraform; CI/CD; Prometheus; ArgoCD,63.6,2950000,3800000,Learn Terraform and CI/CD,89.7
PRF_01167,DevOps Engineer,13,Linux; Jenkins; Bash; Git; Prometheus; CI/CD; Kubernetes,Cloud Platform Architect,DevOps Engineer,Linux; Jenkins; Bash; Git; Prometheus; CI/CD; Kubernetes,Terraform; AWS; ArgoCD,63.6,2700000,3650000,Learn Terraform and AWS,92.2
PRF_01168,DevOps Engineer,4,Docker; Jenkins; Bash; Git; CI/CD,Cloud Platform Architect,DevOps Engineer,Docker; Jenkins; Bash; Git; CI/CD,Kubernetes; Terraform; AWS; Prometheus; ArgoCD,45.5,1550000,1700000,Learn Kubernetes and Terraform,71.2
PRF_01169,DevOps Engineer,10,Linux; Jenkins; Docker; Terraform,Cloud Platform Architect,DevOps Engineer,Linux; Jenkins; Docker; Terraform,Kubernetes; AWS; CI/CD; Prometheus; ArgoCD,36.4,2050000,1850000,Learn Kubernetes and AWS,57.9
PRF_01170,DevOps Engineer,13,Git; Bash; Jenkins; Terraform; Kubernetes; CI/CD,Cloud Platform Architect,DevOps Engineer,Git; Bash; Jenkins; Terraform; Kubernetes; CI/CD,AWS; Prometheus; ArgoCD,54.5,2050000,3100000,Learn AWS and Prometheus,93.2
PRF_01171,DevOps Engineer,11,Bash; Linux; Git; Docker; Jenkins,Cloud Platform Architect,DevOps Engineer,Bash; Linux; Git; Docker; Jenkins,Kubernetes; Terraform; AWS; CI/CD; Prometheus; ArgoCD,45.5,2700000,2400000,Learn Kubernetes and Terraform,62.9
PRF_01172,DevOps Engineer,4,Bash; Docker; Linux; Jenkins; Git; Prometheus; CI/CD,Cloud Platform Architect,DevOps Engineer,Bash; Docker; Linux; Jenkins; Git; Prometheus; CI/CD,Kubernetes; Terraform; AWS; ArgoCD,63.6,1300000,2350000,Learn Kubernetes and Terraform,100
PRF_01173,DevOps Engineer,13,Linux; Jenkins; Docker; Bash; Git; Kubernetes,Cloud Platform Architect,DevOps Engineer,Linux; Jenkins; Docker; Bash; Git; Kubernetes,Terraform; AWS; CI/CD; Prometheus; ArgoCD,54.5,2500000,3100000,Learn Terraform and AWS,82.3
PRF_01174,DevOps Engineer,2,Git; Jenkins; Linux; Docker; Bash; Prometheus; CI/CD,Cloud Platform Architect,DevOps Engineer,Git; Jenkins; Linux; Docker; Bash; Prometheus; CI/CD,Kubernetes; Terraform; AWS; ArgoCD,63.6,1050000,2050000,Learn Kubernetes and Terraform,100
PRF_01175,DevOps Engineer,5,Linux; Docker; Jenkins; ArgoCD; Terraform; Kubernetes,Cloud Platform Architect,DevOps Engineer,Linux; Docker; Jenkins; ArgoCD; Terraform; Kubernetes,AWS; CI/CD; Prometheus,54.5,1850000,2150000,Learn AWS and CI/CD,79.2
PRF_01176,DevOps Engineer,13,Linux; Docker; Bash,Cloud Platform Architect,DevOps Engineer,Linux; Docker; Bash,Kubernetes; Terraform; AWS; CI/CD; Prometheus; ArgoCD,27.3,2850000,1550000,Learn Kubernetes and Terraform,38.1
PRF_01177,DevOps Engineer,7,Linux; Git; Jenkins; Bash; Docker,Cloud Platform Architect,DevOps Engineer,Linux; Git; Jenkins; Bash; Docker,Kubernetes; Terraform; AWS; CI/CD; Prometheus; ArgoCD,45.5,1800000,2000000,Learn Kubernetes and Terraform,71.7
PRF_01178,DevOps Engineer,12,Git; Bash; Docker; Linux; Terraform; Kubernetes; AWS,Cloud Platform Architect,DevOps Engineer,Git; Bash; Docker; Linux; Terraform; Kubernetes; AWS,CI/CD; Prometheus; ArgoCD,63.6,2100000,3500000,Learn CI/CD and Prometheus,100
PRF_01179,DevOps Engineer,4,Bash; Docker; Jenkins; Git; Linux; Kubernetes; AWS,Cloud Platform Architect,DevOps Engineer,Bash; Docker; Jenkins; Git; Linux; Kubernetes; AWS,Terraform; CI/CD; Prometheus; ArgoCD,63.6,1300000,2350000,Learn Terraform and CI/CD,100
PRF_01180,DevOps Engineer,5,Linux; Bash; Jenkins,Cloud Platform Architect,DevOps Engineer,Linux; Bash; Jenkins,Kubernetes; Terraform; AWS; CI/CD; Prometheus; ArgoCD,27.3,1650000,1050000,Learn Kubernetes and Terraform,41.8
PRF_01181,DevOps Engineer,6,Jenkins; Linux; Git; CI/CD; AWS; Prometheus,Cloud Platform Architect,DevOps Engineer,Jenkins; Linux; Git; CI/CD; AWS; Prometheus,Kubernetes; Terraform; ArgoCD,54.5,1900000,2250000,Learn Kubernetes and Terraform,80.1
PRF_01182,DevOps Engineer,4,Linux; Bash; Git,Cloud Platform Architect,DevOps Engineer,Linux; Bash; Git,Kubernetes; Terraform; AWS; CI/CD; Prometheus; ArgoCD,27.3,1550000,1000000,Learn Kubernetes and Terraform,42.2
PRF_01183,DevOps Engineer,4,Jenkins; Git; Linux; Docker; Terraform; ArgoCD,Cloud Platform Architect,DevOps Engineer,Jenkins; Git; Linux; Docker; Terraform; ArgoCD,Kubernetes; AWS; CI/CD; Prometheus,54.5,1450000,2000000,Learn Kubernetes and AWS,87.9
PRF_01184,DevOps Engineer,3,Linux; Git; Docker; ArgoCD,Cloud Platform Architect,DevOps Engineer,Linux; Git; Docker; ArgoCD,Kubernetes; Terraform; AWS; CI/CD; Prometheus,36.4,1050000,1250000,Learn Kubernetes and Terraform,69.5
PRF_01185,DevOps Engineer,1,Bash; Docker; Linux; Jenkins,Cloud Platform Architect,DevOps Engineer,Bash; Docker; Linux; Jenkins,Kubernetes; Terraform; AWS; CI/CD; Prometheus; ArgoCD,36.4,1300000,1100000,Learn Kubernetes and Terraform,55.7
PRF_01186,DevOps Engineer,8,Bash; Jenkins; Docker; Linux; Git; CI/CD; Terraform,Cloud Platform Architect,DevOps Engineer,Bash; Jenkins; Docker; Linux; Git; CI/CD; Terraform,Kubernetes; AWS; Prometheus; ArgoCD,63.6,2150000,2900000,Learn Kubernetes and AWS,92.1
PRF_01187,DevOps Engineer,5,Git; Bash; Docker; Jenkins; ArgoCD; AWS; Terraform,Cloud Platform Architect,DevOps Engineer,Git; Bash; Docker; Jenkins; ArgoCD; AWS; Terraform,Kubernetes; CI/CD; Prometheus,63.6,1900000,2500000,Learn Kubernetes and CI/CD,90.8
PRF_01188,DevOps Engineer,6,Linux; Docker; Bash; Git; Jenkins; CI/CD; ArgoCD; Kubernetes,Cloud Platform Architect,DevOps Engineer,Linux; Docker; Bash; Git; Jenkins; CI/CD; ArgoCD; Kubernetes,Terraform; AWS; Prometheus,72.7,1650000,3000000,Learn Terraform and AWS,100
PRF_01189,DevOps Engineer,6,Bash; Jenkins; Docker; Linux; Git; CI/CD; AWS,Cloud Platform Architect,DevOps Engineer,Bash; Jenkins; Docker; Linux; Git; CI/CD; AWS,Kubernetes; Terraform; Prometheus; ArgoCD,63.6,1500000,2650000,Learn Kubernetes and Terraform,100
PRF_01190,DevOps Engineer,2,Bash; Jenkins; Docker; Linux; Kubernetes; AWS; Prometheus,Cloud Platform Architect,DevOps Engineer,Bash; Jenkins; Docker; Linux; Kubernetes; AWS; Prometheus,Terraform; CI/CD; ArgoCD,63.6,950000,2050000,Learn Terraform and CI/CD,100
PRF_01191,DevOps Engineer,2,Git; Linux; Bash; Docker; Jenkins; CI/CD,Cloud Platform Architect,DevOps Engineer,Git; Linux; Bash; Docker; Jenkins; CI/CD,Kubernetes; Terraform; AWS; Prometheus; ArgoCD,54.5,1250000,1750000,Learn Kubernetes and Terraform,88.7
PRF_01192,DevOps Engineer,12,Docker; Git; Bash; Jenkins; Linux,Cloud Platform Architect,DevOps Engineer,Docker; Git; Bash; Jenkins; Linux,Kubernetes; Terraform; AWS; CI/CD; Prometheus; ArgoCD,45.5,2700000,2500000,Learn Kubernetes and Terraform,64.3
PRF_01193,DevOps Engineer,4,Docker; Bash; Git; Linux; CI/CD; AWS; Prometheus,Cloud Platform Architect,DevOps Engineer,Docker; Bash; Git; Linux; CI/CD; AWS; Prometheus,Kubernetes; Terraform; ArgoCD,63.6,1600000,2350000,Learn Kubernetes and Terraform,96.9
PRF_01194,DevOps Engineer,11,Linux; Docker; Git; Prometheus,Cloud Platform Architect,DevOps Engineer,Linux; Docker; Git; Prometheus,Kubernetes; Terraform; AWS; CI/CD; ArgoCD,36.4,2600000,1900000,Learn Kubernetes and Terraform,51.1
PRF_01195,DevOps Engineer,9,Docker; Git; Bash; CI/CD,Cloud Platform Architect,DevOps Engineer,Docker; Git; Bash; CI/CD,Kubernetes; Terraform; AWS; Prometheus; ArgoCD,36.4,2150000,1750000,Learn Kubernetes and Terraform,54.4
PRF_01196,DevOps Engineer,8,Jenkins; Docker; Git,Cloud Platform Architect,DevOps Engineer,Jenkins; Docker; Git,Kubernetes; Terraform; AWS; CI/CD; Prometheus; ArgoCD,27.3,2300000,1250000,Learn Kubernetes and Terraform,38.1
PRF_01197,DevOps Engineer,10,Bash; Docker; Linux; Git; Terraform; Kubernetes,Cloud Platform Architect,DevOps Engineer,Bash; Docker; Linux; Git; Terraform; Kubernetes,AWS; CI/CD; Prometheus; ArgoCD,54.5,1800000,2750000,Learn AWS and CI/CD,93.8
PRF_01198,DevOps Engineer,11,Git; Bash; Jenkins,Cloud Platform Architect,DevOps Engineer,Git; Bash; Jenkins,Kubernetes; Terraform; AWS; CI/CD; Prometheus; ArgoCD,27.3,2050000,1450000,Learn Kubernetes and Terraform,44.7
PRF_01199,DevOps Engineer,5,Git; Linux; Bash; Jenkins,Cloud Platform Architect,DevOps Engineer,Git; Linux; Bash; Jenkins,Kubernetes; Terraform; AWS; CI/CD; Prometheus; ArgoCD,36.4,1850000,1450000,Learn Kubernetes and Terraform,53.2
PRF_01200,DevOps Engineer,14,Linux; Bash; Jenkins; Git; Docker; Prometheus; AWS; CI/CD,Cloud Platform Architect,DevOps Engineer,Linux; Bash; Jenkins; Git; Docker; Prometheus; AWS; CI/CD,Kubernetes; Terraform; ArgoCD,72.7,2200000,4300000,Learn Kubernetes and Terraform,100
PRF_01201,DevOps Engineer,4,Bash; Git; Linux; Jenkins; Docker; CI/CD,Cloud Platform Architect,DevOps Engineer,Bash; Git; Linux; Jenkins; Docker; CI/CD,Kubernetes; Terraform; AWS; Prometheus; ArgoCD,54.5,1750000,2000000,Learn Kubernetes and Terraform,78.4
PRF_01202,DevOps Engineer,4,Docker; Git; Jenkins; AWS; CI/CD; Prometheus,Cloud Platform Architect,DevOps Engineer,Docker; Git; Jenkins; AWS; CI/CD; Prometheus,Kubernetes; Terraform; ArgoCD,54.5,1450000,2000000,Learn Kubernetes and Terraform,87.9
PRF_01203,DevOps Engineer,13,Jenkins; Docker; Linux; Git; CI/CD; AWS; Kubernetes,Cloud Platform Architect,DevOps Engineer,Jenkins; Docker; Linux; Git; CI/CD; AWS; Kubernetes,Terraform; Prometheus; ArgoCD,63.6,3050000,3650000,Learn Terraform and Prometheus,86.0
PRF_01204,DevOps Engineer,5,Docker; Bash; Jenkins; Linux; Git,Cloud Platform Architect,DevOps Engineer,Docker; Bash; Jenkins; Linux; Git,Kubernetes; Terraform; AWS; CI/CD; Prometheus; ArgoCD,45.5,1800000,1800000,Learn Kubernetes and Terraform,67.3
PRF_01205,DevOps Engineer,7,Linux; Docker; Bash; Jenkins; Git; CI/CD,Cloud Platform Architect,DevOps Engineer,Linux; Docker; Bash; Jenkins; Git; CI/CD,Kubernetes; Terraform; AWS; Prometheus; ArgoCD,54.5,1750000,2400000,Learn Kubernetes and Terraform,87.6
PRF_01206,DevOps Engineer,3,Jenkins; Docker; Bash,Cloud Platform Architect,DevOps Engineer,Jenkins; Docker; Bash,Kubernetes; Terraform; AWS; CI/CD; Prometheus; ArgoCD,27.3,1050000,950000,Learn Kubernetes and Terraform,52.6
PRF_01207,DevOps Engineer,3,Linux; Docker; Git; AWS; ArgoCD; Kubernetes,Cloud Platform Architect,DevOps Engineer,Linux; Docker; Git; AWS; ArgoCD; Kubernetes,Terraform; CI/CD; Prometheus,54.5,1450000,1900000,Learn Terraform and CI/CD,85.1
PRF_01208,DevOps Engineer,12,Docker; Bash; Jenkins; Git; Linux; Kubernetes,Cloud Platform Architect,DevOps Engineer,Docker; Bash; Jenkins; Git; Linux; Kubernetes,Terraform; AWS; CI/CD; Prometheus; ArgoCD,54.5,1950000,3000000,Learn Terraform and AWS,94.2
PRF_01209,DevOps Engineer,2,Linux; Jenkins; Docker; Git; Bash,Cloud Platform Architect,DevOps Engineer,Linux; Jenkins; Docker; Git; Bash,Kubernetes; Terraform; AWS; CI/CD; Prometheus; ArgoCD,45.5,1350000,1500000,Learn Kubernetes and Terraform,71.7
PRF_01210,DevOps Engineer,9,Docker; Jenkins; Linux; Bash,Cloud Platform Architect,DevOps Engineer,Docker; Jenkins; Linux; Bash,Kubernetes; Terraform; AWS; CI/CD; Prometheus; ArgoCD,36.4,1950000,1750000,Learn Kubernetes and Terraform,57.7
PRF_01211,DevOps Engineer,3,Git; Docker; Bash; Linux; Kubernetes; Terraform,Cloud Platform Architect,DevOps Engineer,Git; Docker; Bash; Linux; Kubernetes; Terraform,AWS; CI/CD; Prometheus; ArgoCD,54.5,1650000,1900000,Learn AWS and CI/CD,78.8
PRF_01212,DevOps Engineer,12,Bash; Docker; Jenkins; AWS; Kubernetes; Prometheus,Cloud Platform Architect,DevOps Engineer,Bash; Docker; Jenkins; AWS; Kubernetes; Prometheus,Terraform; CI/CD; ArgoCD,54.5,2000000,3000000,Learn Terraform and CI/CD,92.7
PRF_01213,DevOps Engineer,11,Linux; Git; Bash; Jenkins; Docker; AWS; CI/CD,Cloud Platform Architect,DevOps Engineer,Linux; Git; Bash; Jenkins; Docker; AWS; CI/CD,Kubernetes; Terraform; Prometheus; ArgoCD,63.6,2600000,3350000,Learn Kubernetes and Terraform,89.7
PRF_01214,DevOps Engineer,13,Git; Jenkins; Linux; Bash; Docker; Kubernetes; Terraform,Cloud Platform Architect,DevOps Engineer,Git; Jenkins; Linux; Bash; Docker; Kubernetes; Terraform,AWS; CI/CD; Prometheus; ArgoCD,63.6,2000000,3650000,Learn AWS and CI/CD,100
PRF_01215,DevOps Engineer,5,Git; Linux; Bash; Jenkins; Docker; CI/CD,Cloud Platform Architect,DevOps Engineer,Git; Linux; Bash; Jenkins; Docker; CI/CD,Kubernetes; Terraform; AWS; Prometheus; ArgoCD,54.5,1450000,2150000,Learn Kubernetes and Terraform,92.0
PRF_01216,DevOps Engineer,9,Git; Jenkins; Docker; Bash; Linux; Terraform; Kubernetes,Cloud Platform Architect,DevOps Engineer,Git; Jenkins; Docker; Bash; Linux; Terraform; Kubernetes,AWS; CI/CD; Prometheus; ArgoCD,63.6,1750000,3050000,Learn AWS and CI/CD,100
PRF_01217,DevOps Engineer,9,Linux; Docker; Bash; Git; Jenkins; Kubernetes; Prometheus; AWS,Cloud Platform Architect,DevOps Engineer,Linux; Docker; Bash; Git; Jenkins; Kubernetes; Prometheus; AWS,Terraform; CI/CD; ArgoCD,72.7,1650000,3500000,Learn Terraform and CI/CD,100
PRF_01218,DevOps Engineer,1,Git; Linux; Bash; Jenkins; AWS; CI/CD,Cloud Platform Architect,DevOps Engineer,Git; Linux; Bash; Jenkins; AWS; CI/CD,Kubernetes; Terraform; Prometheus; ArgoCD,54.5,1050000,1650000,Learn Kubernetes and Terraform,95.6
PRF_01219,DevOps Engineer,13,Bash; Git; Docker; Linux; Jenkins; Kubernetes,Cloud Platform Architect,DevOps Engineer,Bash; Git; Docker; Linux; Jenkins; Kubernetes,Terraform; AWS; CI/CD; Prometheus; ArgoCD,54.5,2300000,3100000,Learn Terraform and AWS,86.6
PRF_01220,DevOps Engineer,7,Jenkins; Docker; Git,Cloud Platform Architect,DevOps Engineer,Jenkins; Docker; Git,Kubernetes; Terraform; AWS; CI/CD; Prometheus; ArgoCD,27.3,2150000,1200000,Learn Kubernetes and Terraform,38.7
PRF_01221,DevOps Engineer,14,Git; Bash; Docker; Linux; Jenkins; ArgoCD; Prometheus; AWS,Cloud Platform Architect,DevOps Engineer,Git; Bash; Docker; Linux; Jenkins; ArgoCD; Prometheus; AWS,Kubernetes; Terraform; CI/CD,72.7,2600000,4300000,Learn Kubernetes and Terraform,100
PRF_01222,DevOps Engineer,14,Linux; Git; Bash; Jenkins; CI/CD; AWS; Prometheus,Cloud Platform Architect,DevOps Engineer,Linux; Git; Bash; Jenkins; CI/CD; AWS; Prometheus,Kubernetes; Terraform; ArgoCD,63.6,2850000,3800000,Learn Kubernetes and Terraform,91.5
PRF_01223,DevOps Engineer,4,Bash; Jenkins; Docker; Terraform,Cloud Platform Architect,DevOps Engineer,Bash; Jenkins; Docker; Terraform,Kubernetes; AWS; CI/CD; Prometheus; ArgoCD,36.4,1400000,1350000,Learn Kubernetes and AWS,60.4
PRF_01224,DevOps Engineer,11,Docker; Git; Jenkins; Linux; CI/CD,Cloud Platform Architect,DevOps Engineer,Docker; Git; Jenkins; Linux; CI/CD,Kubernetes; Terraform; AWS; Prometheus; ArgoCD,45.5,2450000,2400000,Learn Kubernetes and Terraform,66.5
PRF_01225,DevOps Engineer,1,Linux; Jenkins; Git; Docker; AWS; CI/CD; Terraform,Cloud Platform Architect,DevOps Engineer,Linux; Jenkins; Git; Docker; AWS; CI/CD; Terraform,Kubernetes; Prometheus; ArgoCD,63.6,950000,1900000,Learn Kubernetes and Prometheus,100
PRF_01226,DevOps Engineer,9,Jenkins; Linux; Docker,Cloud Platform Architect,DevOps Engineer,Jenkins; Linux; Docker,Kubernetes; Terraform; AWS; CI/CD; Prometheus; ArgoCD,27.3,1900000,1300000,Learn Kubernetes and Terraform,43.7
PRF_01227,DevOps Engineer,1,Linux; Bash; Git; Jenkins; Docker; ArgoCD; Kubernetes,Cloud Platform Architect,DevOps Engineer,Linux; Bash; Git; Jenkins; Docker; ArgoCD; Kubernetes,Terraform; AWS; CI/CD; Prometheus,63.6,1300000,1900000,Learn Terraform and AWS,96.6
PRF_01228,DevOps Engineer,7,Jenkins; Git; Bash; Prometheus,Cloud Platform Architect,DevOps Engineer,Jenkins; Git; Bash; Prometheus,Kubernetes; Terraform; AWS; CI/CD; ArgoCD,36.4,1700000,1600000,Learn Kubernetes and Terraform,59.5
PRF_01229,DevOps Engineer,3,Git; Bash; Docker; Linux; Jenkins; CI/CD; AWS; Prometheus,Cloud Platform Architect,DevOps Engineer,Git; Bash; Docker; Linux; Jenkins; CI/CD; AWS; Prometheus,Kubernetes; Terraform; ArgoCD,72.7,1550000,2500000,Learn Kubernetes and Terraform,100
PRF_01230,DevOps Engineer,14,Linux; Bash; Jenkins; Docker; Git; Prometheus; ArgoCD,Cloud Platform Architect,DevOps Engineer,Linux; Bash; Jenkins; Docker; Git; Prometheus; ArgoCD,Kubernetes; Terraform; AWS; CI/CD,63.6,2950000,3800000,Learn Kubernetes and Terraform,89.7
PRF_01231,DevOps Engineer,8,Bash; Linux; Jenkins; Docker; Git,Cloud Platform Architect,DevOps Engineer,Bash; Linux; Jenkins; Docker; Git,Kubernetes; Terraform; AWS; CI/CD; Prometheus; ArgoCD,45.5,2100000,2100000,Learn Kubernetes and Terraform,67.3
PRF_01232,DevOps Engineer,3,Linux; Bash; Jenkins; Docker; CI/CD,Cloud Platform Architect,DevOps Engineer,Linux; Bash; Jenkins; Docker; CI/CD,Kubernetes; Terraform; AWS; Prometheus; ArgoCD,45.5,1050000,1600000,Learn Kubernetes and Terraform,88.3
PRF_01233,DevOps Engineer,3,Docker; Linux; Bash; Git; ArgoCD; Prometheus,Cloud Platform Architect,DevOps Engineer,Docker; Linux; Bash; Git; ArgoCD; Prometheus,Kubernetes; Terraform; AWS; CI/CD,54.5,1200000,1900000,Learn Kubernetes and Terraform,96.0
PRF_01234,DevOps Engineer,9,Git; Docker; Jenkins; Linux,Cloud Platform Architect,DevOps Engineer,Git; Docker; Jenkins; Linux,Kubernetes; Terraform; AWS; CI/CD; Prometheus; ArgoCD,36.4,2350000,1750000,Learn Kubernetes and Terraform,51.6
PRF_01235,DevOps Engineer,11,Docker; Bash; Linux; Git; Jenkins; AWS,Cloud Platform Architect,DevOps Engineer,Docker; Bash; Linux; Git; Jenkins; AWS,Kubernetes; Terraform; CI/CD; Prometheus; ArgoCD,54.5,2150000,2850000,Learn Kubernetes and Terraform,85.7
PRF_01236,DevOps Engineer,4,Bash; Docker; Jenkins; Terraform; CI/CD; AWS,Cloud Platform Architect,DevOps Engineer,Bash; Docker; Jenkins; Terraform; CI/CD; AWS,Kubernetes; Prometheus; ArgoCD,54.5,1150000,2000000,Learn Kubernetes and Prometheus,100
PRF_01237,DevOps Engineer,14,Git; Linux; Bash; Docker; Jenkins,Cloud Platform Architect,DevOps Engineer,Git; Linux; Bash; Docker; Jenkins,Kubernetes; Terraform; AWS; CI/CD; Prometheus; ArgoCD,45.5,2200000,2700000,Learn Kubernetes and Terraform,76.4
PRF_01238,DevOps Engineer,2,Bash; Docker; Git; Linux,Cloud Platform Architect,DevOps Engineer,Bash; Docker; Git; Linux,Kubernetes; Terraform; AWS; CI/CD; Prometheus; ArgoCD,36.4,1000000,1200000,Learn Kubernetes and Terraform,69.8
PRF_01239,DevOps Engineer,11,Linux; Bash; Git; ArgoCD; Kubernetes; CI/CD,Cloud Platform Architect,DevOps Engineer,Linux; Bash; Git; ArgoCD; Kubernetes; CI/CD,Terraform; AWS; Prometheus,54.5,2000000,2850000,Learn Terraform and AWS,89.7
PRF_01240,DevOps Engineer,2,Git; Jenkins; Docker; Kubernetes; AWS; Terraform,Cloud Platform Architect,DevOps Engineer,Git; Jenkins; Docker; Kubernetes; AWS; Terraform,CI/CD; Prometheus; ArgoCD,54.5,1000000,1750000,Learn CI/CD and Prometheus,100
PRF_01241,DevOps Engineer,3,Git; Linux; Jenkins; Prometheus; ArgoCD,Cloud Platform Architect,DevOps Engineer,Git; Linux; Jenkins; Prometheus; ArgoCD,Kubernetes; Terraform; AWS; CI/CD,45.5,1450000,1600000,Learn Kubernetes and Terraform,71.4
PRF_01242,DevOps Engineer,14,Docker; Bash; Git; Jenkins; Linux,Cloud Platform Architect,DevOps Engineer,Docker; Bash; Git; Jenkins; Linux,Kubernetes; Terraform; AWS; CI/CD; Prometheus; ArgoCD,45.5,3150000,2700000,Learn Kubernetes and Terraform,61.6
PRF_01243,DevOps Engineer,14,Linux; Git; Docker; Terraform,Cloud Platform Architect,DevOps Engineer,Linux; Git; Docker; Terraform,Kubernetes; AWS; CI/CD; Prometheus; ArgoCD,36.4,2200000,2150000,Learn Kubernetes and AWS,60.9
PRF_01244,DevOps Engineer,9,Git; Linux; Bash; Jenkins; Docker; CI/CD; AWS; Prometheus,Cloud Platform Architect,DevOps Engineer,Git; Linux; Bash; Jenkins; Docker; CI/CD; AWS; Prometheus,Kubernetes; Terraform; ArgoCD,72.7,2350000,3500000,Learn Kubernetes and Terraform,100
PRF_01245,DevOps Engineer,14,Git; Bash; Linux; Terraform; AWS,Cloud Platform Architect,DevOps Engineer,Git; Bash; Linux; Terraform; AWS,Kubernetes; CI/CD; Prometheus; ArgoCD,45.5,3100000,2700000,Learn Kubernetes and CI/CD,62.1
PRF_01246,DevOps Engineer,5,Jenkins; Git; Docker; Bash; Linux; Terraform; AWS; ArgoCD,Cloud Platform Architect,DevOps Engineer,Jenkins; Git; Docker; Bash; Linux; Terraform; AWS; ArgoCD,Kubernetes; CI/CD; Prometheus,72.7,1650000,2850000,Learn Kubernetes and CI/CD,100
PRF_01247,DevOps Engineer,9,Jenkins; Linux; Git; Bash; Docker; Prometheus,Cloud Platform Architect,DevOps Engineer,Jenkins; Linux; Git; Bash; Docker; Prometheus,Kubernetes; Terraform; AWS; CI/CD; ArgoCD,54.5,2100000,2600000,Learn Kubernetes and Terraform,82.2
PRF_01248,DevOps Engineer,13,Docker; Linux; Bash,Cloud Platform Architect,DevOps Engineer,Docker; Linux; Bash,Kubernetes; Terraform; AWS; CI/CD; Prometheus; ArgoCD,27.3,2150000,1550000,Learn Kubernetes and Terraform,45.2
PRF_01249,DevOps Engineer,7,Git; Docker; Jenkins; Terraform; ArgoCD,Cloud Platform Architect,DevOps Engineer,Git; Docker; Jenkins; Terraform; ArgoCD,Kubernetes; AWS; CI/CD; Prometheus,45.5,2200000,2000000,Learn Kubernetes and AWS,63.7
PRF_01250,DevOps Engineer,14,Bash; Linux; Docker; Git; Jenkins,Cloud Platform Architect,DevOps Engineer,Bash; Linux; Docker; Git; Jenkins,Kubernetes; Terraform; AWS; CI/CD; Prometheus; ArgoCD,45.5,2700000,2700000,Learn Kubernetes and Terraform,67.3
PRF_01251,Web Designing,12,JavaScript; Bootstrap; CSS3; HTML5,Lead UI/UX Frontend Architect,Web Designing,JavaScript; Bootstrap; CSS3; HTML5,React; TypeScript; Next.js; TailwindCSS; Figma; GraphQL,40.0,1450000,1500000,Learn React and TypeScript,65.4
PRF_01252,Web Designing,3,Bootstrap; JavaScript; Figma; React,Lead UI/UX Frontend Architect,Web Designing,Bootstrap; JavaScript; Figma; React,TypeScript; Next.js; TailwindCSS; GraphQL,40.0,850000,950000,Learn TypeScript and Next.js,68.7
PRF_01253,Web Designing,1,Bootstrap; CSS3; JavaScript; HTML5; React; Next.js,Lead UI/UX Frontend Architect,Web Designing,Bootstrap; CSS3; JavaScript; HTML5; React; Next.js,TypeScript; TailwindCSS; Figma; GraphQL,60.0,600000,1250000,Learn TypeScript and TailwindCSS,100
PRF_01254,Web Designing,11,Bootstrap; CSS3; Figma; TypeScript,Lead UI/UX Frontend Architect,Web Designing,Bootstrap; CSS3; Figma; TypeScript,React; Next.js; TailwindCSS; GraphQL,40.0,1650000,1450000,Learn React and Next.js,59.2
PRF_01255,Web Designing,9,HTML5; JavaScript; CSS3; React,Lead UI/UX Frontend Architect,Web Designing,HTML5; JavaScript; CSS3; React,TypeScript; Next.js; TailwindCSS; Figma; GraphQL,40.0,1450000,1300000,Learn TypeScript and Next.js,59.9
PRF_01256,Web Designing,9,HTML5; CSS3; JavaScript; Figma,Lead UI/UX Frontend Architect,Web Designing,HTML5; CSS3; JavaScript; Figma,React; TypeScript; Next.js; TailwindCSS; GraphQL,40.0,1450000,1300000,Learn React and TypeScript,59.9
PRF_01257,Web Designing,5,Bootstrap; CSS3; HTML5; TailwindCSS; TypeScript,Lead UI/UX Frontend Architect,Web Designing,Bootstrap; CSS3; HTML5; TailwindCSS; TypeScript,React; Next.js; Figma; GraphQL,50.0,900000,1350000,Learn React and Next.js,90.0
PRF_01258,Web Designing,6,CSS3; Bootstrap; JavaScript; HTML5,Lead UI/UX Frontend Architect,Web Designing,CSS3; Bootstrap; JavaScript; HTML5,React; TypeScript; Next.js; TailwindCSS; Figma; GraphQL,40.0,850000,1100000,Learn React and TypeScript,75.8
PRF_01259,Web Designing,12,HTML5; JavaScript; TailwindCSS; React; Next.js,Lead UI/UX Frontend Architect,Web Designing,HTML5; JavaScript; TailwindCSS; React; Next.js,TypeScript; Figma; GraphQL,50.0,1600000,1850000,Learn TypeScript and Figma,76.2
PRF_01260,Web Designing,11,Bootstrap; CSS3; HTML5; JavaScript; React; Figma; TailwindCSS,Lead UI/UX Frontend Architect,Web Designing,Bootstrap; CSS3; HTML5; JavaScript; React; Figma; TailwindCSS,TypeScript; Next.js; GraphQL,70.0,1650000,2500000,Learn TypeScript and Next.js,100
PRF_01261,Web Designing,9,JavaScript; HTML5; Bootstrap; CSS3; TailwindCSS; GraphQL; Next.js,Lead UI/UX Frontend Architect,Web Designing,JavaScript; HTML5; Bootstrap; CSS3; TailwindCSS; GraphQL; Next.js,React; TypeScript; Figma,70.0,1400000,2300000,Learn React and TypeScript,100
PRF_01262,Web Designing,11,JavaScript; HTML5; CSS3; React; TypeScript; GraphQL,Lead UI/UX Frontend Architect,Web Designing,JavaScript; HTML5; CSS3; React; TypeScript; GraphQL,Next.js; TailwindCSS; Figma,60.0,1600000,2150000,Learn Next.js and TailwindCSS,89.8
PRF_01263,Web Designing,11,Bootstrap; HTML5; Figma,Lead UI/UX Frontend Architect,Web Designing,Bootstrap; HTML5; Figma,React; TypeScript; Next.js; TailwindCSS; GraphQL,30.0,1550000,1050000,Learn React and TypeScript,45.1
PRF_01264,Web Designing,12,JavaScript; Bootstrap; HTML5,Lead UI/UX Frontend Architect,Web Designing,JavaScript; Bootstrap; HTML5,React; TypeScript; Next.js; TailwindCSS; Figma; GraphQL,30.0,1350000,1100000,Learn React and TypeScript,50.6
PRF_01265,Web Designing,14,CSS3; JavaScript; HTML5; Bootstrap; Next.js,Lead UI/UX Frontend Architect,Web Designing,CSS3; JavaScript; HTML5; Bootstrap; Next.js,React; TypeScript; TailwindCSS; Figma; GraphQL,50.0,1500000,2000000,Learn React and TypeScript,83.3
PRF_01266,Web Designing,1,CSS3; Bootstrap,Lead UI/UX Frontend Architect,Web Designing,CSS3; Bootstrap,React; TypeScript; Next.js; TailwindCSS; Figma; GraphQL,20.0,750000,400000,Learn React and TypeScript,33.3
PRF_01267,Web Designing,4,Bootstrap; HTML5; React,Lead UI/UX Frontend Architect,Web Designing,Bootstrap; HTML5; React,TypeScript; Next.js; TailwindCSS; Figma; GraphQL,30.0,900000,750000,Learn TypeScript and Next.js,51.3
PRF_01268,Web Designing,13,JavaScript; Bootstrap; CSS3; HTML5; GraphQL,Lead UI/UX Frontend Architect,Web Designing,JavaScript; Bootstrap; CSS3; HTML5; GraphQL,React; TypeScript; Next.js; TailwindCSS; Figma,50.0,1350000,1950000,Learn React and TypeScript,87.8
PRF_01269,Web Designing,9,CSS3; Bootstrap; JavaScript; HTML5; GraphQL; TailwindCSS,Lead UI/UX Frontend Architect,Web Designing,CSS3; Bootstrap; JavaScript; HTML5; GraphQL; TailwindCSS,React; TypeScript; Next.js; Figma,60.0,950000,1950000,Learn React and TypeScript,100
PRF_01270,Web Designing,10,CSS3; JavaScript; Bootstrap; Next.js; TailwindCSS,Lead UI/UX Frontend Architect,Web Designing,CSS3; JavaScript; Bootstrap; Next.js; TailwindCSS,React; TypeScript; Figma; GraphQL,50.0,1250000,1700000,Learn React and TypeScript,84.4
PRF_01271,Web Designing,7,HTML5; Bootstrap; JavaScript; CSS3; TypeScript; Figma,Lead UI/UX Frontend Architect,Web Designing,HTML5; Bootstrap; JavaScript; CSS3; TypeScript; Figma,React; Next.js; TailwindCSS; GraphQL,60.0,1250000,1800000,Learn React and Next.js,93.6
PRF_01272,Web Designing,10,HTML5; CSS3; Next.js,Lead UI/UX Frontend Architect,Web Designing,HTML5; CSS3; Next.js,React; TypeScript; TailwindCSS; Figma; GraphQL,30.0,1300000,1050000,Learn React and TypeScript,50.3
PRF_01273,Web Designing,6,JavaScript; CSS3,Lead UI/UX Frontend Architect,Web Designing,JavaScript; CSS3,React; TypeScript; Next.js; TailwindCSS; Figma; GraphQL,20.0,1200000,550000,Learn React and TypeScript,30.3
PRF_01274,Web Designing,3,CSS3; HTML5; JavaScript; GraphQL; Figma,Lead UI/UX Frontend Architect,Web Designing,CSS3; HTML5; JavaScript; GraphQL; Figma,React; TypeScript; Next.js; TailwindCSS,50.0,850000,1200000,Learn React and TypeScript,86.5
PRF_01275,Web Designing,1,JavaScript; CSS3,Lead UI/UX Frontend Architect,Web Designing,JavaScript; CSS3,React; TypeScript; Next.js; TailwindCSS; Figma; GraphQL,20.0,700000,400000,Learn React and TypeScript,34.9
PRF_01276,Web Designing,6,JavaScript; HTML5; Bootstrap; CSS3; Next.js; Figma; GraphQL,Lead UI/UX Frontend Architect,Web Designing,JavaScript; HTML5; Bootstrap; CSS3; Next.js; Figma; GraphQL,React; TypeScript; TailwindCSS,70.0,800000,1950000,Learn React and TypeScript,100
PRF_01277,Web Designing,6,JavaScript; Bootstrap; HTML5; TypeScript; React,Lead UI/UX Frontend Architect,Web Designing,JavaScript; Bootstrap; HTML5; TypeScript; React,Next.js; TailwindCSS; Figma; GraphQL,50.0,900000,1400000,Learn Next.js and TailwindCSS,92.2
PRF_01278,Web Designing,9,HTML5; Bootstrap; CSS3; JavaScript,Lead UI/UX Frontend Architect,Web Designing,HTML5; Bootstrap; CSS3; JavaScript,React; TypeScript; Next.js; TailwindCSS; Figma; GraphQL,40.0,1450000,1300000,Learn React and TypeScript,59.9
PRF_01279,Web Designing,14,Bootstrap; JavaScript; CSS3; HTML5,Lead UI/UX Frontend Architect,Web Designing,Bootstrap; JavaScript; CSS3; HTML5,React; TypeScript; Next.js; TailwindCSS; Figma; GraphQL,40.0,1600000,1600000,Learn React and TypeScript,64.0
PRF_01280,Web Designing,12,Bootstrap; CSS3; Figma; GraphQL,Lead UI/UX Frontend Architect,Web Designing,Bootstrap; CSS3; Figma; GraphQL,React; TypeScript; Next.js; TailwindCSS,40.0,1500000,1500000,Learn React and TypeScript,64.0
PRF_01281,Web Designing,7,HTML5; CSS3; JavaScript; Bootstrap; TypeScript; React,Lead UI/UX Frontend Architect,Web Designing,HTML5; CSS3; JavaScript; Bootstrap; TypeScript; React,Next.js; TailwindCSS; Figma; GraphQL,60.0,1050000,1800000,Learn Next.js and TailwindCSS,100
PRF_01282,Web Designing,4,Bootstrap; CSS3; HTML5; JavaScript; Figma; TailwindCSS; TypeScript,Lead UI/UX Frontend Architect,Web Designing,Bootstrap; CSS3; HTML5; JavaScript; Figma; TailwindCSS; TypeScript,React; Next.js; GraphQL,70.0,1000000,1750000,Learn React and Next.js,100
PRF_01283,Web Designing,3,JavaScript; Bootstrap,Lead UI/UX Frontend Architect,Web Designing,JavaScript; Bootstrap,React; TypeScript; Next.js; TailwindCSS; Figma; GraphQL,20.0,800000,450000,Learn React and TypeScript,34.5
PRF_01284,Web Designing,14,JavaScript; CSS3; Bootstrap,Lead UI/UX Frontend Architect,Web Designing,JavaScript; CSS3; Bootstrap,React; TypeScript; Next.js; TailwindCSS; Figma; GraphQL,30.0,1300000,1200000,Learn React and TypeScript,54.9
PRF_01285,Web Designing,7,Bootstrap; HTML5; GraphQL; TailwindCSS,Lead UI/UX Frontend Architect,Web Designing,Bootstrap; HTML5; GraphQL; TailwindCSS,React; TypeScript; Next.js; Figma,40.0,1000000,1200000,Learn React and TypeScript,72.0
PRF_01286,Web Designing,3,HTML5; CSS3; React,Lead UI/UX Frontend Architect,Web Designing,HTML5; CSS3; React,TypeScript; Next.js; TailwindCSS; Figma; GraphQL,30.0,750000,700000,Learn TypeScript and Next.js,55.3
PRF_01287,Web Designing,1,Bootstrap; HTML5; CSS3; JavaScript,Lead UI/UX Frontend Architect,Web Designing,Bootstrap; HTML5; CSS3; JavaScript,React; TypeScript; Next.js; TailwindCSS; Figma; GraphQL,40.0,550000,800000,Learn React and TypeScript,82.2
PRF_01288,Web Designing,1,CSS3; Bootstrap; Next.js,Lead UI/UX Frontend Architect,Web Designing,CSS3; Bootstrap; Next.js,React; TypeScript; TailwindCSS; Figma; GraphQL,30.0,500000,600000,Learn React and TypeScript,66.0
PRF_01289,Web Designing,12,HTML5; JavaScript; Bootstrap,Lead UI/UX Frontend Architect,Web Designing,HTML5; JavaScript; Bootstrap,React; TypeScript; Next.js; TailwindCSS; Figma; GraphQL,30.0,1250000,1100000,Learn React and TypeScript,53.2
PRF_01290,Web Designing,9,CSS3; JavaScript; HTML5; TypeScript,Lead UI/UX Frontend Architect,Web Designing,CSS3; JavaScript; HTML5; TypeScript,React; Next.js; TailwindCSS; Figma; GraphQL,40.0,1250000,1300000,Learn React and Next.js,65.6
PRF_01291,Web Designing,5,HTML5; CSS3; TailwindCSS,Lead UI/UX Frontend Architect,Web Designing,HTML5; CSS3; TailwindCSS,React; TypeScript; Next.js; Figma; GraphQL,30.0,1100000,800000,Learn React and TypeScript,47.1
PRF_01292,Web Designing,11,CSS3; HTML5; JavaScript; Bootstrap; React; Figma,Lead UI/UX Frontend Architect,Web Designing,CSS3; HTML5; JavaScript; Bootstrap; React; Figma,TypeScript; Next.js; TailwindCSS; GraphQL,60.0,1550000,2150000,Learn TypeScript and Next.js,91.5
PRF_01293,Web Designing,1,HTML5; JavaScript; Bootstrap; CSS3; Figma; React,Lead UI/UX Frontend Architect,Web Designing,HTML5; JavaScript; Bootstrap; CSS3; Figma; React,TypeScript; Next.js; TailwindCSS; GraphQL,60.0,650000,1250000,Learn TypeScript and Next.js,100
PRF_01294,Web Designing,4,JavaScript; CSS3; HTML5; Bootstrap; GraphQL,Lead UI/UX Frontend Architect,Web Designing,JavaScript; CSS3; HTML5; Bootstrap; GraphQL,React; TypeScript; Next.js; TailwindCSS; Figma,50.0,700000,1250000,Learn React and TypeScript,100
PRF_01295,Web Designing,6,HTML5; Bootstrap; JavaScript,Lead UI/UX Frontend Architect,Web Designing,HTML5; Bootstrap; JavaScript,React; TypeScript; Next.js; TailwindCSS; Figma; GraphQL,30.0,800000,850000,Learn React and TypeScript,60.5
PRF_01296,Web Designing,4,JavaScript; HTML5; React; TypeScript; Next.js,Lead UI/UX Frontend Architect,Web Designing,JavaScript; HTML5; React; TypeScript; Next.js,TailwindCSS; Figma; GraphQL,50.0,750000,1250000,Learn TailwindCSS and Figma,96.7
PRF_01297,Web Designing,2,JavaScript; CSS3; HTML5; Bootstrap; Figma,Lead UI/UX Frontend Architect,Web Designing,JavaScript; CSS3; HTML5; Bootstrap; Figma,React; TypeScript; Next.js; TailwindCSS; GraphQL,50.0,800000,1100000,Learn React and TypeScript,85.0
PRF_01298,Web Designing,8,JavaScript; CSS3; HTML5; GraphQL; Next.js,Lead UI/UX Frontend Architect,Web Designing,JavaScript; CSS3; HTML5; GraphQL; Next.js,React; TypeScript; TailwindCSS; Figma,50.0,1250000,1550000,Learn React and TypeScript,79.6
PRF_01299,Web Designing,6,Bootstrap; CSS3; JavaScript; HTML5; TailwindCSS,Lead UI/UX Frontend Architect,Web Designing,Bootstrap; CSS3; JavaScript; HTML5; TailwindCSS,React; TypeScript; Next.js; Figma; GraphQL,50.0,900000,1400000,Learn React and TypeScript,92.2
PRF_01300,Web Designing,6,Bootstrap; HTML5; React,Lead UI/UX Frontend Architect,Web Designing,Bootstrap; HTML5; React,TypeScript; Next.js; TailwindCSS; Figma; GraphQL,30.0,1150000,850000,Learn TypeScript and Next.js,47.6
PRF_01301,Web Designing,4,HTML5; JavaScript; Bootstrap; TypeScript; Figma; Next.js,Lead UI/UX Frontend Architect,Web Designing,HTML5; JavaScript; Bootstrap; TypeScript; Figma; Next.js,React; TailwindCSS; GraphQL,60.0,800000,1500000,Learn React and TailwindCSS,100
PRF_01302,Web Designing,4,Bootstrap; CSS3; HTML5,Lead UI/UX Frontend Architect,Web Designing,Bootstrap; CSS3; HTML5,React; TypeScript; Next.js; TailwindCSS; Figma; GraphQL,30.0,1050000,750000,Learn React and TypeScript,46.6
PRF_01303,Web Designing,9,HTML5; Bootstrap; TailwindCSS,Lead UI/UX Frontend Architect,Web Designing,HTML5; Bootstrap; TailwindCSS,React; TypeScript; Next.js; Figma; GraphQL,30.0,1000000,1000000,Learn React and TypeScript,58.0
PRF_01304,Web Designing,11,CSS3; HTML5; React; Figma; TypeScript,Lead UI/UX Frontend Architect,Web Designing,CSS3; HTML5; React; Figma; TypeScript,Next.js; TailwindCSS; GraphQL,50.0,1600000,1800000,Learn Next.js and TailwindCSS,75.0
PRF_01305,Web Designing,1,HTML5; CSS3,Lead UI/UX Frontend Architect,Web Designing,HTML5; CSS3,React; TypeScript; Next.js; TailwindCSS; Figma; GraphQL,20.0,600000,400000,Learn React and TypeScript,38.7
PRF_01306,Web Designing,5,CSS3; JavaScript; Bootstrap,Lead UI/UX Frontend Architect,Web Designing,CSS3; JavaScript; Bootstrap,React; TypeScript; Next.js; TailwindCSS; Figma; GraphQL,30.0,750000,800000,Learn React and TypeScript,60.7
PRF_01307,Web Designing,9,HTML5; JavaScript; CSS3; Bootstrap; React; GraphQL,Lead UI/UX Frontend Architect,Web Designing,HTML5; JavaScript; CSS3; Bootstrap; React; GraphQL,TypeScript; Next.js; TailwindCSS; Figma,60.0,1200000,1950000,Learn TypeScript and Next.js,100
PRF_01308,Web Designing,13,CSS3; JavaScript; HTML5,Lead UI/UX Frontend Architect,Web Designing,CSS3; JavaScript; HTML5,React; TypeScript; Next.js; TailwindCSS; Figma; GraphQL,30.0,1850000,1150000,Learn React and TypeScript,42.9
PRF_01309,Web Designing,12,JavaScript; CSS3; Bootstrap; HTML5; Figma,Lead UI/UX Frontend Architect,Web Designing,JavaScript; CSS3; Bootstrap; HTML5; Figma,React; TypeScript; Next.js; TailwindCSS; GraphQL,50.0,1450000,1850000,Learn React and TypeScript,81.0
PRF_01310,Web Designing,10,Bootstrap; JavaScript; HTML5; CSS3; TypeScript; Next.js,Lead UI/UX Frontend Architect,Web Designing,Bootstrap; JavaScript; HTML5; CSS3; TypeScript; Next.js,React; TailwindCSS; Figma; GraphQL,60.0,1350000,2050000,Learn React and TailwindCSS,96.7
PRF_01311,Web Designing,8,JavaScript; HTML5; Bootstrap; React; TypeScript; GraphQL,Lead UI/UX Frontend Architect,Web Designing,JavaScript; HTML5; Bootstrap; React; TypeScript; GraphQL,Next.js; TailwindCSS; Figma,60.0,1200000,1850000,Learn Next.js and TailwindCSS,97.7
PRF_01312,Web Designing,1,HTML5; Bootstrap; CSS3,Lead UI/UX Frontend Architect,Web Designing,HTML5; Bootstrap; CSS3,React; TypeScript; Next.js; TailwindCSS; Figma; GraphQL,30.0,700000,600000,Learn React and TypeScript,52.3
PRF_01313,Web Designing,2,JavaScript; CSS3; Next.js; TypeScript; GraphQL,Lead UI/UX Frontend Architect,Web Designing,JavaScript; CSS3; Next.js; TypeScript; GraphQL,React; TailwindCSS; Figma,50.0,750000,1100000,Learn React and TailwindCSS,88.7
PRF_01314,Web Designing,9,CSS3; Bootstrap; JavaScript; HTML5; Next.js,Lead UI/UX Frontend Architect,Web Designing,CSS3; Bootstrap; JavaScript; HTML5; Next.js,React; TypeScript; TailwindCSS; Figma; GraphQL,50.0,1050000,1650000,Learn React and TypeScript,92.9
PRF_01315,Web Designing,5,Bootstrap; HTML5; Next.js,Lead UI/UX Frontend Architect,Web Designing,Bootstrap; HTML5; Next.js,React; TypeScript; TailwindCSS; Figma; GraphQL,30.0,1050000,800000,Learn React and TypeScript,48.5
PRF_01316,Web Designing,3,JavaScript; CSS3; HTML5; Bootstrap; Next.js,Lead UI/UX Frontend Architect,Web Designing,JavaScript; CSS3; HTML5; Bootstrap; Next.js,React; TypeScript; TailwindCSS; Figma; GraphQL,50.0,700000,1200000,Learn React and TypeScript,98.6
PRF_01317,Web Designing,12,HTML5; CSS3; JavaScript; Bootstrap; Figma; GraphQL; Next.js,Lead UI/UX Frontend Architect,Web Designing,HTML5; CSS3; JavaScript; Bootstrap; Figma; GraphQL; Next.js,React; TypeScript; TailwindCSS,70.0,1650000,2600000,Learn React and TypeScript,100
PRF_01318,Web Designing,2,JavaScript; Bootstrap; HTML5; CSS3; React,Lead UI/UX Frontend Architect,Web Designing,JavaScript; Bootstrap; HTML5; CSS3; React,TypeScript; Next.js; TailwindCSS; Figma; GraphQL,50.0,750000,1100000,Learn TypeScript and Next.js,88.7
PRF_01319,Web Designing,9,CSS3; HTML5; JavaScript; Bootstrap; Next.js,Lead UI/UX Frontend Architect,Web Designing,CSS3; HTML5; JavaScript; Bootstrap; Next.js,React; TypeScript; TailwindCSS; Figma; GraphQL,50.0,1200000,1650000,Learn React and TypeScript,85.0
PRF_01320,Web Designing,2,JavaScript; CSS3; HTML5; GraphQL,Lead UI/UX Frontend Architect,Web Designing,JavaScript; CSS3; HTML5; GraphQL,React; TypeScript; Next.js; TailwindCSS; Figma,40.0,750000,900000,Learn React and TypeScript,72.0
PRF_01321,Web Designing,9,CSS3; JavaScript; HTML5; TypeScript; React; TailwindCSS,Lead UI/UX Frontend Architect,Web Designing,CSS3; JavaScript; HTML5; TypeScript; React; TailwindCSS,Next.js; Figma; GraphQL,60.0,1300000,1950000,Learn Next.js and Figma,96.0
PRF_01322,Web Designing,11,HTML5; JavaScript; CSS3; Bootstrap,Lead UI/UX Frontend Architect,Web Designing,HTML5; JavaScript; CSS3; Bootstrap,React; TypeScript; Next.js; TailwindCSS; Figma; GraphQL,40.0,1100000,1450000,Learn React and TypeScript,76.7
PRF_01323,Web Designing,11,HTML5; Bootstrap,Lead UI/UX Frontend Architect,Web Designing,HTML5; Bootstrap,React; TypeScript; Next.js; TailwindCSS; Figma; GraphQL,20.0,1550000,700000,Learn React and TypeScript,30.1
PRF_01324,Web Designing,5,HTML5; JavaScript; CSS3; Bootstrap; Figma; GraphQL; Next.js,Lead UI/UX Frontend Architect,Web Designing,HTML5; JavaScript; CSS3; Bootstrap; Figma; GraphQL; Next.js,React; TypeScript; TailwindCSS,70.0,950000,1850000,Learn React and TypeScript,100
PRF_01325,Web Designing,7,HTML5; CSS3; JavaScript,Lead UI/UX Frontend Architect,Web Designing,HTML5; CSS3; JavaScript,React; TypeScript; Next.js; TailwindCSS; Figma; GraphQL,30.0,1100000,900000,Learn React and TypeScript,50.7
PRF_01326,Web Designing,13,HTML5; CSS3; Bootstrap; JavaScript,Lead UI/UX Frontend Architect,Web Designing,HTML5; CSS3; Bootstrap; JavaScript,React; TypeScript; Next.js; TailwindCSS; Figma; GraphQL,40.0,1450000,1550000,Learn React and TypeScript,66.8
PRF_01327,Web Designing,4,JavaScript; Bootstrap,Lead UI/UX Frontend Architect,Web Designing,JavaScript; Bootstrap,React; TypeScript; Next.js; TailwindCSS; Figma; GraphQL,20.0,700000,500000,Learn React and TypeScript,40.6
PRF_01328,Web Designing,7,CSS3; HTML5; Figma,Lead UI/UX Frontend Architect,Web Designing,CSS3; HTML5; Figma,React; TypeScript; Next.js; TailwindCSS; GraphQL,30.0,950000,900000,Learn React and TypeScript,55.9
PRF_01329,Web Designing,13,CSS3; Bootstrap; HTML5; Figma; GraphQL; Next.js,Lead UI/UX Frontend Architect,Web Designing,CSS3; Bootstrap; HTML5; Figma; GraphQL; Next.js,React; TypeScript; TailwindCSS,60.0,1350000,2350000,Learn React and TypeScript,100
PRF_01330,Web Designing,9,CSS3; Bootstrap; JavaScript; HTML5; Figma; Next.js,Lead UI/UX Frontend Architect,Web Designing,CSS3; Bootstrap; JavaScript; HTML5; Figma; Next.js,React; TypeScript; TailwindCSS; GraphQL,60.0,1050000,1950000,Learn React and TypeScript,100
PRF_01331,Web Designing,14,JavaScript; HTML5; GraphQL; Next.js; React,Lead UI/UX Frontend Architect,Web Designing,JavaScript; HTML5; GraphQL; Next.js; React,TypeScript; TailwindCSS; Figma,50.0,1800000,2000000,Learn TypeScript and TailwindCSS,74.4
PRF_01332,Web Designing,11,JavaScript; Bootstrap; CSS3,Lead UI/UX Frontend Architect,Web Designing,JavaScript; Bootstrap; CSS3,React; TypeScript; Next.js; TailwindCSS; Figma; GraphQL,30.0,1250000,1050000,Learn React and TypeScript,51.6
PRF_01333,Web Designing,12,HTML5; Bootstrap; JavaScript; Figma; React,Lead UI/UX Frontend Architect,Web Designing,HTML5; Bootstrap; JavaScript; Figma; React,TypeScript; Next.js; TailwindCSS; GraphQL,50.0,1250000,1850000,Learn TypeScript and Next.js,89.2
PRF_01334,Web Designing,8,JavaScript; CSS3; TailwindCSS,Lead UI/UX Frontend Architect,Web Designing,JavaScript; CSS3; TailwindCSS,React; TypeScript; Next.js; Figma; GraphQL,30.0,950000,950000,Learn React and TypeScript,58.0
PRF_01335,Web Designing,14,CSS3; HTML5; Bootstrap; TailwindCSS; GraphQL; React,Lead UI/UX Frontend Architect,Web Designing,CSS3; HTML5; Bootstrap; TailwindCSS; GraphQL; React,TypeScript; Next.js; Figma,60.0,1450000,2400000,Learn TypeScript and Next.js,100
PRF_01336,Web Designing,5,JavaScript; CSS3,Lead UI/UX Frontend Architect,Web Designing,JavaScript; CSS3,React; TypeScript; Next.js; TailwindCSS; Figma; GraphQL,20.0,1150000,550000,Learn React and TypeScript,31.1
PRF_01337,Web Designing,7,CSS3; JavaScript; HTML5,Lead UI/UX Frontend Architect,Web Designing,CSS3; JavaScript; HTML5,React; TypeScript; Next.js; TailwindCSS; Figma; GraphQL,30.0,1300000,900000,Learn React and TypeScript,45.7
PRF_01338,Web Designing,7,JavaScript; Bootstrap; CSS3; HTML5; TailwindCSS; TypeScript; Next.js,Lead UI/UX Frontend Architect,Web Designing,JavaScript; Bootstrap; CSS3; HTML5; TailwindCSS; TypeScript; Next.js,React; Figma; GraphQL,70.0,1150000,2050000,Learn React and Figma,100
PRF_01339,Web Designing,5,Bootstrap; HTML5; JavaScript; CSS3; TailwindCSS,Lead UI/UX Frontend Architect,Web Designing,Bootstrap; HTML5; JavaScript; CSS3; TailwindCSS,React; TypeScript; Next.js; Figma; GraphQL,50.0,950000,1350000,Learn React and TypeScript,86.8
PRF_01340,Web Designing,1,Bootstrap; JavaScript; Next.js; TypeScript; React,Lead UI/UX Frontend Architect,Web Designing,Bootstrap; JavaScript; Next.js; TypeScript; React,TailwindCSS; Figma; GraphQL,50.0,600000,1050000,Learn TailwindCSS and Figma,100
PRF_01341,Web Designing,10,JavaScript; CSS3; GraphQL,Lead UI/UX Frontend Architect,Web Designing,JavaScript; CSS3; GraphQL,React; TypeScript; Next.js; TailwindCSS; Figma,30.0,1250000,1050000,Learn React and TypeScript,51.6
PRF_01342,Web Designing,4,JavaScript; CSS3; Figma; TailwindCSS; GraphQL,Lead UI/UX Frontend Architect,Web Designing,JavaScript; CSS3; Figma; TailwindCSS; GraphQL,React; TypeScript; Next.js,50.0,1050000,1250000,Learn React and TypeScript,77.6
PRF_01343,Web Designing,8,HTML5; CSS3; JavaScript; Bootstrap,Lead UI/UX Frontend Architect,Web Designing,HTML5; CSS3; JavaScript; Bootstrap,React; TypeScript; Next.js; TailwindCSS; Figma; GraphQL,40.0,1100000,1250000,Learn React and TypeScript,69.5
PRF_01344,Web Designing,13,HTML5; Bootstrap; JavaScript; CSS3,Lead UI/UX Frontend Architect,Web Designing,HTML5; Bootstrap; JavaScript; CSS3,React; TypeScript; Next.js; TailwindCSS; Figma; GraphQL,40.0,1200000,1550000,Learn React and TypeScript,75.7
PRF_01345,Web Designing,5,HTML5; JavaScript,Lead UI/UX Frontend Architect,Web Designing,HTML5; JavaScript,React; TypeScript; Next.js; TailwindCSS; Figma; GraphQL,20.0,1100000,550000,Learn React and TypeScript,32.0
PRF_01346,Web Designing,1,CSS3; JavaScript; Bootstrap; HTML5; Next.js,Lead UI/UX Frontend Architect,Web Designing,CSS3; JavaScript; Bootstrap; HTML5; Next.js,React; TypeScript; TailwindCSS; Figma; GraphQL,50.0,550000,1050000,Learn React and TypeScript,100
PRF_01347,Web Designing,6,JavaScript; CSS3; HTML5; Bootstrap,Lead UI/UX Frontend Architect,Web Designing,JavaScript; CSS3; HTML5; Bootstrap,React; TypeScript; Next.js; TailwindCSS; Figma; GraphQL,40.0,1050000,1100000,Learn React and TypeScript,65.9
PRF_01348,Web Designing,3,CSS3; Bootstrap; JavaScript; HTML5; TailwindCSS; Figma; GraphQL,Lead UI/UX Frontend Architect,Web Designing,CSS3; Bootstrap; JavaScript; HTML5; TailwindCSS; Figma; GraphQL,React; TypeScript; Next.js,70.0,650000,1650000,Learn React and TypeScript,100
PRF_01349,Web Designing,12,Bootstrap; JavaScript; CSS3; HTML5; Figma; Next.js,Lead UI/UX Frontend Architect,Web Designing,Bootstrap; JavaScript; CSS3; HTML5; Figma; Next.js,React; TypeScript; TailwindCSS; GraphQL,60.0,1300000,2250000,Learn React and TypeScript,100
PRF_01350,Web Designing,9,CSS3; Bootstrap; HTML5; JavaScript; GraphQL,Lead UI/UX Frontend Architect,Web Designing,CSS3; Bootstrap; HTML5; JavaScript; GraphQL,React; TypeScript; Next.js; TailwindCSS; Figma,50.0,1350000,1650000,Learn React and TypeScript,78.9
PRF_01351,Web Designing,8,HTML5; JavaScript; Bootstrap; CSS3; TypeScript; Next.js; Figma,Lead UI/UX Frontend Architect,Web Designing,HTML5; JavaScript; Bootstrap; CSS3; TypeScript; Next.js; Figma,React; TailwindCSS; GraphQL,70.0,1150000,2200000,Learn React and TailwindCSS,100
PRF_01352,Web Designing,10,Bootstrap; HTML5; CSS3; Next.js,Lead UI/UX Frontend Architect,Web Designing,Bootstrap; HTML5; CSS3; Next.js,React; TypeScript; TailwindCSS; Figma; GraphQL,40.0,1250000,1350000,Learn React and TypeScript,67.2
PRF_01353,Web Designing,14,Bootstrap; CSS3; Figma; TailwindCSS; TypeScript,Lead UI/UX Frontend Architect,Web Designing,Bootstrap; CSS3; Figma; TailwindCSS; TypeScript,React; Next.js; GraphQL,50.0,1600000,2000000,Learn React and Next.js,80.0
PRF_01354,Web Designing,14,JavaScript; Bootstrap; HTML5; CSS3; TypeScript; TailwindCSS,Lead UI/UX Frontend Architect,Web Designing,JavaScript; Bootstrap; HTML5; CSS3; TypeScript; TailwindCSS,React; Next.js; Figma; GraphQL,60.0,1350000,2400000,Learn React and Next.js,100
PRF_01355,Web Designing,6,CSS3; JavaScript; HTML5; Bootstrap; Next.js,Lead UI/UX Frontend Architect,Web Designing,CSS3; JavaScript; HTML5; Bootstrap; Next.js,React; TypeScript; TailwindCSS; Figma; GraphQL,50.0,1150000,1400000,Learn React and TypeScript,78.7
PRF_01356,Web Designing,4,Bootstrap; HTML5; CSS3; JavaScript; TailwindCSS; React; Next.js,Lead UI/UX Frontend Architect,Web Designing,Bootstrap; HTML5; CSS3; JavaScript; TailwindCSS; React; Next.js,TypeScript; Figma; GraphQL,70.0,1050000,1750000,Learn TypeScript and Figma,100
PRF_01357,Web Designing,7,CSS3; JavaScript,Lead UI/UX Frontend Architect,Web Designing,CSS3; JavaScript,React; TypeScript; Next.js; TailwindCSS; Figma; GraphQL,20.0,1200000,600000,Learn React and TypeScript,32.0
PRF_01358,Web Designing,5,HTML5; Bootstrap; JavaScript; CSS3; TypeScript; GraphQL; Figma,Lead UI/UX Frontend Architect,Web Designing,HTML5; Bootstrap; JavaScript; CSS3; TypeScript; GraphQL; Figma,React; Next.js; TailwindCSS,70.0,1100000,1850000,Learn React and Next.js,100
PRF_01359,Web Designing,14,HTML5; CSS3; Bootstrap; JavaScript; Figma; Next.js; React,Lead UI/UX Frontend Architect,Web Designing,HTML5; CSS3; Bootstrap; JavaScript; Figma; Next.js; React,TypeScript; TailwindCSS; GraphQL,70.0,1900000,2800000,Learn TypeScript and TailwindCSS,100
PRF_01360,Web Designing,2,CSS3; Bootstrap; TypeScript; Figma,Lead UI/UX Frontend Architect,Web Designing,CSS3; Bootstrap; TypeScript; Figma,React; Next.js; TailwindCSS; GraphQL,40.0,750000,900000,Learn React and Next.js,72.0
PRF_01361,Web Designing,13,CSS3; HTML5; Bootstrap; JavaScript; GraphQL; TailwindCSS,Lead UI/UX Frontend Architect,Web Designing,CSS3; HTML5; Bootstrap; JavaScript; GraphQL; TailwindCSS,React; TypeScript; Next.js; Figma,60.0,1750000,2350000,Learn React and TypeScript,89.7
PRF_01362,Web Designing,5,CSS3; Bootstrap; JavaScript; TypeScript; GraphQL,Lead UI/UX Frontend Architect,Web Designing,CSS3; Bootstrap; JavaScript; TypeScript; GraphQL,React; Next.js; TailwindCSS; Figma,50.0,950000,1350000,Learn React and Next.js,86.8
PRF_01363,Web Designing,8,HTML5; CSS3; Figma,Lead UI/UX Frontend Architect,Web Designing,HTML5; CSS3; Figma,React; TypeScript; Next.js; TailwindCSS; GraphQL,30.0,1000000,950000,Learn React and TypeScript,56.0
PRF_01364,Web Designing,6,HTML5; Bootstrap; React; Figma,Lead UI/UX Frontend Architect,Web Designing,HTML5; Bootstrap; React; Figma,TypeScript; Next.js; TailwindCSS; GraphQL,40.0,900000,1100000,Learn TypeScript and Next.js,72.9
PRF_01365,Web Designing,9,Bootstrap; JavaScript; HTML5; Figma,Lead UI/UX Frontend Architect,Web Designing,Bootstrap; JavaScript; HTML5; Figma,React; TypeScript; Next.js; TailwindCSS; GraphQL,40.0,1150000,1300000,Learn React and TypeScript,69.2
PRF_01366,Web Designing,1,JavaScript; CSS3; TypeScript,Lead UI/UX Frontend Architect,Web Designing,JavaScript; CSS3; TypeScript,React; Next.js; TailwindCSS; Figma; GraphQL,30.0,650000,600000,Learn React and Next.js,54.9
PRF_01367,Web Designing,6,HTML5; JavaScript; Bootstrap; CSS3,Lead UI/UX Frontend Architect,Web Designing,HTML5; JavaScript; Bootstrap; CSS3,React; TypeScript; Next.js; TailwindCSS; Figma; GraphQL,40.0,1050000,1100000,Learn React and TypeScript,65.9
PRF_01368,Web Designing,7,CSS3; HTML5; Bootstrap; Next.js,Lead UI/UX Frontend Architect,Web Designing,CSS3; HTML5; Bootstrap; Next.js,React; TypeScript; TailwindCSS; Figma; GraphQL,40.0,1150000,1200000,Learn React and TypeScript,65.7
PRF_01369,Web Designing,9,Bootstrap; JavaScript; CSS3; Next.js,Lead UI/UX Frontend Architect,Web Designing,Bootstrap; JavaScript; CSS3; Next.js,React; TypeScript; TailwindCSS; Figma; GraphQL,40.0,1200000,1300000,Learn React and TypeScript,67.3
PRF_01370,Web Designing,9,HTML5; JavaScript; Bootstrap; React; GraphQL; Next.js,Lead UI/UX Frontend Architect,Web Designing,HTML5; JavaScript; Bootstrap; React; GraphQL; Next.js,TypeScript; TailwindCSS; Figma,60.0,1300000,1950000,Learn TypeScript and TailwindCSS,96.0
PRF_01371,Web Designing,3,JavaScript; HTML5; CSS3; GraphQL; React; Next.js,Lead UI/UX Frontend Architect,Web Designing,JavaScript; HTML5; CSS3; GraphQL; React; Next.js,TypeScript; TailwindCSS; Figma,60.0,800000,1400000,Learn TypeScript and TailwindCSS,100
PRF_01372,Web Designing,6,CSS3; JavaScript; HTML5,Lead UI/UX Frontend Architect,Web Designing,CSS3; JavaScript; HTML5,React; TypeScript; Next.js; TailwindCSS; Figma; GraphQL,30.0,950000,850000,Learn React and TypeScript,53.8
PRF_01373,Web Designing,1,JavaScript; CSS3; Bootstrap; TypeScript; Figma; GraphQL,Lead UI/UX Frontend Architect,Web Designing,JavaScript; CSS3; Bootstrap; TypeScript; Figma; GraphQL,React; Next.js; TailwindCSS,60.0,550000,1250000,Learn React and Next.js,100
PRF_01374,Web Designing,6,CSS3; HTML5; JavaScript; Figma,Lead UI/UX Frontend Architect,Web Designing,CSS3; HTML5; JavaScript; Figma,React; TypeScript; Next.js; TailwindCSS; GraphQL,40.0,1050000,1100000,Learn React and TypeScript,65.9
PRF_01375,Web Designing,14,HTML5; JavaScript; TypeScript; GraphQL,Lead UI/UX Frontend Architect,Web Designing,HTML5; JavaScript; TypeScript; GraphQL,React; Next.js; TailwindCSS; Figma,40.0,1850000,1600000,Learn React and Next.js,58.6
PRF_01376,Web Designing,14,HTML5; CSS3,Lead UI/UX Frontend Architect,Web Designing,HTML5; CSS3,React; TypeScript; Next.js; TailwindCSS; Figma; GraphQL,20.0,1500000,800000,Learn React and TypeScript,33.3
PRF_01377,Web Designing,7,JavaScript; HTML5; Bootstrap; CSS3; React,Lead UI/UX Frontend Architect,Web Designing,JavaScript; HTML5; Bootstrap; CSS3; React,TypeScript; Next.js; TailwindCSS; Figma; GraphQL,50.0,1100000,1500000,Learn TypeScript and Next.js,84.5
PRF_01378,Web Designing,7,Bootstrap; CSS3; HTML5; Next.js; Figma; GraphQL,Lead UI/UX Frontend Architect,Web Designing,Bootstrap; CSS3; HTML5; Next.js; Figma; GraphQL,React; TypeScript; TailwindCSS,60.0,1250000,1800000,Learn React and TypeScript,93.6
PRF_01379,Web Designing,14,CSS3; Bootstrap; HTML5,Lead UI/UX Frontend Architect,Web Designing,CSS3; Bootstrap; HTML5,React; TypeScript; Next.js; TailwindCSS; Figma; GraphQL,30.0,1400000,1200000,Learn React and TypeScript,52.3
PRF_01380,Web Designing,4,Bootstrap; HTML5; JavaScript; React; GraphQL,Lead UI/UX Frontend Architect,Web Designing,Bootstrap; HTML5; JavaScript; React; GraphQL,TypeScript; Next.js; TailwindCSS; Figma,50.0,1000000,1250000,Learn TypeScript and Next.js,80.0
PRF_01381,Web Designing,7,JavaScript; Bootstrap; Next.js; React,Lead UI/UX Frontend Architect,Web Designing,JavaScript; Bootstrap; Next.js; React,TypeScript; TailwindCSS; Figma; GraphQL,40.0,900000,1200000,Learn TypeScript and TailwindCSS,77.3
PRF_01382,Web Designing,9,JavaScript; Bootstrap; React,Lead UI/UX Frontend Architect,Web Designing,JavaScript; Bootstrap; React,TypeScript; Next.js; TailwindCSS; Figma; GraphQL,30.0,1150000,1000000,Learn TypeScript and Next.js,52.8
PRF_01383,Web Designing,13,CSS3; Bootstrap; HTML5,Lead UI/UX Frontend Architect,Web Designing,CSS3; Bootstrap; HTML5,React; TypeScript; Next.js; TailwindCSS; Figma; GraphQL,30.0,1550000,1150000,Learn React and TypeScript,47.7
PRF_01384,Web Designing,7,JavaScript; Bootstrap; HTML5; React; GraphQL,Lead UI/UX Frontend Architect,Web Designing,JavaScript; Bootstrap; HTML5; React; GraphQL,TypeScript; Next.js; TailwindCSS; Figma,50.0,1000000,1500000,Learn TypeScript and Next.js,90.0
PRF_01385,Web Designing,8,CSS3; HTML5; Bootstrap,Lead UI/UX Frontend Architect,Web Designing,CSS3; HTML5; Bootstrap,React; TypeScript; Next.js; TailwindCSS; Figma; GraphQL,30.0,1050000,950000,Learn React and TypeScript,54.2
PRF_01386,Web Designing,8,Bootstrap; HTML5; CSS3; Figma; React; TypeScript,Lead UI/UX Frontend Architect,Web Designing,Bootstrap; HTML5; CSS3; Figma; React; TypeScript,Next.js; TailwindCSS; GraphQL,60.0,950000,1850000,Learn Next.js and TailwindCSS,100
PRF_01387,Web Designing,5,JavaScript; HTML5; Bootstrap; GraphQL; TypeScript; Figma,Lead UI/UX Frontend Architect,Web Designing,JavaScript; HTML5; Bootstrap; GraphQL; TypeScript; Figma,React; Next.js; TailwindCSS,60.0,950000,1600000,Learn React and Next.js,100
PRF_01388,Web Designing,10,JavaScript; HTML5; Bootstrap; TailwindCSS; TypeScript,Lead UI/UX Frontend Architect,Web Designing,JavaScript; HTML5; Bootstrap; TailwindCSS; TypeScript,React; Next.js; Figma; GraphQL,50.0,1550000,1700000,Learn React and Next.js,73.9
PRF_01389,Web Designing,4,JavaScript; Bootstrap; GraphQL; Next.js; Figma,Lead UI/UX Frontend Architect,Web Designing,JavaScript; Bootstrap; GraphQL; Next.js; Figma,React; TypeScript; TailwindCSS,50.0,1050000,1250000,Learn React and TypeScript,77.6
PRF_01390,Web Designing,6,Bootstrap; JavaScript; CSS3; HTML5; Figma,Lead UI/UX Frontend Architect,Web Designing,Bootstrap; JavaScript; CSS3; HTML5; Figma,React; TypeScript; Next.js; TailwindCSS; GraphQL,50.0,1050000,1400000,Learn React and TypeScript,83.3
PRF_01391,Web Designing,3,Bootstrap; CSS3; JavaScript; HTML5; GraphQL; TailwindCSS,Lead UI/UX Frontend Architect,Web Designing,Bootstrap; CSS3; JavaScript; HTML5; GraphQL; TailwindCSS,React; TypeScript; Next.js; Figma,60.0,850000,1400000,Learn React and TypeScript,100
PRF_01392,Web Designing,3,CSS3; JavaScript; Next.js,Lead UI/UX Frontend Architect,Web Designing,CSS3; JavaScript; Next.js,React; TypeScript; TailwindCSS; Figma; GraphQL,30.0,650000,700000,Learn React and TypeScript,61.1
PRF_01393,Web Designing,9,Bootstrap; JavaScript; CSS3; TailwindCSS; GraphQL,Lead UI/UX Frontend Architect,Web Designing,Bootstrap; JavaScript; CSS3; TailwindCSS; GraphQL,React; TypeScript; Next.js; Figma,50.0,1200000,1650000,Learn React and TypeScript,85.0
PRF_01394,Web Designing,11,JavaScript; Bootstrap; React; TailwindCSS,Lead UI/UX Frontend Architect,Web Designing,JavaScript; Bootstrap; React; TailwindCSS,TypeScript; Next.js; Figma; GraphQL,40.0,1100000,1450000,Learn TypeScript and Next.js,76.7
PRF_01395,Web Designing,5,Bootstrap; JavaScript; CSS3,Lead UI/UX Frontend Architect,Web Designing,Bootstrap; JavaScript; CSS3,React; TypeScript; Next.js; TailwindCSS; Figma; GraphQL,30.0,1000000,800000,Learn React and TypeScript,50.0
PRF_01396,Web Designing,12,HTML5; CSS3; JavaScript; Bootstrap,Lead UI/UX Frontend Architect,Web Designing,HTML5; CSS3; JavaScript; Bootstrap,React; TypeScript; Next.js; TailwindCSS; Figma; GraphQL,40.0,1350000,1500000,Learn React and TypeScript,68.4
PRF_01397,Web Designing,3,CSS3; Bootstrap,Lead UI/UX Frontend Architect,Web Designing,CSS3; Bootstrap,React; TypeScript; Next.js; TailwindCSS; Figma; GraphQL,20.0,950000,450000,Learn React and TypeScript,30.9
PRF_01398,Web Designing,4,Bootstrap; HTML5; CSS3; Figma; Next.js; GraphQL,Lead UI/UX Frontend Architect,Web Designing,Bootstrap; HTML5; CSS3; Figma; Next.js; GraphQL,React; TypeScript; TailwindCSS,60.0,900000,1500000,Learn React and TypeScript,100
PRF_01399,Web Designing,7,HTML5; Bootstrap; JavaScript; GraphQL; Figma,Lead UI/UX Frontend Architect,Web Designing,HTML5; Bootstrap; JavaScript; GraphQL; Figma,React; TypeScript; Next.js; TailwindCSS,50.0,1150000,1500000,Learn React and TypeScript,82.2
PRF_01400,Web Designing,13,CSS3; JavaScript; Bootstrap; HTML5,Lead UI/UX Frontend Architect,Web Designing,CSS3; JavaScript; Bootstrap; HTML5,React; TypeScript; Next.js; TailwindCSS; Figma; GraphQL,40.0,1600000,1550000,Learn React and TypeScript,62.8
PRF_01401,Web Designing,10,CSS3; HTML5; JavaScript; Bootstrap; Next.js,Lead UI/UX Frontend Architect,Web Designing,CSS3; HTML5; JavaScript; Bootstrap; Next.js,React; TypeScript; TailwindCSS; Figma; GraphQL,50.0,1200000,1700000,Learn React and TypeScript,86.7
PRF_01402,Web Designing,8,CSS3; Bootstrap; JavaScript; Next.js; Figma,Lead UI/UX Frontend Architect,Web Designing,CSS3; Bootstrap; JavaScript; Next.js; Figma,React; TypeScript; TailwindCSS; GraphQL,50.0,1300000,1550000,Learn React and TypeScript,77.7
PRF_01403,Web Designing,10,HTML5; CSS3; JavaScript; Bootstrap; TailwindCSS; Next.js; TypeScript,Lead UI/UX Frontend Architect,Web Designing,HTML5; CSS3; JavaScript; Bootstrap; TailwindCSS; Next.js; TypeScript,React; Figma; GraphQL,70.0,1150000,2400000,Learn React and Figma,100
PRF_01404,Web Designing,3,Bootstrap; HTML5; React,Lead UI/UX Frontend Architect,Web Designing,Bootstrap; HTML5; React,TypeScript; Next.js; TailwindCSS; Figma; GraphQL,30.0,750000,700000,Learn TypeScript and Next.js,55.3
PRF_01405,Web Designing,4,CSS3; HTML5; JavaScript; Figma; TailwindCSS,Lead UI/UX Frontend Architect,Web Designing,CSS3; HTML5; JavaScript; Figma; TailwindCSS,React; TypeScript; Next.js; GraphQL,50.0,750000,1250000,Learn React and TypeScript,96.7
PRF_01406,Web Designing,2,CSS3; HTML5; JavaScript; TailwindCSS; Next.js; React,Lead UI/UX Frontend Architect,Web Designing,CSS3; HTML5; JavaScript; TailwindCSS; Next.js; React,TypeScript; Figma; GraphQL,60.0,750000,1300000,Learn TypeScript and Figma,100
PRF_01407,Web Designing,14,JavaScript; CSS3; GraphQL; Figma,Lead UI/UX Frontend Architect,Web Designing,JavaScript; CSS3; GraphQL; Figma,React; TypeScript; Next.js; TailwindCSS,40.0,1200000,1600000,Learn React and TypeScript,77.3
PRF_01408,Web Designing,8,CSS3; JavaScript; Next.js; TailwindCSS,Lead UI/UX Frontend Architect,Web Designing,CSS3; JavaScript; Next.js; TailwindCSS,React; TypeScript; Figma; GraphQL,40.0,1150000,1250000,Learn React and TypeScript,67.5
PRF_01409,Web Designing,6,Bootstrap; HTML5; CSS3; JavaScript; Figma; Next.js,Lead UI/UX Frontend Architect,Web Designing,Bootstrap; HTML5; CSS3; JavaScript; Figma; Next.js,React; TypeScript; TailwindCSS; GraphQL,60.0,1150000,1700000,Learn React and TypeScript,95.1
PRF_01410,Web Designing,4,CSS3; JavaScript; HTML5; Bootstrap; Next.js; Figma,Lead UI/UX Frontend Architect,Web Designing,CSS3; JavaScript; HTML5; Bootstrap; Next.js; Figma,React; TypeScript; TailwindCSS; GraphQL,60.0,950000,1500000,Learn React and TypeScript,99.2
PRF_01411,Web Designing,2,JavaScript; Bootstrap; HTML5; CSS3; GraphQL,Lead UI/UX Frontend Architect,Web Designing,JavaScript; Bootstrap; HTML5; CSS3; GraphQL,React; TypeScript; Next.js; TailwindCSS; Figma,50.0,750000,1100000,Learn React and TypeScript,88.7
PRF_01412,Web Designing,11,Bootstrap; CSS3; HTML5; JavaScript; React; GraphQL; TailwindCSS,Lead UI/UX Frontend Architect,Web Designing,Bootstrap; CSS3; HTML5; JavaScript; React; GraphQL; TailwindCSS,TypeScript; Next.js; Figma,70.0,1500000,2500000,Learn TypeScript and Next.js,100
PRF_01413,Web Designing,11,HTML5; CSS3; Bootstrap; TypeScript,Lead UI/UX Frontend Architect,Web Designing,HTML5; CSS3; Bootstrap; TypeScript,React; Next.js; TailwindCSS; Figma; GraphQL,40.0,1150000,1450000,Learn React and Next.js,74.4
PRF_01414,Web Designing,12,Bootstrap; HTML5; JavaScript; CSS3; GraphQL; React,Lead UI/UX Frontend Architect,Web Designing,Bootstrap; HTML5; JavaScript; CSS3; GraphQL; React,TypeScript; Next.js; TailwindCSS; Figma,60.0,1600000,2250000,Learn TypeScript and Next.js,92.2
PRF_01415,Web Designing,13,Bootstrap; CSS3; HTML5; TailwindCSS; React; TypeScript,Lead UI/UX Frontend Architect,Web Designing,Bootstrap; CSS3; HTML5; TailwindCSS; React; TypeScript,Next.js; Figma; GraphQL,60.0,1550000,2350000,Learn Next.js and Figma,96.6
PRF_01416,Web Designing,9,JavaScript; Bootstrap; HTML5; CSS3; TypeScript; Next.js,Lead UI/UX Frontend Architect,Web Designing,JavaScript; Bootstrap; HTML5; CSS3; TypeScript; Next.js,React; TailwindCSS; Figma; GraphQL,60.0,950000,1950000,Learn React and TailwindCSS,100
PRF_01417,Web Designing,14,CSS3; Bootstrap; React,Lead UI/UX Frontend Architect,Web Designing,CSS3; Bootstrap; React,TypeScript; Next.js; TailwindCSS; Figma; GraphQL,30.0,1500000,1200000,Learn TypeScript and Next.js,50.0
PRF_01418,Web Designing,3,CSS3; Bootstrap; React; TailwindCSS; Next.js,Lead UI/UX Frontend Architect,Web Designing,CSS3; Bootstrap; React; TailwindCSS; Next.js,TypeScript; Figma; GraphQL,50.0,950000,1200000,Learn TypeScript and Figma,80.5
PRF_01419,Web Designing,13,CSS3; JavaScript; Next.js; GraphQL,Lead UI/UX Frontend Architect,Web Designing,CSS3; JavaScript; Next.js; GraphQL,React; TypeScript; TailwindCSS; Figma,40.0,1250000,1550000,Learn React and TypeScript,73.6
PRF_01420,Web Designing,10,HTML5; CSS3; Bootstrap; JavaScript; Figma; React,Lead UI/UX Frontend Architect,Web Designing,HTML5; CSS3; Bootstrap; JavaScript; Figma; React,TypeScript; Next.js; TailwindCSS; GraphQL,60.0,1350000,2050000,Learn TypeScript and Next.js,96.7
PRF_01421,Web Designing,11,HTML5; JavaScript; React; TailwindCSS,Lead UI/UX Frontend Architect,Web Designing,HTML5; JavaScript; React; TailwindCSS,TypeScript; Next.js; Figma; GraphQL,40.0,1350000,1450000,Learn TypeScript and Next.js,67.0
PRF_01422,Web Designing,1,CSS3; JavaScript; HTML5; Next.js; React,Lead UI/UX Frontend Architect,Web Designing,CSS3; JavaScript; HTML5; Next.js; React,TypeScript; TailwindCSS; Figma; GraphQL,50.0,500000,1050000,Learn TypeScript and TailwindCSS,100
PRF_01423,Web Designing,14,Bootstrap; HTML5,Lead UI/UX Frontend Architect,Web Designing,Bootstrap; HTML5,React; TypeScript; Next.js; TailwindCSS; Figma; GraphQL,20.0,1600000,800000,Learn React and TypeScript,32.0
PRF_01424,Web Designing,9,CSS3; Bootstrap; Next.js; TailwindCSS; GraphQL,Lead UI/UX Frontend Architect,Web Designing,CSS3; Bootstrap; Next.js; TailwindCSS; GraphQL,React; TypeScript; Figma,50.0,1300000,1650000,Learn React and TypeScript,80.8
PRF_01425,Web Designing,5,JavaScript; Bootstrap; HTML5; CSS3; GraphQL,Lead UI/UX Frontend Architect,Web Designing,JavaScript; Bootstrap; HTML5; CSS3; GraphQL,React; TypeScript; Next.js; TailwindCSS; Figma,50.0,1050000,1350000,Learn React and TypeScript,81.4
PRF_01426,Web Designing,14,Bootstrap; JavaScript; HTML5; TypeScript,Lead UI/UX Frontend Architect,Web Designing,Bootstrap; JavaScript; HTML5; TypeScript,React; Next.js; TailwindCSS; Figma; GraphQL,40.0,1400000,1600000,Learn React and Next.js,69.7
PRF_01427,Web Designing,8,CSS3; Bootstrap; GraphQL; TypeScript; TailwindCSS,Lead UI/UX Frontend Architect,Web Designing,CSS3; Bootstrap; GraphQL; TypeScript; TailwindCSS,React; Next.js; Figma,50.0,900000,1550000,Learn React and Next.js,98.9
PRF_01428,Web Designing,9,HTML5; Bootstrap; JavaScript; CSS3; Figma; React,Lead UI/UX Frontend Architect,Web Designing,HTML5; Bootstrap; JavaScript; CSS3; Figma; React,TypeScript; Next.js; TailwindCSS; GraphQL,60.0,1400000,1950000,Learn TypeScript and Next.js,91.7
PRF_01429,Web Designing,8,Bootstrap; JavaScript; Next.js,Lead UI/UX Frontend Architect,Web Designing,Bootstrap; JavaScript; Next.js,React; TypeScript; TailwindCSS; Figma; GraphQL,30.0,1250000,950000,Learn React and TypeScript,48.4
PRF_01430,Web Designing,9,HTML5; CSS3; JavaScript; Bootstrap,Lead UI/UX Frontend Architect,Web Designing,HTML5; CSS3; JavaScript; Bootstrap,React; TypeScript; Next.js; TailwindCSS; Figma; GraphQL,40.0,1000000,1300000,Learn React and TypeScript,76.0
PRF_01431,Web Designing,7,JavaScript; Bootstrap; CSS3; HTML5; GraphQL; Figma,Lead UI/UX Frontend Architect,Web Designing,JavaScript; Bootstrap; CSS3; HTML5; GraphQL; Figma,React; TypeScript; Next.js; TailwindCSS,60.0,1100000,1800000,Learn React and TypeScript,100
PRF_01432,Web Designing,14,HTML5; JavaScript; CSS3; Figma; TailwindCSS,Lead UI/UX Frontend Architect,Web Designing,HTML5; JavaScript; CSS3; Figma; TailwindCSS,React; TypeScript; Next.js; GraphQL,50.0,1450000,2000000,Learn React and TypeScript,85.2
PRF_01433,Web Designing,6,HTML5; Bootstrap; JavaScript; CSS3; TypeScript; Next.js; React,Lead UI/UX Frontend Architect,Web Designing,HTML5; Bootstrap; JavaScript; CSS3; TypeScript; Next.js; React,TailwindCSS; Figma; GraphQL,70.0,1200000,1950000,Learn TailwindCSS and Figma,100
PRF_01434,Web Designing,6,CSS3; Bootstrap; JavaScript; HTML5,Lead UI/UX Frontend Architect,Web Designing,CSS3; Bootstrap; JavaScript; HTML5,React; TypeScript; Next.js; TailwindCSS; Figma; GraphQL,40.0,1200000,1100000,Learn React and TypeScript,60.7
PRF_01435,Web Designing,9,Bootstrap; JavaScript; HTML5; CSS3,Lead UI/UX Frontend Architect,Web Designing,Bootstrap; JavaScript; HTML5; CSS3,React; TypeScript; Next.js; TailwindCSS; Figma; GraphQL,40.0,1250000,1300000,Learn React and TypeScript,65.6
PRF_01436,Web Designing,8,Bootstrap; HTML5; Figma,Lead UI/UX Frontend Architect,Web Designing,Bootstrap; HTML5; Figma,React; TypeScript; Next.js; TailwindCSS; GraphQL,30.0,900000,950000,Learn React and TypeScript,60.2
PRF_01437,Web Designing,12,HTML5; JavaScript; Bootstrap; CSS3; TypeScript,Lead UI/UX Frontend Architect,Web Designing,HTML5; JavaScript; Bootstrap; CSS3; TypeScript,React; Next.js; TailwindCSS; Figma; GraphQL,50.0,1400000,1850000,Learn React and Next.js,82.9
PRF_01438,Web Designing,1,HTML5; Bootstrap; JavaScript; CSS3; TailwindCSS,Lead UI/UX Frontend Architect,Web Designing,HTML5; Bootstrap; JavaScript; CSS3; TailwindCSS,React; TypeScript; Next.js; Figma; GraphQL,50.0,650000,1050000,Learn React and TypeScript,94.6
PRF_01439,Web Designing,14,JavaScript; CSS3; React; Figma; Next.js,Lead UI/UX Frontend Architect,Web Designing,JavaScript; CSS3; React; Figma; Next.js,TypeScript; TailwindCSS; GraphQL,50.0,1650000,2000000,Learn TypeScript and TailwindCSS,78.5
PRF_01440,Web Designing,11,JavaScript; CSS3; HTML5,Lead UI/UX Frontend Architect,Web Designing,JavaScript; CSS3; HTML5,React; TypeScript; Next.js; TailwindCSS; Figma; GraphQL,30.0,1500000,1050000,Learn React and TypeScript,46.0
PRF_01441,Web Designing,1,HTML5; JavaScript; CSS3,Lead UI/UX Frontend Architect,Web Designing,HTML5; JavaScript; CSS3,React; TypeScript; Next.js; TailwindCSS; Figma; GraphQL,30.0,550000,600000,Learn React and TypeScript,61.6
PRF_01442,Web Designing,8,CSS3; JavaScript; Bootstrap; TailwindCSS; TypeScript; Figma,Lead UI/UX Frontend Architect,Web Designing,CSS3; JavaScript; Bootstrap; TailwindCSS; TypeScript; Figma,React; Next.js; GraphQL,60.0,1250000,1850000,Learn React and Next.js,95.2
PRF_01443,Web Designing,5,Bootstrap; JavaScript; CSS3; Figma,Lead UI/UX Frontend Architect,Web Designing,Bootstrap; JavaScript; CSS3; Figma,React; TypeScript; Next.js; TailwindCSS; GraphQL,40.0,800000,1050000,Learn React and TypeScript,76.5
PRF_01444,Web Designing,8,CSS3; JavaScript; Bootstrap; HTML5; React; Next.js,Lead UI/UX Frontend Architect,Web Designing,CSS3; JavaScript; Bootstrap; HTML5; React; Next.js,TypeScript; TailwindCSS; Figma; GraphQL,60.0,1100000,1850000,Learn TypeScript and TailwindCSS,100
PRF_01445,Web Designing,4,Bootstrap; HTML5; JavaScript; Next.js; TypeScript,Lead UI/UX Frontend Architect,Web Designing,Bootstrap; HTML5; JavaScript; Next.js; TypeScript,React; TailwindCSS; Figma; GraphQL,50.0,900000,1250000,Learn React and TailwindCSS,85.6
PRF_01446,Web Designing,12,HTML5; Bootstrap; JavaScript; CSS3; React; Next.js; GraphQL,Lead UI/UX Frontend Architect,Web Designing,HTML5; Bootstrap; JavaScript; CSS3; React; Next.js; GraphQL,TypeScript; TailwindCSS; Figma,70.0,1200000,2600000,Learn TypeScript and TailwindCSS,100
PRF_01447,Web Designing,14,HTML5; CSS3; JavaScript; GraphQL; React,Lead UI/UX Frontend Architect,Web Designing,HTML5; CSS3; JavaScript; GraphQL; React,TypeScript; Next.js; TailwindCSS; Figma,50.0,1300000,2000000,Learn TypeScript and Next.js,91.5
PRF_01448,Web Designing,6,Bootstrap; CSS3; HTML5; Figma; Next.js; React,Lead UI/UX Frontend Architect,Web Designing,Bootstrap; CSS3; HTML5; Figma; Next.js; React,TypeScript; TailwindCSS; GraphQL,60.0,1150000,1700000,Learn TypeScript and TailwindCSS,95.1
PRF_01449,Web Designing,6,Bootstrap; JavaScript; CSS3; TypeScript,Lead UI/UX Frontend Architect,Web Designing,Bootstrap; JavaScript; CSS3; TypeScript,React; Next.js; TailwindCSS; Figma; GraphQL,40.0,1100000,1100000,Learn React and Next.js,64.0
PRF_01450,Web Designing,7,CSS3; JavaScript; TailwindCSS,Lead UI/UX Frontend Architect,Web Designing,CSS3; JavaScript; TailwindCSS,React; TypeScript; Next.js; Figma; GraphQL,30.0,1000000,900000,Learn React and TypeScript,54.0
PRF_01451,Web Designing,14,CSS3; Bootstrap; JavaScript; GraphQL; TypeScript,Lead UI/UX Frontend Architect,Web Designing,CSS3; Bootstrap; JavaScript; GraphQL; TypeScript,React; Next.js; TailwindCSS; Figma,50.0,1550000,2000000,Learn React and Next.js,81.6
PRF_01452,Web Designing,8,JavaScript; CSS3; HTML5,Lead UI/UX Frontend Architect,Web Designing,JavaScript; CSS3; HTML5,React; TypeScript; Next.js; TailwindCSS; Figma; GraphQL,30.0,1050000,950000,Learn React and TypeScript,54.2
PRF_01453,Web Designing,6,JavaScript; Bootstrap; Figma; Next.js; TailwindCSS,Lead UI/UX Frontend Architect,Web Designing,JavaScript; Bootstrap; Figma; Next.js; TailwindCSS,React; TypeScript; GraphQL,50.0,1100000,1400000,Learn React and TypeScript,80.9
PRF_01454,Web Designing,7,JavaScript; Bootstrap; HTML5; React; TailwindCSS,Lead UI/UX Frontend Architect,Web Designing,JavaScript; Bootstrap; HTML5; React; TailwindCSS,TypeScript; Next.js; Figma; GraphQL,50.0,1150000,1500000,Learn TypeScript and Next.js,82.2
PRF_01455,Web Designing,6,JavaScript; HTML5; Bootstrap; CSS3; TypeScript; Next.js; GraphQL,Lead UI/UX Frontend Architect,Web Designing,JavaScript; HTML5; Bootstrap; CSS3; TypeScript; Next.js; GraphQL,React; TailwindCSS; Figma,70.0,1150000,1950000,Learn React and TailwindCSS,100
PRF_01456,Web Designing,9,HTML5; CSS3; JavaScript; Next.js; TypeScript,Lead UI/UX Frontend Architect,Web Designing,HTML5; CSS3; JavaScript; Next.js; TypeScript,React; TailwindCSS; Figma; GraphQL,50.0,1300000,1650000,Learn React and TailwindCSS,80.8
PRF_01457,Web Designing,5,Bootstrap; JavaScript; CSS3; HTML5; TailwindCSS; Figma,Lead UI/UX Frontend Architect,Web Designing,Bootstrap; JavaScript; CSS3; HTML5; TailwindCSS; Figma,React; TypeScript; Next.js; GraphQL,60.0,850000,1600000,Learn React and TypeScript,100
PRF_01458,Web Designing,2,CSS3; JavaScript; Next.js; React,Lead UI/UX Frontend Architect,Web Designing,CSS3; JavaScript; Next.js; React,TypeScript; TailwindCSS; Figma; GraphQL,40.0,800000,900000,Learn TypeScript and TailwindCSS,69.0
PRF_01459,Web Designing,4,CSS3; JavaScript,Lead UI/UX Frontend Architect,Web Designing,CSS3; JavaScript,React; TypeScript; Next.js; TailwindCSS; Figma; GraphQL,20.0,750000,500000,Learn React and TypeScript,38.7
PRF_01460,Web Designing,4,Bootstrap; HTML5; JavaScript; CSS3; TypeScript; Next.js; React,Lead UI/UX Frontend Architect,Web Designing,Bootstrap; HTML5; JavaScript; CSS3; TypeScript; Next.js; React,TailwindCSS; Figma; GraphQL,70.0,1000000,1750000,Learn TailwindCSS and Figma,100
PRF_01461,Web Designing,8,CSS3; HTML5; Bootstrap; Next.js; TypeScript; React,Lead UI/UX Frontend Architect,Web Designing,CSS3; HTML5; Bootstrap; Next.js; TypeScript; React,TailwindCSS; Figma; GraphQL,60.0,900000,1850000,Learn TailwindCSS and Figma,100
PRF_01462,Web Designing,11,JavaScript; CSS3; Bootstrap; TypeScript; TailwindCSS; Figma,Lead UI/UX Frontend Architect,Web Designing,JavaScript; CSS3; Bootstrap; TypeScript; TailwindCSS; Figma,React; Next.js; GraphQL,60.0,1100000,2150000,Learn React and Next.js,100
PRF_01463,Web Designing,8,HTML5; CSS3; JavaScript; React,Lead UI/UX Frontend Architect,Web Designing,HTML5; CSS3; JavaScript; React,TypeScript; Next.js; TailwindCSS; Figma; GraphQL,40.0,1250000,1250000,Learn TypeScript and Next.js,64.0
PRF_01464,Web Designing,3,CSS3; JavaScript; Bootstrap; HTML5; GraphQL,Lead UI/UX Frontend Architect,Web Designing,CSS3; JavaScript; Bootstrap; HTML5; GraphQL,React; TypeScript; Next.js; TailwindCSS; Figma,50.0,700000,1200000,Learn React and TypeScript,98.6
PRF_01465,Web Designing,9,HTML5; CSS3; JavaScript; Figma; GraphQL; Next.js,Lead UI/UX Frontend Architect,Web Designing,HTML5; CSS3; JavaScript; Figma; GraphQL; Next.js,React; TypeScript; TailwindCSS,60.0,1200000,1950000,Learn React and TypeScript,100
PRF_01466,Web Designing,5,HTML5; JavaScript,Lead UI/UX Frontend Architect,Web Designing,HTML5; JavaScript,React; TypeScript; Next.js; TailwindCSS; Figma; GraphQL,20.0,950000,550000,Learn React and TypeScript,35.2
PRF_01467,Web Designing,9,CSS3; HTML5,Lead UI/UX Frontend Architect,Web Designing,CSS3; HTML5,React; TypeScript; Next.js; TailwindCSS; Figma; GraphQL,20.0,1450000,650000,Learn React and TypeScript,29.9
PRF_01468,Web Designing,13,CSS3; Bootstrap; GraphQL; React; Next.js,Lead UI/UX Frontend Architect,Web Designing,CSS3; Bootstrap; GraphQL; React; Next.js,TypeScript; TailwindCSS; Figma,50.0,1550000,1950000,Learn TypeScript and TailwindCSS,80.3
PRF_01469,Web Designing,12,JavaScript; Bootstrap; HTML5; CSS3; React; GraphQL; TailwindCSS,Lead UI/UX Frontend Architect,Web Designing,JavaScript; Bootstrap; HTML5; CSS3; React; GraphQL; TailwindCSS,TypeScript; Next.js; Figma,70.0,1400000,2600000,Learn TypeScript and Next.js,100
PRF_01470,Web Designing,13,Bootstrap; CSS3; HTML5,Lead UI/UX Frontend Architect,Web Designing,Bootstrap; CSS3; HTML5,React; TypeScript; Next.js; TailwindCSS; Figma; GraphQL,30.0,1300000,1150000,Learn React and TypeScript,53.4
PRF_01471,Web Designing,4,HTML5; Bootstrap; CSS3,Lead UI/UX Frontend Architect,Web Designing,HTML5; Bootstrap; CSS3,React; TypeScript; Next.js; TailwindCSS; Figma; GraphQL,30.0,750000,750000,Learn React and TypeScript,58.0
PRF_01472,Web Designing,8,CSS3; Bootstrap; Figma; TailwindCSS,Lead UI/UX Frontend Architect,Web Designing,CSS3; Bootstrap; Figma; TailwindCSS,React; TypeScript; Next.js; GraphQL,40.0,1000000,1250000,Learn React and TypeScript,74.0
PRF_01473,Web Designing,13,Bootstrap; JavaScript; CSS3; HTML5; GraphQL; TailwindCSS; Next.js,Lead UI/UX Frontend Architect,Web Designing,Bootstrap; JavaScript; CSS3; HTML5; GraphQL; TailwindCSS; Next.js,React; TypeScript; Figma,70.0,1650000,2700000,Learn React and TypeScript,100
PRF_01474,Web Designing,3,CSS3; JavaScript; HTML5; React,Lead UI/UX Frontend Architect,Web Designing,CSS3; JavaScript; HTML5; React,TypeScript; Next.js; TailwindCSS; Figma; GraphQL,40.0,900000,950000,Learn TypeScript and Next.js,66.2
PRF_01475,Web Designing,11,JavaScript; CSS3; Figma,Lead UI/UX Frontend Architect,Web Designing,JavaScript; CSS3; Figma,React; TypeScript; Next.js; TailwindCSS; GraphQL,30.0,1200000,1050000,Learn React and TypeScript,53.0
PRF_01476,Web Designing,12,JavaScript; HTML5; Bootstrap; Next.js,Lead UI/UX Frontend Architect,Web Designing,JavaScript; HTML5; Bootstrap; Next.js,React; TypeScript; TailwindCSS; Figma; GraphQL,40.0,1350000,1500000,Learn React and TypeScript,68.4
PRF_01477,Web Designing,6,JavaScript; HTML5; TailwindCSS,Lead UI/UX Frontend Architect,Web Designing,JavaScript; HTML5; TailwindCSS,React; TypeScript; Next.js; Figma; GraphQL,30.0,1050000,850000,Learn React and TypeScript,50.4
PRF_01478,Web Designing,13,JavaScript; HTML5; Bootstrap; CSS3; Next.js; Figma; GraphQL,Lead UI/UX Frontend Architect,Web Designing,JavaScript; HTML5; Bootstrap; CSS3; Next.js; Figma; GraphQL,React; TypeScript; TailwindCSS,70.0,1500000,2700000,Learn React and TypeScript,100
PRF_01479,Web Designing,13,CSS3; Bootstrap; JavaScript; HTML5; GraphQL; Figma,Lead UI/UX Frontend Architect,Web Designing,CSS3; Bootstrap; JavaScript; HTML5; GraphQL; Figma,React; TypeScript; Next.js; TailwindCSS,60.0,1200000,2350000,Learn React and TypeScript,100
PRF_01480,Web Designing,2,HTML5; Bootstrap; JavaScript; CSS3,Lead UI/UX Frontend Architect,Web Designing,HTML5; Bootstrap; JavaScript; CSS3,React; TypeScript; Next.js; TailwindCSS; Figma; GraphQL,40.0,600000,900000,Learn React and TypeScript,84.0
PRF_01481,Web Designing,9,CSS3; Bootstrap; Next.js; TypeScript,Lead UI/UX Frontend Architect,Web Designing,CSS3; Bootstrap; Next.js; TypeScript,React; TailwindCSS; Figma; GraphQL,40.0,1150000,1300000,Learn React and TailwindCSS,69.2
PRF_01482,Web Designing,5,CSS3; Bootstrap; JavaScript; HTML5; GraphQL; TypeScript; React,Lead UI/UX Frontend Architect,Web Designing,CSS3; Bootstrap; JavaScript; HTML5; GraphQL; TypeScript; React,Next.js; TailwindCSS; Figma,70.0,850000,1850000,Learn Next.js and TailwindCSS,100
PRF_01483,Web Designing,2,JavaScript; Bootstrap; HTML5; CSS3; Figma; Next.js,Lead UI/UX Frontend Architect,Web Designing,JavaScript; Bootstrap; HTML5; CSS3; Figma; Next.js,React; TypeScript; TailwindCSS; GraphQL,60.0,800000,1300000,Learn React and TypeScript,100
PRF_01484,Web Designing,10,CSS3; Bootstrap; HTML5; React,Lead UI/UX Frontend Architect,Web Designing,CSS3; Bootstrap; HTML5; React,TypeScript; Next.js; TailwindCSS; Figma; GraphQL,40.0,1200000,1350000,Learn TypeScript and Next.js,69.0
PRF_01485,Web Designing,7,HTML5; CSS3; JavaScript; TypeScript,Lead UI/UX Frontend Architect,Web Designing,HTML5; CSS3; JavaScript; TypeScript,React; Next.js; TailwindCSS; Figma; GraphQL,40.0,1050000,1200000,Learn React and Next.js,69.7
PRF_01486,Web Designing,12,CSS3; HTML5; JavaScript; Bootstrap,Lead UI/UX Frontend Architect,Web Designing,CSS3; HTML5; JavaScript; Bootstrap,React; TypeScript; Next.js; TailwindCSS; Figma; GraphQL,40.0,1650000,1500000,Learn React and TypeScript,60.4
PRF_01487,Web Designing,6,CSS3; Bootstrap,Lead UI/UX Frontend Architect,Web Designing,CSS3; Bootstrap,React; TypeScript; Next.js; TailwindCSS; Figma; GraphQL,20.0,850000,550000,Learn React and TypeScript,37.9
PRF_01488,Web Designing,9,JavaScript; CSS3; HTML5; Bootstrap; TypeScript; TailwindCSS,Lead UI/UX Frontend Architect,Web Designing,JavaScript; CSS3; HTML5; Bootstrap; TypeScript; TailwindCSS,React; Next.js; Figma; GraphQL,60.0,1400000,1950000,Learn React and Next.js,91.7
PRF_01489,Web Designing,9,JavaScript; HTML5; CSS3; Bootstrap,Lead UI/UX Frontend Architect,Web Designing,JavaScript; HTML5; CSS3; Bootstrap,React; TypeScript; Next.js; TailwindCSS; Figma; GraphQL,40.0,1250000,1300000,Learn React and TypeScript,65.6
PRF_01490,Web Designing,7,Bootstrap; CSS3; JavaScript; Next.js; Figma; TypeScript,Lead UI/UX Frontend Architect,Web Designing,Bootstrap; CSS3; JavaScript; Next.js; Figma; TypeScript,React; TailwindCSS; GraphQL,60.0,1000000,1800000,Learn React and TailwindCSS,100
PRF_01491,Web Designing,4,JavaScript; CSS3; HTML5; Bootstrap,Lead UI/UX Frontend Architect,Web Designing,JavaScript; CSS3; HTML5; Bootstrap,React; TypeScript; Next.js; TailwindCSS; Figma; GraphQL,40.0,900000,1000000,Learn React and TypeScript,68.4
PRF_01492,Web Designing,3,Bootstrap; HTML5; JavaScript; CSS3; GraphQL,Lead UI/UX Frontend Architect,Web Designing,Bootstrap; HTML5; JavaScript; CSS3; GraphQL,React; TypeScript; Next.js; TailwindCSS; Figma,50.0,850000,1200000,Learn React and TypeScript,86.5
PRF_01493,Web Designing,13,Bootstrap; HTML5; CSS3; Figma,Lead UI/UX Frontend Architect,Web Designing,Bootstrap; HTML5; CSS3; Figma,React; TypeScript; Next.js; TailwindCSS; GraphQL,40.0,1300000,1550000,Learn React and TypeScript,71.7
PRF_01494,Web Designing,3,HTML5; Bootstrap; JavaScript; TailwindCSS,Lead UI/UX Frontend Architect,Web Designing,HTML5; Bootstrap; JavaScript; TailwindCSS,React; TypeScript; Next.js; Figma; GraphQL,40.0,850000,950000,Learn React and TypeScript,68.7
PRF_01495,Web Designing,2,Bootstrap; JavaScript; CSS3; HTML5; React,Lead UI/UX Frontend Architect,Web Designing,Bootstrap; JavaScript; CSS3; HTML5; React,TypeScript; Next.js; TailwindCSS; Figma; GraphQL,50.0,550000,1100000,Learn TypeScript and Next.js,100
PRF_01496,Web Designing,13,Bootstrap; HTML5,Lead UI/UX Frontend Architect,Web Designing,Bootstrap; HTML5,React; TypeScript; Next.js; TailwindCSS; Figma; GraphQL,20.0,1800000,800000,Learn React and TypeScript,29.8
PRF_01497,Web Designing,9,HTML5; CSS3; GraphQL,Lead UI/UX Frontend Architect,Web Designing,HTML5; CSS3; GraphQL,React; TypeScript; Next.js; TailwindCSS; Figma,30.0,1050000,1000000,Learn React and TypeScript,56.1
PRF_01498,Web Designing,8,Bootstrap; CSS3; HTML5; JavaScript; Figma,Lead UI/UX Frontend Architect,Web Designing,Bootstrap; CSS3; HTML5; JavaScript; Figma,React; TypeScript; Next.js; TailwindCSS; GraphQL,50.0,1050000,1550000,Learn React and TypeScript,89.0
PRF_01499,Web Designing,8,JavaScript; HTML5; Bootstrap; CSS3; GraphQL; TypeScript,Lead UI/UX Frontend Architect,Web Designing,JavaScript; HTML5; Bootstrap; CSS3; GraphQL; TypeScript,React; Next.js; TailwindCSS; Figma,60.0,950000,1850000,Learn React and Next.js,100
PRF_01500,Web Designing,7,JavaScript; Bootstrap; CSS3; GraphQL; React,Lead UI/UX Frontend Architect,Web Designing,JavaScript; Bootstrap; CSS3; GraphQL; React,TypeScript; Next.js; TailwindCSS; Figma,50.0,1150000,1500000,Learn TypeScript and Next.js,82.2
PRF_01501,Network Security Engineer,11,TCP/IP; Firewalls; Routing; Penetration Testing; Zero Trust; AWS Security,Cyber Defense & Cloud Security Specialist,Network Security Engineer,TCP/IP; Firewalls; Routing; Penetration Testing; Zero Trust; AWS Security,SIEM; CISSP,66.7,1600000,3150000,Learn SIEM and CISSP,100
PRF_01502,Network Security Engineer,8,TCP/IP; Routing; VPN; Penetration Testing; Zero Trust,Cyber Defense & Cloud Security Specialist,Network Security Engineer,TCP/IP; Routing; VPN; Penetration Testing; Zero Trust,AWS Security; SIEM; CISSP,55.6,1600000,2300000,Learn AWS Security and SIEM,90.9
PRF_01503,Network Security Engineer,5,TCP/IP; VPN; Routing; Firewalls,Cyber Defense & Cloud Security Specialist,Network Security Engineer,TCP/IP; VPN; Routing; Firewalls,AWS Security; Zero Trust; SIEM; CISSP; Penetration Testing,44.4,1050000,1550000,Learn AWS Security and Zero Trust,85.7
PRF_01504,Network Security Engineer,7,TCP/IP; Firewalls; VPN; Routing; AWS Security,Cyber Defense & Cloud Security Specialist,Network Security Engineer,TCP/IP; Firewalls; VPN; Routing; AWS Security,Zero Trust; SIEM; CISSP; Penetration Testing,55.6,1600000,2150000,Learn Zero Trust and SIEM,87.1
PRF_01505,Network Security Engineer,3,VPN; Firewalls; TCP/IP; Penetration Testing,Cyber Defense & Cloud Security Specialist,Network Security Engineer,VPN; Firewalls; TCP/IP; Penetration Testing,AWS Security; Zero Trust; SIEM; CISSP,44.4,1000000,1400000,Learn AWS Security and Zero Trust,82.6
PRF_01506,Network Security Engineer,9,Firewalls; VPN; SIEM; Zero Trust; Penetration Testing,Cyber Defense & Cloud Security Specialist,Network Security Engineer,Firewalls; VPN; SIEM; Zero Trust; Penetration Testing,AWS Security; CISSP,55.6,2100000,2400000,Learn AWS Security and CISSP,79.1
PRF_01507,Network Security Engineer,11,TCP/IP; Firewalls; CISSP; SIEM,Cyber Defense & Cloud Security Specialist,Network Security Engineer,TCP/IP; Firewalls; CISSP; SIEM,AWS Security; Zero Trust; Penetration Testing,44.4,2050000,2100000,Learn AWS Security and Zero Trust,67.6
PRF_01508,Network Security Engineer,12,VPN; Routing; TCP/IP,Cyber Defense & Cloud Security Specialist,Network Security Engineer,VPN; Routing; TCP/IP,AWS Security; Zero Trust; SIEM; CISSP; Penetration Testing,33.3,1650000,1650000,Learn AWS Security and Zero Trust,60.0
PRF_01509,Network Security Engineer,8,VPN; Routing; TCP/IP; Firewalls; Penetration Testing; CISSP; SIEM,Cyber Defense & Cloud Security Specialist,Network Security Engineer,VPN; Routing; TCP/IP; Firewalls; Penetration Testing; CISSP; SIEM,AWS Security; Zero Trust,77.8,1600000,3200000,Learn AWS Security and Zero Trust,100
PRF_01510,Network Security Engineer,1,Routing; Firewalls; VPN; TCP/IP; Zero Trust; CISSP,Cyber Defense & Cloud Security Specialist,Network Security Engineer,Routing; Firewalls; VPN; TCP/IP; Zero Trust; CISSP,AWS Security; SIEM; Penetration Testing,66.7,1150000,1800000,Learn AWS Security and SIEM,100
PRF_01511,Network Security Engineer,3,TCP/IP; Firewalls; Routing; VPN,Cyber Defense & Cloud Security Specialist,Network Security Engineer,TCP/IP; Firewalls; Routing; VPN,AWS Security; Zero Trust; SIEM; CISSP; Penetration Testing,44.4,1150000,1400000,Learn AWS Security and Zero Trust,75.3
PRF_01512,Network Security Engineer,3,Firewalls; VPN; CISSP; SIEM; AWS Security,Cyber Defense & Cloud Security Specialist,Network Security Engineer,Firewalls; VPN; CISSP; SIEM; AWS Security,Zero Trust; Penetration Testing,55.6,1100000,1700000,Learn Zero Trust and Penetration Testing,95.2
PRF_01513,Network Security Engineer,3,TCP/IP; Firewalls; Penetration Testing; AWS Security,Cyber Defense & Cloud Security Specialist,Network Security Engineer,TCP/IP; Firewalls; Penetration Testing; AWS Security,Zero Trust; SIEM; CISSP,44.4,1050000,1400000,Learn Zero Trust and SIEM,80.0
PRF_01514,Network Security Engineer,8,Firewalls; TCP/IP; AWS Security,Cyber Defense & Cloud Security Specialist,Network Security Engineer,Firewalls; TCP/IP; AWS Security,Zero Trust; SIEM; CISSP; Penetration Testing,33.3,1550000,1350000,Learn Zero Trust and SIEM,54.8
PRF_01515,Network Security Engineer,7,Routing; Firewalls; AWS Security; SIEM,Cyber Defense & Cloud Security Specialist,Network Security Engineer,Routing; Firewalls; AWS Security; SIEM,Zero Trust; CISSP; Penetration Testing,44.4,1700000,1750000,Learn Zero Trust and CISSP,67.8
PRF_01516,Network Security Engineer,4,Firewalls; VPN; Routing; AWS Security; SIEM; CISSP,Cyber Defense & Cloud Security Specialist,Network Security Engineer,Firewalls; VPN; Routing; AWS Security; SIEM; CISSP,Zero Trust; Penetration Testing,66.7,1400000,2200000,Learn Zero Trust and Penetration Testing,100
PRF_01517,Network Security Engineer,1,Firewalls; VPN; Routing; TCP/IP; Penetration Testing,Cyber Defense & Cloud Security Specialist,Network Security Engineer,Firewalls; VPN; Routing; TCP/IP; Penetration Testing,AWS Security; Zero Trust; SIEM; CISSP,55.6,1050000,1500000,Learn AWS Security and Zero Trust,90.5
PRF_01518,Network Security Engineer,3,Firewalls; Routing; TCP/IP; VPN; CISSP; SIEM,Cyber Defense & Cloud Security Specialist,Network Security Engineer,Firewalls; Routing; TCP/IP; VPN; CISSP; SIEM,AWS Security; Zero Trust; Penetration Testing,66.7,1000000,2050000,Learn AWS Security and Zero Trust,100
PRF_01519,Network Security Engineer,6,Firewalls; VPN; TCP/IP; Routing; Penetration Testing,Cyber Defense & Cloud Security Specialist,Network Security Engineer,Firewalls; VPN; TCP/IP; Routing; Penetration Testing,AWS Security; Zero Trust; SIEM; CISSP,55.6,1400000,2050000,Learn AWS Security and Zero Trust,91.9
PRF_01520,Network Security Engineer,13,VPN; Firewalls; Zero Trust,Cyber Defense & Cloud Security Specialist,Network Security Engineer,VPN; Firewalls; Zero Trust,AWS Security; SIEM; CISSP; Penetration Testing,33.3,2150000,1700000,Learn AWS Security and SIEM,51.6
PRF_01521,Network Security Engineer,7,TCP/IP; Firewalls; Routing; AWS Security; SIEM; Penetration Testing,Cyber Defense & Cloud Security Specialist,Network Security Engineer,TCP/IP; Firewalls; Routing; AWS Security; SIEM; Penetration Testing,Zero Trust; CISSP,66.7,1600000,2600000,Learn Zero Trust and CISSP,100
PRF_01522,Network Security Engineer,14,VPN; TCP/IP; Routing; Firewalls; Penetration Testing; AWS Security,Cyber Defense & Cloud Security Specialist,Network Security Engineer,VPN; TCP/IP; Routing; Firewalls; Penetration Testing; AWS Security,Zero Trust; SIEM; CISSP,66.7,2450000,3550000,Learn Zero Trust and SIEM,98.0
PRF_01523,Network Security Engineer,14,Firewalls; Routing; VPN; CISSP,Cyber Defense & Cloud Security Specialist,Network Security Engineer,Firewalls; Routing; VPN; CISSP,AWS Security; Zero Trust; SIEM; Penetration Testing,44.4,1900000,2350000,Learn AWS Security and Zero Trust,76.1
PRF_01524,Network Security Engineer,4,Routing; VPN; TCP/IP; Penetration Testing,Cyber Defense & Cloud Security Specialist,Network Security Engineer,Routing; VPN; TCP/IP; Penetration Testing,AWS Security; Zero Trust; SIEM; CISSP,44.4,1400000,1450000,Learn AWS Security and Zero Trust,68.1
PRF_01525,Network Security Engineer,12,VPN; Routing; Firewalls,Cyber Defense & Cloud Security Specialist,Network Security Engineer,VPN; Routing; Firewalls,AWS Security; Zero Trust; SIEM; CISSP; Penetration Testing,33.3,2300000,1650000,Learn AWS Security and Zero Trust,48.7
PRF_01526,Network Security Engineer,12,Firewalls; TCP/IP; VPN; Routing; CISSP,Cyber Defense & Cloud Security Specialist,Network Security Engineer,Firewalls; TCP/IP; VPN; Routing; CISSP,AWS Security; Zero Trust; SIEM; Penetration Testing,55.6,2450000,2700000,Learn AWS Security and Zero Trust,77.4
PRF_01527,Network Security Engineer,4,TCP/IP; Firewalls; CISSP; SIEM; AWS Security,Cyber Defense & Cloud Security Specialist,Network Security Engineer,TCP/IP; Firewalls; CISSP; SIEM; AWS Security,Zero Trust; Penetration Testing,55.6,1350000,1850000,Learn Zero Trust and Penetration Testing,88.2
PRF_01528,Network Security Engineer,4,VPN; TCP/IP; Firewalls; Penetration Testing,Cyber Defense & Cloud Security Specialist,Network Security Engineer,VPN; TCP/IP; Firewalls; Penetration Testing,AWS Security; Zero Trust; SIEM; CISSP,44.4,1000000,1450000,Learn AWS Security and Zero Trust,84.6
PRF_01529,Network Security Engineer,11,TCP/IP; VPN; Firewalls; Zero Trust,Cyber Defense & Cloud Security Specialist,Network Security Engineer,TCP/IP; VPN; Firewalls; Zero Trust,AWS Security; SIEM; CISSP; Penetration Testing,44.4,1700000,2100000,Learn AWS Security and SIEM,76.1
PRF_01530,Network Security Engineer,11,Routing; VPN; Firewalls,Cyber Defense & Cloud Security Specialist,Network Security Engineer,Routing; VPN; Firewalls,AWS Security; Zero Trust; SIEM; CISSP; Penetration Testing,33.3,1650000,1550000,Learn AWS Security and Zero Trust,57.6
PRF_01531,Network Security Engineer,2,VPN; TCP/IP; Routing; CISSP,Cyber Defense & Cloud Security Specialist,Network Security Engineer,VPN; TCP/IP; Routing; CISSP,AWS Security; Zero Trust; SIEM; Penetration Testing,44.4,1300000,1300000,Learn AWS Security and Zero Trust,66.6
PRF_01532,Network Security Engineer,14,Routing; TCP/IP; CISSP,Cyber Defense & Cloud Security Specialist,Network Security Engineer,Routing; TCP/IP; CISSP,AWS Security; Zero Trust; SIEM; Penetration Testing,33.3,2800000,1750000,Learn AWS Security and Zero Trust,45.0
PRF_01533,Network Security Engineer,4,Routing; VPN,Cyber Defense & Cloud Security Specialist,Network Security Engineer,Routing; VPN,AWS Security; Zero Trust; SIEM; CISSP; Penetration Testing,22.2,1300000,750000,Learn AWS Security and Zero Trust,36.4
PRF_01534,Network Security Engineer,9,Firewalls; VPN; TCP/IP; Routing; Penetration Testing; AWS Security,Cyber Defense & Cloud Security Specialist,Network Security Engineer,Firewalls; VPN; TCP/IP; Routing; Penetration Testing; AWS Security,Zero Trust; SIEM; CISSP,66.7,1500000,2850000,Learn Zero Trust and SIEM,100
PRF_01535,Network Security Engineer,5,Firewalls; TCP/IP; Routing,Cyber Defense & Cloud Security Specialist,Network Security Engineer,Firewalls; TCP/IP; Routing,AWS Security; Zero Trust; SIEM; CISSP; Penetration Testing,33.3,1450000,1150000,Learn AWS Security and Zero Trust,51.7
PRF_01536,Network Security Engineer,5,TCP/IP; VPN,Cyber Defense & Cloud Security Specialist,Network Security Engineer,TCP/IP; VPN,AWS Security; Zero Trust; SIEM; CISSP; Penetration Testing,22.2,1250000,800000,Learn AWS Security and Zero Trust,38.9
PRF_01537,Network Security Engineer,10,Firewalls; VPN; TCP/IP; Routing,Cyber Defense & Cloud Security Specialist,Network Security Engineer,Firewalls; VPN; TCP/IP; Routing,AWS Security; Zero Trust; SIEM; CISSP; Penetration Testing,44.4,1700000,2000000,Learn AWS Security and Zero Trust,73.7
PRF_01538,Network Security Engineer,14,Firewalls; Routing; VPN,Cyber Defense & Cloud Security Specialist,Network Security Engineer,Firewalls; Routing; VPN,AWS Security; Zero Trust; SIEM; CISSP; Penetration Testing,33.3,2600000,1750000,Learn AWS Security and Zero Trust,46.9
PRF_01539,Network Security Engineer,13,VPN; Firewalls; Routing; SIEM,Cyber Defense & Cloud Security Specialist,Network Security Engineer,VPN; Firewalls; Routing; SIEM,AWS Security; Zero Trust; CISSP; Penetration Testing,44.4,2450000,2250000,Learn AWS Security and Zero Trust,63.4
PRF_01540,Network Security Engineer,12,Routing; TCP/IP; AWS Security,Cyber Defense & Cloud Security Specialist,Network Security Engineer,Routing; TCP/IP; AWS Security,Zero Trust; SIEM; CISSP; Penetration Testing,33.3,1900000,1650000,Learn Zero Trust and SIEM,54.7
PRF_01541,Network Security Engineer,12,Routing; Firewalls; VPN; TCP/IP,Cyber Defense & Cloud Security Specialist,Network Security Engineer,Routing; Firewalls; VPN; TCP/IP,AWS Security; Zero Trust; SIEM; CISSP; Penetration Testing,44.4,2250000,2200000,Learn AWS Security and Zero Trust,65.8
PRF_01542,Network Security Engineer,12,Routing; VPN; Penetration Testing,Cyber Defense & Cloud Security Specialist,Network Security Engineer,Routing; VPN; Penetration Testing,AWS Security; Zero Trust; SIEM; CISSP,33.3,2050000,1650000,Learn AWS Security and Zero Trust,52.2
PRF_01543,Network Security Engineer,1,Routing; Firewalls; Penetration Testing; SIEM,Cyber Defense & Cloud Security Specialist,Network Security Engineer,Routing; Firewalls; Penetration Testing; SIEM,AWS Security; Zero Trust; CISSP,44.4,850000,1200000,Learn AWS Security and Zero Trust,83.1
PRF_01544,Network Security Engineer,11,Firewalls; Routing; CISSP,Cyber Defense & Cloud Security Specialist,Network Security Engineer,Firewalls; Routing; CISSP,AWS Security; Zero Trust; SIEM; Penetration Testing,33.3,1600000,1550000,Learn AWS Security and Zero Trust,58.7
PRF_01545,Network Security Engineer,2,VPN; Firewalls; TCP/IP; Routing; SIEM; CISSP; Penetration Testing,Cyber Defense & Cloud Security Specialist,Network Security Engineer,VPN; Firewalls; TCP/IP; Routing; SIEM; CISSP; Penetration Testing,AWS Security; Zero Trust,77.8,1150000,2250000,Learn AWS Security and Zero Trust,100
PRF_01546,Network Security Engineer,2,Routing; Firewalls,Cyber Defense & Cloud Security Specialist,Network Security Engineer,Routing; Firewalls,AWS Security; Zero Trust; SIEM; CISSP; Penetration Testing,22.2,850000,650000,Learn AWS Security and Zero Trust,43.9
PRF_01547,Network Security Engineer,7,VPN; TCP/IP; Firewalls; Routing,Cyber Defense & Cloud Security Specialist,Network Security Engineer,VPN; TCP/IP; Firewalls; Routing,AWS Security; Zero Trust; SIEM; CISSP; Penetration Testing,44.4,1650000,1750000,Learn AWS Security and Zero Trust,69.1
PRF_01548,Network Security Engineer,7,VPN; Firewalls; AWS Security; SIEM; CISSP,Cyber Defense & Cloud Security Specialist,Network Security Engineer,VPN; Firewalls; AWS Security; SIEM; CISSP,Zero Trust; Penetration Testing,55.6,1750000,2150000,Learn Zero Trust and Penetration Testing,82.5
PRF_01549,Network Security Engineer,12,VPN; TCP/IP; Routing; Firewalls,Cyber Defense & Cloud Security Specialist,Network Security Engineer,VPN; TCP/IP; Routing; Firewalls,AWS Security; Zero Trust; SIEM; CISSP; Penetration Testing,44.4,2100000,2200000,Learn AWS Security and Zero Trust,68.5
PRF_01550,Network Security Engineer,2,VPN; TCP/IP; Routing; Firewalls; Zero Trust,Cyber Defense & Cloud Security Specialist,Network Security Engineer,VPN; TCP/IP; Routing; Firewalls; Zero Trust,AWS Security; SIEM; CISSP; Penetration Testing,55.6,1250000,1600000,Learn AWS Security and SIEM,84.6
PRF_01551,Network Security Engineer,1,Routing; VPN; Firewalls; AWS Security; SIEM; Zero Trust,Cyber Defense & Cloud Security Specialist,Network Security Engineer,Routing; VPN; Firewalls; AWS Security; SIEM; Zero Trust,CISSP; Penetration Testing,66.7,1100000,1800000,Learn CISSP and Penetration Testing,100
PRF_01552,Network Security Engineer,5,TCP/IP; VPN; Firewalls; Routing; CISSP; Penetration Testing,Cyber Defense & Cloud Security Specialist,Network Security Engineer,TCP/IP; VPN; Firewalls; Routing; CISSP; Penetration Testing,AWS Security; Zero Trust; SIEM,66.7,1400000,2350000,Learn AWS Security and Zero Trust,100
PRF_01553,Network Security Engineer,5,TCP/IP; VPN; Firewalls; Penetration Testing; CISSP,Cyber Defense & Cloud Security Specialist,Network Security Engineer,TCP/IP; VPN; Firewalls; Penetration Testing; CISSP,AWS Security; Zero Trust; SIEM,55.6,1450000,1950000,Learn AWS Security and Zero Trust,87.2
PRF_01554,Network Security Engineer,14,Firewalls; Routing; SIEM; Penetration Testing,Cyber Defense & Cloud Security Specialist,Network Security Engineer,Firewalls; Routing; SIEM; Penetration Testing,AWS Security; Zero Trust; CISSP,44.4,2650000,2350000,Learn AWS Security and Zero Trust,62.1
PRF_01555,Network Security Engineer,11,TCP/IP; Routing; Penetration Testing,Cyber Defense & Cloud Security Specialist,Network Security Engineer,TCP/IP; Routing; Penetration Testing,AWS Security; Zero Trust; SIEM; CISSP,33.3,1800000,1550000,Learn AWS Security and Zero Trust,54.4
PRF_01556,Network Security Engineer,2,VPN; TCP/IP; AWS Security,Cyber Defense & Cloud Security Specialist,Network Security Engineer,VPN; TCP/IP; AWS Security,Zero Trust; SIEM; CISSP; Penetration Testing,33.3,950000,950000,Learn Zero Trust and SIEM,60.0
PRF_01557,Network Security Engineer,14,Firewalls; Routing; TCP/IP; VPN; CISSP; Zero Trust,Cyber Defense & Cloud Security Specialist,Network Security Engineer,Firewalls; Routing; TCP/IP; VPN; CISSP; Zero Trust,AWS Security; SIEM; Penetration Testing,66.7,2450000,3550000,Learn AWS Security and SIEM,98.0
PRF_01558,Network Security Engineer,4,Firewalls; Routing; TCP/IP; VPN; Penetration Testing,Cyber Defense & Cloud Security Specialist,Network Security Engineer,Firewalls; Routing; TCP/IP; VPN; Penetration Testing,AWS Security; Zero Trust; SIEM; CISSP,55.6,1550000,1850000,Learn AWS Security and Zero Trust,81.1
PRF_01559,Network Security Engineer,3,TCP/IP; Routing; VPN; Zero Trust,Cyber Defense & Cloud Security Specialist,Network Security Engineer,TCP/IP; Routing; VPN; Zero Trust,AWS Security; SIEM; CISSP; Penetration Testing,44.4,1050000,1400000,Learn AWS Security and SIEM,80.0
PRF_01560,Network Security Engineer,13,Firewalls; Routing; CISSP,Cyber Defense & Cloud Security Specialist,Network Security Engineer,Firewalls; Routing; CISSP,AWS Security; Zero Trust; SIEM; Penetration Testing,33.3,2550000,1700000,Learn AWS Security and Zero Trust,46.6
PRF_01561,Network Security Engineer,4,TCP/IP; Firewalls; Routing; Penetration Testing; CISSP; SIEM,Cyber Defense & Cloud Security Specialist,Network Security Engineer,TCP/IP; Firewalls; Routing; Penetration Testing; CISSP; SIEM,AWS Security; Zero Trust,66.7,1500000,2200000,Learn AWS Security and Zero Trust,98.7
PRF_01562,Network Security Engineer,1,VPN; TCP/IP; Firewalls; Routing,Cyber Defense & Cloud Security Specialist,Network Security Engineer,VPN; TCP/IP; Firewalls; Routing,AWS Security; Zero Trust; SIEM; CISSP; Penetration Testing,44.4,900000,1200000,Learn AWS Security and Zero Trust,80.0
PRF_01563,Network Security Engineer,12,VPN; Routing; TCP/IP; SIEM; Zero Trust,Cyber Defense & Cloud Security Specialist,Network Security Engineer,VPN; Routing; TCP/IP; SIEM; Zero Trust,AWS Security; CISSP; Penetration Testing,55.6,2250000,2700000,Learn AWS Security and CISSP,81.4
PRF_01564,Network Security Engineer,12,Firewalls; TCP/IP,Cyber Defense & Cloud Security Specialist,Network Security Engineer,Firewalls; TCP/IP,AWS Security; Zero Trust; SIEM; CISSP; Penetration Testing,22.2,2000000,1100000,Learn AWS Security and Zero Trust,35.3
PRF_01565,Network Security Engineer,4,Firewalls; VPN; Routing; TCP/IP; Penetration Testing,Cyber Defense & Cloud Security Specialist,Network Security Engineer,Firewalls; VPN; Routing; TCP/IP; Penetration Testing,AWS Security; Zero Trust; SIEM; CISSP,55.6,1050000,1850000,Learn AWS Security and Zero Trust,100
PRF_01566,Network Security Engineer,10,Routing; Firewalls; TCP/IP; CISSP; Penetration Testing; SIEM,Cyber Defense & Cloud Security Specialist,Network Security Engineer,Routing; Firewalls; TCP/IP; CISSP; Penetration Testing; SIEM,AWS Security; Zero Trust,66.7,1900000,3000000,Learn AWS Security and Zero Trust,100
PRF_01567,Network Security Engineer,8,Firewalls; TCP/IP; Routing; CISSP,Cyber Defense & Cloud Security Specialist,Network Security Engineer,Firewalls; TCP/IP; Routing; CISSP,AWS Security; Zero Trust; SIEM; Penetration Testing,44.4,1750000,1800000,Learn AWS Security and Zero Trust,67.8
PRF_01568,Network Security Engineer,8,TCP/IP; Routing; Zero Trust; SIEM; CISSP,Cyber Defense & Cloud Security Specialist,Network Security Engineer,TCP/IP; Routing; Zero Trust; SIEM; CISSP,AWS Security; Penetration Testing,55.6,2000000,2300000,Learn AWS Security and Penetration Testing,79.4
PRF_01569,Network Security Engineer,6,TCP/IP; Firewalls; VPN; Routing; SIEM; CISSP,Cyber Defense & Cloud Security Specialist,Network Security Engineer,TCP/IP; Firewalls; VPN; Routing; SIEM; CISSP,AWS Security; Zero Trust; Penetration Testing,66.7,1350000,2450000,Learn AWS Security and Zero Trust,100
PRF_01570,Network Security Engineer,8,Firewalls; Routing; TCP/IP; Penetration Testing,Cyber Defense & Cloud Security Specialist,Network Security Engineer,Firewalls; Routing; TCP/IP; Penetration Testing,AWS Security; Zero Trust; SIEM; CISSP,44.4,1800000,1800000,Learn AWS Security and Zero Trust,66.6
PRF_01571,Network Security Engineer,3,VPN; Firewalls; TCP/IP; AWS Security; CISSP,Cyber Defense & Cloud Security Specialist,Network Security Engineer,VPN; Firewalls; TCP/IP; AWS Security; CISSP,Zero Trust; SIEM; Penetration Testing,55.6,1100000,1700000,Learn Zero Trust and SIEM,95.2
PRF_01572,Network Security Engineer,8,Firewalls; TCP/IP; Routing; VPN; Zero Trust,Cyber Defense & Cloud Security Specialist,Network Security Engineer,Firewalls; TCP/IP; Routing; VPN; Zero Trust,AWS Security; SIEM; CISSP; Penetration Testing,55.6,1400000,2300000,Learn AWS Security and SIEM,99.1
PRF_01573,Network Security Engineer,12,VPN; Firewalls; Zero Trust; SIEM,Cyber Defense & Cloud Security Specialist,Network Security Engineer,VPN; Firewalls; Zero Trust; SIEM,AWS Security; CISSP; Penetration Testing,44.4,1900000,2200000,Learn AWS Security and CISSP,73.0
PRF_01574,Network Security Engineer,9,TCP/IP; Routing,Cyber Defense & Cloud Security Specialist,Network Security Engineer,TCP/IP; Routing,AWS Security; Zero Trust; SIEM; CISSP; Penetration Testing,22.2,1550000,950000,Learn AWS Security and Zero Trust,37.8
PRF_01575,Network Security Engineer,13,TCP/IP; Firewalls; VPN; Routing; AWS Security,Cyber Defense & Cloud Security Specialist,Network Security Engineer,TCP/IP; Firewalls; VPN; Routing; AWS Security,Zero Trust; SIEM; CISSP; Penetration Testing,55.6,2300000,2850000,Learn Zero Trust and SIEM,82.9
PRF_01576,Network Security Engineer,14,Routing; TCP/IP; VPN,Cyber Defense & Cloud Security Specialist,Network Security Engineer,Routing; TCP/IP; VPN,AWS Security; Zero Trust; SIEM; CISSP; Penetration Testing,33.3,2300000,1750000,Learn AWS Security and Zero Trust,50.4
PRF_01577,Network Security Engineer,5,VPN; Routing; Firewalls; AWS Security; SIEM; Penetration Testing,Cyber Defense & Cloud Security Specialist,Network Security Engineer,VPN; Routing; Firewalls; AWS Security; SIEM; Penetration Testing,Zero Trust; CISSP,66.7,1550000,2350000,Learn Zero Trust and CISSP,100
PRF_01578,Network Security Engineer,13,Firewalls; VPN; TCP/IP; Routing; CISSP; Zero Trust,Cyber Defense & Cloud Security Specialist,Network Security Engineer,Firewalls; VPN; TCP/IP; Routing; CISSP; Zero Trust,AWS Security; SIEM; Penetration Testing,66.7,1800000,3400000,Learn AWS Security and SIEM,100
PRF_01579,Network Security Engineer,9,TCP/IP; VPN; Routing; SIEM,Cyber Defense & Cloud Security Specialist,Network Security Engineer,TCP/IP; VPN; Routing; SIEM,AWS Security; Zero Trust; CISSP; Penetration Testing,44.4,1850000,1900000,Learn AWS Security and Zero Trust,67.7
PRF_01580,Network Security Engineer,10,Firewalls; Routing; TCP/IP; VPN; AWS Security; Penetration Testing,Cyber Defense & Cloud Security Specialist,Network Security Engineer,Firewalls; Routing; TCP/IP; VPN; AWS Security; Penetration Testing,Zero Trust; SIEM; CISSP,66.7,1800000,3000000,Learn Zero Trust and SIEM,100
PRF_01581,Network Security Engineer,10,Routing; Firewalls; TCP/IP; VPN; AWS Security; Zero Trust,Cyber Defense & Cloud Security Specialist,Network Security Engineer,Routing; Firewalls; TCP/IP; VPN; AWS Security; Zero Trust,SIEM; CISSP; Penetration Testing,66.7,1550000,3000000,Learn SIEM and CISSP,100
PRF_01582,Network Security Engineer,1,VPN; Routing; Firewalls; SIEM,Cyber Defense & Cloud Security Specialist,Network Security Engineer,VPN; Routing; Firewalls; SIEM,AWS Security; Zero Trust; CISSP; Penetration Testing,44.4,1050000,1200000,Learn AWS Security and Zero Trust,72.4
PRF_01583,Network Security Engineer,9,VPN; Routing; Firewalls; TCP/IP; CISSP,Cyber Defense & Cloud Security Specialist,Network Security Engineer,VPN; Routing; Firewalls; TCP/IP; CISSP,AWS Security; Zero Trust; SIEM; Penetration Testing,55.6,2000000,2400000,Learn AWS Security and Zero Trust,81.4
PRF_01584,Network Security Engineer,3,Routing; TCP/IP; Firewalls; Penetration Testing; SIEM,Cyber Defense & Cloud Security Specialist,Network Security Engineer,Routing; TCP/IP; Firewalls; Penetration Testing; SIEM,AWS Security; Zero Trust; CISSP,55.6,1400000,1700000,Learn AWS Security and Zero Trust,81.9
PRF_01585,Network Security Engineer,8,Routing; VPN; Firewalls; Penetration Testing; CISSP,Cyber Defense & Cloud Security Specialist,Network Security Engineer,Routing; VPN; Firewalls; Penetration Testing; CISSP,AWS Security; Zero Trust; SIEM,55.6,1600000,2300000,Learn AWS Security and Zero Trust,90.9
PRF_01586,Network Security Engineer,3,Routing; VPN; TCP/IP; AWS Security; Zero Trust,Cyber Defense & Cloud Security Specialist,Network Security Engineer,Routing; VPN; TCP/IP; AWS Security; Zero Trust,SIEM; CISSP; Penetration Testing,55.6,1300000,1700000,Learn SIEM and CISSP,85.7
PRF_01587,Network Security Engineer,3,TCP/IP; Firewalls; VPN,Cyber Defense & Cloud Security Specialist,Network Security Engineer,TCP/IP; Firewalls; VPN,AWS Security; Zero Trust; SIEM; CISSP; Penetration Testing,33.3,1050000,1050000,Learn AWS Security and Zero Trust,60.0
PRF_01588,Network Security Engineer,8,VPN; TCP/IP; Firewalls; Routing,Cyber Defense & Cloud Security Specialist,Network Security Engineer,VPN; TCP/IP; Firewalls; Routing,AWS Security; Zero Trust; SIEM; CISSP; Penetration Testing,44.4,1350000,1800000,Learn AWS Security and Zero Trust,80.0
PRF_01589,Network Security Engineer,14,Firewalls; TCP/IP; Penetration Testing,Cyber Defense & Cloud Security Specialist,Network Security Engineer,Firewalls; TCP/IP; Penetration Testing,AWS Security; Zero Trust; SIEM; CISSP,33.3,1850000,1750000,Learn AWS Security and Zero Trust,57.8
PRF_01590,Network Security Engineer,1,Firewalls; VPN; Routing; Zero Trust; CISSP; Penetration Testing,Cyber Defense & Cloud Security Specialist,Network Security Engineer,Firewalls; VPN; Routing; Zero Trust; CISSP; Penetration Testing,AWS Security; SIEM,66.7,850000,1800000,Learn AWS Security and SIEM,100
PRF_01591,Network Security Engineer,6,Routing; VPN; Firewalls; TCP/IP; AWS Security; Zero Trust,Cyber Defense & Cloud Security Specialist,Network Security Engineer,Routing; VPN; Firewalls; TCP/IP; AWS Security; Zero Trust,SIEM; CISSP; Penetration Testing,66.7,1250000,2450000,Learn SIEM and CISSP,100
PRF_01592,Network Security Engineer,4,Firewalls; Routing; AWS Security; Zero Trust; CISSP,Cyber Defense & Cloud Security Specialist,Network Security Engineer,Firewalls; Routing; AWS Security; Zero Trust; CISSP,SIEM; Penetration Testing,55.6,1300000,1850000,Learn SIEM and Penetration Testing,90.3
PRF_01593,Network Security Engineer,4,Routing; VPN; CISSP,Cyber Defense & Cloud Security Specialist,Network Security Engineer,Routing; VPN; CISSP,AWS Security; Zero Trust; SIEM; Penetration Testing,33.3,1000000,1100000,Learn AWS Security and Zero Trust,64.0
PRF_01594,Network Security Engineer,2,Routing; TCP/IP; AWS Security; CISSP; SIEM,Cyber Defense & Cloud Security Specialist,Network Security Engineer,Routing; TCP/IP; AWS Security; CISSP; SIEM,Zero Trust; Penetration Testing,55.6,950000,1600000,Learn Zero Trust and Penetration Testing,100
PRF_01595,Network Security Engineer,5,TCP/IP; Routing; AWS Security,Cyber Defense & Cloud Security Specialist,Network Security Engineer,TCP/IP; Routing; AWS Security,Zero Trust; SIEM; CISSP; Penetration Testing,33.3,1250000,1150000,Learn Zero Trust and SIEM,56.8
PRF_01596,Network Security Engineer,11,TCP/IP; VPN; Firewalls; AWS Security; Penetration Testing,Cyber Defense & Cloud Security Specialist,Network Security Engineer,TCP/IP; VPN; Firewalls; AWS Security; Penetration Testing,Zero Trust; SIEM; CISSP,55.6,2300000,2600000,Learn Zero Trust and SIEM,78.6
PRF_01597,Network Security Engineer,9,Routing; VPN; Penetration Testing; AWS Security,Cyber Defense & Cloud Security Specialist,Network Security Engineer,Routing; VPN; Penetration Testing; AWS Security,Zero Trust; SIEM; CISSP,44.4,1900000,1900000,Learn Zero Trust and SIEM,66.6
PRF_01598,Network Security Engineer,1,Routing; TCP/IP; VPN; Firewalls; CISSP; SIEM,Cyber Defense & Cloud Security Specialist,Network Security Engineer,Routing; TCP/IP; VPN; Firewalls; CISSP; SIEM,AWS Security; Zero Trust; Penetration Testing,66.7,1050000,1800000,Learn AWS Security and Zero Trust,100
PRF_01599,Network Security Engineer,7,Firewalls; Routing; TCP/IP,Cyber Defense & Cloud Security Specialist,Network Security Engineer,Firewalls; Routing; TCP/IP,AWS Security; Zero Trust; SIEM; CISSP; Penetration Testing,33.3,1300000,1300000,Learn AWS Security and Zero Trust,60.0
PRF_01600,Network Security Engineer,2,TCP/IP; Firewalls,Cyber Defense & Cloud Security Specialist,Network Security Engineer,TCP/IP; Firewalls,AWS Security; Zero Trust; SIEM; CISSP; Penetration Testing,22.2,1050000,650000,Learn AWS Security and Zero Trust,38.1
PRF_01601,Network Security Engineer,1,TCP/IP; Firewalls; Routing; VPN; CISSP,Cyber Defense & Cloud Security Specialist,Network Security Engineer,TCP/IP; Firewalls; Routing; VPN; CISSP,AWS Security; Zero Trust; SIEM; Penetration Testing,55.6,1050000,1500000,Learn AWS Security and Zero Trust,90.5
PRF_01602,Network Security Engineer,13,TCP/IP; Routing; Zero Trust; SIEM; CISSP,Cyber Defense & Cloud Security Specialist,Network Security Engineer,TCP/IP; Routing; Zero Trust; SIEM; CISSP,AWS Security; Penetration Testing,55.6,1950000,2850000,Learn AWS Security and Penetration Testing,91.8
PRF_01603,Network Security Engineer,9,Routing; VPN; Firewalls; AWS Security; Zero Trust,Cyber Defense & Cloud Security Specialist,Network Security Engineer,Routing; VPN; Firewalls; AWS Security; Zero Trust,SIEM; CISSP; Penetration Testing,55.6,1800000,2400000,Learn SIEM and CISSP,86.7
PRF_01604,Network Security Engineer,11,Firewalls; Routing; TCP/IP; Penetration Testing; CISSP; Zero Trust,Cyber Defense & Cloud Security Specialist,Network Security Engineer,Firewalls; Routing; TCP/IP; Penetration Testing; CISSP; Zero Trust,AWS Security; SIEM,66.7,2300000,3150000,Learn AWS Security and SIEM,94.8
PRF_01605,Network Security Engineer,6,Routing; VPN; CISSP; Penetration Testing; SIEM,Cyber Defense & Cloud Security Specialist,Network Security Engineer,Routing; VPN; CISSP; Penetration Testing; SIEM,AWS Security; Zero Trust,55.6,1550000,2050000,Learn AWS Security and Zero Trust,86.3
PRF_01606,Network Security Engineer,2,Firewalls; Routing; TCP/IP; SIEM; AWS Security; CISSP,Cyber Defense & Cloud Security Specialist,Network Security Engineer,Firewalls; Routing; TCP/IP; SIEM; AWS Security; CISSP,Zero Trust; Penetration Testing,66.7,850000,1950000,Learn Zero Trust and Penetration Testing,100
PRF_01607,Network Security Engineer,12,VPN; Routing; SIEM,Cyber Defense & Cloud Security Specialist,Network Security Engineer,VPN; Routing; SIEM,AWS Security; Zero Trust; CISSP; Penetration Testing,33.3,1700000,1650000,Learn AWS Security and Zero Trust,58.8
PRF_01608,Network Security Engineer,12,Routing; TCP/IP; Firewalls; VPN,Cyber Defense & Cloud Security Specialist,Network Security Engineer,Routing; TCP/IP; Firewalls; VPN,AWS Security; Zero Trust; SIEM; CISSP; Penetration Testing,44.4,1850000,2200000,Learn AWS Security and Zero Trust,74.2
PRF_01609,Network Security Engineer,8,VPN; TCP/IP; Routing; Penetration Testing; SIEM; CISSP,Cyber Defense & Cloud Security Specialist,Network Security Engineer,VPN; TCP/IP; Routing; Penetration Testing; SIEM; CISSP,AWS Security; Zero Trust,66.7,2000000,2750000,Learn AWS Security and Zero Trust,95.0
PRF_01610,Network Security Engineer,12,Routing; TCP/IP; Firewalls; Zero Trust; Penetration Testing,Cyber Defense & Cloud Security Specialist,Network Security Engineer,Routing; TCP/IP; Firewalls; Zero Trust; Penetration Testing,AWS Security; SIEM; CISSP,55.6,1700000,2700000,Learn AWS Security and SIEM,96.9
PRF_01611,Network Security Engineer,8,Routing; TCP/IP; VPN,Cyber Defense & Cloud Security Specialist,Network Security Engineer,Routing; TCP/IP; VPN,AWS Security; Zero Trust; SIEM; CISSP; Penetration Testing,33.3,1650000,1350000,Learn AWS Security and Zero Trust,52.7
PRF_01612,Network Security Engineer,10,Routing; TCP/IP; CISSP; AWS Security,Cyber Defense & Cloud Security Specialist,Network Security Engineer,Routing; TCP/IP; CISSP; AWS Security,Zero Trust; SIEM; Penetration Testing,44.4,1500000,2000000,Learn Zero Trust and SIEM,80.0
PRF_01613,Network Security Engineer,3,Routing; Firewalls; TCP/IP; CISSP; AWS Security; Zero Trust,Cyber Defense & Cloud Security Specialist,Network Security Engineer,Routing; Firewalls; TCP/IP; CISSP; AWS Security; Zero Trust,SIEM; Penetration Testing,66.7,950000,2050000,Learn SIEM and Penetration Testing,100
PRF_01614,Network Security Engineer,14,VPN; TCP/IP; Firewalls; Routing; Penetration Testing; CISSP,Cyber Defense & Cloud Security Specialist,Network Security Engineer,VPN; TCP/IP; Firewalls; Routing; Penetration Testing; CISSP,AWS Security; Zero Trust; SIEM,66.7,2600000,3550000,Learn AWS Security and Zero Trust,94.6
PRF_01615,Network Security Engineer,12,Firewalls; Routing; TCP/IP; Zero Trust; AWS Security,Cyber Defense & Cloud Security Specialist,Network Security Engineer,Firewalls; Routing; TCP/IP; Zero Trust; AWS Security,SIEM; CISSP; Penetration Testing,55.6,1900000,2700000,Learn SIEM and CISSP,90.2
PRF_01616,Network Security Engineer,12,Firewalls; VPN; Routing; TCP/IP; Zero Trust,Cyber Defense & Cloud Security Specialist,Network Security Engineer,Firewalls; VPN; Routing; TCP/IP; Zero Trust,AWS Security; SIEM; CISSP; Penetration Testing,55.6,2350000,2700000,Learn AWS Security and SIEM,79.3
PRF_01617,Network Security Engineer,14,Routing; Firewalls; TCP/IP,Cyber Defense & Cloud Security Specialist,Network Security Engineer,Routing; Firewalls; TCP/IP,AWS Security; Zero Trust; SIEM; CISSP; Penetration Testing,33.3,2150000,1750000,Learn AWS Security and Zero Trust,52.5
PRF_01618,Network Security Engineer,8,TCP/IP; Routing; SIEM; Penetration Testing,Cyber Defense & Cloud Security Specialist,Network Security Engineer,TCP/IP; Routing; SIEM; Penetration Testing,AWS Security; Zero Trust; CISSP,44.4,1750000,1800000,Learn AWS Security and Zero Trust,67.8
PRF_01619,Network Security Engineer,12,TCP/IP; Routing; Penetration Testing; CISSP,Cyber Defense & Cloud Security Specialist,Network Security Engineer,TCP/IP; Routing; Penetration Testing; CISSP,AWS Security; Zero Trust; SIEM,44.4,2300000,2200000,Learn AWS Security and Zero Trust,64.9
PRF_01620,Network Security Engineer,9,Firewalls; Routing; TCP/IP; AWS Security; Zero Trust; SIEM,Cyber Defense & Cloud Security Specialist,Network Security Engineer,Firewalls; Routing; TCP/IP; AWS Security; Zero Trust; SIEM,CISSP; Penetration Testing,66.7,2100000,2850000,Learn CISSP and Penetration Testing,94.3
PRF_01621,Network Security Engineer,6,VPN; Routing; TCP/IP; Firewalls; AWS Security,Cyber Defense & Cloud Security Specialist,Network Security Engineer,VPN; Routing; TCP/IP; Firewalls; AWS Security,Zero Trust; SIEM; CISSP; Penetration Testing,55.6,1500000,2050000,Learn Zero Trust and SIEM,88.0
PRF_01622,Network Security Engineer,4,VPN; Firewalls; CISSP; AWS Security,Cyber Defense & Cloud Security Specialist,Network Security Engineer,VPN; Firewalls; CISSP; AWS Security,Zero Trust; SIEM; Penetration Testing,44.4,1100000,1450000,Learn Zero Trust and SIEM,79.4
PRF_01623,Network Security Engineer,2,TCP/IP; Routing; Firewalls; VPN,Cyber Defense & Cloud Security Specialist,Network Security Engineer,TCP/IP; Routing; Firewalls; VPN,AWS Security; Zero Trust; SIEM; CISSP; Penetration Testing,44.4,1050000,1300000,Learn AWS Security and Zero Trust,76.2
PRF_01624,Network Security Engineer,5,Routing; Firewalls; TCP/IP; VPN; AWS Security; SIEM,Cyber Defense & Cloud Security Specialist,Network Security Engineer,Routing; Firewalls; TCP/IP; VPN; AWS Security; SIEM,Zero Trust; CISSP; Penetration Testing,66.7,1400000,2350000,Learn Zero Trust and CISSP,100
PRF_01625,Network Security Engineer,5,Routing; TCP/IP; Firewalls; VPN,Cyber Defense & Cloud Security Specialist,Network Security Engineer,Routing; TCP/IP; Firewalls; VPN,AWS Security; Zero Trust; SIEM; CISSP; Penetration Testing,44.4,1500000,1550000,Learn AWS Security and Zero Trust,68.0
PRF_01626,Network Security Engineer,3,Firewalls; VPN; Routing; TCP/IP,Cyber Defense & Cloud Security Specialist,Network Security Engineer,Firewalls; VPN; Routing; TCP/IP,AWS Security; Zero Trust; SIEM; CISSP; Penetration Testing,44.4,1300000,1400000,Learn AWS Security and Zero Trust,69.7
PRF_01627,Network Security Engineer,7,Routing; TCP/IP; VPN; SIEM,Cyber Defense & Cloud Security Specialist,Network Security Engineer,Routing; TCP/IP; VPN; SIEM,AWS Security; Zero Trust; CISSP; Penetration Testing,44.4,1600000,1750000,Learn AWS Security and Zero Trust,70.4
PRF_01628,Network Security Engineer,2,TCP/IP; Routing; VPN; Firewalls; AWS Security,Cyber Defense & Cloud Security Specialist,Network Security Engineer,TCP/IP; Routing; VPN; Firewalls; AWS Security,Zero Trust; SIEM; CISSP; Penetration Testing,55.6,1300000,1600000,Learn Zero Trust and SIEM,82.6
PRF_01629,Network Security Engineer,12,VPN; Routing,Cyber Defense & Cloud Security Specialist,Network Security Engineer,VPN; Routing,AWS Security; Zero Trust; SIEM; CISSP; Penetration Testing,22.2,2050000,1100000,Learn AWS Security and Zero Trust,34.8
PRF_01630,Network Security Engineer,8,Firewalls; TCP/IP; VPN; Routing; SIEM; CISSP; AWS Security,Cyber Defense & Cloud Security Specialist,Network Security Engineer,Firewalls; TCP/IP; VPN; Routing; SIEM; CISSP; AWS Security,Zero Trust; Penetration Testing,77.8,2000000,3200000,Learn Zero Trust and Penetration Testing,100
PRF_01631,Network Security Engineer,14,Routing; Firewalls; VPN; CISSP; AWS Security; Zero Trust,Cyber Defense & Cloud Security Specialist,Network Security Engineer,Routing; Firewalls; VPN; CISSP; AWS Security; Zero Trust,SIEM; Penetration Testing,66.7,2300000,3550000,Learn SIEM and Penetration Testing,100
PRF_01632,Network Security Engineer,3,VPN; Routing; Firewalls; Penetration Testing; CISSP,Cyber Defense & Cloud Security Specialist,Network Security Engineer,VPN; Routing; Firewalls; Penetration Testing; CISSP,AWS Security; Zero Trust; SIEM,55.6,950000,1700000,Learn AWS Security and Zero Trust,100
PRF_01633,Network Security Engineer,2,TCP/IP; Routing; VPN,Cyber Defense & Cloud Security Specialist,Network Security Engineer,TCP/IP; Routing; VPN,AWS Security; Zero Trust; SIEM; CISSP; Penetration Testing,33.3,950000,950000,Learn AWS Security and Zero Trust,60.0
PRF_01634,Network Security Engineer,7,TCP/IP; VPN; Routing; AWS Security; Zero Trust; CISSP,Cyber Defense & Cloud Security Specialist,Network Security Engineer,TCP/IP; VPN; Routing; AWS Security; Zero Trust; CISSP,SIEM; Penetration Testing,66.7,1800000,2600000,Learn SIEM and Penetration Testing,97.8
PRF_01635,Network Security Engineer,1,TCP/IP; Firewalls; Penetration Testing,Cyber Defense & Cloud Security Specialist,Network Security Engineer,TCP/IP; Firewalls; Penetration Testing,AWS Security; Zero Trust; SIEM; CISSP,33.3,950000,900000,Learn AWS Security and Zero Trust,57.9
PRF_01636,Network Security Engineer,11,VPN; Routing; TCP/IP,Cyber Defense & Cloud Security Specialist,Network Security Engineer,VPN; Routing; TCP/IP,AWS Security; Zero Trust; SIEM; CISSP; Penetration Testing,33.3,2250000,1550000,Learn AWS Security and Zero Trust,47.5
PRF_01637,Network Security Engineer,3,Routing; VPN; Firewalls,Cyber Defense & Cloud Security Specialist,Network Security Engineer,Routing; VPN; Firewalls,AWS Security; Zero Trust; SIEM; CISSP; Penetration Testing,33.3,1250000,1050000,Learn AWS Security and Zero Trust,53.6
PRF_01638,Network Security Engineer,10,VPN; Firewalls; CISSP; Zero Trust,Cyber Defense & Cloud Security Specialist,Network Security Engineer,VPN; Firewalls; CISSP; Zero Trust,AWS Security; SIEM; Penetration Testing,44.4,1550000,2000000,Learn AWS Security and SIEM,78.3
PRF_01639,Network Security Engineer,8,VPN; Routing; TCP/IP,Cyber Defense & Cloud Security Specialist,Network Security Engineer,VPN; Routing; TCP/IP,AWS Security; Zero Trust; SIEM; CISSP; Penetration Testing,33.3,1400000,1350000,Learn AWS Security and Zero Trust,58.6
PRF_01640,Network Security Engineer,7,Firewalls; TCP/IP; Routing; Zero Trust; AWS Security; SIEM,Cyber Defense & Cloud Security Specialist,Network Security Engineer,Firewalls; TCP/IP; Routing; Zero Trust; AWS Security; SIEM,CISSP; Penetration Testing,66.7,1800000,2600000,Learn CISSP and Penetration Testing,97.8
PRF_01641,Network Security Engineer,7,TCP/IP; Firewalls; Routing; VPN; Penetration Testing; CISSP,Cyber Defense & Cloud Security Specialist,Network Security Engineer,TCP/IP; Firewalls; Routing; VPN; Penetration Testing; CISSP,AWS Security; Zero Trust; SIEM,66.7,1300000,2600000,Learn AWS Security and Zero Trust,100
PRF_01642,Network Security Engineer,14,TCP/IP; VPN; Routing; AWS Security; Penetration Testing; SIEM,Cyber Defense & Cloud Security Specialist,Network Security Engineer,TCP/IP; VPN; Routing; AWS Security; Penetration Testing; SIEM,Zero Trust; CISSP,66.7,2650000,3550000,Learn Zero Trust and CISSP,93.6
PRF_01643,Network Security Engineer,7,Firewalls; VPN; Routing,Cyber Defense & Cloud Security Specialist,Network Security Engineer,Firewalls; VPN; Routing,AWS Security; Zero Trust; SIEM; CISSP; Penetration Testing,33.3,1900000,1300000,Learn AWS Security and Zero Trust,47.3
PRF_01644,Network Security Engineer,13,TCP/IP; Firewalls; SIEM,Cyber Defense & Cloud Security Specialist,Network Security Engineer,TCP/IP; Firewalls; SIEM,AWS Security; Zero Trust; CISSP; Penetration Testing,33.3,2450000,1700000,Learn AWS Security and Zero Trust,47.7
PRF_01645,Network Security Engineer,1,VPN; TCP/IP; AWS Security; Penetration Testing,Cyber Defense & Cloud Security Specialist,Network Security Engineer,VPN; TCP/IP; AWS Security; Penetration Testing,Zero Trust; SIEM; CISSP,44.4,1050000,1200000,Learn Zero Trust and SIEM,72.4
PRF_01646,Network Security Engineer,11,Firewalls; VPN; Routing; TCP/IP,Cyber Defense & Cloud Security Specialist,Network Security Engineer,Firewalls; VPN; Routing; TCP/IP,AWS Security; Zero Trust; SIEM; CISSP; Penetration Testing,44.4,2150000,2100000,Learn AWS Security and Zero Trust,65.7
PRF_01647,Network Security Engineer,5,VPN; TCP/IP; CISSP,Cyber Defense & Cloud Security Specialist,Network Security Engineer,VPN; TCP/IP; CISSP,AWS Security; Zero Trust; SIEM; Penetration Testing,33.3,1400000,1150000,Learn AWS Security and Zero Trust,52.8
PRF_01648,Network Security Engineer,6,VPN; Firewalls; TCP/IP; Routing; Penetration Testing,Cyber Defense & Cloud Security Specialist,Network Security Engineer,VPN; Firewalls; TCP/IP; Routing; Penetration Testing,AWS Security; Zero Trust; SIEM; CISSP,55.6,1750000,2050000,Learn AWS Security and Zero Trust,80.2
PRF_01649,Network Security Engineer,10,VPN; TCP/IP; Routing,Cyber Defense & Cloud Security Specialist,Network Security Engineer,VPN; TCP/IP; Routing,AWS Security; Zero Trust; SIEM; CISSP; Penetration Testing,33.3,1950000,1500000,Learn AWS Security and Zero Trust,50.7
PRF_01650,Network Security Engineer,2,Routing; Firewalls; VPN; Penetration Testing; AWS Security,Cyber Defense & Cloud Security Specialist,Network Security Engineer,Routing; Firewalls; VPN; Penetration Testing; AWS Security,Zero Trust; SIEM; CISSP,55.6,950000,1600000,Learn Zero Trust and SIEM,100
PRF_01651,Network Security Engineer,8,Firewalls; TCP/IP; Routing; VPN; Penetration Testing; AWS Security,Cyber Defense & Cloud Security Specialist,Network Security Engineer,Firewalls; TCP/IP; Routing; VPN; Penetration Testing; AWS Security,Zero Trust; SIEM; CISSP,66.7,1500000,2750000,Learn Zero Trust and SIEM,100
PRF_01652,Network Security Engineer,10,TCP/IP; VPN; Routing; Firewalls; Zero Trust; CISSP; Penetration Testing,Cyber Defense & Cloud Security Specialist,Network Security Engineer,TCP/IP; VPN; Routing; Firewalls; Zero Trust; CISSP; Penetration Testing,AWS Security; SIEM,77.8,1750000,3500000,Learn AWS Security and SIEM,100
PRF_01653,Network Security Engineer,12,VPN; Firewalls; AWS Security,Cyber Defense & Cloud Security Specialist,Network Security Engineer,VPN; Firewalls; AWS Security,Zero Trust; SIEM; CISSP; Penetration Testing,33.3,2350000,1650000,Learn Zero Trust and SIEM,48.1
PRF_01654,Network Security Engineer,12,TCP/IP; Firewalls; VPN; SIEM; Zero Trust; CISSP,Cyber Defense & Cloud Security Specialist,Network Security Engineer,TCP/IP; Firewalls; VPN; SIEM; Zero Trust; CISSP,AWS Security; Penetration Testing,66.7,2050000,3250000,Learn AWS Security and Penetration Testing,100
PRF_01655,Network Security Engineer,7,Routing; Firewalls; VPN; AWS Security; Penetration Testing; Zero Trust,Cyber Defense & Cloud Security Specialist,Network Security Engineer,Routing; Firewalls; VPN; AWS Security; Penetration Testing; Zero Trust,SIEM; CISSP,66.7,1700000,2600000,Learn SIEM and CISSP,100
PRF_01656,Network Security Engineer,5,Firewalls; Routing; TCP/IP; VPN; SIEM; CISSP; Penetration Testing,Cyber Defense & Cloud Security Specialist,Network Security Engineer,Firewalls; Routing; TCP/IP; VPN; SIEM; CISSP; Penetration Testing,AWS Security; Zero Trust,77.8,1450000,2700000,Learn AWS Security and Zero Trust,100
PRF_01657,Network Security Engineer,4,Routing; VPN; AWS Security; Penetration Testing; Zero Trust,Cyber Defense & Cloud Security Specialist,Network Security Engineer,Routing; VPN; AWS Security; Penetration Testing; Zero Trust,SIEM; CISSP,55.6,1250000,1850000,Learn SIEM and CISSP,92.6
PRF_01658,Network Security Engineer,14,TCP/IP; Routing; VPN; Firewalls; CISSP; SIEM,Cyber Defense & Cloud Security Specialist,Network Security Engineer,TCP/IP; Routing; VPN; Firewalls; CISSP; SIEM,AWS Security; Zero Trust; Penetration Testing,66.7,1900000,3550000,Learn AWS Security and Zero Trust,100
PRF_01659,Network Security Engineer,5,Routing; VPN; SIEM; AWS Security,Cyber Defense & Cloud Security Specialist,Network Security Engineer,Routing; VPN; SIEM; AWS Security,Zero Trust; CISSP; Penetration Testing,44.4,1300000,1550000,Learn Zero Trust and CISSP,74.3
PRF_01660,Network Security Engineer,11,Routing; Firewalls; AWS Security,Cyber Defense & Cloud Security Specialist,Network Security Engineer,Routing; Firewalls; AWS Security,Zero Trust; SIEM; CISSP; Penetration Testing,33.3,2300000,1550000,Learn Zero Trust and SIEM,46.9
PRF_01661,Network Security Engineer,12,Routing; VPN; Firewalls; TCP/IP; AWS Security; SIEM,Cyber Defense & Cloud Security Specialist,Network Security Engineer,Routing; VPN; Firewalls; TCP/IP; AWS Security; SIEM,Zero Trust; CISSP; Penetration Testing,66.7,2000000,3250000,Learn Zero Trust and CISSP,100
PRF_01662,Network Security Engineer,4,Firewalls; VPN; CISSP,Cyber Defense & Cloud Security Specialist,Network Security Engineer,Firewalls; VPN; CISSP,AWS Security; Zero Trust; SIEM; Penetration Testing,33.3,1500000,1100000,Learn AWS Security and Zero Trust,49.3
PRF_01663,Network Security Engineer,13,TCP/IP; Firewalls; CISSP; Penetration Testing; Zero Trust,Cyber Defense & Cloud Security Specialist,Network Security Engineer,TCP/IP; Firewalls; CISSP; Penetration Testing; Zero Trust,AWS Security; SIEM,55.6,2600000,2850000,Learn AWS Security and SIEM,77.2
PRF_01664,Network Security Engineer,12,VPN; Firewalls; Routing; SIEM; Penetration Testing; AWS Security,Cyber Defense & Cloud Security Specialist,Network Security Engineer,VPN; Firewalls; Routing; SIEM; Penetration Testing; AWS Security,Zero Trust; CISSP,66.7,1700000,3250000,Learn Zero Trust and CISSP,100
PRF_01665,Network Security Engineer,5,TCP/IP; Routing; VPN; Firewalls; CISSP; AWS Security,Cyber Defense & Cloud Security Specialist,Network Security Engineer,TCP/IP; Routing; VPN; Firewalls; CISSP; AWS Security,Zero Trust; SIEM; Penetration Testing,66.7,1150000,2350000,Learn Zero Trust and SIEM,100
PRF_01666,Network Security Engineer,11,Routing; TCP/IP; VPN; AWS Security; Zero Trust,Cyber Defense & Cloud Security Specialist,Network Security Engineer,Routing; TCP/IP; VPN; AWS Security; Zero Trust,SIEM; CISSP; Penetration Testing,55.6,2050000,2600000,Learn SIEM and CISSP,84.1
PRF_01667,Network Security Engineer,8,TCP/IP; Firewalls,Cyber Defense & Cloud Security Specialist,Network Security Engineer,TCP/IP; Firewalls,AWS Security; Zero Trust; SIEM; CISSP; Penetration Testing,22.2,1750000,900000,Learn AWS Security and Zero Trust,33.9
PRF_01668,Network Security Engineer,8,TCP/IP; Firewalls; Routing; VPN; Penetration Testing; AWS Security,Cyber Defense & Cloud Security Specialist,Network Security Engineer,TCP/IP; Firewalls; Routing; VPN; Penetration Testing; AWS Security,Zero Trust; SIEM; CISSP,66.7,1650000,2750000,Learn Zero Trust and SIEM,100
PRF_01669,Network Security Engineer,2,Routing; Firewalls; VPN; TCP/IP; Penetration Testing,Cyber Defense & Cloud Security Specialist,Network Security Engineer,Routing; Firewalls; VPN; TCP/IP; Penetration Testing,AWS Security; Zero Trust; SIEM; CISSP,55.6,850000,1600000,Learn AWS Security and Zero Trust,100
PRF_01670,Network Security Engineer,6,Routing; VPN; Zero Trust; AWS Security; CISSP,Cyber Defense & Cloud Security Specialist,Network Security Engineer,Routing; VPN; Zero Trust; AWS Security; CISSP,SIEM; Penetration Testing,55.6,1350000,2050000,Learn SIEM and Penetration Testing,94.1
PRF_01671,Network Security Engineer,10,Firewalls; TCP/IP; Zero Trust; Penetration Testing; CISSP,Cyber Defense & Cloud Security Specialist,Network Security Engineer,Firewalls; TCP/IP; Zero Trust; Penetration Testing; CISSP,AWS Security; SIEM,55.6,2250000,2500000,Learn AWS Security and SIEM,77.8
PRF_01672,Network Security Engineer,11,TCP/IP; VPN; Firewalls; Routing; Penetration Testing; SIEM,Cyber Defense & Cloud Security Specialist,Network Security Engineer,TCP/IP; VPN; Firewalls; Routing; Penetration Testing; SIEM,AWS Security; Zero Trust; CISSP,66.7,2350000,3150000,Learn AWS Security and Zero Trust,93.6
PRF_01673,Network Security Engineer,10,VPN; TCP/IP; Routing; Penetration Testing,Cyber Defense & Cloud Security Specialist,Network Security Engineer,VPN; TCP/IP; Routing; Penetration Testing,AWS Security; Zero Trust; SIEM; CISSP,44.4,2000000,2000000,Learn AWS Security and Zero Trust,66.6
PRF_01674,Network Security Engineer,13,TCP/IP; VPN; Routing,Cyber Defense & Cloud Security Specialist,Network Security Engineer,TCP/IP; VPN; Routing,AWS Security; Zero Trust; SIEM; CISSP; Penetration Testing,33.3,2200000,1700000,Learn AWS Security and Zero Trust,50.9
PRF_01675,Network Security Engineer,9,Firewalls; VPN; TCP/IP; Zero Trust; SIEM,Cyber Defense & Cloud Security Specialist,Network Security Engineer,Firewalls; VPN; TCP/IP; Zero Trust; SIEM,AWS Security; CISSP; Penetration Testing,55.6,1450000,2400000,Learn AWS Security and CISSP,99.6
PRF_01676,Network Security Engineer,13,TCP/IP; VPN,Cyber Defense & Cloud Security Specialist,Network Security Engineer,TCP/IP; VPN,AWS Security; Zero Trust; SIEM; CISSP; Penetration Testing,22.2,2250000,1150000,Learn AWS Security and Zero Trust,33.8
PRF_01677,Network Security Engineer,12,Routing; Firewalls; VPN; TCP/IP; Penetration Testing,Cyber Defense & Cloud Security Specialist,Network Security Engineer,Routing; Firewalls; VPN; TCP/IP; Penetration Testing,AWS Security; Zero Trust; SIEM; CISSP,55.6,2150000,2700000,Learn AWS Security and Zero Trust,83.6
PRF_01678,Network Security Engineer,10,TCP/IP; VPN; Routing; SIEM,Cyber Defense & Cloud Security Specialist,Network Security Engineer,TCP/IP; VPN; Routing; SIEM,AWS Security; Zero Trust; CISSP; Penetration Testing,44.4,2250000,2000000,Learn AWS Security and Zero Trust,62.2
PRF_01679,Network Security Engineer,9,Routing; VPN; Firewalls; CISSP; AWS Security; Penetration Testing,Cyber Defense & Cloud Security Specialist,Network Security Engineer,Routing; VPN; Firewalls; CISSP; AWS Security; Penetration Testing,Zero Trust; SIEM,66.7,1650000,2850000,Learn Zero Trust and SIEM,100
PRF_01680,Network Security Engineer,14,VPN; Routing; Zero Trust,Cyber Defense & Cloud Security Specialist,Network Security Engineer,VPN; Routing; Zero Trust,AWS Security; SIEM; CISSP; Penetration Testing,33.3,2200000,1750000,Learn AWS Security and SIEM,51.8
PRF_01681,Network Security Engineer,7,Routing; TCP/IP; VPN; Penetration Testing; CISSP; SIEM,Cyber Defense & Cloud Security Specialist,Network Security Engineer,Routing; TCP/IP; VPN; Penetration Testing; CISSP; SIEM,AWS Security; Zero Trust,66.7,1850000,2600000,Learn AWS Security and Zero Trust,96.2
PRF_01682,Network Security Engineer,7,VPN; TCP/IP; Routing; Firewalls; Zero Trust; SIEM; AWS Security,Cyber Defense & Cloud Security Specialist,Network Security Engineer,VPN; TCP/IP; Routing; Firewalls; Zero Trust; SIEM; AWS Security,CISSP; Penetration Testing,77.8,1450000,3050000,Learn CISSP and Penetration Testing,100
PRF_01683,Network Security Engineer,9,Firewalls; VPN; AWS Security; SIEM; CISSP,Cyber Defense & Cloud Security Specialist,Network Security Engineer,Firewalls; VPN; AWS Security; SIEM; CISSP,Zero Trust; Penetration Testing,55.6,1700000,2400000,Learn Zero Trust and Penetration Testing,89.8
PRF_01684,Network Security Engineer,9,TCP/IP; Firewalls; Zero Trust; SIEM; CISSP,Cyber Defense & Cloud Security Specialist,Network Security Engineer,TCP/IP; Firewalls; Zero Trust; SIEM; CISSP,AWS Security; Penetration Testing,55.6,2000000,2400000,Learn AWS Security and Penetration Testing,81.4
PRF_01685,Network Security Engineer,8,VPN; Routing; SIEM; Zero Trust,Cyber Defense & Cloud Security Specialist,Network Security Engineer,VPN; Routing; SIEM; Zero Trust,AWS Security; CISSP; Penetration Testing,44.4,1800000,1800000,Learn AWS Security and CISSP,66.6
PRF_01686,Network Security Engineer,5,Firewalls; Routing; VPN; TCP/IP; SIEM; CISSP; Penetration Testing,Cyber Defense & Cloud Security Specialist,Network Security Engineer,Firewalls; Routing; VPN; TCP/IP; SIEM; CISSP; Penetration Testing,AWS Security; Zero Trust,77.8,1450000,2700000,Learn AWS Security and Zero Trust,100
PRF_01687,Network Security Engineer,11,Firewalls; TCP/IP; Routing; VPN,Cyber Defense & Cloud Security Specialist,Network Security Engineer,Firewalls; TCP/IP; Routing; VPN,AWS Security; Zero Trust; SIEM; CISSP; Penetration Testing,44.4,2150000,2100000,Learn AWS Security and Zero Trust,65.7
PRF_01688,Network Security Engineer,8,VPN; Firewalls; TCP/IP; Routing; AWS Security; Penetration Testing,Cyber Defense & Cloud Security Specialist,Network Security Engineer,VPN; Firewalls; TCP/IP; Routing; AWS Security; Penetration Testing,Zero Trust; SIEM; CISSP,66.7,1850000,2750000,Learn Zero Trust and SIEM,99.5
PRF_01689,Network Security Engineer,10,Firewalls; VPN; TCP/IP; Routing; Penetration Testing; AWS Security,Cyber Defense & Cloud Security Specialist,Network Security Engineer,Firewalls; VPN; TCP/IP; Routing; Penetration Testing; AWS Security,Zero Trust; SIEM; CISSP,66.7,1700000,3000000,Learn Zero Trust and SIEM,100
PRF_01690,Network Security Engineer,12,Routing; VPN; AWS Security; CISSP,Cyber Defense & Cloud Security Specialist,Network Security Engineer,Routing; VPN; AWS Security; CISSP,Zero Trust; SIEM; Penetration Testing,44.4,1800000,2200000,Learn Zero Trust and SIEM,75.5
PRF_01691,Network Security Engineer,8,TCP/IP; Firewalls; Routing,Cyber Defense & Cloud Security Specialist,Network Security Engineer,TCP/IP; Firewalls; Routing,AWS Security; Zero Trust; SIEM; CISSP; Penetration Testing,33.3,1800000,1350000,Learn AWS Security and Zero Trust,50.0
PRF_01692,Network Security Engineer,9,TCP/IP; Routing; Firewalls; VPN; SIEM; CISSP,Cyber Defense & Cloud Security Specialist,Network Security Engineer,TCP/IP; Routing; Firewalls; VPN; SIEM; CISSP,AWS Security; Zero Trust; Penetration Testing,66.7,1850000,2850000,Learn AWS Security and Zero Trust,100
PRF_01693,Network Security Engineer,4,TCP/IP; Firewalls; Routing; VPN,Cyber Defense & Cloud Security Specialist,Network Security Engineer,TCP/IP; Firewalls; Routing; VPN,AWS Security; Zero Trust; SIEM; CISSP; Penetration Testing,44.4,1500000,1450000,Learn AWS Security and Zero Trust,65.3
PRF_01694,Network Security Engineer,10,VPN; Routing; Firewalls; TCP/IP; CISSP,Cyber Defense & Cloud Security Specialist,Network Security Engineer,VPN; Routing; Firewalls; TCP/IP; CISSP,AWS Security; Zero Trust; SIEM; Penetration Testing,55.6,2000000,2500000,Learn AWS Security and Zero Trust,83.4
PRF_01695,Network Security Engineer,14,Firewalls; VPN; Routing; TCP/IP,Cyber Defense & Cloud Security Specialist,Network Security Engineer,Firewalls; VPN; Routing; TCP/IP,AWS Security; Zero Trust; SIEM; CISSP; Penetration Testing,44.4,1850000,2350000,Learn AWS Security and Zero Trust,77.5
PRF_01696,Network Security Engineer,1,VPN; Firewalls; TCP/IP,Cyber Defense & Cloud Security Specialist,Network Security Engineer,VPN; Firewalls; TCP/IP,AWS Security; Zero Trust; SIEM; CISSP; Penetration Testing,33.3,1150000,900000,Learn AWS Security and Zero Trust,51.3
PRF_01697,Network Security Engineer,14,TCP/IP; Firewalls; Routing; Penetration Testing; AWS Security; SIEM,Cyber Defense & Cloud Security Specialist,Network Security Engineer,TCP/IP; Firewalls; Routing; Penetration Testing; AWS Security; SIEM,Zero Trust; CISSP,66.7,2050000,3550000,Learn Zero Trust and CISSP,100
PRF_01698,Network Security Engineer,3,VPN; TCP/IP; Firewalls; Zero Trust,Cyber Defense & Cloud Security Specialist,Network Security Engineer,VPN; TCP/IP; Firewalls; Zero Trust,AWS Security; SIEM; CISSP; Penetration Testing,44.4,1400000,1400000,Learn AWS Security and SIEM,66.6
PRF_01699,Network Security Engineer,8,VPN; TCP/IP; Routing; Firewalls; CISSP,Cyber Defense & Cloud Security Specialist,Network Security Engineer,VPN; TCP/IP; Routing; Firewalls; CISSP,AWS Security; Zero Trust; SIEM; Penetration Testing,55.6,2050000,2300000,Learn AWS Security and Zero Trust,78.2
PRF_01700,Network Security Engineer,3,Routing; VPN; TCP/IP; AWS Security,Cyber Defense & Cloud Security Specialist,Network Security Engineer,Routing; VPN; TCP/IP; AWS Security,Zero Trust; SIEM; CISSP; Penetration Testing,44.4,1250000,1400000,Learn Zero Trust and SIEM,71.4
PRF_01701,Network Security Engineer,4,Firewalls; Routing; VPN; SIEM; AWS Security; Penetration Testing,Cyber Defense & Cloud Security Specialist,Network Security Engineer,Firewalls; Routing; VPN; SIEM; AWS Security; Penetration Testing,Zero Trust; CISSP,66.7,1400000,2200000,Learn Zero Trust and CISSP,100
PRF_01702,Network Security Engineer,6,Firewalls; TCP/IP; Routing; AWS Security,Cyber Defense & Cloud Security Specialist,Network Security Engineer,Firewalls; TCP/IP; Routing; AWS Security,Zero Trust; SIEM; CISSP; Penetration Testing,44.4,1650000,1650000,Learn Zero Trust and SIEM,66.6
PRF_01703,Network Security Engineer,6,Routing; VPN; AWS Security; CISSP; Zero Trust,Cyber Defense & Cloud Security Specialist,Network Security Engineer,Routing; VPN; AWS Security; CISSP; Zero Trust,SIEM; Penetration Testing,55.6,1550000,2050000,Learn SIEM and Penetration Testing,86.3
PRF_01704,Network Security Engineer,5,TCP/IP; Firewalls; VPN; Routing,Cyber Defense & Cloud Security Specialist,Network Security Engineer,TCP/IP; Firewalls; VPN; Routing,AWS Security; Zero Trust; SIEM; CISSP; Penetration Testing,44.4,1250000,1550000,Learn AWS Security and Zero Trust,76.2
PRF_01705,Network Security Engineer,11,Routing; Firewalls; VPN; TCP/IP; SIEM; CISSP; Penetration Testing,Cyber Defense & Cloud Security Specialist,Network Security Engineer,Routing; Firewalls; VPN; TCP/IP; SIEM; CISSP; Penetration Testing,AWS Security; Zero Trust,77.8,2000000,3650000,Learn AWS Security and Zero Trust,100
PRF_01706,Network Security Engineer,3,Routing; Firewalls; TCP/IP; CISSP; Penetration Testing,Cyber Defense & Cloud Security Specialist,Network Security Engineer,Routing; Firewalls; TCP/IP; CISSP; Penetration Testing,AWS Security; Zero Trust; SIEM,55.6,1350000,1700000,Learn AWS Security and Zero Trust,83.7
PRF_01707,Network Security Engineer,4,Routing; TCP/IP; VPN; Zero Trust; Penetration Testing; AWS Security,Cyber Defense & Cloud Security Specialist,Network Security Engineer,Routing; TCP/IP; VPN; Zero Trust; Penetration Testing; AWS Security,SIEM; CISSP,66.7,1500000,2200000,Learn SIEM and CISSP,98.7
PRF_01708,Network Security Engineer,4,VPN; Routing; Penetration Testing,Cyber Defense & Cloud Security Specialist,Network Security Engineer,VPN; Routing; Penetration Testing,AWS Security; Zero Trust; SIEM; CISSP,33.3,1500000,1100000,Learn AWS Security and Zero Trust,49.3
PRF_01709,Network Security Engineer,9,Firewalls; TCP/IP; VPN; CISSP; AWS Security; Penetration Testing,Cyber Defense & Cloud Security Specialist,Network Security Engineer,Firewalls; TCP/IP; VPN; CISSP; AWS Security; Penetration Testing,Zero Trust; SIEM,66.7,2000000,2850000,Learn Zero Trust and SIEM,97.0
PRF_01710,Network Security Engineer,4,Routing; VPN; Firewalls; Zero Trust,Cyber Defense & Cloud Security Specialist,Network Security Engineer,Routing; VPN; Firewalls; Zero Trust,AWS Security; SIEM; CISSP; Penetration Testing,44.4,1050000,1450000,Learn AWS Security and SIEM,81.9
PRF_01711,Network Security Engineer,3,Firewalls; VPN; Routing,Cyber Defense & Cloud Security Specialist,Network Security Engineer,Firewalls; VPN; Routing,AWS Security; Zero Trust; SIEM; CISSP; Penetration Testing,33.3,1200000,1050000,Learn AWS Security and Zero Trust,55.0
PRF_01712,Network Security Engineer,9,Firewalls; Routing; TCP/IP; SIEM; AWS Security,Cyber Defense & Cloud Security Specialist,Network Security Engineer,Firewalls; Routing; TCP/IP; SIEM; AWS Security,Zero Trust; CISSP; Penetration Testing,55.6,2100000,2400000,Learn Zero Trust and CISSP,79.1
PRF_01713,Network Security Engineer,8,TCP/IP; VPN; Firewalls; SIEM; Zero Trust,Cyber Defense & Cloud Security Specialist,Network Security Engineer,TCP/IP; VPN; Firewalls; SIEM; Zero Trust,AWS Security; CISSP; Penetration Testing,55.6,1600000,2300000,Learn AWS Security and CISSP,90.9
PRF_01714,Network Security Engineer,4,Routing; VPN; TCP/IP; Penetration Testing; Zero Trust; SIEM,Cyber Defense & Cloud Security Specialist,Network Security Engineer,Routing; VPN; TCP/IP; Penetration Testing; Zero Trust; SIEM,AWS Security; CISSP,66.7,1450000,2200000,Learn AWS Security and CISSP,100
PRF_01715,Network Security Engineer,1,Firewalls; TCP/IP; Routing; Penetration Testing; CISSP; Zero Trust,Cyber Defense & Cloud Security Specialist,Network Security Engineer,Firewalls; TCP/IP; Routing; Penetration Testing; CISSP; Zero Trust,AWS Security; SIEM,66.7,1100000,1800000,Learn AWS Security and SIEM,100
PRF_01716,Network Security Engineer,7,Routing; TCP/IP; Firewalls; AWS Security; Penetration Testing; SIEM,Cyber Defense & Cloud Security Specialist,Network Security Engineer,Routing; TCP/IP; Firewalls; AWS Security; Penetration Testing; SIEM,Zero Trust; CISSP,66.7,1350000,2600000,Learn Zero Trust and CISSP,100
PRF_01717,Network Security Engineer,4,VPN; Firewalls; Routing; Zero Trust; Penetration Testing; CISSP,Cyber Defense & Cloud Security Specialist,Network Security Engineer,VPN; Firewalls; Routing; Zero Trust; Penetration Testing; CISSP,AWS Security; SIEM,66.7,1300000,2200000,Learn AWS Security and SIEM,100
PRF_01718,Network Security Engineer,14,VPN; Firewalls; Routing; TCP/IP; Zero Trust,Cyber Defense & Cloud Security Specialist,Network Security Engineer,VPN; Firewalls; Routing; TCP/IP; Zero Trust,AWS Security; SIEM; CISSP; Penetration Testing,55.6,2300000,2950000,Learn AWS Security and SIEM,84.7
PRF_01719,Network Security Engineer,8,Routing; TCP/IP; Firewalls; VPN; Penetration Testing,Cyber Defense & Cloud Security Specialist,Network Security Engineer,Routing; TCP/IP; Firewalls; VPN; Penetration Testing,AWS Security; Zero Trust; SIEM; CISSP,55.6,1900000,2300000,Learn AWS Security and Zero Trust,81.8
PRF_01720,Network Security Engineer,2,Routing; TCP/IP; VPN; CISSP; SIEM,Cyber Defense & Cloud Security Specialist,Network Security Engineer,Routing; TCP/IP; VPN; CISSP; SIEM,AWS Security; Zero Trust; Penetration Testing,55.6,1100000,1600000,Learn AWS Security and Zero Trust,91.5
PRF_01721,Network Security Engineer,12,Routing; VPN; Firewalls,Cyber Defense & Cloud Security Specialist,Network Security Engineer,Routing; VPN; Firewalls,AWS Security; Zero Trust; SIEM; CISSP; Penetration Testing,33.3,2000000,1650000,Learn AWS Security and Zero Trust,53.0
PRF_01722,Network Security Engineer,5,TCP/IP; Routing; Firewalls; Zero Trust; SIEM,Cyber Defense & Cloud Security Specialist,Network Security Engineer,TCP/IP; Routing; Firewalls; Zero Trust; SIEM,AWS Security; CISSP; Penetration Testing,55.6,1250000,1950000,Learn AWS Security and CISSP,95.8
PRF_01723,Network Security Engineer,13,VPN; Firewalls; TCP/IP; Routing; SIEM; Penetration Testing; AWS Security,Cyber Defense & Cloud Security Specialist,Network Security Engineer,VPN; Firewalls; TCP/IP; Routing; SIEM; Penetration Testing; AWS Security,Zero Trust; CISSP,77.8,2450000,3950000,Learn Zero Trust and CISSP,100
PRF_01724,Network Security Engineer,8,Firewalls; TCP/IP; VPN; Zero Trust; Penetration Testing,Cyber Defense & Cloud Security Specialist,Network Security Engineer,Firewalls; TCP/IP; VPN; Zero Trust; Penetration Testing,AWS Security; SIEM; CISSP,55.6,1850000,2300000,Learn AWS Security and SIEM,83.1
PRF_01725,Network Security Engineer,3,Routing; TCP/IP; VPN; Firewalls; SIEM; AWS Security; Penetration Testing,Cyber Defense & Cloud Security Specialist,Network Security Engineer,Routing; TCP/IP; VPN; Firewalls; SIEM; AWS Security; Penetration Testing,Zero Trust; CISSP,77.8,1250000,2400000,Learn Zero Trust and CISSP,100
PRF_01726,Network Security Engineer,8,TCP/IP; Firewalls; VPN; CISSP; Zero Trust; Penetration Testing,Cyber Defense & Cloud Security Specialist,Network Security Engineer,TCP/IP; Firewalls; VPN; CISSP; Zero Trust; Penetration Testing,AWS Security; SIEM,66.7,1300000,2750000,Learn AWS Security and SIEM,100
PRF_01727,Network Security Engineer,13,Firewalls; TCP/IP; Routing; Penetration Testing; CISSP; Zero Trust,Cyber Defense & Cloud Security Specialist,Network Security Engineer,Firewalls; TCP/IP; Routing; Penetration Testing; CISSP; Zero Trust,AWS Security; SIEM,66.7,2100000,3400000,Learn AWS Security and SIEM,100
PRF_01728,Network Security Engineer,4,TCP/IP; VPN; Firewalls; Zero Trust,Cyber Defense & Cloud Security Specialist,Network Security Engineer,TCP/IP; VPN; Firewalls; Zero Trust,AWS Security; SIEM; CISSP; Penetration Testing,44.4,1100000,1450000,Learn AWS Security and SIEM,79.4
PRF_01729,Network Security Engineer,12,TCP/IP; Routing; VPN; Firewalls; Zero Trust; CISSP; AWS Security,Cyber Defense & Cloud Security Specialist,Network Security Engineer,TCP/IP; Routing; VPN; Firewalls; Zero Trust; CISSP; AWS Security,SIEM; Penetration Testing,77.8,1700000,3800000,Learn SIEM and Penetration Testing,100
PRF_01730,Network Security Engineer,2,TCP/IP; Firewalls; Routing; VPN; SIEM; Penetration Testing,Cyber Defense & Cloud Security Specialist,Network Security Engineer,TCP/IP; Firewalls; Routing; VPN; SIEM; Penetration Testing,AWS Security; Zero Trust; CISSP,66.7,1200000,1950000,Learn AWS Security and Zero Trust,100
PRF_01731,Network Security Engineer,10,TCP/IP; Firewalls; VPN,Cyber Defense & Cloud Security Specialist,Network Security Engineer,TCP/IP; Firewalls; VPN,AWS Security; Zero Trust; SIEM; CISSP; Penetration Testing,33.3,2100000,1500000,Learn AWS Security and Zero Trust,48.6
PRF_01732,Network Security Engineer,4,TCP/IP; Routing; VPN; AWS Security; Zero Trust,Cyber Defense & Cloud Security Specialist,Network Security Engineer,TCP/IP; Routing; VPN; AWS Security; Zero Trust,SIEM; CISSP; Penetration Testing,55.6,1300000,1850000,Learn SIEM and CISSP,90.3
PRF_01733,Network Security Engineer,11,TCP/IP; Routing; Firewalls; CISSP; AWS Security,Cyber Defense & Cloud Security Specialist,Network Security Engineer,TCP/IP; Routing; Firewalls; CISSP; AWS Security,Zero Trust; SIEM; Penetration Testing,55.6,1800000,2600000,Learn Zero Trust and SIEM,91.1
PRF_01734,Network Security Engineer,12,TCP/IP; VPN; Routing,Cyber Defense & Cloud Security Specialist,Network Security Engineer,TCP/IP; VPN; Routing,AWS Security; Zero Trust; SIEM; CISSP; Penetration Testing,33.3,2200000,1650000,Learn AWS Security and Zero Trust,50.0
PRF_01735,Network Security Engineer,4,VPN; Routing; Firewalls; AWS Security; CISSP; Zero Trust,Cyber Defense & Cloud Security Specialist,Network Security Engineer,VPN; Routing; Firewalls; AWS Security; CISSP; Zero Trust,SIEM; Penetration Testing,66.7,1000000,2200000,Learn SIEM and Penetration Testing,100
PRF_01736,Network Security Engineer,8,TCP/IP; Routing; Firewalls; Penetration Testing,Cyber Defense & Cloud Security Specialist,Network Security Engineer,TCP/IP; Routing; Firewalls; Penetration Testing,AWS Security; Zero Trust; SIEM; CISSP,44.4,1850000,1800000,Learn AWS Security and Zero Trust,65.6
PRF_01737,Network Security Engineer,3,Routing; VPN; TCP/IP; Firewalls,Cyber Defense & Cloud Security Specialist,Network Security Engineer,Routing; VPN; TCP/IP; Firewalls,AWS Security; Zero Trust; SIEM; CISSP; Penetration Testing,44.4,1400000,1400000,Learn AWS Security and Zero Trust,66.6
PRF_01738,Network Security Engineer,4,TCP/IP; Firewalls; SIEM; Penetration Testing; AWS Security,Cyber Defense & Cloud Security Specialist,Network Security Engineer,TCP/IP; Firewalls; SIEM; Penetration Testing; AWS Security,Zero Trust; CISSP,55.6,1450000,1850000,Learn Zero Trust and CISSP,84.4
PRF_01739,Network Security Engineer,9,Firewalls; TCP/IP; SIEM; Zero Trust,Cyber Defense & Cloud Security Specialist,Network Security Engineer,Firewalls; TCP/IP; SIEM; Zero Trust,AWS Security; CISSP; Penetration Testing,44.4,1750000,1900000,Learn AWS Security and CISSP,70.1
PRF_01740,Network Security Engineer,7,VPN; Firewalls,Cyber Defense & Cloud Security Specialist,Network Security Engineer,VPN; Firewalls,AWS Security; Zero Trust; SIEM; CISSP; Penetration Testing,22.2,1300000,850000,Learn AWS Security and Zero Trust,39.5
PRF_01741,Network Security Engineer,4,VPN; Firewalls; TCP/IP; AWS Security; Penetration Testing; Zero Trust,Cyber Defense & Cloud Security Specialist,Network Security Engineer,VPN; Firewalls; TCP/IP; AWS Security; Penetration Testing; Zero Trust,SIEM; CISSP,66.7,1500000,2200000,Learn SIEM and CISSP,98.7
PRF_01742,Network Security Engineer,2,TCP/IP; Firewalls; Routing; SIEM; AWS Security,Cyber Defense & Cloud Security Specialist,Network Security Engineer,TCP/IP; Firewalls; Routing; SIEM; AWS Security,Zero Trust; CISSP; Penetration Testing,55.6,850000,1600000,Learn Zero Trust and CISSP,100
PRF_01743,Network Security Engineer,6,Routing; TCP/IP; VPN; Firewalls; Zero Trust; AWS Security,Cyber Defense & Cloud Security Specialist,Network Security Engineer,Routing; TCP/IP; VPN; Firewalls; Zero Trust; AWS Security,SIEM; CISSP; Penetration Testing,66.7,1400000,2450000,Learn SIEM and CISSP,100
PRF_01744,Network Security Engineer,8,TCP/IP; Routing; SIEM; Zero Trust,Cyber Defense & Cloud Security Specialist,Network Security Engineer,TCP/IP; Routing; SIEM; Zero Trust,AWS Security; CISSP; Penetration Testing,44.4,1550000,1800000,Learn AWS Security and CISSP,73.1
PRF_01745,Network Security Engineer,13,VPN; Firewalls; Routing; AWS Security; CISSP; SIEM,Cyber Defense & Cloud Security Specialist,Network Security Engineer,VPN; Firewalls; Routing; AWS Security; CISSP; SIEM,Zero Trust; Penetration Testing,66.7,1950000,3400000,Learn Zero Trust and Penetration Testing,100
PRF_01746,Network Security Engineer,11,TCP/IP; VPN; Firewalls; Routing; Zero Trust; AWS Security,Cyber Defense & Cloud Security Specialist,Network Security Engineer,TCP/IP; VPN; Firewalls; Routing; Zero Trust; AWS Security,SIEM; CISSP; Penetration Testing,66.7,1600000,3150000,Learn SIEM and CISSP,100
PRF_01747,Network Security Engineer,11,Routing; Firewalls; Penetration Testing,Cyber Defense & Cloud Security Specialist,Network Security Engineer,Routing; Firewalls; Penetration Testing,AWS Security; Zero Trust; SIEM; CISSP,33.3,2250000,1550000,Learn AWS Security and Zero Trust,47.5
PRF_01748,Network Security Engineer,3,Routing; TCP/IP; VPN; Firewalls; AWS Security,Cyber Defense & Cloud Security Specialist,Network Security Engineer,Routing; TCP/IP; VPN; Firewalls; AWS Security,Zero Trust; SIEM; CISSP; Penetration Testing,55.6,1400000,1700000,Learn Zero Trust and SIEM,81.9
PRF_01749,Network Security Engineer,6,TCP/IP; Routing; SIEM; Zero Trust; AWS Security,Cyber Defense & Cloud Security Specialist,Network Security Engineer,TCP/IP; Routing; SIEM; Zero Trust; AWS Security,CISSP; Penetration Testing,55.6,1750000,2050000,Learn CISSP and Penetration Testing,80.2
PRF_01750,Network Security Engineer,12,Firewalls; VPN; Routing; Penetration Testing; CISSP; AWS Security,Cyber Defense & Cloud Security Specialist,Network Security Engineer,Firewalls; VPN; Routing; Penetration Testing; CISSP; AWS Security,Zero Trust; SIEM,66.7,1600000,3250000,Learn Zero Trust and SIEM,100
PRF_01751,Business Analyst,5,User Stories; Agile,Senior Product & Analytics Manager,Business Analyst,User Stories; Agile,Product Strategy; SQL; Data Analytics; A/B Testing; Stakeholder Management,22.2,1200000,750000,Learn Product Strategy and SQL,38.3
PRF_01752,Business Analyst,9,User Stories; Agile; Requirement Gathering; Jira; A/B Testing,Senior Product & Analytics Manager,Business Analyst,User Stories; Agile; Requirement Gathering; Jira; A/B Testing,Product Strategy; SQL; Data Analytics; Stakeholder Management,55.6,1500000,2300000,Learn Product Strategy and SQL,94.7
PRF_01753,Business Analyst,7,Agile; Requirement Gathering; Jira; User Stories; Stakeholder Management; Data Analytics,Senior Product & Analytics Manager,Business Analyst,Agile; Requirement Gathering; Jira; User Stories; Stakeholder Management; Data Analytics,Product Strategy; SQL; A/B Testing,66.7,1250000,2500000,Learn Product Strategy and SQL,100
PRF_01754,Business Analyst,13,Agile; Jira; A/B Testing; Product Strategy; Data Analytics,Senior Product & Analytics Manager,Business Analyst,Agile; Jira; A/B Testing; Product Strategy; Data Analytics,SQL; Stakeholder Management,55.6,1750000,2700000,Learn SQL and Stakeholder Management,95.1
PRF_01755,Business Analyst,1,Requirement Gathering; User Stories; Jira; SQL; Product Strategy,Senior Product & Analytics Manager,Business Analyst,Requirement Gathering; User Stories; Jira; SQL; Product Strategy,Data Analytics; A/B Testing; Stakeholder Management,55.6,800000,1450000,Learn Data Analytics and A/B Testing,100
PRF_01756,Business Analyst,1,Jira; User Stories; A/B Testing; Data Analytics,Senior Product & Analytics Manager,Business Analyst,Jira; User Stories; A/B Testing; Data Analytics,Product Strategy; SQL; Stakeholder Management,44.4,900000,1150000,Learn Product Strategy and SQL,77.8
PRF_01757,Business Analyst,7,Agile; Requirement Gathering; Jira; Stakeholder Management; Product Strategy; A/B Testing,Senior Product & Analytics Manager,Business Analyst,Agile; Requirement Gathering; Jira; Stakeholder Management; Product Strategy; A/B Testing,SQL; Data Analytics,66.7,1150000,2500000,Learn SQL and Data Analytics,100
PRF_01758,Business Analyst,2,Requirement Gathering; User Stories; Jira; Agile; Product Strategy,Senior Product & Analytics Manager,Business Analyst,Requirement Gathering; User Stories; Jira; Agile; Product Strategy,SQL; Data Analytics; A/B Testing; Stakeholder Management,55.6,700000,1550000,Learn SQL and Data Analytics,100
PRF_01759,Business Analyst,14,Requirement Gathering; Jira; SQL; A/B Testing; Data Analytics,Senior Product & Analytics Manager,Business Analyst,Requirement Gathering; Jira; SQL; A/B Testing; Data Analytics,Product Strategy; Stakeholder Management,55.6,1850000,2850000,Learn Product Strategy and Stakeholder Management,95.0
PRF_01760,Business Analyst,10,Agile; Requirement Gathering,Senior Product & Analytics Manager,Business Analyst,Agile; Requirement Gathering,Product Strategy; SQL; Data Analytics; A/B Testing; Stakeholder Management,22.2,1700000,950000,Learn Product Strategy and SQL,35.7
PRF_01761,Business Analyst,3,User Stories; Agile; Jira; Data Analytics; SQL,Senior Product & Analytics Manager,Business Analyst,User Stories; Agile; Jira; Data Analytics; SQL,Product Strategy; A/B Testing; Stakeholder Management,55.6,1150000,1650000,Learn Product Strategy and A/B Testing,90.8
PRF_01762,Business Analyst,4,Agile; Jira; User Stories; Stakeholder Management; A/B Testing; Data Analytics,Senior Product & Analytics Manager,Business Analyst,Agile; Jira; User Stories; Stakeholder Management; A/B Testing; Data Analytics,Product Strategy; SQL,66.7,1250000,2100000,Learn Product Strategy and SQL,100
PRF_01763,Business Analyst,12,Jira; Agile; Stakeholder Management,Senior Product & Analytics Manager,Business Analyst,Jira; Agile; Stakeholder Management,Product Strategy; SQL; Data Analytics; A/B Testing,33.3,1450000,1550000,Learn Product Strategy and SQL,62.7
PRF_01764,Business Analyst,13,Agile; Requirement Gathering; User Stories; Stakeholder Management; Data Analytics; A/B Testing,Senior Product & Analytics Manager,Business Analyst,Agile; Requirement Gathering; User Stories; Stakeholder Management; Data Analytics; A/B Testing,Product Strategy; SQL,66.7,1900000,3250000,Learn Product Strategy and SQL,100
PRF_01765,Business Analyst,9,Agile; Jira; Requirement Gathering,Senior Product & Analytics Manager,Business Analyst,Agile; Jira; Requirement Gathering,Product Strategy; SQL; Data Analytics; A/B Testing; Stakeholder Management,33.3,1700000,1350000,Learn Product Strategy and SQL,51.7
PRF_01766,Business Analyst,13,Jira; User Stories; Agile; Requirement Gathering; Stakeholder Management,Senior Product & Analytics Manager,Business Analyst,Jira; User Stories; Agile; Requirement Gathering; Stakeholder Management,Product Strategy; SQL; Data Analytics; A/B Testing,55.6,1900000,2700000,Learn Product Strategy and SQL,90.2
PRF_01767,Business Analyst,6,Jira; Requirement Gathering; User Stories; Agile; Data Analytics; Stakeholder Management,Senior Product & Analytics Manager,Business Analyst,Jira; Requirement Gathering; User Stories; Agile; Data Analytics; Stakeholder Management,Product Strategy; SQL; A/B Testing,66.7,1150000,2350000,Learn Product Strategy and SQL,100
PRF_01768,Business Analyst,10,Requirement Gathering; Agile; User Stories,Senior Product & Analytics Manager,Business Analyst,Requirement Gathering; Agile; User Stories,Product Strategy; SQL; Data Analytics; A/B Testing; Stakeholder Management,33.3,1350000,1450000,Learn Product Strategy and SQL,62.9
PRF_01769,Business Analyst,1,Requirement Gathering; Jira,Senior Product & Analytics Manager,Business Analyst,Requirement Gathering; Jira,Product Strategy; SQL; Data Analytics; A/B Testing; Stakeholder Management,22.2,950000,600000,Learn Product Strategy and SQL,38.6
PRF_01770,Business Analyst,5,User Stories; Jira; Stakeholder Management,Senior Product & Analytics Manager,Business Analyst,User Stories; Jira; Stakeholder Management,Product Strategy; SQL; Data Analytics; A/B Testing,33.3,1050000,1100000,Learn Product Strategy and SQL,61.9
PRF_01771,Business Analyst,9,Requirement Gathering; Jira,Senior Product & Analytics Manager,Business Analyst,Requirement Gathering; Jira,Product Strategy; SQL; Data Analytics; A/B Testing; Stakeholder Management,22.2,1150000,900000,Learn Product Strategy and SQL,44.6
PRF_01772,Business Analyst,14,Requirement Gathering; Agile; Jira; A/B Testing,Senior Product & Analytics Manager,Business Analyst,Requirement Gathering; Agile; Jira; A/B Testing,Product Strategy; SQL; Data Analytics; Stakeholder Management,44.4,1900000,2250000,Learn Product Strategy and SQL,74.0
PRF_01773,Business Analyst,14,User Stories; Requirement Gathering; Product Strategy; A/B Testing,Senior Product & Analytics Manager,Business Analyst,User Stories; Requirement Gathering; Product Strategy; A/B Testing,SQL; Data Analytics; Stakeholder Management,44.4,1550000,2250000,Learn SQL and Data Analytics,84.7
PRF_01774,Business Analyst,9,Agile; Jira; Requirement Gathering; Product Strategy,Senior Product & Analytics Manager,Business Analyst,Agile; Jira; Requirement Gathering; Product Strategy,SQL; Data Analytics; A/B Testing; Stakeholder Management,44.4,1300000,1850000,Learn SQL and Data Analytics,83.6
PRF_01775,Business Analyst,6,Jira; Requirement Gathering; User Stories; A/B Testing,Senior Product & Analytics Manager,Business Analyst,Jira; Requirement Gathering; User Stories; A/B Testing,Product Strategy; SQL; Data Analytics; Stakeholder Management,44.4,1400000,1600000,Learn Product Strategy and SQL,72.4
PRF_01776,Business Analyst,12,User Stories; Agile; Requirement Gathering,Senior Product & Analytics Manager,Business Analyst,User Stories; Agile; Requirement Gathering,Product Strategy; SQL; Data Analytics; A/B Testing; Stakeholder Management,33.3,2000000,1550000,Learn Product Strategy and SQL,51.0
PRF_01777,Business Analyst,11,Requirement Gathering; User Stories; Agile; Data Analytics; Product Strategy; Stakeholder Management,Senior Product & Analytics Manager,Business Analyst,Requirement Gathering; User Stories; Agile; Data Analytics; Product Strategy; Stakeholder Management,SQL; A/B Testing,66.7,1850000,3000000,Learn SQL and A/B Testing,100
PRF_01778,Business Analyst,1,User Stories; Jira; Requirement Gathering; SQL,Senior Product & Analytics Manager,Business Analyst,User Stories; Jira; Requirement Gathering; SQL,Product Strategy; Data Analytics; A/B Testing; Stakeholder Management,44.4,850000,1150000,Learn Product Strategy and Data Analytics,80.8
PRF_01779,Business Analyst,4,Jira; User Stories; Agile; Requirement Gathering,Senior Product & Analytics Manager,Business Analyst,Jira; User Stories; Agile; Requirement Gathering,Product Strategy; SQL; Data Analytics; A/B Testing; Stakeholder Management,44.4,1100000,1400000,Learn Product Strategy and SQL,77.5
PRF_01780,Business Analyst,5,User Stories; Requirement Gathering; Jira; Product Strategy; A/B Testing,Senior Product & Analytics Manager,Business Analyst,User Stories; Requirement Gathering; Jira; Product Strategy; A/B Testing,SQL; Data Analytics; Stakeholder Management,55.6,1250000,1850000,Learn SQL and Data Analytics,92.6
PRF_01781,Business Analyst,3,Agile; User Stories; Jira; Requirement Gathering,Senior Product & Analytics Manager,Business Analyst,Agile; User Stories; Jira; Requirement Gathering,Product Strategy; SQL; Data Analytics; A/B Testing; Stakeholder Management,44.4,1150000,1300000,Learn Product Strategy and SQL,71.9
PRF_01782,Business Analyst,8,User Stories; Agile; Requirement Gathering; Jira,Senior Product & Analytics Manager,Business Analyst,User Stories; Agile; Requirement Gathering; Jira,Product Strategy; SQL; Data Analytics; A/B Testing; Stakeholder Management,44.4,1400000,1750000,Learn Product Strategy and SQL,76.6
PRF_01783,Business Analyst,3,Jira; Requirement Gathering; Agile; User Stories; Stakeholder Management; Data Analytics,Senior Product & Analytics Manager,Business Analyst,Jira; Requirement Gathering; Agile; User Stories; Stakeholder Management; Data Analytics,Product Strategy; SQL; A/B Testing,66.7,1000000,2000000,Learn Product Strategy and SQL,100
PRF_01784,Business Analyst,4,User Stories; Agile; Requirement Gathering; Stakeholder Management; Product Strategy; A/B Testing,Senior Product & Analytics Manager,Business Analyst,User Stories; Agile; Requirement Gathering; Stakeholder Management; Product Strategy; A/B Testing,SQL; Data Analytics,66.7,1050000,2100000,Learn SQL and Data Analytics,100
PRF_01785,Business Analyst,12,User Stories; Requirement Gathering,Senior Product & Analytics Manager,Business Analyst,User Stories; Requirement Gathering,Product Strategy; SQL; Data Analytics; A/B Testing; Stakeholder Management,22.2,2050000,1050000,Learn Product Strategy and SQL,33.8
PRF_01786,Business Analyst,6,Requirement Gathering; Agile; SQL; A/B Testing; Data Analytics,Senior Product & Analytics Manager,Business Analyst,Requirement Gathering; Agile; SQL; A/B Testing; Data Analytics,Product Strategy; Stakeholder Management,55.6,1350000,1950000,Learn Product Strategy and Stakeholder Management,91.1
PRF_01787,Business Analyst,2,Agile; User Stories; Stakeholder Management,Senior Product & Analytics Manager,Business Analyst,Agile; User Stories; Stakeholder Management,Product Strategy; SQL; Data Analytics; A/B Testing,33.3,950000,950000,Learn Product Strategy and SQL,60.0
PRF_01788,Business Analyst,11,Agile; User Stories; Jira; Requirement Gathering; Stakeholder Management; A/B Testing; SQL,Senior Product & Analytics Manager,Business Analyst,Agile; User Stories; Jira; Requirement Gathering; Stakeholder Management; A/B Testing; SQL,Product Strategy; Data Analytics,77.8,1900000,3500000,Learn Product Strategy and Data Analytics,100
PRF_01789,Business Analyst,4,Requirement Gathering; Jira; Product Strategy; A/B Testing,Senior Product & Analytics Manager,Business Analyst,Requirement Gathering; Jira; Product Strategy; A/B Testing,SQL; Data Analytics; Stakeholder Management,44.4,1150000,1400000,Learn SQL and Data Analytics,75.3
PRF_01790,Business Analyst,4,Jira; Agile; A/B Testing; Product Strategy; SQL,Senior Product & Analytics Manager,Business Analyst,Jira; Agile; A/B Testing; Product Strategy; SQL,Data Analytics; Stakeholder Management,55.6,950000,1750000,Learn Data Analytics and Stakeholder Management,100
PRF_01791,Business Analyst,13,User Stories; Jira; Requirement Gathering; Agile,Senior Product & Analytics Manager,Business Analyst,User Stories; Jira; Requirement Gathering; Agile,Product Strategy; SQL; Data Analytics; A/B Testing; Stakeholder Management,44.4,1700000,2150000,Learn Product Strategy and SQL,77.2
PRF_01792,Business Analyst,11,Agile; Requirement Gathering; A/B Testing; Data Analytics,Senior Product & Analytics Manager,Business Analyst,Agile; Requirement Gathering; A/B Testing; Data Analytics,Product Strategy; SQL; Stakeholder Management,44.4,1500000,2000000,Learn Product Strategy and SQL,80.0
PRF_01793,Business Analyst,7,User Stories; Agile,Senior Product & Analytics Manager,Business Analyst,User Stories; Agile,Product Strategy; SQL; Data Analytics; A/B Testing; Stakeholder Management,22.2,1150000,850000,Learn Product Strategy and SQL,42.9
PRF_01794,Business Analyst,11,User Stories; Agile; Jira; Requirement Gathering; Data Analytics,Senior Product & Analytics Manager,Business Analyst,User Stories; Agile; Jira; Requirement Gathering; Data Analytics,Product Strategy; SQL; A/B Testing; Stakeholder Management,55.6,1850000,2500000,Learn Product Strategy and SQL,87.4
PRF_01795,Business Analyst,13,Requirement Gathering; Agile; Jira; SQL; Product Strategy,Senior Product & Analytics Manager,Business Analyst,Requirement Gathering; Agile; Jira; SQL; Product Strategy,Data Analytics; A/B Testing; Stakeholder Management,55.6,1800000,2700000,Learn Data Analytics and A/B Testing,93.4
PRF_01796,Business Analyst,3,User Stories; Requirement Gathering; Jira,Senior Product & Analytics Manager,Business Analyst,User Stories; Requirement Gathering; Jira,Product Strategy; SQL; Data Analytics; A/B Testing; Stakeholder Management,33.3,850000,1000000,Learn Product Strategy and SQL,67.0
PRF_01797,Business Analyst,4,Requirement Gathering; User Stories; Product Strategy,Senior Product & Analytics Manager,Business Analyst,Requirement Gathering; User Stories; Product Strategy,SQL; Data Analytics; A/B Testing; Stakeholder Management,33.3,1150000,1050000,Learn SQL and Data Analytics,56.5
PRF_01798,Business Analyst,7,User Stories; Agile; A/B Testing,Senior Product & Analytics Manager,Business Analyst,User Stories; Agile; A/B Testing,Product Strategy; SQL; Data Analytics; Stakeholder Management,33.3,1250000,1250000,Learn Product Strategy and SQL,60.0
PRF_01799,Business Analyst,7,Requirement Gathering; User Stories; Agile; Product Strategy; A/B Testing,Senior Product & Analytics Manager,Business Analyst,Requirement Gathering; User Stories; Agile; Product Strategy; A/B Testing,SQL; Data Analytics; Stakeholder Management,55.6,1500000,2100000,Learn SQL and Data Analytics,89.4
PRF_01800,Business Analyst,8,Agile; User Stories; SQL; Stakeholder Management; Data Analytics,Senior Product & Analytics Manager,Business Analyst,Agile; User Stories; SQL; Stakeholder Management; Data Analytics,Product Strategy; A/B Testing,55.6,1150000,2200000,Learn Product Strategy and A/B Testing,100
PRF_01801,Business Analyst,2,User Stories; Requirement Gathering; Data Analytics; SQL; A/B Testing,Senior Product & Analytics Manager,Business Analyst,User Stories; Requirement Gathering; Data Analytics; SQL; A/B Testing,Product Strategy; Stakeholder Management,55.6,750000,1550000,Learn Product Strategy and Stakeholder Management,100
PRF_01802,Business Analyst,2,Requirement Gathering; Jira; Agile; A/B Testing; Stakeholder Management,Senior Product & Analytics Manager,Business Analyst,Requirement Gathering; Jira; Agile; A/B Testing; Stakeholder Management,Product Strategy; SQL; Data Analytics,55.6,1050000,1550000,Learn Product Strategy and SQL,92.4
PRF_01803,Business Analyst,7,Agile; User Stories; Jira; Data Analytics,Senior Product & Analytics Manager,Business Analyst,Agile; User Stories; Jira; Data Analytics,Product Strategy; SQL; A/B Testing; Stakeholder Management,44.4,1300000,1650000,Learn Product Strategy and SQL,77.4
PRF_01804,Business Analyst,10,Jira; User Stories; Requirement Gathering; Agile; Product Strategy; Stakeholder Management; Data Analytics,Senior Product & Analytics Manager,Business Analyst,Jira; User Stories; Requirement Gathering; Agile; Product Strategy; Stakeholder Management; Data Analytics,SQL; A/B Testing,77.8,1600000,3350000,Learn SQL and A/B Testing,100
PRF_01805,Business Analyst,2,User Stories; Requirement Gathering; Agile; SQL; Stakeholder Management; Data Analytics,Senior Product & Analytics Manager,Business Analyst,User Stories; Requirement Gathering; Agile; SQL; Stakeholder Management; Data Analytics,Product Strategy; A/B Testing,66.7,1050000,1850000,Learn Product Strategy and A/B Testing,100
PRF_01806,Business Analyst,3,User Stories; Requirement Gathering; SQL,Senior Product & Analytics Manager,Business Analyst,User Stories; Requirement Gathering; SQL,Product Strategy; Data Analytics; A/B Testing; Stakeholder Management,33.3,900000,1000000,Learn Product Strategy and Data Analytics,64.4
PRF_01807,Business Analyst,5,Agile; Jira; Data Analytics; Stakeholder Management,Senior Product & Analytics Manager,Business Analyst,Agile; Jira; Data Analytics; Stakeholder Management,Product Strategy; SQL; A/B Testing,44.4,1250000,1500000,Learn Product Strategy and SQL,74.6
PRF_01808,Business Analyst,3,Requirement Gathering; Jira; Agile; SQL,Senior Product & Analytics Manager,Business Analyst,Requirement Gathering; Jira; Agile; SQL,Product Strategy; Data Analytics; A/B Testing; Stakeholder Management,44.4,1000000,1300000,Learn Product Strategy and Data Analytics,78.6
PRF_01809,Business Analyst,2,Agile; Jira; User Stories; A/B Testing,Senior Product & Analytics Manager,Business Analyst,Agile; Jira; User Stories; A/B Testing,Product Strategy; SQL; Data Analytics; Stakeholder Management,44.4,1000000,1250000,Learn Product Strategy and SQL,76.6
PRF_01810,Business Analyst,13,User Stories; Jira; Agile; Requirement Gathering; Product Strategy,Senior Product & Analytics Manager,Business Analyst,User Stories; Jira; Agile; Requirement Gathering; Product Strategy,SQL; Data Analytics; A/B Testing; Stakeholder Management,55.6,2050000,2700000,Learn SQL and Data Analytics,86.0
PRF_01811,Business Analyst,4,Requirement Gathering; Jira; User Stories; Product Strategy; SQL; Data Analytics,Senior Product & Analytics Manager,Business Analyst,Requirement Gathering; Jira; User Stories; Product Strategy; SQL; Data Analytics,A/B Testing; Stakeholder Management,66.7,850000,2100000,Learn A/B Testing and Stakeholder Management,100
PRF_01812,Business Analyst,12,Jira; User Stories; Requirement Gathering; Data Analytics; Stakeholder Management; A/B Testing,Senior Product & Analytics Manager,Business Analyst,Jira; User Stories; Requirement Gathering; Data Analytics; Stakeholder Management; A/B Testing,Product Strategy; SQL,66.7,2050000,3150000,Learn Product Strategy and SQL,100
PRF_01813,Business Analyst,10,Requirement Gathering; Agile; User Stories; Jira; SQL; A/B Testing,Senior Product & Analytics Manager,Business Analyst,Requirement Gathering; Agile; User Stories; Jira; SQL; A/B Testing,Product Strategy; Data Analytics; Stakeholder Management,66.7,1350000,2900000,Learn Product Strategy and Data Analytics,100
PRF_01814,Business Analyst,6,Requirement Gathering; Agile; User Stories; Jira; Data Analytics; A/B Testing,Senior Product & Analytics Manager,Business Analyst,Requirement Gathering; Agile; User Stories; Jira; Data Analytics; A/B Testing,Product Strategy; SQL; Stakeholder Management,66.7,1150000,2350000,Learn Product Strategy and SQL,100
PRF_01815,Business Analyst,7,Requirement Gathering; Jira; Stakeholder Management,Senior Product & Analytics Manager,Business Analyst,Requirement Gathering; Jira; Stakeholder Management,Product Strategy; SQL; Data Analytics; A/B Testing,33.3,1500000,1250000,Learn Product Strategy and SQL,53.3
PRF_01816,Business Analyst,4,User Stories; Jira; Requirement Gathering,Senior Product & Analytics Manager,Business Analyst,User Stories; Jira; Requirement Gathering,Product Strategy; SQL; Data Analytics; A/B Testing; Stakeholder Management,33.3,1000000,1050000,Learn Product Strategy and SQL,62.0
PRF_01817,Business Analyst,10,Jira; Agile; User Stories; SQL; Stakeholder Management; A/B Testing,Senior Product & Analytics Manager,Business Analyst,Jira; Agile; User Stories; SQL; Stakeholder Management; A/B Testing,Product Strategy; Data Analytics,66.7,1350000,2900000,Learn Product Strategy and Data Analytics,100
PRF_01818,Business Analyst,3,Requirement Gathering; Agile; User Stories; Stakeholder Management; Product Strategy; Data Analytics,Senior Product & Analytics Manager,Business Analyst,Requirement Gathering; Agile; User Stories; Stakeholder Management; Product Strategy; Data Analytics,SQL; A/B Testing,66.7,800000,2000000,Learn SQL and A/B Testing,100
PRF_01819,Business Analyst,6,User Stories; Requirement Gathering; Agile; Jira; A/B Testing; Product Strategy; Stakeholder Management,Senior Product & Analytics Manager,Business Analyst,User Stories; Requirement Gathering; Agile; Jira; A/B Testing; Product Strategy; Stakeholder Management,SQL; Data Analytics,77.8,1300000,2750000,Learn SQL and Data Analytics,100
PRF_01820,Business Analyst,1,User Stories; Agile,Senior Product & Analytics Manager,Business Analyst,User Stories; Agile,Product Strategy; SQL; Data Analytics; A/B Testing; Stakeholder Management,22.2,950000,600000,Learn Product Strategy and SQL,38.6
PRF_01821,Business Analyst,7,Jira; User Stories; A/B Testing,Senior Product & Analytics Manager,Business Analyst,Jira; User Stories; A/B Testing,Product Strategy; SQL; Data Analytics; Stakeholder Management,33.3,1150000,1250000,Learn Product Strategy and SQL,63.5
PRF_01822,Business Analyst,3,Jira; Requirement Gathering,Senior Product & Analytics Manager,Business Analyst,Jira; Requirement Gathering,Product Strategy; SQL; Data Analytics; A/B Testing; Stakeholder Management,22.2,1150000,650000,Learn Product Strategy and SQL,35.9
PRF_01823,Business Analyst,1,Jira; Agile; User Stories; Requirement Gathering; Data Analytics; SQL,Senior Product & Analytics Manager,Business Analyst,Jira; Agile; User Stories; Requirement Gathering; Data Analytics; SQL,Product Strategy; A/B Testing; Stakeholder Management,66.7,950000,1750000,Learn Product Strategy and A/B Testing,100
PRF_01824,Business Analyst,9,User Stories; Requirement Gathering,Senior Product & Analytics Manager,Business Analyst,User Stories; Requirement Gathering,Product Strategy; SQL; Data Analytics; A/B Testing; Stakeholder Management,22.2,1800000,900000,Learn Product Strategy and SQL,33.3
PRF_01825,Business Analyst,10,Jira; Requirement Gathering; SQL,Senior Product & Analytics Manager,Business Analyst,Jira; Requirement Gathering; SQL,Product Strategy; Data Analytics; A/B Testing; Stakeholder Management,33.3,1500000,1450000,Learn Product Strategy and Data Analytics,58.6
PRF_01826,Business Analyst,13,Jira; Agile; A/B Testing; Product Strategy,Senior Product & Analytics Manager,Business Analyst,Jira; Agile; A/B Testing; Product Strategy,SQL; Data Analytics; Stakeholder Management,44.4,1750000,2150000,Learn SQL and Data Analytics,75.8
PRF_01827,Business Analyst,3,Jira; Agile; User Stories; Requirement Gathering; A/B Testing; Data Analytics; SQL,Senior Product & Analytics Manager,Business Analyst,Jira; Agile; User Stories; Requirement Gathering; A/B Testing; Data Analytics; SQL,Product Strategy; Stakeholder Management,77.8,1000000,2300000,Learn Product Strategy and Stakeholder Management,100
PRF_01828,Business Analyst,2,Jira; User Stories; Requirement Gathering; SQL; Product Strategy,Senior Product & Analytics Manager,Business Analyst,Jira; User Stories; Requirement Gathering; SQL; Product Strategy,Data Analytics; A/B Testing; Stakeholder Management,55.6,1000000,1550000,Learn Data Analytics and A/B Testing,95.4
PRF_01829,Business Analyst,1,Requirement Gathering; Agile; User Stories; Jira; SQL,Senior Product & Analytics Manager,Business Analyst,Requirement Gathering; Agile; User Stories; Jira; SQL,Product Strategy; Data Analytics; A/B Testing; Stakeholder Management,55.6,900000,1450000,Learn Product Strategy and Data Analytics,97.8
PRF_01830,Business Analyst,9,Agile; User Stories; Requirement Gathering; Stakeholder Management; SQL; Product Strategy,Senior Product & Analytics Manager,Business Analyst,Agile; User Stories; Requirement Gathering; Stakeholder Management; SQL; Product Strategy,Data Analytics; A/B Testing,66.7,1600000,2750000,Learn Data Analytics and A/B Testing,100
PRF_01831,Business Analyst,12,Requirement Gathering; Agile; Jira; User Stories; A/B Testing,Senior Product & Analytics Manager,Business Analyst,Requirement Gathering; Agile; Jira; User Stories; A/B Testing,Product Strategy; SQL; Data Analytics; Stakeholder Management,55.6,1650000,2600000,Learn Product Strategy and SQL,96.4
PRF_01832,Business Analyst,7,Jira; Agile; Requirement Gathering; A/B Testing,Senior Product & Analytics Manager,Business Analyst,Jira; Agile; Requirement Gathering; A/B Testing,Product Strategy; SQL; Data Analytics; Stakeholder Management,44.4,1550000,1650000,Learn Product Strategy and SQL,69.2
PRF_01833,Business Analyst,11,Requirement Gathering; Agile; User Stories; Jira,Senior Product & Analytics Manager,Business Analyst,Requirement Gathering; Agile; User Stories; Jira,Product Strategy; SQL; Data Analytics; A/B Testing; Stakeholder Management,44.4,1600000,2000000,Learn Product Strategy and SQL,76.6
PRF_01834,Business Analyst,2,User Stories; Requirement Gathering; Data Analytics,Senior Product & Analytics Manager,Business Analyst,User Stories; Requirement Gathering; Data Analytics,Product Strategy; SQL; A/B Testing; Stakeholder Management,33.3,1100000,950000,Learn Product Strategy and SQL,54.5
PRF_01835,Business Analyst,1,Jira; Agile; Requirement Gathering; User Stories; Stakeholder Management,Senior Product & Analytics Manager,Business Analyst,Jira; Agile; Requirement Gathering; User Stories; Stakeholder Management,Product Strategy; SQL; Data Analytics; A/B Testing,55.6,750000,1450000,Learn Product Strategy and SQL,100
PRF_01836,Business Analyst,8,Agile; Requirement Gathering; User Stories; SQL,Senior Product & Analytics Manager,Business Analyst,Agile; Requirement Gathering; User Stories; SQL,Product Strategy; Data Analytics; A/B Testing; Stakeholder Management,44.4,1400000,1750000,Learn Product Strategy and Data Analytics,76.6
PRF_01837,Business Analyst,3,User Stories; Jira; Requirement Gathering; Agile,Senior Product & Analytics Manager,Business Analyst,User Stories; Jira; Requirement Gathering; Agile,Product Strategy; SQL; Data Analytics; A/B Testing; Stakeholder Management,44.4,850000,1300000,Learn Product Strategy and SQL,87.8
PRF_01838,Business Analyst,14,User Stories; Agile; Jira; Data Analytics,Senior Product & Analytics Manager,Business Analyst,User Stories; Agile; Jira; Data Analytics,Product Strategy; SQL; A/B Testing; Stakeholder Management,44.4,1850000,2250000,Learn Product Strategy and SQL,75.3
PRF_01839,Business Analyst,13,Requirement Gathering; User Stories; Agile; Data Analytics; Stakeholder Management; Product Strategy,Senior Product & Analytics Manager,Business Analyst,Requirement Gathering; User Stories; Agile; Data Analytics; Stakeholder Management; Product Strategy,SQL; A/B Testing,66.7,1650000,3250000,Learn SQL and A/B Testing,100
PRF_01840,Business Analyst,7,User Stories; Jira; Agile; A/B Testing,Senior Product & Analytics Manager,Business Analyst,User Stories; Jira; Agile; A/B Testing,Product Strategy; SQL; Data Analytics; Stakeholder Management,44.4,1050000,1650000,Learn Product Strategy and SQL,89.5
PRF_01841,Business Analyst,6,User Stories; Requirement Gathering; Product Strategy,Senior Product & Analytics Manager,Business Analyst,User Stories; Requirement Gathering; Product Strategy,SQL; Data Analytics; A/B Testing; Stakeholder Management,33.3,1300000,1200000,Learn SQL and Data Analytics,56.9
PRF_01842,Business Analyst,1,Agile; User Stories; Jira; A/B Testing,Senior Product & Analytics Manager,Business Analyst,Agile; User Stories; Jira; A/B Testing,Product Strategy; SQL; Data Analytics; Stakeholder Management,44.4,650000,1150000,Learn Product Strategy and SQL,97.4
PRF_01843,Business Analyst,11,Jira; User Stories; Stakeholder Management; Data Analytics; SQL,Senior Product & Analytics Manager,Business Analyst,Jira; User Stories; Stakeholder Management; Data Analytics; SQL,Product Strategy; A/B Testing,55.6,1800000,2500000,Learn Product Strategy and A/B Testing,88.9
PRF_01844,Business Analyst,2,User Stories; Agile; A/B Testing,Senior Product & Analytics Manager,Business Analyst,User Stories; Agile; A/B Testing,Product Strategy; SQL; Data Analytics; Stakeholder Management,33.3,850000,950000,Learn Product Strategy and SQL,64.7
PRF_01845,Business Analyst,8,Agile; Requirement Gathering; Jira; User Stories,Senior Product & Analytics Manager,Business Analyst,Agile; Requirement Gathering; Jira; User Stories,Product Strategy; SQL; Data Analytics; A/B Testing; Stakeholder Management,44.4,1400000,1750000,Learn Product Strategy and SQL,76.6
PRF_01846,Business Analyst,10,Requirement Gathering; Agile; SQL,Senior Product & Analytics Manager,Business Analyst,Requirement Gathering; Agile; SQL,Product Strategy; Data Analytics; A/B Testing; Stakeholder Management,33.3,1550000,1450000,Learn Product Strategy and Data Analytics,57.4
PRF_01847,Business Analyst,1,Requirement Gathering; Jira; SQL,Senior Product & Analytics Manager,Business Analyst,Requirement Gathering; Jira; SQL,Product Strategy; Data Analytics; A/B Testing; Stakeholder Management,33.3,650000,850000,Learn Product Strategy and Data Analytics,72.3
PRF_01848,Business Analyst,1,User Stories; Requirement Gathering; Jira; Agile; Stakeholder Management; SQL,Senior Product & Analytics Manager,Business Analyst,User Stories; Requirement Gathering; Jira; Agile; Stakeholder Management; SQL,Product Strategy; Data Analytics; A/B Testing,66.7,650000,1750000,Learn Product Strategy and Data Analytics,100
PRF_01849,Business Analyst,13,User Stories; Jira; Requirement Gathering; Data Analytics,Senior Product & Analytics Manager,Business Analyst,User Stories; Jira; Requirement Gathering; Data Analytics,Product Strategy; SQL; A/B Testing; Stakeholder Management,44.4,1600000,2150000,Learn Product Strategy and SQL,80.4
PRF_01850,Business Analyst,7,Jira; User Stories; Requirement Gathering; Agile; Data Analytics,Senior Product & Analytics Manager,Business Analyst,Jira; User Stories; Requirement Gathering; Agile; Data Analytics,Product Strategy; SQL; A/B Testing; Stakeholder Management,55.6,1100000,2100000,Learn Product Strategy and SQL,100
PRF_01851,Business Analyst,12,User Stories; Agile; Jira; Requirement Gathering; A/B Testing,Senior Product & Analytics Manager,Business Analyst,User Stories; Agile; Jira; Requirement Gathering; A/B Testing,Product Strategy; SQL; Data Analytics; Stakeholder Management,55.6,1600000,2600000,Learn Product Strategy and SQL,98.4
PRF_01852,Business Analyst,1,Requirement Gathering; Jira; A/B Testing; Data Analytics; Product Strategy,Senior Product & Analytics Manager,Business Analyst,Requirement Gathering; Jira; A/B Testing; Data Analytics; Product Strategy,SQL; Stakeholder Management,55.6,850000,1450000,Learn SQL and Stakeholder Management,100
PRF_01853,Business Analyst,10,Requirement Gathering; Jira; Agile; User Stories; Data Analytics; Stakeholder Management,Senior Product & Analytics Manager,Business Analyst,Requirement Gathering; Jira; Agile; User Stories; Data Analytics; Stakeholder Management,Product Strategy; SQL; A/B Testing,66.7,1700000,2900000,Learn Product Strategy and SQL,100
PRF_01854,Business Analyst,13,Requirement Gathering; Agile; Jira; User Stories; SQL; Product Strategy; Stakeholder Management,Senior Product & Analytics Manager,Business Analyst,Requirement Gathering; Agile; Jira; User Stories; SQL; Product Strategy; Stakeholder Management,Data Analytics; A/B Testing,77.8,2000000,3800000,Learn Data Analytics and A/B Testing,100
PRF_01855,Business Analyst,6,Jira; Requirement Gathering; SQL; Data Analytics; A/B Testing,Senior Product & Analytics Manager,Business Analyst,Jira; Requirement Gathering; SQL; Data Analytics; A/B Testing,Product Strategy; Stakeholder Management,55.6,1000000,1950000,Learn Product Strategy and Stakeholder Management,100
PRF_01856,Business Analyst,4,Agile; Requirement Gathering; User Stories; A/B Testing; Stakeholder Management,Senior Product & Analytics Manager,Business Analyst,Agile; Requirement Gathering; User Stories; A/B Testing; Stakeholder Management,Product Strategy; SQL; Data Analytics,55.6,1250000,1750000,Learn Product Strategy and SQL,89.4
PRF_01857,Business Analyst,7,Agile; Requirement Gathering; Product Strategy,Senior Product & Analytics Manager,Business Analyst,Agile; Requirement Gathering; Product Strategy,SQL; Data Analytics; A/B Testing; Stakeholder Management,33.3,1550000,1250000,Learn SQL and Data Analytics,52.2
PRF_01858,Business Analyst,11,Requirement Gathering; Jira; A/B Testing; Stakeholder Management,Senior Product & Analytics Manager,Business Analyst,Requirement Gathering; Jira; A/B Testing; Stakeholder Management,Product Strategy; SQL; Data Analytics,44.4,1650000,2000000,Learn Product Strategy and SQL,75.1
PRF_01859,Business Analyst,2,Jira; Requirement Gathering; User Stories; Agile; Stakeholder Management; SQL; Product Strategy,Senior Product & Analytics Manager,Business Analyst,Jira; Requirement Gathering; User Stories; Agile; Stakeholder Management; SQL; Product Strategy,Data Analytics; A/B Testing,77.8,850000,2150000,Learn Data Analytics and A/B Testing,100
PRF_01860,Business Analyst,11,Requirement Gathering; Jira; Data Analytics; Stakeholder Management,Senior Product & Analytics Manager,Business Analyst,Requirement Gathering; Jira; Data Analytics; Stakeholder Management,Product Strategy; SQL; A/B Testing,44.4,1800000,2000000,Learn Product Strategy and SQL,71.1
PRF_01861,Business Analyst,9,Agile; Jira; Stakeholder Management; SQL,Senior Product & Analytics Manager,Business Analyst,Agile; Jira; Stakeholder Management; SQL,Product Strategy; Data Analytics; A/B Testing,44.4,1550000,1850000,Learn Product Strategy and Data Analytics,74.4
PRF_01862,Business Analyst,4,Requirement Gathering; User Stories; Jira; Agile,Senior Product & Analytics Manager,Business Analyst,Requirement Gathering; User Stories; Jira; Agile,Product Strategy; SQL; Data Analytics; A/B Testing; Stakeholder Management,44.4,1150000,1400000,Learn Product Strategy and SQL,75.3
PRF_01863,Business Analyst,7,Requirement Gathering; User Stories; Agile; Jira; Data Analytics,Senior Product & Analytics Manager,Business Analyst,Requirement Gathering; User Stories; Agile; Jira; Data Analytics,Product Strategy; SQL; A/B Testing; Stakeholder Management,55.6,1400000,2100000,Learn Product Strategy and SQL,93.4
PRF_01864,Business Analyst,11,Jira; User Stories; Agile; Requirement Gathering,Senior Product & Analytics Manager,Business Analyst,Jira; User Stories; Agile; Requirement Gathering,Product Strategy; SQL; Data Analytics; A/B Testing; Stakeholder Management,44.4,1450000,2000000,Learn Product Strategy and SQL,81.8
PRF_01865,Business Analyst,7,Jira; Agile; Requirement Gathering; A/B Testing; Product Strategy,Senior Product & Analytics Manager,Business Analyst,Jira; Agile; Requirement Gathering; A/B Testing; Product Strategy,SQL; Data Analytics; Stakeholder Management,55.6,1400000,2100000,Learn SQL and Data Analytics,93.4
PRF_01866,Business Analyst,8,Jira; User Stories; Agile; Requirement Gathering; Product Strategy,Senior Product & Analytics Manager,Business Analyst,Jira; User Stories; Agile; Requirement Gathering; Product Strategy,SQL; Data Analytics; A/B Testing; Stakeholder Management,55.6,1200000,2200000,Learn SQL and Data Analytics,100
PRF_01867,Business Analyst,11,Jira; Agile; Requirement Gathering; User Stories; A/B Testing,Senior Product & Analytics Manager,Business Analyst,Jira; Agile; Requirement Gathering; User Stories; A/B Testing,Product Strategy; SQL; Data Analytics; Stakeholder Management,55.6,1600000,2500000,Learn Product Strategy and SQL,95.9
PRF_01868,Business Analyst,6,Requirement Gathering; User Stories; Jira; Product Strategy,Senior Product & Analytics Manager,Business Analyst,Requirement Gathering; User Stories; Jira; Product Strategy,SQL; Data Analytics; A/B Testing; Stakeholder Management,44.4,1500000,1600000,Learn SQL and Data Analytics,69.3
PRF_01869,Business Analyst,11,User Stories; Requirement Gathering; Agile,Senior Product & Analytics Manager,Business Analyst,User Stories; Requirement Gathering; Agile,Product Strategy; SQL; Data Analytics; A/B Testing; Stakeholder Management,33.3,1900000,1500000,Learn Product Strategy and SQL,51.6
PRF_01870,Business Analyst,11,User Stories; Jira; Agile; Product Strategy,Senior Product & Analytics Manager,Business Analyst,User Stories; Jira; Agile; Product Strategy,SQL; Data Analytics; A/B Testing; Stakeholder Management,44.4,1650000,2000000,Learn SQL and Data Analytics,75.1
PRF_01871,Business Analyst,2,Requirement Gathering; Agile; Jira; User Stories; SQL,Senior Product & Analytics Manager,Business Analyst,Requirement Gathering; Agile; Jira; User Stories; SQL,Product Strategy; Data Analytics; A/B Testing; Stakeholder Management,55.6,950000,1550000,Learn Product Strategy and Data Analytics,98.6
PRF_01872,Business Analyst,13,Jira; User Stories; Data Analytics,Senior Product & Analytics Manager,Business Analyst,Jira; User Stories; Data Analytics,Product Strategy; SQL; A/B Testing; Stakeholder Management,33.3,2200000,1650000,Learn Product Strategy and SQL,50.0
PRF_01873,Business Analyst,11,User Stories; Requirement Gathering; Jira; Agile,Senior Product & Analytics Manager,Business Analyst,User Stories; Requirement Gathering; Jira; Agile,Product Strategy; SQL; Data Analytics; A/B Testing; Stakeholder Management,44.4,1350000,2000000,Learn Product Strategy and SQL,85.9
PRF_01874,Business Analyst,6,Jira; Requirement Gathering; A/B Testing; Stakeholder Management,Senior Product & Analytics Manager,Business Analyst,Jira; Requirement Gathering; A/B Testing; Stakeholder Management,Product Strategy; SQL; Data Analytics,44.4,1300000,1600000,Learn Product Strategy and SQL,75.9
PRF_01875,Business Analyst,11,Jira; Requirement Gathering; User Stories; SQL,Senior Product & Analytics Manager,Business Analyst,Jira; Requirement Gathering; User Stories; SQL,Product Strategy; Data Analytics; A/B Testing; Stakeholder Management,44.4,1600000,2000000,Learn Product Strategy and Data Analytics,76.6
PRF_01876,Business Analyst,7,Agile; Jira; Requirement Gathering,Senior Product & Analytics Manager,Business Analyst,Agile; Jira; Requirement Gathering,Product Strategy; SQL; Data Analytics; A/B Testing; Stakeholder Management,33.3,1550000,1250000,Learn Product Strategy and SQL,52.2
PRF_01877,Business Analyst,5,Agile; Requirement Gathering; User Stories; A/B Testing; Product Strategy,Senior Product & Analytics Manager,Business Analyst,Agile; Requirement Gathering; User Stories; A/B Testing; Product Strategy,SQL; Data Analytics; Stakeholder Management,55.6,1150000,1850000,Learn SQL and Data Analytics,97.7
PRF_01878,Business Analyst,1,Agile; Jira; Requirement Gathering; Stakeholder Management; Data Analytics; A/B Testing,Senior Product & Analytics Manager,Business Analyst,Agile; Jira; Requirement Gathering; Stakeholder Management; Data Analytics; A/B Testing,Product Strategy; SQL,66.7,650000,1750000,Learn Product Strategy and SQL,100
PRF_01879,Business Analyst,14,Agile; Requirement Gathering; Stakeholder Management; SQL,Senior Product & Analytics Manager,Business Analyst,Agile; Requirement Gathering; Stakeholder Management; SQL,Product Strategy; Data Analytics; A/B Testing,44.4,2200000,2250000,Learn Product Strategy and Data Analytics,67.5
PRF_01880,Business Analyst,11,Jira; Agile; Requirement Gathering,Senior Product & Analytics Manager,Business Analyst,Jira; Agile; Requirement Gathering,Product Strategy; SQL; Data Analytics; A/B Testing; Stakeholder Management,33.3,1900000,1500000,Learn Product Strategy and SQL,51.6
PRF_01881,Business Analyst,7,Jira; Requirement Gathering,Senior Product & Analytics Manager,Business Analyst,Jira; Requirement Gathering,Product Strategy; SQL; Data Analytics; A/B Testing; Stakeholder Management,22.2,1500000,850000,Learn Product Strategy and SQL,36.0
PRF_01882,Business Analyst,14,User Stories; Jira; Agile; Requirement Gathering; Product Strategy; Data Analytics; SQL,Senior Product & Analytics Manager,Business Analyst,User Stories; Jira; Agile; Requirement Gathering; Product Strategy; Data Analytics; SQL,A/B Testing; Stakeholder Management,77.8,2250000,3950000,Learn A/B Testing and Stakeholder Management,100
PRF_01883,Business Analyst,5,User Stories; Requirement Gathering; Agile; Jira,Senior Product & Analytics Manager,Business Analyst,User Stories; Requirement Gathering; Agile; Jira,Product Strategy; SQL; Data Analytics; A/B Testing; Stakeholder Management,44.4,1150000,1500000,Learn Product Strategy and SQL,78.8
PRF_01884,Business Analyst,3,Requirement Gathering; Jira; Agile; User Stories; Stakeholder Management,Senior Product & Analytics Manager,Business Analyst,Requirement Gathering; Jira; Agile; User Stories; Stakeholder Management,Product Strategy; SQL; Data Analytics; A/B Testing,55.6,950000,1650000,Learn Product Strategy and SQL,100
PRF_01885,Business Analyst,13,User Stories; Requirement Gathering; A/B Testing; SQL; Stakeholder Management,Senior Product & Analytics Manager,Business Analyst,User Stories; Requirement Gathering; A/B Testing; SQL; Stakeholder Management,Product Strategy; Data Analytics,55.6,1600000,2700000,Learn Product Strategy and Data Analytics,100
PRF_01886,Business Analyst,13,Requirement Gathering; Agile; User Stories; Jira,Senior Product & Analytics Manager,Business Analyst,Requirement Gathering; Agile; User Stories; Jira,Product Strategy; SQL; Data Analytics; A/B Testing; Stakeholder Management,44.4,1950000,2150000,Learn Product Strategy and SQL,70.7
PRF_01887,Business Analyst,1,Jira; Requirement Gathering; Agile; User Stories; Data Analytics; Product Strategy; Stakeholder Management,Senior Product & Analytics Manager,Business Analyst,Jira; Requirement Gathering; Agile; User Stories; Data Analytics; Product Strategy; Stakeholder Management,SQL; A/B Testing,77.8,850000,2000000,Learn SQL and A/B Testing,100
PRF_01888,Business Analyst,7,Requirement Gathering; User Stories; A/B Testing; Data Analytics; Product Strategy,Senior Product & Analytics Manager,Business Analyst,Requirement Gathering; User Stories; A/B Testing; Data Analytics; Product Strategy,SQL; Stakeholder Management,55.6,1150000,2100000,Learn SQL and Stakeholder Management,100
PRF_01889,Business Analyst,10,Requirement Gathering; Jira; User Stories,Senior Product & Analytics Manager,Business Analyst,Requirement Gathering; Jira; User Stories,Product Strategy; SQL; Data Analytics; A/B Testing; Stakeholder Management,33.3,1800000,1450000,Learn Product Strategy and SQL,52.2
PRF_01890,Business Analyst,8,Agile; Jira; Requirement Gathering; User Stories; Stakeholder Management; A/B Testing; Data Analytics,Senior Product & Analytics Manager,Business Analyst,Agile; Jira; Requirement Gathering; User Stories; Stakeholder Management; A/B Testing; Data Analytics,Product Strategy; SQL,77.8,1550000,3050000,Learn Product Strategy and SQL,100
PRF_01891,Business Analyst,14,Requirement Gathering; Jira; Stakeholder Management; Data Analytics; A/B Testing,Senior Product & Analytics Manager,Business Analyst,Requirement Gathering; Jira; Stakeholder Management; Data Analytics; A/B Testing,Product Strategy; SQL,55.6,1900000,2850000,Learn Product Strategy and SQL,93.4
PRF_01892,Business Analyst,10,Agile; Requirement Gathering; Product Strategy; Stakeholder Management,Senior Product & Analytics Manager,Business Analyst,Agile; Requirement Gathering; Product Strategy; Stakeholder Management,SQL; Data Analytics; A/B Testing,44.4,1700000,1900000,Learn SQL and Data Analytics,71.3
PRF_01893,Business Analyst,5,User Stories; Jira,Senior Product & Analytics Manager,Business Analyst,User Stories; Jira,Product Strategy; SQL; Data Analytics; A/B Testing; Stakeholder Management,22.2,950000,750000,Learn Product Strategy and SQL,44.9
PRF_01894,Business Analyst,12,Requirement Gathering; User Stories; Agile; SQL,Senior Product & Analytics Manager,Business Analyst,Requirement Gathering; User Stories; Agile; SQL,Product Strategy; Data Analytics; A/B Testing; Stakeholder Management,44.4,1550000,2100000,Learn Product Strategy and Data Analytics,80.8
PRF_01895,Business Analyst,3,Requirement Gathering; Agile; Jira; User Stories,Senior Product & Analytics Manager,Business Analyst,Requirement Gathering; Agile; Jira; User Stories,Product Strategy; SQL; Data Analytics; A/B Testing; Stakeholder Management,44.4,750000,1300000,Learn Product Strategy and SQL,96.0
PRF_01896,Business Analyst,8,Agile; Requirement Gathering; Data Analytics; A/B Testing; Stakeholder Management,Senior Product & Analytics Manager,Business Analyst,Agile; Requirement Gathering; Data Analytics; A/B Testing; Stakeholder Management,Product Strategy; SQL,55.6,1450000,2200000,Learn Product Strategy and SQL,94.0
PRF_01897,Business Analyst,2,User Stories; Jira; Agile; Data Analytics; SQL; Product Strategy,Senior Product & Analytics Manager,Business Analyst,User Stories; Jira; Agile; Data Analytics; SQL; Product Strategy,A/B Testing; Stakeholder Management,66.7,850000,1850000,Learn A/B Testing and Stakeholder Management,100
PRF_01898,Business Analyst,1,Agile; Requirement Gathering; User Stories; Data Analytics,Senior Product & Analytics Manager,Business Analyst,Agile; Requirement Gathering; User Stories; Data Analytics,Product Strategy; SQL; A/B Testing; Stakeholder Management,44.4,900000,1150000,Learn Product Strategy and SQL,77.8
PRF_01899,Business Analyst,12,Requirement Gathering; Agile; Product Strategy; SQL; A/B Testing,Senior Product & Analytics Manager,Business Analyst,Requirement Gathering; Agile; Product Strategy; SQL; A/B Testing,Data Analytics; Stakeholder Management,55.6,1450000,2600000,Learn Data Analytics and Stakeholder Management,100
PRF_01900,Business Analyst,4,Requirement Gathering; Agile; User Stories; Jira; A/B Testing,Senior Product & Analytics Manager,Business Analyst,Requirement Gathering; Agile; User Stories; Jira; A/B Testing,Product Strategy; SQL; Data Analytics; Stakeholder Management,55.6,850000,1750000,Learn Product Strategy and SQL,100
PRF_01901,Business Analyst,8,Agile; User Stories; Stakeholder Management,Senior Product & Analytics Manager,Business Analyst,Agile; User Stories; Stakeholder Management,Product Strategy; SQL; Data Analytics; A/B Testing,33.3,1500000,1300000,Learn Product Strategy and SQL,54.6
PRF_01902,Business Analyst,10,User Stories; Jira; Stakeholder Management; Data Analytics,Senior Product & Analytics Manager,Business Analyst,User Stories; Jira; Stakeholder Management; Data Analytics,Product Strategy; SQL; A/B Testing,44.4,1700000,1900000,Learn Product Strategy and SQL,71.3
PRF_01903,Business Analyst,7,User Stories; Requirement Gathering; Jira; Agile,Senior Product & Analytics Manager,Business Analyst,User Stories; Requirement Gathering; Jira; Agile,Product Strategy; SQL; Data Analytics; A/B Testing; Stakeholder Management,44.4,1200000,1650000,Learn Product Strategy and SQL,81.6
PRF_01904,Business Analyst,11,User Stories; Requirement Gathering; Data Analytics; A/B Testing; Product Strategy,Senior Product & Analytics Manager,Business Analyst,User Stories; Requirement Gathering; Data Analytics; A/B Testing; Product Strategy,SQL; Stakeholder Management,55.6,1350000,2500000,Learn SQL and Stakeholder Management,100
PRF_01905,Business Analyst,11,Jira; Requirement Gathering; Agile; Stakeholder Management; Product Strategy,Senior Product & Analytics Manager,Business Analyst,Jira; Requirement Gathering; Agile; Stakeholder Management; Product Strategy,SQL; Data Analytics; A/B Testing,55.6,1850000,2500000,Learn SQL and Data Analytics,87.4
PRF_01906,Business Analyst,2,Jira; Requirement Gathering; User Stories,Senior Product & Analytics Manager,Business Analyst,Jira; Requirement Gathering; User Stories,Product Strategy; SQL; Data Analytics; A/B Testing; Stakeholder Management,33.3,850000,950000,Learn Product Strategy and SQL,64.7
PRF_01907,Business Analyst,10,Agile; User Stories; Jira; Data Analytics,Senior Product & Analytics Manager,Business Analyst,Agile; User Stories; Jira; Data Analytics,Product Strategy; SQL; A/B Testing; Stakeholder Management,44.4,1750000,1900000,Learn Product Strategy and SQL,70.1
PRF_01908,Business Analyst,1,User Stories; Requirement Gathering; Jira; Agile; Product Strategy; Data Analytics,Senior Product & Analytics Manager,Business Analyst,User Stories; Requirement Gathering; Jira; Agile; Product Strategy; Data Analytics,SQL; A/B Testing; Stakeholder Management,66.7,950000,1750000,Learn SQL and A/B Testing,100
PRF_01909,Business Analyst,14,User Stories; Agile; Requirement Gathering; Jira,Senior Product & Analytics Manager,Business Analyst,User Stories; Agile; Requirement Gathering; Jira,Product Strategy; SQL; Data Analytics; A/B Testing; Stakeholder Management,44.4,2150000,2250000,Learn Product Strategy and SQL,68.5
PRF_01910,Business Analyst,7,Requirement Gathering; Agile; User Stories,Senior Product & Analytics Manager,Business Analyst,Requirement Gathering; Agile; User Stories,Product Strategy; SQL; Data Analytics; A/B Testing; Stakeholder Management,33.3,1500000,1250000,Learn Product Strategy and SQL,53.3
PRF_01911,Business Analyst,1,Jira; Requirement Gathering; User Stories; Product Strategy; SQL,Senior Product & Analytics Manager,Business Analyst,Jira; Requirement Gathering; User Stories; Product Strategy; SQL,Data Analytics; A/B Testing; Stakeholder Management,55.6,650000,1450000,Learn Data Analytics and A/B Testing,100
PRF_01912,Business Analyst,11,Agile; User Stories; Jira; SQL,Senior Product & Analytics Manager,Business Analyst,Agile; User Stories; Jira; SQL,Product Strategy; Data Analytics; A/B Testing; Stakeholder Management,44.4,1600000,2000000,Learn Product Strategy and Data Analytics,76.6
PRF_01913,Business Analyst,7,Agile; User Stories; Jira; Product Strategy,Senior Product & Analytics Manager,Business Analyst,Agile; User Stories; Jira; Product Strategy,SQL; Data Analytics; A/B Testing; Stakeholder Management,44.4,1600000,1650000,Learn SQL and Data Analytics,67.9
PRF_01914,Business Analyst,6,Agile; User Stories; Jira; SQL,Senior Product & Analytics Manager,Business Analyst,Agile; User Stories; Jira; SQL,Product Strategy; Data Analytics; A/B Testing; Stakeholder Management,44.4,1150000,1600000,Learn Product Strategy and Data Analytics,82.3
PRF_01915,Business Analyst,12,Agile; Jira; Requirement Gathering; User Stories,Senior Product & Analytics Manager,Business Analyst,Agile; Jira; Requirement Gathering; User Stories,Product Strategy; SQL; Data Analytics; A/B Testing; Stakeholder Management,44.4,1600000,2100000,Learn Product Strategy and SQL,79.1
PRF_01916,Business Analyst,7,Requirement Gathering; Jira; Agile; User Stories; A/B Testing; Product Strategy,Senior Product & Analytics Manager,Business Analyst,Requirement Gathering; Jira; Agile; User Stories; A/B Testing; Product Strategy,SQL; Data Analytics; Stakeholder Management,66.7,1050000,2500000,Learn SQL and Data Analytics,100
PRF_01917,Business Analyst,4,Jira; Requirement Gathering; User Stories; Agile; Product Strategy; Stakeholder Management,Senior Product & Analytics Manager,Business Analyst,Jira; Requirement Gathering; User Stories; Agile; Product Strategy; Stakeholder Management,SQL; Data Analytics; A/B Testing,66.7,1200000,2100000,Learn SQL and Data Analytics,100
PRF_01918,Business Analyst,6,Requirement Gathering; Jira; Product Strategy,Senior Product & Analytics Manager,Business Analyst,Requirement Gathering; Jira; Product Strategy,SQL; Data Analytics; A/B Testing; Stakeholder Management,33.3,1400000,1200000,Learn SQL and Data Analytics,54.3
PRF_01919,Business Analyst,5,Requirement Gathering; Agile; User Stories,Senior Product & Analytics Manager,Business Analyst,Requirement Gathering; Agile; User Stories,Product Strategy; SQL; Data Analytics; A/B Testing; Stakeholder Management,33.3,1200000,1100000,Learn Product Strategy and SQL,56.6
PRF_01920,Business Analyst,9,Agile; Requirement Gathering; Jira; User Stories; A/B Testing; Stakeholder Management,Senior Product & Analytics Manager,Business Analyst,Agile; Requirement Gathering; Jira; User Stories; A/B Testing; Stakeholder Management,Product Strategy; SQL; Data Analytics,66.7,1750000,2750000,Learn Product Strategy and SQL,100
PRF_01921,Business Analyst,3,Requirement Gathering; Agile; User Stories; Jira; Product Strategy; Data Analytics; Stakeholder Management,Senior Product & Analytics Manager,Business Analyst,Requirement Gathering; Agile; User Stories; Jira; Product Strategy; Data Analytics; Stakeholder Management,SQL; A/B Testing,77.8,1000000,2300000,Learn SQL and A/B Testing,100
PRF_01922,Business Analyst,6,User Stories; Requirement Gathering; Agile; Jira,Senior Product & Analytics Manager,Business Analyst,User Stories; Requirement Gathering; Agile; Jira,Product Strategy; SQL; Data Analytics; A/B Testing; Stakeholder Management,44.4,1350000,1600000,Learn Product Strategy and SQL,74.0
PRF_01923,Business Analyst,4,User Stories; Agile; Jira; Requirement Gathering,Senior Product & Analytics Manager,Business Analyst,User Stories; Agile; Jira; Requirement Gathering,Product Strategy; SQL; Data Analytics; A/B Testing; Stakeholder Management,44.4,850000,1400000,Learn Product Strategy and SQL,92.5
PRF_01924,Business Analyst,11,User Stories; Requirement Gathering; Agile; Jira; Data Analytics; SQL,Senior Product & Analytics Manager,Business Analyst,User Stories; Requirement Gathering; Agile; Jira; Data Analytics; SQL,Product Strategy; A/B Testing; Stakeholder Management,66.7,1350000,3000000,Learn Product Strategy and A/B Testing,100
PRF_01925,Business Analyst,3,Requirement Gathering; Agile; A/B Testing; SQL,Senior Product & Analytics Manager,Business Analyst,Requirement Gathering; Agile; A/B Testing; SQL,Product Strategy; Data Analytics; Stakeholder Management,44.4,800000,1300000,Learn Product Strategy and Data Analytics,91.6
PRF_01926,Business Analyst,5,Jira; User Stories; Requirement Gathering; Agile; A/B Testing; Data Analytics,Senior Product & Analytics Manager,Business Analyst,Jira; User Stories; Requirement Gathering; Agile; A/B Testing; Data Analytics,Product Strategy; SQL; Stakeholder Management,66.7,1350000,2250000,Learn Product Strategy and SQL,100
PRF_01927,Business Analyst,8,Jira; Agile; Requirement Gathering; Stakeholder Management; Product Strategy; SQL,Senior Product & Analytics Manager,Business Analyst,Jira; Agile; Requirement Gathering; Stakeholder Management; Product Strategy; SQL,Data Analytics; A/B Testing,66.7,1200000,2650000,Learn Data Analytics and A/B Testing,100
PRF_01928,Business Analyst,3,Agile; User Stories; Requirement Gathering; Jira; Stakeholder Management; A/B Testing; SQL,Senior Product & Analytics Manager,Business Analyst,Agile; User Stories; Requirement Gathering; Jira; Stakeholder Management; A/B Testing; SQL,Product Strategy; Data Analytics,77.8,1100000,2300000,Learn Product Strategy and Data Analytics,100
PRF_01929,Business Analyst,6,Jira; User Stories; Requirement Gathering; Agile,Senior Product & Analytics Manager,Business Analyst,Jira; User Stories; Requirement Gathering; Agile,Product Strategy; SQL; Data Analytics; A/B Testing; Stakeholder Management,44.4,1000000,1600000,Learn Product Strategy and SQL,90.6
PRF_01930,Business Analyst,14,Agile; Requirement Gathering; Stakeholder Management; SQL,Senior Product & Analytics Manager,Business Analyst,Agile; Requirement Gathering; Stakeholder Management; SQL,Product Strategy; Data Analytics; A/B Testing,44.4,2200000,2250000,Learn Product Strategy and Data Analytics,67.5
PRF_01931,Business Analyst,4,Jira; User Stories; Agile,Senior Product & Analytics Manager,Business Analyst,Jira; User Stories; Agile,Product Strategy; SQL; Data Analytics; A/B Testing; Stakeholder Management,33.3,1150000,1050000,Learn Product Strategy and SQL,56.5
PRF_01932,Business Analyst,2,User Stories; Agile; Requirement Gathering; Jira; Product Strategy; Stakeholder Management; SQL,Senior Product & Analytics Manager,Business Analyst,User Stories; Agile; Requirement Gathering; Jira; Product Strategy; Stakeholder Management; SQL,Data Analytics; A/B Testing,77.8,950000,2150000,Learn Data Analytics and A/B Testing,100
PRF_01933,Business Analyst,14,User Stories; Jira; Requirement Gathering; Product Strategy,Senior Product & Analytics Manager,Business Analyst,User Stories; Jira; Requirement Gathering; Product Strategy,SQL; Data Analytics; A/B Testing; Stakeholder Management,44.4,1650000,2250000,Learn SQL and Data Analytics,81.2
PRF_01934,Business Analyst,12,Jira; Agile; SQL,Senior Product & Analytics Manager,Business Analyst,Jira; Agile; SQL,Product Strategy; Data Analytics; A/B Testing; Stakeholder Management,33.3,1450000,1550000,Learn Product Strategy and Data Analytics,62.7
PRF_01935,Business Analyst,6,User Stories; Agile; SQL; Product Strategy; Data Analytics,Senior Product & Analytics Manager,Business Analyst,User Stories; Agile; SQL; Product Strategy; Data Analytics,A/B Testing; Stakeholder Management,55.6,1300000,1950000,Learn A/B Testing and Stakeholder Management,93.4
PRF_01936,Business Analyst,10,User Stories; Agile; Requirement Gathering,Senior Product & Analytics Manager,Business Analyst,User Stories; Agile; Requirement Gathering,Product Strategy; SQL; Data Analytics; A/B Testing; Stakeholder Management,33.3,1700000,1450000,Learn Product Strategy and SQL,54.1
PRF_01937,Business Analyst,3,Requirement Gathering; User Stories; Jira; Agile; A/B Testing; Product Strategy,Senior Product & Analytics Manager,Business Analyst,Requirement Gathering; User Stories; Jira; Agile; A/B Testing; Product Strategy,SQL; Data Analytics; Stakeholder Management,66.7,1200000,2000000,Learn SQL and Data Analytics,100
PRF_01938,Business Analyst,13,Requirement Gathering; Jira; Agile; SQL,Senior Product & Analytics Manager,Business Analyst,Requirement Gathering; Jira; Agile; SQL,Product Strategy; Data Analytics; A/B Testing; Stakeholder Management,44.4,1850000,2150000,Learn Product Strategy and Data Analytics,73.1
PRF_01939,Business Analyst,3,Requirement Gathering; User Stories; Jira; SQL; A/B Testing; Stakeholder Management,Senior Product & Analytics Manager,Business Analyst,Requirement Gathering; User Stories; Jira; SQL; A/B Testing; Stakeholder Management,Product Strategy; Data Analytics,66.7,900000,2000000,Learn Product Strategy and Data Analytics,100
PRF_01940,Business Analyst,9,Agile; Jira; A/B Testing; SQL,Senior Product & Analytics Manager,Business Analyst,Agile; Jira; A/B Testing; SQL,Product Strategy; Data Analytics; Stakeholder Management,44.4,1250000,1850000,Learn Product Strategy and Data Analytics,85.8
PRF_01941,Business Analyst,6,Agile; Requirement Gathering; User Stories,Senior Product & Analytics Manager,Business Analyst,Agile; Requirement Gathering; User Stories,Product Strategy; SQL; Data Analytics; A/B Testing; Stakeholder Management,33.3,1450000,1200000,Learn Product Strategy and SQL,53.1
PRF_01942,Business Analyst,6,Agile; Jira,Senior Product & Analytics Manager,Business Analyst,Agile; Jira,Product Strategy; SQL; Data Analytics; A/B Testing; Stakeholder Management,22.2,1400000,800000,Learn Product Strategy and SQL,36.2
PRF_01943,Business Analyst,3,Jira; User Stories; Requirement Gathering; A/B Testing; Data Analytics; Product Strategy,Senior Product & Analytics Manager,Business Analyst,Jira; User Stories; Requirement Gathering; A/B Testing; Data Analytics; Product Strategy,SQL; Stakeholder Management,66.7,1100000,2000000,Learn SQL and Stakeholder Management,100
PRF_01944,Business Analyst,4,Agile; Requirement Gathering; Jira,Senior Product & Analytics Manager,Business Analyst,Agile; Requirement Gathering; Jira,Product Strategy; SQL; Data Analytics; A/B Testing; Stakeholder Management,33.3,1000000,1050000,Learn Product Strategy and SQL,62.0
PRF_01945,Business Analyst,9,Requirement Gathering; Agile; Jira; User Stories; Product Strategy,Senior Product & Analytics Manager,Business Analyst,Requirement Gathering; Agile; Jira; User Stories; Product Strategy,SQL; Data Analytics; A/B Testing; Stakeholder Management,55.6,1700000,2300000,Learn SQL and Data Analytics,87.5
PRF_01946,Business Analyst,2,Agile; Requirement Gathering; Product Strategy,Senior Product & Analytics Manager,Business Analyst,Agile; Requirement Gathering; Product Strategy,SQL; Data Analytics; A/B Testing; Stakeholder Management,33.3,750000,950000,Learn SQL and Data Analytics,70.6
PRF_01947,Business Analyst,1,User Stories; Agile; SQL; Data Analytics; Stakeholder Management,Senior Product & Analytics Manager,Business Analyst,User Stories; Agile; SQL; Data Analytics; Stakeholder Management,Product Strategy; A/B Testing,55.6,900000,1450000,Learn Product Strategy and A/B Testing,97.8
PRF_01948,Business Analyst,5,Jira; Agile; Requirement Gathering; Product Strategy,Senior Product & Analytics Manager,Business Analyst,Jira; Agile; Requirement Gathering; Product Strategy,SQL; Data Analytics; A/B Testing; Stakeholder Management,44.4,1300000,1500000,Learn SQL and Data Analytics,72.8
PRF_01949,Business Analyst,13,Requirement Gathering; Agile,Senior Product & Analytics Manager,Business Analyst,Requirement Gathering; Agile,Product Strategy; SQL; Data Analytics; A/B Testing; Stakeholder Management,22.2,1450000,1100000,Learn Product Strategy and SQL,43.7
PRF_01950,Business Analyst,9,Jira; User Stories; Product Strategy; A/B Testing; Data Analytics,Senior Product & Analytics Manager,Business Analyst,Jira; User Stories; Product Strategy; A/B Testing; Data Analytics,SQL; Stakeholder Management,55.6,1750000,2300000,Learn SQL and Stakeholder Management,85.9
PRF_01951,Business Analyst,2,Jira; User Stories; Requirement Gathering,Senior Product & Analytics Manager,Business Analyst,Jira; User Stories; Requirement Gathering,Product Strategy; SQL; Data Analytics; A/B Testing; Stakeholder Management,33.3,750000,950000,Learn Product Strategy and SQL,70.6
PRF_01952,Business Analyst,1,Requirement Gathering; User Stories; Agile; Stakeholder Management; Product Strategy; Data Analytics,Senior Product & Analytics Manager,Business Analyst,Requirement Gathering; User Stories; Agile; Stakeholder Management; Product Strategy; Data Analytics,SQL; A/B Testing,66.7,850000,1750000,Learn SQL and A/B Testing,100
PRF_01953,Business Analyst,2,Requirement Gathering; User Stories; Agile; Jira; Product Strategy; A/B Testing; Data Analytics,Senior Product & Analytics Manager,Business Analyst,Requirement Gathering; User Stories; Agile; Jira; Product Strategy; A/B Testing; Data Analytics,SQL; Stakeholder Management,77.8,750000,2150000,Learn SQL and Stakeholder Management,100
PRF_01954,Business Analyst,3,Requirement Gathering; Jira; Agile,Senior Product & Analytics Manager,Business Analyst,Requirement Gathering; Jira; Agile,Product Strategy; SQL; Data Analytics; A/B Testing; Stakeholder Management,33.3,900000,1000000,Learn Product Strategy and SQL,64.4
PRF_01955,Business Analyst,3,Jira; User Stories; Agile; Product Strategy; Data Analytics,Senior Product & Analytics Manager,Business Analyst,Jira; User Stories; Agile; Product Strategy; Data Analytics,SQL; A/B Testing; Stakeholder Management,55.6,900000,1650000,Learn SQL and A/B Testing,100
PRF_01956,Business Analyst,14,Agile; Requirement Gathering; Jira; User Stories; SQL; A/B Testing,Senior Product & Analytics Manager,Business Analyst,Agile; Requirement Gathering; Jira; User Stories; SQL; A/B Testing,Product Strategy; Data Analytics; Stakeholder Management,66.7,2200000,3400000,Learn Product Strategy and Data Analytics,100
PRF_01957,Business Analyst,4,Agile; Requirement Gathering; A/B Testing; SQL; Stakeholder Management,Senior Product & Analytics Manager,Business Analyst,Agile; Requirement Gathering; A/B Testing; SQL; Stakeholder Management,Product Strategy; Data Analytics,55.6,1250000,1750000,Learn Product Strategy and Data Analytics,89.4
PRF_01958,Business Analyst,4,User Stories; Agile; Jira; A/B Testing; Data Analytics,Senior Product & Analytics Manager,Business Analyst,User Stories; Agile; Jira; A/B Testing; Data Analytics,Product Strategy; SQL; Stakeholder Management,55.6,850000,1750000,Learn Product Strategy and SQL,100
PRF_01959,Business Analyst,4,Jira; Agile; Product Strategy; SQL,Senior Product & Analytics Manager,Business Analyst,Jira; Agile; Product Strategy; SQL,Data Analytics; A/B Testing; Stakeholder Management,44.4,900000,1400000,Learn Data Analytics and A/B Testing,88.9
PRF_01960,Business Analyst,5,Agile; User Stories; A/B Testing; Product Strategy,Senior Product & Analytics Manager,Business Analyst,Agile; User Stories; A/B Testing; Product Strategy,SQL; Data Analytics; Stakeholder Management,44.4,950000,1500000,Learn SQL and Data Analytics,89.8
PRF_01961,Business Analyst,7,Requirement Gathering; Agile,Senior Product & Analytics Manager,Business Analyst,Requirement Gathering; Agile,Product Strategy; SQL; Data Analytics; A/B Testing; Stakeholder Management,22.2,1150000,850000,Learn Product Strategy and SQL,42.9
PRF_01962,Business Analyst,7,User Stories; Jira; Requirement Gathering; SQL,Senior Product & Analytics Manager,Business Analyst,User Stories; Jira; Requirement Gathering; SQL,Product Strategy; Data Analytics; A/B Testing; Stakeholder Management,44.4,1250000,1650000,Learn Product Strategy and Data Analytics,79.4
PRF_01963,Business Analyst,13,Requirement Gathering; User Stories; Jira; SQL,Senior Product & Analytics Manager,Business Analyst,Requirement Gathering; User Stories; Jira; SQL,Product Strategy; Data Analytics; A/B Testing; Stakeholder Management,44.4,1500000,2150000,Learn Product Strategy and Data Analytics,84.0
PRF_01964,Business Analyst,8,Jira; User Stories; Requirement Gathering; Agile; Product Strategy,Senior Product & Analytics Manager,Business Analyst,Jira; User Stories; Requirement Gathering; Agile; Product Strategy,SQL; Data Analytics; A/B Testing; Stakeholder Management,55.6,1400000,2200000,Learn SQL and Data Analytics,96.2
PRF_01965,Business Analyst,1,User Stories; Agile; Jira; Requirement Gathering; SQL; Product Strategy,Senior Product & Analytics Manager,Business Analyst,User Stories; Agile; Jira; Requirement Gathering; SQL; Product Strategy,Data Analytics; A/B Testing; Stakeholder Management,66.7,750000,1750000,Learn Data Analytics and A/B Testing,100
PRF_01966,Business Analyst,6,Jira; Agile; User Stories; Requirement Gathering; Data Analytics; Stakeholder Management,Senior Product & Analytics Manager,Business Analyst,Jira; Agile; User Stories; Requirement Gathering; Data Analytics; Stakeholder Management,Product Strategy; SQL; A/B Testing,66.7,1500000,2350000,Learn Product Strategy and SQL,100
PRF_01967,Business Analyst,2,User Stories; Requirement Gathering; Agile; Jira; SQL; Product Strategy; Stakeholder Management,Senior Product & Analytics Manager,Business Analyst,User Stories; Requirement Gathering; Agile; Jira; SQL; Product Strategy; Stakeholder Management,Data Analytics; A/B Testing,77.8,850000,2150000,Learn Data Analytics and A/B Testing,100
PRF_01968,Business Analyst,4,User Stories; Requirement Gathering; Agile; Jira; Stakeholder Management; SQL,Senior Product & Analytics Manager,Business Analyst,User Stories; Requirement Gathering; Agile; Jira; Stakeholder Management; SQL,Product Strategy; Data Analytics; A/B Testing,66.7,850000,2100000,Learn Product Strategy and Data Analytics,100
PRF_01969,Business Analyst,1,User Stories; Jira; Agile; Requirement Gathering,Senior Product & Analytics Manager,Business Analyst,User Stories; Jira; Agile; Requirement Gathering,Product Strategy; SQL; Data Analytics; A/B Testing; Stakeholder Management,44.4,650000,1150000,Learn Product Strategy and SQL,97.4
PRF_01970,Business Analyst,8,Requirement Gathering; Agile; User Stories; Jira; Product Strategy; Stakeholder Management,Senior Product & Analytics Manager,Business Analyst,Requirement Gathering; Agile; User Stories; Jira; Product Strategy; Stakeholder Management,SQL; Data Analytics; A/B Testing,66.7,1400000,2650000,Learn SQL and Data Analytics,100
PRF_01971,Business Analyst,11,Jira; User Stories; Agile,Senior Product & Analytics Manager,Business Analyst,Jira; User Stories; Agile,Product Strategy; SQL; Data Analytics; A/B Testing; Stakeholder Management,33.3,1400000,1500000,Learn Product Strategy and SQL,62.8
PRF_01972,Business Analyst,4,Requirement Gathering; Agile; User Stories; Data Analytics; Product Strategy; A/B Testing,Senior Product & Analytics Manager,Business Analyst,Requirement Gathering; Agile; User Stories; Data Analytics; Product Strategy; A/B Testing,SQL; Stakeholder Management,66.7,1200000,2100000,Learn SQL and Stakeholder Management,100
PRF_01973,Business Analyst,1,Requirement Gathering; User Stories; Stakeholder Management,Senior Product & Analytics Manager,Business Analyst,Requirement Gathering; User Stories; Stakeholder Management,Product Strategy; SQL; Data Analytics; A/B Testing,33.3,700000,850000,Learn Product Strategy and SQL,68.6
PRF_01974,Business Analyst,8,Agile; User Stories; SQL; Product Strategy; A/B Testing,Senior Product & Analytics Manager,Business Analyst,Agile; User Stories; SQL; Product Strategy; A/B Testing,Data Analytics; Stakeholder Management,55.6,1700000,2200000,Learn Data Analytics and Stakeholder Management,85.1
PRF_01975,Business Analyst,9,Jira; Agile; Product Strategy,Senior Product & Analytics Manager,Business Analyst,Jira; Agile; Product Strategy,SQL; Data Analytics; A/B Testing; Stakeholder Management,33.3,1350000,1350000,Learn SQL and Data Analytics,60.0
PRF_01976,Business Analyst,12,Jira; Requirement Gathering; User Stories; Agile; Product Strategy; SQL,Senior Product & Analytics Manager,Business Analyst,Jira; Requirement Gathering; User Stories; Agile; Product Strategy; SQL,Data Analytics; A/B Testing; Stakeholder Management,66.7,2100000,3150000,Learn Data Analytics and A/B Testing,100
PRF_01977,Business Analyst,7,User Stories; Requirement Gathering; Jira,Senior Product & Analytics Manager,Business Analyst,User Stories; Requirement Gathering; Jira,Product Strategy; SQL; Data Analytics; A/B Testing; Stakeholder Management,33.3,1250000,1250000,Learn Product Strategy and SQL,60.0
PRF_01978,Business Analyst,2,Agile; Jira; SQL,Senior Product & Analytics Manager,Business Analyst,Agile; Jira; SQL,Product Strategy; Data Analytics; A/B Testing; Stakeholder Management,33.3,900000,950000,Learn Product Strategy and Data Analytics,62.2
PRF_01979,Business Analyst,12,Agile; Requirement Gathering,Senior Product & Analytics Manager,Business Analyst,Agile; Requirement Gathering,Product Strategy; SQL; Data Analytics; A/B Testing; Stakeholder Management,22.2,1950000,1050000,Learn Product Strategy and SQL,34.9
PRF_01980,Business Analyst,5,User Stories; Jira; Requirement Gathering; Stakeholder Management,Senior Product & Analytics Manager,Business Analyst,User Stories; Jira; Requirement Gathering; Stakeholder Management,Product Strategy; SQL; Data Analytics; A/B Testing,44.4,1100000,1500000,Learn Product Strategy and SQL,81.2
PRF_01981,Business Analyst,4,Requirement Gathering; Agile; Stakeholder Management; A/B Testing; Product Strategy,Senior Product & Analytics Manager,Business Analyst,Requirement Gathering; Agile; Stakeholder Management; A/B Testing; Product Strategy,SQL; Data Analytics,55.6,1300000,1750000,Learn SQL and Data Analytics,87.2
PRF_01982,Business Analyst,8,Requirement Gathering; Agile; User Stories; Jira; Stakeholder Management; SQL; Product Strategy,Senior Product & Analytics Manager,Business Analyst,Requirement Gathering; Agile; User Stories; Jira; Stakeholder Management; SQL; Product Strategy,Data Analytics; A/B Testing,77.8,1250000,3050000,Learn Data Analytics and A/B Testing,100
PRF_01983,Business Analyst,11,User Stories; Jira; Agile; Data Analytics; Product Strategy; A/B Testing,Senior Product & Analytics Manager,Business Analyst,User Stories; Jira; Agile; Data Analytics; Product Strategy; A/B Testing,SQL; Stakeholder Management,66.7,2000000,3000000,Learn SQL and Stakeholder Management,100
PRF_01984,Business Analyst,2,Jira; User Stories; Agile; Requirement Gathering; Product Strategy; SQL; A/B Testing,Senior Product & Analytics Manager,Business Analyst,Jira; User Stories; Agile; Requirement Gathering; Product Strategy; SQL; A/B Testing,Data Analytics; Stakeholder Management,77.8,1050000,2150000,Learn Data Analytics and Stakeholder Management,100
PRF_01985,Business Analyst,2,User Stories; Jira; Requirement Gathering; A/B Testing,Senior Product & Analytics Manager,Business Analyst,User Stories; Jira; Requirement Gathering; A/B Testing,Product Strategy; SQL; Data Analytics; Stakeholder Management,44.4,1050000,1250000,Learn Product Strategy and SQL,74.3
PRF_01986,Business Analyst,9,User Stories; Agile; Jira; Requirement Gathering; Stakeholder Management; A/B Testing,Senior Product & Analytics Manager,Business Analyst,User Stories; Agile; Jira; Requirement Gathering; Stakeholder Management; A/B Testing,Product Strategy; SQL; Data Analytics,66.7,1300000,2750000,Learn Product Strategy and SQL,100
PRF_01987,Business Analyst,9,Agile; User Stories; Jira,Senior Product & Analytics Manager,Business Analyst,Agile; User Stories; Jira,Product Strategy; SQL; Data Analytics; A/B Testing; Stakeholder Management,33.3,1750000,1350000,Learn Product Strategy and SQL,50.8
PRF_01988,Business Analyst,8,User Stories; Requirement Gathering; Jira; Agile; Stakeholder Management; SQL; Data Analytics,Senior Product & Analytics Manager,Business Analyst,User Stories; Requirement Gathering; Jira; Agile; Stakeholder Management; SQL; Data Analytics,Product Strategy; A/B Testing,77.8,1650000,3050000,Learn Product Strategy and A/B Testing,100
PRF_01989,Business Analyst,12,Agile; User Stories; Requirement Gathering; Jira; Stakeholder Management; A/B Testing,Senior Product & Analytics Manager,Business Analyst,Agile; User Stories; Requirement Gathering; Jira; Stakeholder Management; A/B Testing,Product Strategy; SQL; Data Analytics,66.7,1500000,3150000,Learn Product Strategy and SQL,100
PRF_01990,Business Analyst,4,Requirement Gathering; Jira; Agile; User Stories; SQL; Stakeholder Management; Product Strategy,Senior Product & Analytics Manager,Business Analyst,Requirement Gathering; Jira; Agile; User Stories; SQL; Stakeholder Management; Product Strategy,Data Analytics; A/B Testing,77.8,850000,2450000,Learn Data Analytics and A/B Testing,100
PRF_01991,Business Analyst,13,User Stories; Requirement Gathering; Agile; Jira; SQL; Data Analytics,Senior Product & Analytics Manager,Business Analyst,User Stories; Requirement Gathering; Agile; Jira; SQL; Data Analytics,Product Strategy; A/B Testing; Stakeholder Management,66.7,1700000,3250000,Learn Product Strategy and A/B Testing,100
PRF_01992,Business Analyst,4,User Stories; Agile; Requirement Gathering; Stakeholder Management; Data Analytics; Product Strategy,Senior Product & Analytics Manager,Business Analyst,User Stories; Agile; Requirement Gathering; Stakeholder Management; Data Analytics; Product Strategy,SQL; A/B Testing,66.7,1000000,2100000,Learn SQL and A/B Testing,100
PRF_01993,Business Analyst,8,Agile; Requirement Gathering; User Stories; Jira; Data Analytics; SQL; Stakeholder Management,Senior Product & Analytics Manager,Business Analyst,Agile; Requirement Gathering; User Stories; Jira; Data Analytics; SQL; Stakeholder Management,Product Strategy; A/B Testing,77.8,1450000,3050000,Learn Product Strategy and A/B Testing,100
PRF_01994,Business Analyst,13,Agile; User Stories; SQL; Stakeholder Management; A/B Testing,Senior Product & Analytics Manager,Business Analyst,Agile; User Stories; SQL; Stakeholder Management; A/B Testing,Product Strategy; Data Analytics,55.6,2000000,2700000,Learn Product Strategy and Data Analytics,87.4
PRF_01995,Business Analyst,5,Agile; Jira; User Stories; SQL,Senior Product & Analytics Manager,Business Analyst,Agile; Jira; User Stories; SQL,Product Strategy; Data Analytics; A/B Testing; Stakeholder Management,44.4,1300000,1500000,Learn Product Strategy and Data Analytics,72.8
PRF_01996,Business Analyst,2,Agile; Requirement Gathering; User Stories; Jira,Senior Product & Analytics Manager,Business Analyst,Agile; Requirement Gathering; User Stories; Jira,Product Strategy; SQL; Data Analytics; A/B Testing; Stakeholder Management,44.4,950000,1250000,Learn Product Strategy and SQL,79.3
PRF_01997,Business Analyst,2,Jira; User Stories; Stakeholder Management; SQL; A/B Testing,Senior Product & Analytics Manager,Business Analyst,Jira; User Stories; Stakeholder Management; SQL; A/B Testing,Product Strategy; Data Analytics,55.6,1000000,1550000,Learn Product Strategy and Data Analytics,95.4
PRF_01998,Business Analyst,5,Jira; Requirement Gathering; Agile; User Stories,Senior Product & Analytics Manager,Business Analyst,Jira; Requirement Gathering; Agile; User Stories,Product Strategy; SQL; Data Analytics; A/B Testing; Stakeholder Management,44.4,1000000,1500000,Learn Product Strategy and SQL,86.6
PRF_01999,Business Analyst,6,User Stories; Requirement Gathering; SQL,Senior Product & Analytics Manager,Business Analyst,User Stories; Requirement Gathering; SQL,Product Strategy; Data Analytics; A/B Testing; Stakeholder Management,33.3,950000,1200000,Learn Product Strategy and Data Analytics,70.5
PRF_02000,Business Analyst,7,Requirement Gathering; User Stories; Agile; Jira; SQL; Stakeholder Management; Data Analytics,Senior Product & Analytics Manager,Business Analyst,Requirement Gathering; User Stories; Agile; Jira; SQL; Stakeholder Management; Data Analytics,Product Strategy; A/B Testing,77.8,1200000,2900000,Learn Product Strategy and A/B Testing,100
PRF_02001,Operations Manager,12,Team Leadership; Process Improvement; Supply Chain Optimization,Director of Business Operations,Operations Manager,Team Leadership; Process Improvement; Supply Chain Optimization,Six Sigma; ERP; Strategic Planning,42.9,1700000,2500000,Learn Six Sigma and ERP,84.6
PRF_02002,Operations Manager,10,Team Leadership; Process Improvement; ERP,Director of Business Operations,Operations Manager,Team Leadership; Process Improvement; ERP,Supply Chain Optimization; Six Sigma; Strategic Planning,42.9,2300000,2300000,Learn Supply Chain Optimization and Six Sigma,65.7
PRF_02003,Operations Manager,7,Process Improvement; Budgeting,Director of Business Operations,Operations Manager,Process Improvement; Budgeting,Supply Chain Optimization; Six Sigma; ERP; Strategic Planning,28.6,1700000,1350000,Learn Supply Chain Optimization and Six Sigma,48.9
PRF_02004,Operations Manager,1,Process Improvement; Budgeting; Strategic Planning; Six Sigma; ERP,Director of Business Operations,Operations Manager,Process Improvement; Budgeting; Strategic Planning; Six Sigma; ERP,Supply Chain Optimization,71.4,1050000,2300000,Learn Supply Chain Optimization,100
PRF_02005,Operations Manager,2,Team Leadership; Process Improvement; Supply Chain Optimization,Director of Business Operations,Operations Manager,Team Leadership; Process Improvement; Supply Chain Optimization,Six Sigma; ERP; Strategic Planning,42.9,1150000,1500000,Learn Six Sigma and ERP,77.9
PRF_02006,Operations Manager,12,Process Improvement; Budgeting; Supply Chain Optimization; ERP; Six Sigma,Director of Business Operations,Operations Manager,Process Improvement; Budgeting; Supply Chain Optimization; ERP; Six Sigma,Strategic Planning,71.4,2600000,4200000,Learn Strategic Planning,100
PRF_02007,Operations Manager,12,Process Improvement; Budgeting; ERP; Six Sigma,Director of Business Operations,Operations Manager,Process Improvement; Budgeting; ERP; Six Sigma,Supply Chain Optimization; Strategic Planning,57.1,2500000,3350000,Learn Supply Chain Optimization and Strategic Planning,87.9
PRF_02008,Operations Manager,8,Budgeting; Team Leadership; Strategic Planning; Six Sigma; ERP,Director of Business Operations,Operations Manager,Budgeting; Team Leadership; Strategic Planning; Six Sigma; ERP,Supply Chain Optimization,71.4,2050000,3500000,Learn Supply Chain Optimization,100
PRF_02009,Operations Manager,1,Budgeting; Team Leadership; Process Improvement; ERP; Six Sigma,Director of Business Operations,Operations Manager,Budgeting; Team Leadership; Process Improvement; ERP; Six Sigma,Supply Chain Optimization; Strategic Planning,71.4,800000,2300000,Learn Supply Chain Optimization and Strategic Planning,100
PRF_02010,Operations Manager,5,Team Leadership; Process Improvement; ERP; Supply Chain Optimization; Six Sigma,Director of Business Operations,Operations Manager,Team Leadership; Process Improvement; ERP; Supply Chain Optimization; Six Sigma,Strategic Planning,71.4,1400000,3000000,Learn Strategic Planning,100
PRF_02011,Operations Manager,5,Team Leadership; Process Improvement,Director of Business Operations,Operations Manager,Team Leadership; Process Improvement,Supply Chain Optimization; Six Sigma; ERP; Strategic Planning,28.6,1700000,1200000,Learn Supply Chain Optimization and Six Sigma,45.4
PRF_02012,Operations Manager,2,Process Improvement; Budgeting; Team Leadership,Director of Business Operations,Operations Manager,Process Improvement; Budgeting; Team Leadership,Supply Chain Optimization; Six Sigma; ERP; Strategic Planning,42.9,1200000,1500000,Learn Supply Chain Optimization and Six Sigma,75.7
PRF_02013,Operations Manager,3,Process Improvement; Budgeting; Strategic Planning; Six Sigma; Supply Chain Optimization,Director of Business Operations,Operations Manager,Process Improvement; Budgeting; Strategic Planning; Six Sigma; Supply Chain Optimization,ERP,71.4,1300000,2650000,Learn ERP,100
PRF_02014,Operations Manager,12,Process Improvement; Budgeting; Strategic Planning; Supply Chain Optimization,Director of Business Operations,Operations Manager,Process Improvement; Budgeting; Strategic Planning; Supply Chain Optimization,Six Sigma; ERP,57.1,1850000,3350000,Learn Six Sigma and ERP,100
PRF_02015,Operations Manager,4,Process Improvement; Budgeting; Team Leadership; Supply Chain Optimization; ERP,Director of Business Operations,Operations Manager,Process Improvement; Budgeting; Team Leadership; Supply Chain Optimization; ERP,Six Sigma; Strategic Planning,71.4,1600000,2850000,Learn Six Sigma and Strategic Planning,100
PRF_02016,Operations Manager,12,Budgeting; Team Leadership; Six Sigma; Strategic Planning,Director of Business Operations,Operations Manager,Budgeting; Team Leadership; Six Sigma; Strategic Planning,Supply Chain Optimization; ERP,57.1,1750000,3350000,Learn Supply Chain Optimization and ERP,100
PRF_02017,Operations Manager,10,Team Leadership; Budgeting; Six Sigma; Supply Chain Optimization; Strategic Planning,Director of Business Operations,Operations Manager,Team Leadership; Budgeting; Six Sigma; Supply Chain Optimization; Strategic Planning,ERP,71.4,1950000,3850000,Learn ERP,100
PRF_02018,Operations Manager,14,Team Leadership; Process Improvement; Budgeting; Strategic Planning,Director of Business Operations,Operations Manager,Team Leadership; Process Improvement; Budgeting; Strategic Planning,Supply Chain Optimization; Six Sigma; ERP,57.1,2800000,3650000,Learn Supply Chain Optimization and Six Sigma,86.4
PRF_02019,Operations Manager,13,Team Leadership; Process Improvement,Director of Business Operations,Operations Manager,Team Leadership; Process Improvement,Supply Chain Optimization; Six Sigma; ERP; Strategic Planning,28.6,2550000,1750000,Learn Supply Chain Optimization and Six Sigma,44.6
PRF_02020,Operations Manager,8,Team Leadership; Budgeting; Process Improvement; Strategic Planning,Director of Business Operations,Operations Manager,Team Leadership; Budgeting; Process Improvement; Strategic Planning,Supply Chain Optimization; Six Sigma; ERP,57.1,2100000,2800000,Learn Supply Chain Optimization and Six Sigma,87.6
PRF_02021,Operations Manager,9,Process Improvement; Team Leadership,Director of Business Operations,Operations Manager,Process Improvement; Team Leadership,Supply Chain Optimization; Six Sigma; ERP; Strategic Planning,28.6,2150000,1500000,Learn Supply Chain Optimization and Six Sigma,45.1
PRF_02022,Operations Manager,12,Budgeting; Team Leadership; Six Sigma; ERP,Director of Business Operations,Operations Manager,Budgeting; Team Leadership; Six Sigma; ERP,Supply Chain Optimization; Strategic Planning,57.1,1800000,3350000,Learn Supply Chain Optimization and Strategic Planning,100
PRF_02023,Operations Manager,6,Team Leadership; Process Improvement; Budgeting,Director of Business Operations,Operations Manager,Team Leadership; Process Improvement; Budgeting,Supply Chain Optimization; Six Sigma; ERP; Strategic Planning,42.9,1650000,1900000,Learn Supply Chain Optimization and Six Sigma,71.8
PRF_02024,Operations Manager,11,Budgeting; Process Improvement; Six Sigma,Director of Business Operations,Operations Manager,Budgeting; Process Improvement; Six Sigma,Supply Chain Optimization; ERP; Strategic Planning,42.9,2150000,2400000,Learn Supply Chain Optimization and ERP,70.4
PRF_02025,Operations Manager,14,Budgeting; Process Improvement; Supply Chain Optimization; Six Sigma; ERP,Director of Business Operations,Operations Manager,Budgeting; Process Improvement; Supply Chain Optimization; Six Sigma; ERP,Strategic Planning,71.4,2550000,4550000,Learn Strategic Planning,100
PRF_02026,Operations Manager,2,Budgeting; Process Improvement; Supply Chain Optimization; ERP,Director of Business Operations,Operations Manager,Budgeting; Process Improvement; Supply Chain Optimization; ERP,Six Sigma; Strategic Planning,57.1,1150000,2000000,Learn Six Sigma and Strategic Planning,100
PRF_02027,Operations Manager,9,Team Leadership; Budgeting; ERP; Strategic Planning; Six Sigma,Director of Business Operations,Operations Manager,Team Leadership; Budgeting; ERP; Strategic Planning; Six Sigma,Supply Chain Optimization,71.4,1650000,3700000,Learn Supply Chain Optimization,100
PRF_02028,Operations Manager,12,Process Improvement; Team Leadership; ERP; Supply Chain Optimization; Strategic Planning,Director of Business Operations,Operations Manager,Process Improvement; Team Leadership; ERP; Supply Chain Optimization; Strategic Planning,Six Sigma,71.4,1900000,4200000,Learn Six Sigma,100
PRF_02029,Operations Manager,4,Process Improvement; Budgeting; ERP,Director of Business Operations,Operations Manager,Process Improvement; Budgeting; ERP,Supply Chain Optimization; Six Sigma; Strategic Planning,42.9,1550000,1700000,Learn Supply Chain Optimization and Six Sigma,69.6
PRF_02030,Operations Manager,2,Budgeting; Team Leadership; Supply Chain Optimization; Strategic Planning,Director of Business Operations,Operations Manager,Budgeting; Team Leadership; Supply Chain Optimization; Strategic Planning,Six Sigma; ERP,57.1,950000,2000000,Learn Six Sigma and ERP,100
PRF_02031,Operations Manager,10,Budgeting; Process Improvement,Director of Business Operations,Operations Manager,Budgeting; Process Improvement,Supply Chain Optimization; Six Sigma; ERP; Strategic Planning,28.6,2150000,1550000,Learn Supply Chain Optimization and Six Sigma,46.0
PRF_02032,Operations Manager,3,Process Improvement; Budgeting; Team Leadership; Six Sigma; ERP; Strategic Planning,Director of Business Operations,Operations Manager,Process Improvement; Budgeting; Team Leadership; Six Sigma; ERP; Strategic Planning,Supply Chain Optimization,85.7,1100000,3200000,Learn Supply Chain Optimization,100
PRF_02033,Operations Manager,4,Budgeting; Team Leadership; Process Improvement; Strategic Planning; Supply Chain Optimization,Director of Business Operations,Operations Manager,Budgeting; Team Leadership; Process Improvement; Strategic Planning; Supply Chain Optimization,Six Sigma; ERP,71.4,1100000,2850000,Learn Six Sigma and ERP,100
PRF_02034,Operations Manager,11,Budgeting; Team Leadership,Director of Business Operations,Operations Manager,Budgeting; Team Leadership,Supply Chain Optimization; Six Sigma; ERP; Strategic Planning,28.6,2450000,1600000,Learn Supply Chain Optimization and Six Sigma,43.3
PRF_02035,Operations Manager,9,Budgeting; Team Leadership,Director of Business Operations,Operations Manager,Budgeting; Team Leadership,Supply Chain Optimization; Six Sigma; ERP; Strategic Planning,28.6,2000000,1500000,Learn Supply Chain Optimization and Six Sigma,47.2
PRF_02036,Operations Manager,9,Budgeting; Team Leadership; ERP; Six Sigma,Director of Business Operations,Operations Manager,Budgeting; Team Leadership; ERP; Six Sigma,Supply Chain Optimization; Strategic Planning,57.1,1500000,2950000,Learn Supply Chain Optimization and Strategic Planning,100
PRF_02037,Operations Manager,8,Process Improvement; Budgeting; Six Sigma; Strategic Planning,Director of Business Operations,Operations Manager,Process Improvement; Budgeting; Six Sigma; Strategic Planning,Supply Chain Optimization; ERP,57.1,1450000,2800000,Learn Supply Chain Optimization and ERP,100
PRF_02038,Operations Manager,4,Team Leadership; Process Improvement; Budgeting; ERP; Six Sigma,Director of Business Operations,Operations Manager,Team Leadership; Process Improvement; Budgeting; ERP; Six Sigma,Supply Chain Optimization; Strategic Planning,71.4,1250000,2850000,Learn Supply Chain Optimization and Strategic Planning,100
PRF_02039,Operations Manager,8,Budgeting; Team Leadership; Strategic Planning,Director of Business Operations,Operations Manager,Budgeting; Team Leadership; Strategic Planning,Supply Chain Optimization; Six Sigma; ERP,42.9,1500000,2100000,Learn Supply Chain Optimization and Six Sigma,81.7
PRF_02040,Operations Manager,1,Budgeting; Team Leadership; Process Improvement; Six Sigma; Strategic Planning,Director of Business Operations,Operations Manager,Budgeting; Team Leadership; Process Improvement; Six Sigma; Strategic Planning,Supply Chain Optimization; ERP,71.4,1000000,2300000,Learn Supply Chain Optimization and ERP,100
PRF_02041,Operations Manager,6,Process Improvement; Team Leadership; Strategic Planning; ERP,Director of Business Operations,Operations Manager,Process Improvement; Team Leadership; Strategic Planning; ERP,Supply Chain Optimization; Six Sigma,57.1,1700000,2550000,Learn Supply Chain Optimization and Six Sigma,94.3
PRF_02042,Operations Manager,14,Budgeting; Team Leadership; Supply Chain Optimization; ERP,Director of Business Operations,Operations Manager,Budgeting; Team Leadership; Supply Chain Optimization; ERP,Six Sigma; Strategic Planning,57.1,2900000,3650000,Learn Six Sigma and Strategic Planning,84.6
PRF_02043,Operations Manager,5,Team Leadership; Budgeting; Process Improvement; Supply Chain Optimization,Director of Business Operations,Operations Manager,Team Leadership; Budgeting; Process Improvement; Supply Chain Optimization,Six Sigma; ERP; Strategic Planning,57.1,1150000,2400000,Learn Six Sigma and ERP,100
PRF_02044,Operations Manager,11,Team Leadership; Process Improvement; Budgeting; ERP,Director of Business Operations,Operations Manager,Team Leadership; Process Improvement; Budgeting; ERP,Supply Chain Optimization; Six Sigma; Strategic Planning,57.1,1800000,3200000,Learn Supply Chain Optimization and Six Sigma,100
PRF_02045,Operations Manager,4,Team Leadership; Budgeting; Six Sigma; ERP,Director of Business Operations,Operations Manager,Team Leadership; Budgeting; Six Sigma; ERP,Supply Chain Optimization; Strategic Planning,57.1,1450000,2250000,Learn Supply Chain Optimization and Strategic Planning,96.3
PRF_02046,Operations Manager,6,Team Leadership; Budgeting; Process Improvement,Director of Business Operations,Operations Manager,Team Leadership; Budgeting; Process Improvement,Supply Chain Optimization; Six Sigma; ERP; Strategic Planning,42.9,1300000,1900000,Learn Supply Chain Optimization and Six Sigma,84.2
PRF_02047,Operations Manager,13,Process Improvement; Budgeting; ERP,Director of Business Operations,Operations Manager,Process Improvement; Budgeting; ERP,Supply Chain Optimization; Six Sigma; Strategic Planning,42.9,1950000,2650000,Learn Supply Chain Optimization and Six Sigma,80.1
PRF_02048,Operations Manager,3,Process Improvement; Team Leadership; Budgeting; ERP,Director of Business Operations,Operations Manager,Process Improvement; Team Leadership; Budgeting; ERP,Supply Chain Optimization; Six Sigma; Strategic Planning,57.1,1450000,2100000,Learn Supply Chain Optimization and Six Sigma,92.2
PRF_02049,Operations Manager,7,Budgeting; Team Leadership; Process Improvement; Supply Chain Optimization; Six Sigma,Director of Business Operations,Operations Manager,Budgeting; Team Leadership; Process Improvement; Supply Chain Optimization; Six Sigma,ERP; Strategic Planning,71.4,1600000,3350000,Learn ERP and Strategic Planning,100
PRF_02050,Operations Manager,14,Process Improvement; Budgeting; Supply Chain Optimization,Director of Business Operations,Operations Manager,Process Improvement; Budgeting; Supply Chain Optimization,Six Sigma; ERP; Strategic Planning,42.9,2400000,2750000,Learn Six Sigma and ERP,71.6
PRF_02051,Operations Manager,3,Process Improvement; Team Leadership; ERP,Director of Business Operations,Operations Manager,Process Improvement; Team Leadership; ERP,Supply Chain Optimization; Six Sigma; Strategic Planning,42.9,1350000,1600000,Learn Supply Chain Optimization and Six Sigma,73.1
PRF_02052,Operations Manager,13,Process Improvement; Budgeting; Strategic Planning; Supply Chain Optimization; Six Sigma,Director of Business Operations,Operations Manager,Process Improvement; Budgeting; Strategic Planning; Supply Chain Optimization; Six Sigma,ERP,71.4,2250000,4350000,Learn ERP,100
PRF_02053,Operations Manager,1,Budgeting; Team Leadership,Director of Business Operations,Operations Manager,Budgeting; Team Leadership,Supply Chain Optimization; Six Sigma; ERP; Strategic Planning,28.6,1100000,950000,Learn Supply Chain Optimization and Six Sigma,51.7
PRF_02054,Operations Manager,12,Budgeting; Process Improvement; Strategic Planning; ERP; Six Sigma,Director of Business Operations,Operations Manager,Budgeting; Process Improvement; Strategic Planning; ERP; Six Sigma,Supply Chain Optimization,71.4,2100000,4200000,Learn Supply Chain Optimization,100
PRF_02055,Operations Manager,13,Team Leadership; Process Improvement; ERP; Strategic Planning,Director of Business Operations,Operations Manager,Team Leadership; Process Improvement; ERP; Strategic Planning,Supply Chain Optimization; Six Sigma,57.1,2750000,3500000,Learn Supply Chain Optimization and Six Sigma,85.2
PRF_02056,Operations Manager,14,Process Improvement; Team Leadership; Budgeting,Director of Business Operations,Operations Manager,Process Improvement; Team Leadership; Budgeting,Supply Chain Optimization; Six Sigma; ERP; Strategic Planning,42.9,2100000,2750000,Learn Supply Chain Optimization and Six Sigma,78.1
PRF_02057,Operations Manager,11,Budgeting; Team Leadership; Six Sigma; Strategic Planning,Director of Business Operations,Operations Manager,Budgeting; Team Leadership; Six Sigma; Strategic Planning,Supply Chain Optimization; ERP,57.1,2100000,3200000,Learn Supply Chain Optimization and ERP,95.2
PRF_02058,Operations Manager,10,Process Improvement; Team Leadership,Director of Business Operations,Operations Manager,Process Improvement; Team Leadership,Supply Chain Optimization; Six Sigma; ERP; Strategic Planning,28.6,1950000,1550000,Learn Supply Chain Optimization and Six Sigma,49.0
PRF_02059,Operations Manager,1,Team Leadership; Process Improvement; Six Sigma; ERP,Director of Business Operations,Operations Manager,Team Leadership; Process Improvement; Six Sigma; ERP,Supply Chain Optimization; Strategic Planning,57.1,850000,1850000,Learn Supply Chain Optimization and Strategic Planning,100
PRF_02060,Operations Manager,12,Process Improvement; Team Leadership; Supply Chain Optimization; Six Sigma; Strategic Planning,Director of Business Operations,Operations Manager,Process Improvement; Team Leadership; Supply Chain Optimization; Six Sigma; Strategic Planning,ERP,71.4,1850000,4200000,Learn ERP,100
PRF_02061,Operations Manager,14,Budgeting; Process Improvement; Strategic Planning; ERP,Director of Business Operations,Operations Manager,Budgeting; Process Improvement; Strategic Planning; ERP,Supply Chain Optimization; Six Sigma,57.1,2800000,3650000,Learn Supply Chain Optimization and Six Sigma,86.4
PRF_02062,Operations Manager,10,Process Improvement; Budgeting; Team Leadership; Strategic Planning; Six Sigma,Director of Business Operations,Operations Manager,Process Improvement; Budgeting; Team Leadership; Strategic Planning; Six Sigma,Supply Chain Optimization; ERP,71.4,2200000,3850000,Learn Supply Chain Optimization and ERP,100
PRF_02063,Operations Manager,4,Budgeting; Team Leadership; ERP; Supply Chain Optimization,Director of Business Operations,Operations Manager,Budgeting; Team Leadership; ERP; Supply Chain Optimization,Six Sigma; Strategic Planning,57.1,1500000,2250000,Learn Six Sigma and Strategic Planning,94.3
PRF_02064,Operations Manager,8,Budgeting; Team Leadership; Six Sigma; Strategic Planning,Director of Business Operations,Operations Manager,Budgeting; Team Leadership; Six Sigma; Strategic Planning,Supply Chain Optimization; ERP,57.1,1700000,2800000,Learn Supply Chain Optimization and ERP,100
PRF_02065,Operations Manager,14,Budgeting; Process Improvement; Supply Chain Optimization; Strategic Planning,Director of Business Operations,Operations Manager,Budgeting; Process Improvement; Supply Chain Optimization; Strategic Planning,Six Sigma; ERP,57.1,1900000,3650000,Learn Six Sigma and ERP,100
PRF_02066,Operations Manager,14,Process Improvement; Team Leadership; ERP; Supply Chain Optimization; Six Sigma,Director of Business Operations,Operations Manager,Process Improvement; Team Leadership; ERP; Supply Chain Optimization; Six Sigma,Strategic Planning,71.4,2550000,4550000,Learn Strategic Planning,100
PRF_02067,Operations Manager,3,Budgeting; Team Leadership; Supply Chain Optimization; Strategic Planning; Six Sigma,Director of Business Operations,Operations Manager,Budgeting; Team Leadership; Supply Chain Optimization; Strategic Planning; Six Sigma,ERP,71.4,1200000,2650000,Learn ERP,100
PRF_02068,Operations Manager,2,Team Leadership; Process Improvement,Director of Business Operations,Operations Manager,Team Leadership; Process Improvement,Supply Chain Optimization; Six Sigma; ERP; Strategic Planning,28.6,900000,1000000,Learn Supply Chain Optimization and Six Sigma,61.6
PRF_02069,Operations Manager,3,Budgeting; Process Improvement; Team Leadership; Six Sigma; Strategic Planning,Director of Business Operations,Operations Manager,Budgeting; Process Improvement; Team Leadership; Six Sigma; Strategic Planning,Supply Chain Optimization; ERP,71.4,1000000,2650000,Learn Supply Chain Optimization and ERP,100
PRF_02070,Operations Manager,11,Team Leadership; Budgeting; Supply Chain Optimization,Director of Business Operations,Operations Manager,Team Leadership; Budgeting; Supply Chain Optimization,Six Sigma; ERP; Strategic Planning,42.9,2000000,2400000,Learn Six Sigma and ERP,73.7
PRF_02071,Operations Manager,14,Process Improvement; Budgeting; Six Sigma; Supply Chain Optimization,Director of Business Operations,Operations Manager,Process Improvement; Budgeting; Six Sigma; Supply Chain Optimization,ERP; Strategic Planning,57.1,2500000,3650000,Learn ERP and Strategic Planning,92.7
PRF_02072,Operations Manager,7,Team Leadership; Budgeting; Process Improvement; Six Sigma,Director of Business Operations,Operations Manager,Team Leadership; Budgeting; Process Improvement; Six Sigma,Supply Chain Optimization; ERP; Strategic Planning,57.1,1350000,2650000,Learn Supply Chain Optimization and ERP,100
PRF_02073,Operations Manager,13,Process Improvement; Team Leadership,Director of Business Operations,Operations Manager,Process Improvement; Team Leadership,Supply Chain Optimization; Six Sigma; ERP; Strategic Planning,28.6,1900000,1750000,Learn Supply Chain Optimization and Six Sigma,54.0
PRF_02074,Operations Manager,4,Team Leadership; Process Improvement; Supply Chain Optimization; Strategic Planning; ERP,Director of Business Operations,Operations Manager,Team Leadership; Process Improvement; Supply Chain Optimization; Strategic Planning; ERP,Six Sigma,71.4,1050000,2850000,Learn Six Sigma,100
PRF_02075,Operations Manager,3,Budgeting; Process Improvement; Six Sigma; Supply Chain Optimization; Strategic Planning,Director of Business Operations,Operations Manager,Budgeting; Process Improvement; Six Sigma; Supply Chain Optimization; Strategic Planning,ERP,71.4,1150000,2650000,Learn ERP,100
PRF_02076,Operations Manager,12,Process Improvement; Team Leadership; Budgeting,Director of Business Operations,Operations Manager,Process Improvement; Team Leadership; Budgeting,Supply Chain Optimization; Six Sigma; ERP; Strategic Planning,42.9,2650000,2500000,Learn Supply Chain Optimization and Six Sigma,63.5
PRF_02077,Operations Manager,2,Team Leadership; Budgeting,Director of Business Operations,Operations Manager,Team Leadership; Budgeting,Supply Chain Optimization; Six Sigma; ERP; Strategic Planning,28.6,1350000,1000000,Learn Supply Chain Optimization and Six Sigma,46.8
PRF_02078,Operations Manager,3,Team Leadership; Process Improvement,Director of Business Operations,Operations Manager,Team Leadership; Process Improvement,Supply Chain Optimization; Six Sigma; ERP; Strategic Planning,28.6,1350000,1050000,Learn Supply Chain Optimization and Six Sigma,48.3
PRF_02079,Operations Manager,14,Process Improvement; Budgeting; Six Sigma; ERP,Director of Business Operations,Operations Manager,Process Improvement; Budgeting; Six Sigma; ERP,Supply Chain Optimization; Strategic Planning,57.1,2400000,3650000,Learn Supply Chain Optimization and Strategic Planning,95.1
PRF_02080,Operations Manager,1,Team Leadership; Budgeting; Supply Chain Optimization,Director of Business Operations,Operations Manager,Team Leadership; Budgeting; Supply Chain Optimization,Six Sigma; ERP; Strategic Planning,42.9,900000,1400000,Learn Six Sigma and ERP,88.0
PRF_02081,Operations Manager,3,Budgeting; Team Leadership,Director of Business Operations,Operations Manager,Budgeting; Team Leadership,Supply Chain Optimization; Six Sigma; ERP; Strategic Planning,28.6,1300000,1050000,Learn Supply Chain Optimization and Six Sigma,49.5
PRF_02082,Operations Manager,10,Process Improvement; Team Leadership; Strategic Planning,Director of Business Operations,Operations Manager,Process Improvement; Team Leadership; Strategic Planning,Supply Chain Optimization; Six Sigma; ERP,42.9,1800000,2300000,Learn Supply Chain Optimization and Six Sigma,76.9
PRF_02083,Operations Manager,11,Process Improvement; Team Leadership; Budgeting,Director of Business Operations,Operations Manager,Process Improvement; Team Leadership; Budgeting,Supply Chain Optimization; Six Sigma; ERP; Strategic Planning,42.9,2300000,2400000,Learn Supply Chain Optimization and Six Sigma,67.5
PRF_02084,Operations Manager,11,Process Improvement; Team Leadership; Supply Chain Optimization,Director of Business Operations,Operations Manager,Process Improvement; Team Leadership; Supply Chain Optimization,Six Sigma; ERP; Strategic Planning,42.9,1850000,2400000,Learn Six Sigma and ERP,77.6
PRF_02085,Operations Manager,13,Team Leadership; Process Improvement; Supply Chain Optimization,Director of Business Operations,Operations Manager,Team Leadership; Process Improvement; Supply Chain Optimization,Six Sigma; ERP; Strategic Planning,42.9,2600000,2650000,Learn Six Sigma and ERP,66.5
PRF_02086,Operations Manager,2,Process Improvement; Budgeting; Supply Chain Optimization; Six Sigma,Director of Business Operations,Operations Manager,Process Improvement; Budgeting; Supply Chain Optimization; Six Sigma,ERP; Strategic Planning,57.1,1000000,2000000,Learn ERP and Strategic Planning,100
PRF_02087,Operations Manager,12,Budgeting; Team Leadership; Process Improvement; Strategic Planning; ERP; Six Sigma,Director of Business Operations,Operations Manager,Budgeting; Team Leadership; Process Improvement; Strategic Planning; ERP; Six Sigma,Supply Chain Optimization,85.7,2150000,5050000,Learn Supply Chain Optimization,100
PRF_02088,Operations Manager,1,Process Improvement; Team Leadership; Strategic Planning,Director of Business Operations,Operations Manager,Process Improvement; Team Leadership; Strategic Planning,Supply Chain Optimization; Six Sigma; ERP,42.9,1000000,1400000,Learn Supply Chain Optimization and Six Sigma,81.7
PRF_02089,Operations Manager,7,Team Leadership; Process Improvement; Strategic Planning; ERP; Six Sigma,Director of Business Operations,Operations Manager,Team Leadership; Process Improvement; Strategic Planning; ERP; Six Sigma,Supply Chain Optimization,71.4,1850000,3350000,Learn Supply Chain Optimization,100
PRF_02090,Operations Manager,6,Process Improvement; Budgeting; Team Leadership,Director of Business Operations,Operations Manager,Process Improvement; Budgeting; Team Leadership,Supply Chain Optimization; Six Sigma; ERP; Strategic Planning,42.9,1250000,1900000,Learn Supply Chain Optimization and Six Sigma,86.5
PRF_02091,Operations Manager,11,Team Leadership; Process Improvement,Director of Business Operations,Operations Manager,Team Leadership; Process Improvement,Supply Chain Optimization; Six Sigma; ERP; Strategic Planning,28.6,2550000,1600000,Learn Supply Chain Optimization and Six Sigma,42.3
PRF_02092,Operations Manager,3,Team Leadership; Process Improvement; Budgeting; Supply Chain Optimization; Strategic Planning,Director of Business Operations,Operations Manager,Team Leadership; Process Improvement; Budgeting; Supply Chain Optimization; Strategic Planning,Six Sigma; ERP,71.4,1200000,2650000,Learn Six Sigma and ERP,100
PRF_02093,Operations Manager,12,Process Improvement; Budgeting; Team Leadership; ERP,Director of Business Operations,Operations Manager,Process Improvement; Budgeting; Team Leadership; ERP,Supply Chain Optimization; Six Sigma; Strategic Planning,57.1,2600000,3350000,Learn Supply Chain Optimization and Six Sigma,85.8
PRF_02094,Operations Manager,4,Process Improvement; Budgeting,Director of Business Operations,Operations Manager,Process Improvement; Budgeting,Supply Chain Optimization; Six Sigma; ERP; Strategic Planning,28.6,1400000,1150000,Learn Supply Chain Optimization and Six Sigma,50.0
PRF_02095,Operations Manager,11,Budgeting; Process Improvement,Director of Business Operations,Operations Manager,Budgeting; Process Improvement,Supply Chain Optimization; Six Sigma; ERP; Strategic Planning,28.6,2300000,1600000,Learn Supply Chain Optimization and Six Sigma,45.0
PRF_02096,Operations Manager,7,Process Improvement; Budgeting; Team Leadership; ERP,Director of Business Operations,Operations Manager,Process Improvement; Budgeting; Team Leadership; ERP,Supply Chain Optimization; Six Sigma; Strategic Planning,57.1,1400000,2650000,Learn Supply Chain Optimization and Six Sigma,100
PRF_02097,Operations Manager,4,Team Leadership; Process Improvement; Six Sigma; Supply Chain Optimization; ERP,Director of Business Operations,Operations Manager,Team Leadership; Process Improvement; Six Sigma; Supply Chain Optimization; ERP,Strategic Planning,71.4,1550000,2850000,Learn Strategic Planning,100
PRF_02098,Operations Manager,9,Team Leadership; Process Improvement,Director of Business Operations,Operations Manager,Team Leadership; Process Improvement,Supply Chain Optimization; Six Sigma; ERP; Strategic Planning,28.6,1800000,1500000,Learn Supply Chain Optimization and Six Sigma,50.5
PRF_02099,Operations Manager,3,Team Leadership; Process Improvement; Budgeting; ERP,Director of Business Operations,Operations Manager,Team Leadership; Process Improvement; Budgeting; ERP,Supply Chain Optimization; Six Sigma; Strategic Planning,57.1,1050000,2100000,Learn Supply Chain Optimization and Six Sigma,100
PRF_02100,Operations Manager,8,Process Improvement; Team Leadership; Budgeting; Supply Chain Optimization,Director of Business Operations,Operations Manager,Process Improvement; Team Leadership; Budgeting; Supply Chain Optimization,Six Sigma; ERP; Strategic Planning,57.1,1750000,2800000,Learn Six Sigma and ERP,98.3
PRF_02101,Operations Manager,13,Process Improvement; Team Leadership; ERP; Strategic Planning; Six Sigma,Director of Business Operations,Operations Manager,Process Improvement; Team Leadership; ERP; Strategic Planning; Six Sigma,Supply Chain Optimization,71.4,1900000,4350000,Learn Supply Chain Optimization,100
PRF_02102,Operations Manager,4,Team Leadership; Budgeting; Process Improvement; ERP,Director of Business Operations,Operations Manager,Team Leadership; Budgeting; Process Improvement; ERP,Supply Chain Optimization; Six Sigma; Strategic Planning,57.1,1300000,2250000,Learn Supply Chain Optimization and Six Sigma,100
PRF_02103,Operations Manager,8,Process Improvement; Budgeting; Supply Chain Optimization; Six Sigma,Director of Business Operations,Operations Manager,Process Improvement; Budgeting; Supply Chain Optimization; Six Sigma,ERP; Strategic Planning,57.1,1950000,2800000,Learn ERP and Strategic Planning,91.7
PRF_02104,Operations Manager,7,Team Leadership; Budgeting; Six Sigma; Strategic Planning,Director of Business Operations,Operations Manager,Team Leadership; Budgeting; Six Sigma; Strategic Planning,Supply Chain Optimization; ERP,57.1,1850000,2650000,Learn Supply Chain Optimization and ERP,91.6
PRF_02105,Operations Manager,8,Process Improvement; Budgeting; Team Leadership; Strategic Planning; Supply Chain Optimization,Director of Business Operations,Operations Manager,Process Improvement; Budgeting; Team Leadership; Strategic Planning; Supply Chain Optimization,Six Sigma; ERP,71.4,1900000,3500000,Learn Six Sigma and ERP,100
PRF_02106,Operations Manager,12,Process Improvement; Team Leadership; Strategic Planning; ERP,Director of Business Operations,Operations Manager,Process Improvement; Team Leadership; Strategic Planning; ERP,Supply Chain Optimization; Six Sigma,57.1,1750000,3350000,Learn Supply Chain Optimization and Six Sigma,100
PRF_02107,Operations Manager,9,Process Improvement; Team Leadership; Budgeting,Director of Business Operations,Operations Manager,Process Improvement; Team Leadership; Budgeting,Supply Chain Optimization; Six Sigma; ERP; Strategic Planning,42.9,1850000,2200000,Learn Supply Chain Optimization and Six Sigma,73.3
PRF_02108,Operations Manager,2,Process Improvement; Team Leadership; Budgeting; Six Sigma; Supply Chain Optimization,Director of Business Operations,Operations Manager,Process Improvement; Team Leadership; Budgeting; Six Sigma; Supply Chain Optimization,ERP; Strategic Planning,71.4,850000,2500000,Learn ERP and Strategic Planning,100
PRF_02109,Operations Manager,5,Team Leadership; Budgeting; Process Improvement; Strategic Planning,Director of Business Operations,Operations Manager,Team Leadership; Budgeting; Process Improvement; Strategic Planning,Supply Chain Optimization; Six Sigma; ERP,57.1,1450000,2400000,Learn Supply Chain Optimization and Six Sigma,100
PRF_02110,Operations Manager,9,Team Leadership; Budgeting; ERP,Director of Business Operations,Operations Manager,Team Leadership; Budgeting; ERP,Supply Chain Optimization; Six Sigma; Strategic Planning,42.9,2150000,2200000,Learn Supply Chain Optimization and Six Sigma,66.7
PRF_02111,Operations Manager,13,Budgeting; Team Leadership; Process Improvement; Supply Chain Optimization; ERP; Six Sigma,Director of Business Operations,Operations Manager,Budgeting; Team Leadership; Process Improvement; Supply Chain Optimization; ERP; Six Sigma,Strategic Planning,85.7,2350000,5250000,Learn Strategic Planning,100
PRF_02112,Operations Manager,3,Process Improvement; Budgeting; Supply Chain Optimization; Six Sigma,Director of Business Operations,Operations Manager,Process Improvement; Budgeting; Supply Chain Optimization; Six Sigma,ERP; Strategic Planning,57.1,1200000,2100000,Learn ERP and Strategic Planning,100
PRF_02113,Operations Manager,13,Budgeting; Team Leadership; ERP,Director of Business Operations,Operations Manager,Budgeting; Team Leadership; ERP,Supply Chain Optimization; Six Sigma; Strategic Planning,42.9,1900000,2650000,Learn Supply Chain Optimization and Six Sigma,81.5
PRF_02114,Operations Manager,5,Team Leadership; Process Improvement,Director of Business Operations,Operations Manager,Team Leadership; Process Improvement,Supply Chain Optimization; Six Sigma; ERP; Strategic Planning,28.6,1700000,1200000,Learn Supply Chain Optimization and Six Sigma,45.4
PRF_02115,Operations Manager,8,Budgeting; Process Improvement; Six Sigma; Supply Chain Optimization,Director of Business Operations,Operations Manager,Budgeting; Process Improvement; Six Sigma; Supply Chain Optimization,ERP; Strategic Planning,57.1,1750000,2800000,Learn ERP and Strategic Planning,98.3
PRF_02116,Operations Manager,8,Budgeting; Team Leadership; Process Improvement; Six Sigma; Supply Chain Optimization,Director of Business Operations,Operations Manager,Budgeting; Team Leadership; Process Improvement; Six Sigma; Supply Chain Optimization,ERP; Strategic Planning,71.4,1850000,3500000,Learn ERP and Strategic Planning,100
PRF_02117,Operations Manager,3,Team Leadership; Budgeting; Process Improvement; Supply Chain Optimization,Director of Business Operations,Operations Manager,Team Leadership; Budgeting; Process Improvement; Supply Chain Optimization,Six Sigma; ERP; Strategic Planning,57.1,1400000,2100000,Learn Six Sigma and ERP,94.3
PRF_02118,Operations Manager,12,Team Leadership; Process Improvement; Strategic Planning; Six Sigma,Director of Business Operations,Operations Manager,Team Leadership; Process Improvement; Strategic Planning; Six Sigma,Supply Chain Optimization; ERP,57.1,2650000,3350000,Learn Supply Chain Optimization and ERP,84.8
PRF_02119,Operations Manager,13,Process Improvement; Budgeting; Team Leadership; Strategic Planning; ERP,Director of Business Operations,Operations Manager,Process Improvement; Budgeting; Team Leadership; Strategic Planning; ERP,Supply Chain Optimization; Six Sigma,71.4,2150000,4350000,Learn Supply Chain Optimization and Six Sigma,100
PRF_02120,Operations Manager,6,Team Leadership; Process Improvement; Supply Chain Optimization; Six Sigma,Director of Business Operations,Operations Manager,Team Leadership; Process Improvement; Supply Chain Optimization; Six Sigma,ERP; Strategic Planning,57.1,1600000,2550000,Learn ERP and Strategic Planning,98.0
PRF_02121,Operations Manager,8,Budgeting; Process Improvement; Team Leadership,Director of Business Operations,Operations Manager,Budgeting; Process Improvement; Team Leadership,Supply Chain Optimization; Six Sigma; ERP; Strategic Planning,42.9,2100000,2100000,Learn Supply Chain Optimization and Six Sigma,65.7
PRF_02122,Operations Manager,1,Team Leadership; Process Improvement; ERP; Strategic Planning,Director of Business Operations,Operations Manager,Team Leadership; Process Improvement; ERP; Strategic Planning,Supply Chain Optimization; Six Sigma,57.1,1200000,1850000,Learn Supply Chain Optimization and Six Sigma,95.9
PRF_02123,Operations Manager,4,Process Improvement; Budgeting; Team Leadership; Supply Chain Optimization,Director of Business Operations,Operations Manager,Process Improvement; Budgeting; Team Leadership; Supply Chain Optimization,Six Sigma; ERP; Strategic Planning,57.1,1250000,2250000,Learn Six Sigma and ERP,100
PRF_02124,Operations Manager,14,Process Improvement; Team Leadership; Budgeting; Supply Chain Optimization; ERP,Director of Business Operations,Operations Manager,Process Improvement; Team Leadership; Budgeting; Supply Chain Optimization; ERP,Six Sigma; Strategic Planning,71.4,2900000,4550000,Learn Six Sigma and Strategic Planning,100
PRF_02125,Operations Manager,10,Process Improvement; Team Leadership; ERP,Director of Business Operations,Operations Manager,Process Improvement; Team Leadership; ERP,Supply Chain Optimization; Six Sigma; Strategic Planning,42.9,1950000,2300000,Learn Supply Chain Optimization and Six Sigma,72.9
PRF_02126,Operations Manager,5,Budgeting; Team Leadership; Six Sigma; Strategic Planning; ERP,Director of Business Operations,Operations Manager,Budgeting; Team Leadership; Six Sigma; Strategic Planning; ERP,Supply Chain Optimization,71.4,1200000,3000000,Learn Supply Chain Optimization,100
PRF_02127,Operations Manager,6,Process Improvement; Budgeting; Team Leadership,Director of Business Operations,Operations Manager,Process Improvement; Budgeting; Team Leadership,Supply Chain Optimization; Six Sigma; ERP; Strategic Planning,42.9,1600000,1900000,Learn Supply Chain Optimization and Six Sigma,73.2
PRF_02128,Operations Manager,11,Team Leadership; Process Improvement; Budgeting; Six Sigma; Strategic Planning; Supply Chain Optimization,Director of Business Operations,Operations Manager,Team Leadership; Process Improvement; Budgeting; Six Sigma; Strategic Planning; Supply Chain Optimization,ERP,85.7,2550000,4850000,Learn ERP,100
PRF_02129,Operations Manager,13,Process Improvement; Team Leadership; Budgeting; ERP,Director of Business Operations,Operations Manager,Process Improvement; Team Leadership; Budgeting; ERP,Supply Chain Optimization; Six Sigma; Strategic Planning,57.1,2000000,3500000,Learn Supply Chain Optimization and Six Sigma,100
PRF_02130,Operations Manager,7,Process Improvement; Team Leadership; Strategic Planning; Six Sigma; Supply Chain Optimization,Director of Business Operations,Operations Manager,Process Improvement; Team Leadership; Strategic Planning; Six Sigma; Supply Chain Optimization,ERP,71.4,1600000,3350000,Learn ERP,100
PRF_02131,Operations Manager,12,Team Leadership; Process Improvement; Budgeting; ERP; Six Sigma,Director of Business Operations,Operations Manager,Team Leadership; Process Improvement; Budgeting; ERP; Six Sigma,Supply Chain Optimization; Strategic Planning,71.4,2250000,4200000,Learn Supply Chain Optimization and Strategic Planning,100
PRF_02132,Operations Manager,1,Process Improvement; Team Leadership; Strategic Planning; Supply Chain Optimization,Director of Business Operations,Operations Manager,Process Improvement; Team Leadership; Strategic Planning; Supply Chain Optimization,Six Sigma; ERP,57.1,850000,1850000,Learn Six Sigma and ERP,100
PRF_02133,Operations Manager,2,Budgeting; Team Leadership; Strategic Planning; Six Sigma; Supply Chain Optimization,Director of Business Operations,Operations Manager,Budgeting; Team Leadership; Strategic Planning; Six Sigma; Supply Chain Optimization,ERP,71.4,1000000,2500000,Learn ERP,100
PRF_02134,Operations Manager,14,Process Improvement; Team Leadership; Budgeting; Supply Chain Optimization; Six Sigma; Strategic Planning,Director of Business Operations,Operations Manager,Process Improvement; Team Leadership; Budgeting; Supply Chain Optimization; Six Sigma; Strategic Planning,ERP,85.7,1950000,5450000,Learn ERP,100
PRF_02135,Operations Manager,7,Team Leadership; Process Improvement; Six Sigma; Strategic Planning; Supply Chain Optimization,Director of Business Operations,Operations Manager,Team Leadership; Process Improvement; Six Sigma; Strategic Planning; Supply Chain Optimization,ERP,71.4,1750000,3350000,Learn ERP,100
PRF_02136,Operations Manager,13,Process Improvement; Budgeting; Team Leadership; ERP,Director of Business Operations,Operations Manager,Process Improvement; Budgeting; Team Leadership; ERP,Supply Chain Optimization; Six Sigma; Strategic Planning,57.1,2500000,3500000,Learn Supply Chain Optimization and Six Sigma,90.3
PRF_02137,Operations Manager,4,Team Leadership; Budgeting; Process Improvement; ERP; Strategic Planning,Director of Business Operations,Operations Manager,Team Leadership; Budgeting; Process Improvement; ERP; Strategic Planning,Supply Chain Optimization; Six Sigma,71.4,1200000,2850000,Learn Supply Chain Optimization and Six Sigma,100
PRF_02138,Operations Manager,6,Process Improvement; Team Leadership,Director of Business Operations,Operations Manager,Process Improvement; Team Leadership,Supply Chain Optimization; Six Sigma; ERP; Strategic Planning,28.6,1300000,1250000,Learn Supply Chain Optimization and Six Sigma,55.6
PRF_02139,Operations Manager,8,Team Leadership; Budgeting; Process Improvement; Supply Chain Optimization,Director of Business Operations,Operations Manager,Team Leadership; Budgeting; Process Improvement; Supply Chain Optimization,Six Sigma; ERP; Strategic Planning,57.1,1400000,2800000,Learn Six Sigma and ERP,100
PRF_02140,Operations Manager,5,Budgeting; Team Leadership; Process Improvement,Director of Business Operations,Operations Manager,Budgeting; Team Leadership; Process Improvement,Supply Chain Optimization; Six Sigma; ERP; Strategic Planning,42.9,1300000,1800000,Learn Supply Chain Optimization and Six Sigma,81.1
PRF_02141,Operations Manager,10,Process Improvement; Team Leadership; Budgeting; Supply Chain Optimization; ERP,Director of Business Operations,Operations Manager,Process Improvement; Team Leadership; Budgeting; Supply Chain Optimization; ERP,Six Sigma; Strategic Planning,71.4,2100000,3850000,Learn Six Sigma and Strategic Planning,100
PRF_02142,Operations Manager,2,Budgeting; Team Leadership; Six Sigma; Strategic Planning; Supply Chain Optimization,Director of Business Operations,Operations Manager,Budgeting; Team Leadership; Six Sigma; Strategic Planning; Supply Chain Optimization,ERP,71.4,1200000,2500000,Learn ERP,100
PRF_02143,Operations Manager,1,Budgeting; Team Leadership; ERP; Strategic Planning; Six Sigma,Director of Business Operations,Operations Manager,Budgeting; Team Leadership; ERP; Strategic Planning; Six Sigma,Supply Chain Optimization,71.4,1200000,2300000,Learn Supply Chain Optimization,100
PRF_02144,Operations Manager,8,Budgeting; Team Leadership; ERP; Supply Chain Optimization; Strategic Planning,Director of Business Operations,Operations Manager,Budgeting; Team Leadership; ERP; Supply Chain Optimization; Strategic Planning,Six Sigma,71.4,2000000,3500000,Learn Six Sigma,100
PRF_02145,Operations Manager,3,Budgeting; Team Leadership; Process Improvement; Strategic Planning,Director of Business Operations,Operations Manager,Budgeting; Team Leadership; Process Improvement; Strategic Planning,Supply Chain Optimization; Six Sigma; ERP,57.1,1050000,2100000,Learn Supply Chain Optimization and Six Sigma,100
PRF_02146,Operations Manager,2,Budgeting; Process Improvement; Six Sigma,Director of Business Operations,Operations Manager,Budgeting; Process Improvement; Six Sigma,Supply Chain Optimization; ERP; Strategic Planning,42.9,1100000,1500000,Learn Supply Chain Optimization and ERP,80.3
PRF_02147,Operations Manager,13,Team Leadership; Process Improvement; Budgeting; Strategic Planning,Director of Business Operations,Operations Manager,Team Leadership; Process Improvement; Budgeting; Strategic Planning,Supply Chain Optimization; Six Sigma; ERP,57.1,2750000,3500000,Learn Supply Chain Optimization and Six Sigma,85.2
PRF_02148,Operations Manager,12,Team Leadership; Process Improvement; Budgeting; Six Sigma,Director of Business Operations,Operations Manager,Team Leadership; Process Improvement; Budgeting; Six Sigma,Supply Chain Optimization; ERP; Strategic Planning,57.1,2250000,3350000,Learn Supply Chain Optimization and ERP,93.8
PRF_02149,Operations Manager,7,Team Leadership; Budgeting; Process Improvement; Supply Chain Optimization,Director of Business Operations,Operations Manager,Team Leadership; Budgeting; Process Improvement; Supply Chain Optimization,Six Sigma; ERP; Strategic Planning,57.1,1900000,2650000,Learn Six Sigma and ERP,90.0
PRF_02150,Operations Manager,8,Team Leadership; Process Improvement; Budgeting; Strategic Planning,Director of Business Operations,Operations Manager,Team Leadership; Process Improvement; Budgeting; Strategic Planning,Supply Chain Optimization; Six Sigma; ERP,57.1,2000000,2800000,Learn Supply Chain Optimization and Six Sigma,90.3
PRF_02151,Operations Manager,2,Process Improvement; Team Leadership; Six Sigma,Director of Business Operations,Operations Manager,Process Improvement; Team Leadership; Six Sigma,Supply Chain Optimization; ERP; Strategic Planning,42.9,1300000,1500000,Learn Supply Chain Optimization and ERP,71.9
PRF_02152,Operations Manager,9,Process Improvement; Team Leadership; Strategic Planning; ERP; Supply Chain Optimization,Director of Business Operations,Operations Manager,Process Improvement; Team Leadership; Strategic Planning; ERP; Supply Chain Optimization,Six Sigma,71.4,2200000,3700000,Learn Six Sigma,100
PRF_02153,Operations Manager,9,Process Improvement; Team Leadership; Supply Chain Optimization,Director of Business Operations,Operations Manager,Process Improvement; Team Leadership; Supply Chain Optimization,Six Sigma; ERP; Strategic Planning,42.9,2100000,2200000,Learn Six Sigma and ERP,67.6
PRF_02154,Operations Manager,5,Budgeting; Team Leadership; Process Improvement; ERP,Director of Business Operations,Operations Manager,Budgeting; Team Leadership; Process Improvement; ERP,Supply Chain Optimization; Six Sigma; Strategic Planning,57.1,1750000,2400000,Learn Supply Chain Optimization and Six Sigma,89.1
PRF_02155,Operations Manager,1,Budgeting; Process Improvement; Team Leadership; ERP; Strategic Planning; Six Sigma,Director of Business Operations,Operations Manager,Budgeting; Process Improvement; Team Leadership; ERP; Strategic Planning; Six Sigma,Supply Chain Optimization,85.7,1150000,2800000,Learn Supply Chain Optimization,100
PRF_02156,Operations Manager,11,Process Improvement; Budgeting; Six Sigma; ERP,Director of Business Operations,Operations Manager,Process Improvement; Budgeting; Six Sigma; ERP,Supply Chain Optimization; Strategic Planning,57.1,2500000,3200000,Learn Supply Chain Optimization and Strategic Planning,85.5
PRF_02157,Operations Manager,7,Team Leadership; Process Improvement; Six Sigma,Director of Business Operations,Operations Manager,Team Leadership; Process Improvement; Six Sigma,Supply Chain Optimization; ERP; Strategic Planning,42.9,1700000,2000000,Learn Supply Chain Optimization and ERP,72.8
PRF_02158,Operations Manager,14,Process Improvement; Budgeting; Strategic Planning,Director of Business Operations,Operations Manager,Process Improvement; Budgeting; Strategic Planning,Supply Chain Optimization; Six Sigma; ERP,42.9,2700000,2750000,Learn Supply Chain Optimization and Six Sigma,66.5
PRF_02159,Operations Manager,2,Process Improvement; Budgeting; Strategic Planning; ERP,Director of Business Operations,Operations Manager,Process Improvement; Budgeting; Strategic Planning; ERP,Supply Chain Optimization; Six Sigma,57.1,900000,2000000,Learn Supply Chain Optimization and Six Sigma,100
PRF_02160,Operations Manager,9,Budgeting; Process Improvement; Supply Chain Optimization,Director of Business Operations,Operations Manager,Budgeting; Process Improvement; Supply Chain Optimization,Six Sigma; ERP; Strategic Planning,42.9,1750000,2200000,Learn Six Sigma and ERP,76.0
PRF_02161,Operations Manager,5,Team Leadership; Process Improvement; Supply Chain Optimization; Six Sigma; Strategic Planning,Director of Business Operations,Operations Manager,Team Leadership; Process Improvement; Supply Chain Optimization; Six Sigma; Strategic Planning,ERP,71.4,1300000,3000000,Learn ERP,100
PRF_02162,Operations Manager,2,Budgeting; Team Leadership; Process Improvement; Strategic Planning; Supply Chain Optimization,Director of Business Operations,Operations Manager,Budgeting; Team Leadership; Process Improvement; Strategic Planning; Supply Chain Optimization,Six Sigma; ERP,71.4,1100000,2500000,Learn Six Sigma and ERP,100
PRF_02163,Operations Manager,5,Process Improvement; Team Leadership; ERP; Supply Chain Optimization,Director of Business Operations,Operations Manager,Process Improvement; Team Leadership; ERP; Supply Chain Optimization,Six Sigma; Strategic Planning,57.1,1650000,2400000,Learn Six Sigma and Strategic Planning,92.4
PRF_02164,Operations Manager,3,Team Leadership; Budgeting; Supply Chain Optimization; Six Sigma; ERP,Director of Business Operations,Operations Manager,Team Leadership; Budgeting; Supply Chain Optimization; Six Sigma; ERP,Strategic Planning,71.4,1300000,2650000,Learn Strategic Planning,100
PRF_02165,Operations Manager,7,Budgeting; Process Improvement; Team Leadership; ERP; Strategic Planning,Director of Business Operations,Operations Manager,Budgeting; Process Improvement; Team Leadership; ERP; Strategic Planning,Supply Chain Optimization; Six Sigma,71.4,1950000,3350000,Learn Supply Chain Optimization and Six Sigma,100
PRF_02166,Operations Manager,10,Budgeting; Team Leadership; Supply Chain Optimization,Director of Business Operations,Operations Manager,Budgeting; Team Leadership; Supply Chain Optimization,Six Sigma; ERP; Strategic Planning,42.9,2050000,2300000,Learn Six Sigma and ERP,70.6
PRF_02167,Operations Manager,12,Team Leadership; Budgeting; Supply Chain Optimization; ERP,Director of Business Operations,Operations Manager,Team Leadership; Budgeting; Supply Chain Optimization; ERP,Six Sigma; Strategic Planning,57.1,1900000,3350000,Learn Six Sigma and Strategic Planning,100
PRF_02168,Operations Manager,13,Budgeting; Team Leadership; Supply Chain Optimization; Strategic Planning; ERP,Director of Business Operations,Operations Manager,Budgeting; Team Leadership; Supply Chain Optimization; Strategic Planning; ERP,Six Sigma,71.4,2400000,4350000,Learn Six Sigma,100
PRF_02169,Operations Manager,1,Team Leadership; Budgeting; Strategic Planning,Director of Business Operations,Operations Manager,Team Leadership; Budgeting; Strategic Planning,Supply Chain Optimization; Six Sigma; ERP,42.9,1050000,1400000,Learn Supply Chain Optimization and Six Sigma,79.1
PRF_02170,Operations Manager,2,Team Leadership; Process Improvement; Six Sigma; Strategic Planning; ERP,Director of Business Operations,Operations Manager,Team Leadership; Process Improvement; Six Sigma; Strategic Planning; ERP,Supply Chain Optimization,71.4,1100000,2500000,Learn Supply Chain Optimization,100
PRF_02171,Operations Manager,7,Process Improvement; Team Leadership,Director of Business Operations,Operations Manager,Process Improvement; Team Leadership,Supply Chain Optimization; Six Sigma; ERP; Strategic Planning,28.6,1750000,1350000,Learn Supply Chain Optimization and Six Sigma,48.0
PRF_02172,Operations Manager,9,Team Leadership; Budgeting; Process Improvement; Six Sigma; Strategic Planning,Director of Business Operations,Operations Manager,Team Leadership; Budgeting; Process Improvement; Six Sigma; Strategic Planning,Supply Chain Optimization; ERP,71.4,1800000,3700000,Learn Supply Chain Optimization and ERP,100
PRF_02173,Operations Manager,1,Team Leadership; Process Improvement; Budgeting,Director of Business Operations,Operations Manager,Team Leadership; Process Improvement; Budgeting,Supply Chain Optimization; Six Sigma; ERP; Strategic Planning,42.9,800000,1400000,Learn Supply Chain Optimization and Six Sigma,95.7
PRF_02174,Operations Manager,2,Budgeting; Team Leadership; Supply Chain Optimization,Director of Business Operations,Operations Manager,Budgeting; Team Leadership; Supply Chain Optimization,Six Sigma; ERP; Strategic Planning,42.9,1050000,1500000,Learn Six Sigma and ERP,82.9
PRF_02175,Operations Manager,1,Team Leadership; Process Improvement; Supply Chain Optimization; ERP,Director of Business Operations,Operations Manager,Team Leadership; Process Improvement; Supply Chain Optimization; ERP,Six Sigma; Strategic Planning,57.1,1200000,1850000,Learn Six Sigma and Strategic Planning,95.9
PRF_02176,Operations Manager,2,Team Leadership; Budgeting; Process Improvement; ERP; Six Sigma,Director of Business Operations,Operations Manager,Team Leadership; Budgeting; Process Improvement; ERP; Six Sigma,Supply Chain Optimization; Strategic Planning,71.4,1200000,2500000,Learn Supply Chain Optimization and Strategic Planning,100
PRF_02177,Operations Manager,6,Process Improvement; Team Leadership; Supply Chain Optimization; Six Sigma; Strategic Planning,Director of Business Operations,Operations Manager,Process Improvement; Team Leadership; Supply Chain Optimization; Six Sigma; Strategic Planning,ERP,71.4,1550000,3150000,Learn ERP,100
PRF_02178,Operations Manager,2,Budgeting; Process Improvement; Six Sigma; Supply Chain Optimization,Director of Business Operations,Operations Manager,Budgeting; Process Improvement; Six Sigma; Supply Chain Optimization,ERP; Strategic Planning,57.1,1300000,2000000,Learn ERP and Strategic Planning,95.8
PRF_02179,Operations Manager,13,Process Improvement; Team Leadership; Six Sigma,Director of Business Operations,Operations Manager,Process Improvement; Team Leadership; Six Sigma,Supply Chain Optimization; ERP; Strategic Planning,42.9,1950000,2650000,Learn Supply Chain Optimization and ERP,80.1
PRF_02180,Operations Manager,7,Process Improvement; Team Leadership; Budgeting; Six Sigma; Strategic Planning; Supply Chain Optimization,Director of Business Operations,Operations Manager,Process Improvement; Team Leadership; Budgeting; Six Sigma; Strategic Planning; Supply Chain Optimization,ERP,85.7,1950000,4000000,Learn ERP,100
PRF_02181,Operations Manager,5,Team Leadership; Process Improvement; Budgeting; Supply Chain Optimization; Strategic Planning,Director of Business Operations,Operations Manager,Team Leadership; Process Improvement; Budgeting; Supply Chain Optimization; Strategic Planning,Six Sigma; ERP,71.4,1150000,3000000,Learn Six Sigma and ERP,100
PRF_02182,Operations Manager,3,Budgeting; Process Improvement; Six Sigma,Director of Business Operations,Operations Manager,Budgeting; Process Improvement; Six Sigma,Supply Chain Optimization; ERP; Strategic Planning,42.9,1350000,1600000,Learn Supply Chain Optimization and ERP,73.1
PRF_02183,Operations Manager,9,Process Improvement; Team Leadership; Strategic Planning; ERP,Director of Business Operations,Operations Manager,Process Improvement; Team Leadership; Strategic Planning; ERP,Supply Chain Optimization; Six Sigma,57.1,2300000,2950000,Learn Supply Chain Optimization and Six Sigma,85.6
PRF_02184,Operations Manager,11,Budgeting; Team Leadership; Six Sigma; ERP,Director of Business Operations,Operations Manager,Budgeting; Team Leadership; Six Sigma; ERP,Supply Chain Optimization; Strategic Planning,57.1,2050000,3200000,Learn Supply Chain Optimization and Strategic Planning,96.7
PRF_02185,Operations Manager,14,Budgeting; Team Leadership; Supply Chain Optimization; ERP,Director of Business Operations,Operations Manager,Budgeting; Team Leadership; Supply Chain Optimization; ERP,Six Sigma; Strategic Planning,57.1,2600000,3650000,Learn Six Sigma and Strategic Planning,90.4
PRF_02186,Operations Manager,13,Budgeting; Process Improvement,Director of Business Operations,Operations Manager,Budgeting; Process Improvement,Supply Chain Optimization; Six Sigma; ERP; Strategic Planning,28.6,2550000,1750000,Learn Supply Chain Optimization and Six Sigma,44.6
PRF_02187,Operations Manager,12,Budgeting; Team Leadership; Six Sigma; Strategic Planning; ERP,Director of Business Operations,Operations Manager,Budgeting; Team Leadership; Six Sigma; Strategic Planning; ERP,Supply Chain Optimization,71.4,2050000,4200000,Learn Supply Chain Optimization,100
PRF_02188,Operations Manager,1,Budgeting; Process Improvement; Team Leadership; Six Sigma; ERP,Director of Business Operations,Operations Manager,Budgeting; Process Improvement; Team Leadership; Six Sigma; ERP,Supply Chain Optimization; Strategic Planning,71.4,950000,2300000,Learn Supply Chain Optimization and Strategic Planning,100
PRF_02189,Operations Manager,6,Team Leadership; Budgeting,Director of Business Operations,Operations Manager,Team Leadership; Budgeting,Supply Chain Optimization; Six Sigma; ERP; Strategic Planning,28.6,1600000,1250000,Learn Supply Chain Optimization and Six Sigma,48.4
PRF_02190,Operations Manager,12,Budgeting; Process Improvement; Six Sigma; ERP,Director of Business Operations,Operations Manager,Budgeting; Process Improvement; Six Sigma; ERP,Supply Chain Optimization; Strategic Planning,57.1,1750000,3350000,Learn Supply Chain Optimization and Strategic Planning,100
PRF_02191,Operations Manager,14,Budgeting; Process Improvement; ERP; Strategic Planning,Director of Business Operations,Operations Manager,Budgeting; Process Improvement; ERP; Strategic Planning,Supply Chain Optimization; Six Sigma,57.1,2700000,3650000,Learn Supply Chain Optimization and Six Sigma,88.3
PRF_02192,Operations Manager,4,Budgeting; Team Leadership; ERP; Six Sigma; Strategic Planning,Director of Business Operations,Operations Manager,Budgeting; Team Leadership; ERP; Six Sigma; Strategic Planning,Supply Chain Optimization,71.4,1600000,2850000,Learn Supply Chain Optimization,100
PRF_02193,Operations Manager,7,Process Improvement; Budgeting,Director of Business Operations,Operations Manager,Process Improvement; Budgeting,Supply Chain Optimization; Six Sigma; ERP; Strategic Planning,28.6,1800000,1350000,Learn Supply Chain Optimization and Six Sigma,47.2
PRF_02194,Operations Manager,9,Process Improvement; Team Leadership; Six Sigma; Strategic Planning,Director of Business Operations,Operations Manager,Process Improvement; Team Leadership; Six Sigma; Strategic Planning,Supply Chain Optimization; ERP,57.1,1650000,2950000,Learn Supply Chain Optimization and ERP,100
PRF_02195,Operations Manager,14,Team Leadership; Budgeting; ERP; Supply Chain Optimization; Six Sigma,Director of Business Operations,Operations Manager,Team Leadership; Budgeting; ERP; Supply Chain Optimization; Six Sigma,Strategic Planning,71.4,2650000,4550000,Learn Strategic Planning,100
PRF_02196,Operations Manager,5,Process Improvement; Team Leadership; ERP,Director of Business Operations,Operations Manager,Process Improvement; Team Leadership; ERP,Supply Chain Optimization; Six Sigma; Strategic Planning,42.9,1600000,1800000,Learn Supply Chain Optimization and Six Sigma,70.7
PRF_02197,Operations Manager,2,Team Leadership; Process Improvement,Director of Business Operations,Operations Manager,Team Leadership; Process Improvement,Supply Chain Optimization; Six Sigma; ERP; Strategic Planning,28.6,900000,1000000,Learn Supply Chain Optimization and Six Sigma,61.6
PRF_02198,Operations Manager,8,Team Leadership; Budgeting; Process Improvement; Strategic Planning; Six Sigma; Supply Chain Optimization,Director of Business Operations,Operations Manager,Team Leadership; Budgeting; Process Improvement; Strategic Planning; Six Sigma; Supply Chain Optimization,ERP,85.7,1700000,4200000,Learn ERP,100
PRF_02199,Operations Manager,9,Budgeting; Team Leadership; Process Improvement,Director of Business Operations,Operations Manager,Budgeting; Team Leadership; Process Improvement,Supply Chain Optimization; Six Sigma; ERP; Strategic Planning,42.9,1550000,2200000,Learn Supply Chain Optimization and Six Sigma,82.5
PRF_02200,Operations Manager,4,Budgeting; Team Leadership; Strategic Planning; Supply Chain Optimization; Six Sigma,Director of Business Operations,Operations Manager,Budgeting; Team Leadership; Strategic Planning; Supply Chain Optimization; Six Sigma,ERP,71.4,1350000,2850000,Learn ERP,100
PRF_02201,Operations Manager,10,Team Leadership; Process Improvement; Supply Chain Optimization; Six Sigma; ERP,Director of Business Operations,Operations Manager,Team Leadership; Process Improvement; Supply Chain Optimization; Six Sigma; ERP,Strategic Planning,71.4,2050000,3850000,Learn Strategic Planning,100
PRF_02202,Operations Manager,11,Process Improvement; Team Leadership; ERP; Strategic Planning; Six Sigma,Director of Business Operations,Operations Manager,Process Improvement; Team Leadership; ERP; Strategic Planning; Six Sigma,Supply Chain Optimization,71.4,2250000,4050000,Learn Supply Chain Optimization,100
PRF_02203,Operations Manager,12,Process Improvement; Budgeting; Team Leadership,Director of Business Operations,Operations Manager,Process Improvement; Budgeting; Team Leadership,Supply Chain Optimization; Six Sigma; ERP; Strategic Planning,42.9,2350000,2500000,Learn Supply Chain Optimization and Six Sigma,68.3
PRF_02204,Operations Manager,2,Process Improvement; Team Leadership; Six Sigma; Strategic Planning; Supply Chain Optimization,Director of Business Operations,Operations Manager,Process Improvement; Team Leadership; Six Sigma; Strategic Planning; Supply Chain Optimization,ERP,71.4,1350000,2500000,Learn ERP,100
PRF_02205,Operations Manager,14,Process Improvement; Team Leadership; Supply Chain Optimization; Six Sigma,Director of Business Operations,Operations Manager,Process Improvement; Team Leadership; Supply Chain Optimization; Six Sigma,ERP; Strategic Planning,57.1,2600000,3650000,Learn ERP and Strategic Planning,90.4
PRF_02206,Operations Manager,14,Team Leadership; Process Improvement; Six Sigma; Strategic Planning; ERP,Director of Business Operations,Operations Manager,Team Leadership; Process Improvement; Six Sigma; Strategic Planning; ERP,Supply Chain Optimization,71.4,1950000,4550000,Learn Supply Chain Optimization,100
PRF_02207,Operations Manager,14,Budgeting; Process Improvement; Team Leadership; Six Sigma,Director of Business Operations,Operations Manager,Budgeting; Process Improvement; Team Leadership; Six Sigma,Supply Chain Optimization; ERP; Strategic Planning,57.1,2700000,3650000,Learn Supply Chain Optimization and ERP,88.3
PRF_02208,Operations Manager,1,Team Leadership; Budgeting,Director of Business Operations,Operations Manager,Team Leadership; Budgeting,Supply Chain Optimization; Six Sigma; ERP; Strategic Planning,28.6,850000,950000,Learn Supply Chain Optimization and Six Sigma,61.9
PRF_02209,Operations Manager,9,Budgeting; Process Improvement,Director of Business Operations,Operations Manager,Budgeting; Process Improvement,Supply Chain Optimization; Six Sigma; ERP; Strategic Planning,28.6,1650000,1500000,Learn Supply Chain Optimization and Six Sigma,53.5
PRF_02210,Operations Manager,2,Budgeting; Team Leadership; Six Sigma; Strategic Planning,Director of Business Operations,Operations Manager,Budgeting; Team Leadership; Six Sigma; Strategic Planning,Supply Chain Optimization; ERP,57.1,950000,2000000,Learn Supply Chain Optimization and ERP,100
PRF_02211,Operations Manager,11,Process Improvement; Team Leadership; Budgeting,Director of Business Operations,Operations Manager,Process Improvement; Team Leadership; Budgeting,Supply Chain Optimization; Six Sigma; ERP; Strategic Planning,42.9,1850000,2400000,Learn Supply Chain Optimization and Six Sigma,77.6
PRF_02212,Operations Manager,8,Budgeting; Process Improvement; Team Leadership; Six Sigma; Supply Chain Optimization; ERP,Director of Business Operations,Operations Manager,Budgeting; Process Improvement; Team Leadership; Six Sigma; Supply Chain Optimization; ERP,Strategic Planning,85.7,1650000,4200000,Learn Strategic Planning,100
PRF_02213,Operations Manager,1,Budgeting; Team Leadership; Strategic Planning,Director of Business Operations,Operations Manager,Budgeting; Team Leadership; Strategic Planning,Supply Chain Optimization; Six Sigma; ERP,42.9,900000,1400000,Learn Supply Chain Optimization and Six Sigma,88.0
PRF_02214,Operations Manager,3,Budgeting; Team Leadership,Director of Business Operations,Operations Manager,Budgeting; Team Leadership,Supply Chain Optimization; Six Sigma; ERP; Strategic Planning,28.6,1050000,1050000,Learn Supply Chain Optimization and Six Sigma,57.2
PRF_02215,Operations Manager,2,Budgeting; Team Leadership,Director of Business Operations,Operations Manager,Budgeting; Team Leadership,Supply Chain Optimization; Six Sigma; ERP; Strategic Planning,28.6,1250000,1000000,Learn Supply Chain Optimization and Six Sigma,49.2
PRF_02216,Operations Manager,14,Process Improvement; Budgeting; Supply Chain Optimization; ERP; Six Sigma,Director of Business Operations,Operations Manager,Process Improvement; Budgeting; Supply Chain Optimization; ERP; Six Sigma,Strategic Planning,71.4,2800000,4550000,Learn Strategic Planning,100
PRF_02217,Operations Manager,13,Team Leadership; Budgeting; Process Improvement; ERP,Director of Business Operations,Operations Manager,Team Leadership; Budgeting; Process Improvement; ERP,Supply Chain Optimization; Six Sigma; Strategic Planning,57.1,2750000,3500000,Learn Supply Chain Optimization and Six Sigma,85.2
PRF_02218,Operations Manager,11,Budgeting; Process Improvement; ERP; Strategic Planning; Six Sigma,Director of Business Operations,Operations Manager,Budgeting; Process Improvement; ERP; Strategic Planning; Six Sigma,Supply Chain Optimization,71.4,2200000,4050000,Learn Supply Chain Optimization,100
PRF_02219,Operations Manager,4,Team Leadership; Budgeting; Process Improvement; Six Sigma,Director of Business Operations,Operations Manager,Team Leadership; Budgeting; Process Improvement; Six Sigma,Supply Chain Optimization; ERP; Strategic Planning,57.1,1500000,2250000,Learn Supply Chain Optimization and ERP,94.3
PRF_02220,Operations Manager,6,Team Leadership; Budgeting,Director of Business Operations,Operations Manager,Team Leadership; Budgeting,Supply Chain Optimization; Six Sigma; ERP; Strategic Planning,28.6,1800000,1250000,Learn Supply Chain Optimization and Six Sigma,44.9
PRF_02221,Operations Manager,1,Team Leadership; Budgeting; Process Improvement,Director of Business Operations,Operations Manager,Team Leadership; Budgeting; Process Improvement,Supply Chain Optimization; Six Sigma; ERP; Strategic Planning,42.9,900000,1400000,Learn Supply Chain Optimization and Six Sigma,88.0
PRF_02222,Operations Manager,14,Process Improvement; Team Leadership; Supply Chain Optimization; ERP; Strategic Planning,Director of Business Operations,Operations Manager,Process Improvement; Team Leadership; Supply Chain Optimization; ERP; Strategic Planning,Six Sigma,71.4,2250000,4550000,Learn Six Sigma,100
PRF_02223,Operations Manager,14,Process Improvement; Team Leadership; Six Sigma,Director of Business Operations,Operations Manager,Process Improvement; Team Leadership; Six Sigma,Supply Chain Optimization; ERP; Strategic Planning,42.9,2850000,2750000,Learn Supply Chain Optimization and ERP,64.3
PRF_02224,Operations Manager,11,Team Leadership; Budgeting,Director of Business Operations,Operations Manager,Team Leadership; Budgeting,Supply Chain Optimization; Six Sigma; ERP; Strategic Planning,28.6,2150000,1600000,Learn Supply Chain Optimization and Six Sigma,46.9
PRF_02225,Operations Manager,8,Process Improvement; Budgeting; Supply Chain Optimization; ERP; Strategic Planning,Director of Business Operations,Operations Manager,Process Improvement; Budgeting; Supply Chain Optimization; ERP; Strategic Planning,Six Sigma,71.4,2100000,3500000,Learn Six Sigma,100
PRF_02226,Operations Manager,6,Team Leadership; Process Improvement; Strategic Planning; Supply Chain Optimization,Director of Business Operations,Operations Manager,Team Leadership; Process Improvement; Strategic Planning; Supply Chain Optimization,Six Sigma; ERP,57.1,1900000,2550000,Learn Six Sigma and ERP,87.9
PRF_02227,Operations Manager,7,Team Leadership; Budgeting; Process Improvement; Supply Chain Optimization; Six Sigma,Director of Business Operations,Operations Manager,Team Leadership; Budgeting; Process Improvement; Supply Chain Optimization; Six Sigma,ERP; Strategic Planning,71.4,1600000,3350000,Learn ERP and Strategic Planning,100
PRF_02228,Operations Manager,13,Budgeting; Process Improvement; Team Leadership; Six Sigma; Supply Chain Optimization; Strategic Planning,Director of Business Operations,Operations Manager,Budgeting; Process Improvement; Team Leadership; Six Sigma; Supply Chain Optimization; Strategic Planning,ERP,85.7,2300000,5250000,Learn ERP,100
PRF_02229,Operations Manager,12,Budgeting; Process Improvement; Supply Chain Optimization,Director of Business Operations,Operations Manager,Budgeting; Process Improvement; Supply Chain Optimization,Six Sigma; ERP; Strategic Planning,42.9,2450000,2500000,Learn Six Sigma and ERP,66.6
PRF_02230,Operations Manager,2,Process Improvement; Budgeting; Six Sigma; Strategic Planning; Supply Chain Optimization,Director of Business Operations,Operations Manager,Process Improvement; Budgeting; Six Sigma; Strategic Planning; Supply Chain Optimization,ERP,71.4,950000,2500000,Learn ERP,100
PRF_02231,Operations Manager,13,Budgeting; Team Leadership; Supply Chain Optimization; Strategic Planning; Six Sigma,Director of Business Operations,Operations Manager,Budgeting; Team Leadership; Supply Chain Optimization; Strategic Planning; Six Sigma,ERP,71.4,2750000,4350000,Learn ERP,100
PRF_02232,Operations Manager,9,Budgeting; Team Leadership; ERP; Supply Chain Optimization,Director of Business Operations,Operations Manager,Budgeting; Team Leadership; ERP; Supply Chain Optimization,Six Sigma; Strategic Planning,57.1,1550000,2950000,Learn Six Sigma and Strategic Planning,100
PRF_02233,Operations Manager,1,Budgeting; Process Improvement; Strategic Planning,Director of Business Operations,Operations Manager,Budgeting; Process Improvement; Strategic Planning,Supply Chain Optimization; Six Sigma; ERP,42.9,950000,1400000,Learn Supply Chain Optimization and Six Sigma,84.7
PRF_02234,Operations Manager,5,Team Leadership; Budgeting,Director of Business Operations,Operations Manager,Team Leadership; Budgeting,Supply Chain Optimization; Six Sigma; ERP; Strategic Planning,28.6,1500000,1200000,Learn Supply Chain Optimization and Six Sigma,49.2
PRF_02235,Operations Manager,12,Budgeting; Process Improvement; Team Leadership; Six Sigma; Supply Chain Optimization; Strategic Planning,Director of Business Operations,Operations Manager,Budgeting; Process Improvement; Team Leadership; Six Sigma; Supply Chain Optimization; Strategic Planning,ERP,85.7,2250000,5050000,Learn ERP,100
PRF_02236,Operations Manager,8,Process Improvement; Budgeting; Team Leadership; Six Sigma,Director of Business Operations,Operations Manager,Process Improvement; Budgeting; Team Leadership; Six Sigma,Supply Chain Optimization; ERP; Strategic Planning,57.1,2000000,2800000,Learn Supply Chain Optimization and ERP,90.3
PRF_02237,Operations Manager,14,Budgeting; Team Leadership; Process Improvement,Director of Business Operations,Operations Manager,Budgeting; Team Leadership; Process Improvement,Supply Chain Optimization; Six Sigma; ERP; Strategic Planning,42.9,1900000,2750000,Learn Supply Chain Optimization and Six Sigma,83.6
PRF_02238,Operations Manager,7,Team Leadership; Process Improvement; Strategic Planning,Director of Business Operations,Operations Manager,Team Leadership; Process Improvement; Strategic Planning,Supply Chain Optimization; Six Sigma; ERP,42.9,1400000,2000000,Learn Supply Chain Optimization and Six Sigma,82.9
PRF_02239,Operations Manager,1,Budgeting; Process Improvement; Team Leadership,Director of Business Operations,Operations Manager,Budgeting; Process Improvement; Team Leadership,Supply Chain Optimization; Six Sigma; ERP; Strategic Planning,42.9,850000,1400000,Learn Supply Chain Optimization and Six Sigma,91.6
PRF_02240,Operations Manager,13,Team Leadership; Process Improvement; Budgeting; Six Sigma; Strategic Planning; ERP,Director of Business Operations,Operations Manager,Team Leadership; Process Improvement; Budgeting; Six Sigma; Strategic Planning; ERP,Supply Chain Optimization,85.7,2650000,5250000,Learn Supply Chain Optimization,100
PRF_02241,Operations Manager,1,Budgeting; Team Leadership; Supply Chain Optimization,Director of Business Operations,Operations Manager,Budgeting; Team Leadership; Supply Chain Optimization,Six Sigma; ERP; Strategic Planning,42.9,850000,1400000,Learn Six Sigma and ERP,91.6
PRF_02242,Operations Manager,11,Process Improvement; Budgeting; ERP; Supply Chain Optimization,Director of Business Operations,Operations Manager,Process Improvement; Budgeting; ERP; Supply Chain Optimization,Six Sigma; Strategic Planning,57.1,1850000,3200000,Learn Six Sigma and Strategic Planning,100
PRF_02243,Operations Manager,13,Budgeting; Team Leadership,Director of Business Operations,Operations Manager,Budgeting; Team Leadership,Supply Chain Optimization; Six Sigma; ERP; Strategic Planning,28.6,2650000,1750000,Learn Supply Chain Optimization and Six Sigma,43.6
PRF_02244,Operations Manager,8,Team Leadership; Process Improvement; Budgeting; ERP; Strategic Planning,Director of Business Operations,Operations Manager,Team Leadership; Process Improvement; Budgeting; ERP; Strategic Planning,Supply Chain Optimization; Six Sigma,71.4,2100000,3500000,Learn Supply Chain Optimization and Six Sigma,100
PRF_02245,Operations Manager,13,Budgeting; Team Leadership; Supply Chain Optimization; Six Sigma,Director of Business Operations,Operations Manager,Budgeting; Team Leadership; Supply Chain Optimization; Six Sigma,ERP; Strategic Planning,57.1,2500000,3500000,Learn ERP and Strategic Planning,90.3
PRF_02246,Operations Manager,1,Team Leadership; Budgeting; Six Sigma; Strategic Planning,Director of Business Operations,Operations Manager,Team Leadership; Budgeting; Six Sigma; Strategic Planning,Supply Chain Optimization; ERP,57.1,950000,1850000,Learn Supply Chain Optimization and ERP,100
PRF_02247,Operations Manager,13,Process Improvement; Team Leadership; Budgeting; Six Sigma; Supply Chain Optimization; ERP,Director of Business Operations,Operations Manager,Process Improvement; Team Leadership; Budgeting; Six Sigma; Supply Chain Optimization; ERP,Strategic Planning,85.7,2200000,5250000,Learn Strategic Planning,100
PRF_02248,Operations Manager,6,Team Leadership; Process Improvement,Director of Business Operations,Operations Manager,Team Leadership; Process Improvement,Supply Chain Optimization; Six Sigma; ERP; Strategic Planning,28.6,1300000,1250000,Learn Supply Chain Optimization and Six Sigma,55.6
PRF_02249,Operations Manager,2,Team Leadership; Process Improvement; ERP; Supply Chain Optimization; Strategic Planning,Director of Business Operations,Operations Manager,Team Leadership; Process Improvement; ERP; Supply Chain Optimization; Strategic Planning,Six Sigma,71.4,950000,2500000,Learn Six Sigma,100
PRF_02250,Operations Manager,13,Budgeting; Team Leadership; ERP,Director of Business Operations,Operations Manager,Budgeting; Team Leadership; ERP,Supply Chain Optimization; Six Sigma; Strategic Planning,42.9,2250000,2650000,Learn Supply Chain Optimization and Six Sigma,72.9
PRF_02251,HR,1,HR Policies; Talent Acquisition,Head of People & Culture,HR,HR Policies; Talent Acquisition,Strategic HR; HR Analytics; Workday; Talent Retention; Employee Engagement,22.2,900000,500000,Learn Strategic HR and HR Analytics,35.5
PRF_02252,HR,7,Talent Acquisition; Recruiting; Onboarding; HR Policies; Employee Engagement; Talent Retention; Strategic HR,Head of People & Culture,HR,Talent Acquisition; Recruiting; Onboarding; HR Policies; Employee Engagement; Talent Retention; Strategic HR,HR Analytics; Workday,77.8,1500000,2550000,Learn HR Analytics and Workday,100
PRF_02253,HR,12,HR Policies; Onboarding; Talent Acquisition,Head of People & Culture,HR,HR Policies; Onboarding; Talent Acquisition,Strategic HR; HR Analytics; Workday; Talent Retention; Employee Engagement,33.3,1500000,1350000,Learn Strategic HR and HR Analytics,56.0
PRF_02254,HR,14,Talent Acquisition; HR Policies; Onboarding; Talent Retention; Workday,Head of People & Culture,HR,Talent Acquisition; HR Policies; Onboarding; Talent Retention; Workday,Strategic HR; HR Analytics; Employee Engagement,55.6,1800000,2500000,Learn Strategic HR and HR Analytics,88.9
PRF_02255,HR,6,Talent Acquisition; Recruiting; Strategic HR,Head of People & Culture,HR,Talent Acquisition; Recruiting; Strategic HR,HR Analytics; Workday; Talent Retention; Employee Engagement,33.3,1250000,1050000,Learn HR Analytics and Workday,53.6
PRF_02256,HR,2,Talent Acquisition; HR Policies; Onboarding; Workday; HR Analytics; Employee Engagement,Head of People & Culture,HR,Talent Acquisition; HR Policies; Onboarding; Workday; HR Analytics; Employee Engagement,Strategic HR; Talent Retention,66.7,800000,1600000,Learn Strategic HR and Talent Retention,100
PRF_02257,HR,3,HR Policies; Onboarding; Talent Acquisition; Employee Engagement,Head of People & Culture,HR,HR Policies; Onboarding; Talent Acquisition; Employee Engagement,Strategic HR; HR Analytics; Workday; Talent Retention,44.4,950000,1150000,Learn Strategic HR and HR Analytics,75.1
PRF_02258,HR,13,Onboarding; Recruiting; Talent Acquisition; HR Analytics,Head of People & Culture,HR,Onboarding; Recruiting; Talent Acquisition; HR Analytics,Strategic HR; Workday; Talent Retention; Employee Engagement,44.4,1900000,1900000,Learn Strategic HR and Workday,66.6
PRF_02259,HR,5,Onboarding; HR Policies; Recruiting; Talent Acquisition; Workday,Head of People & Culture,HR,Onboarding; HR Policies; Recruiting; Talent Acquisition; Workday,Strategic HR; HR Analytics; Talent Retention; Employee Engagement,55.6,1050000,1650000,Learn Strategic HR and HR Analytics,96.2
PRF_02260,HR,8,Onboarding; HR Policies; Recruiting; Employee Engagement; Strategic HR; Workday,Head of People & Culture,HR,Onboarding; HR Policies; Recruiting; Employee Engagement; Strategic HR; Workday,HR Analytics; Talent Retention,66.7,1150000,2300000,Learn HR Analytics and Talent Retention,100
PRF_02261,HR,13,Recruiting; HR Policies; Onboarding; Strategic HR,Head of People & Culture,HR,Recruiting; HR Policies; Onboarding; Strategic HR,HR Analytics; Workday; Talent Retention; Employee Engagement,44.4,1600000,1900000,Learn HR Analytics and Workday,74.1
PRF_02262,HR,12,Talent Acquisition; Recruiting; HR Policies; Onboarding; Talent Retention; Strategic HR; Workday,Head of People & Culture,HR,Talent Acquisition; Recruiting; HR Policies; Onboarding; Talent Retention; Strategic HR; Workday,HR Analytics; Employee Engagement,77.8,1350000,3200000,Learn HR Analytics and Employee Engagement,100
PRF_02263,HR,8,Talent Acquisition; Recruiting; HR Policies; Onboarding,Head of People & Culture,HR,Talent Acquisition; Recruiting; HR Policies; Onboarding,Strategic HR; HR Analytics; Workday; Talent Retention; Employee Engagement,44.4,1250000,1550000,Learn Strategic HR and HR Analytics,76.2
PRF_02264,HR,9,Talent Acquisition; HR Policies; Onboarding; Recruiting; Employee Engagement; Workday; HR Analytics,Head of People & Culture,HR,Talent Acquisition; HR Policies; Onboarding; Recruiting; Employee Engagement; Workday; HR Analytics,Strategic HR; Talent Retention,77.8,1350000,2800000,Learn Strategic HR and Talent Retention,100
PRF_02265,HR,6,Recruiting; Talent Acquisition; Onboarding; Strategic HR; HR Analytics; Employee Engagement,Head of People & Culture,HR,Recruiting; Talent Acquisition; Onboarding; Strategic HR; HR Analytics; Employee Engagement,Workday; Talent Retention,66.7,1150000,2050000,Learn Workday and Talent Retention,100
PRF_02266,HR,2,Recruiting; Onboarding; Workday,Head of People & Culture,HR,Recruiting; Onboarding; Workday,Strategic HR; HR Analytics; Talent Retention; Employee Engagement,33.3,700000,800000,Learn Strategic HR and HR Analytics,65.7
PRF_02267,HR,3,Onboarding; HR Policies; Recruiting,Head of People & Culture,HR,Onboarding; HR Policies; Recruiting,Strategic HR; HR Analytics; Workday; Talent Retention; Employee Engagement,33.3,1100000,850000,Learn Strategic HR and HR Analytics,50.9
PRF_02268,HR,12,Recruiting; HR Policies; HR Analytics; Talent Retention,Head of People & Culture,HR,Recruiting; HR Policies; HR Analytics; Talent Retention,Strategic HR; Workday; Employee Engagement,44.4,1650000,1850000,Learn Strategic HR and Workday,71.5
PRF_02269,HR,10,HR Policies; Recruiting; Talent Retention; Workday; Employee Engagement,Head of People & Culture,HR,HR Policies; Recruiting; Talent Retention; Workday; Employee Engagement,Strategic HR; HR Analytics,55.6,1450000,2100000,Learn Strategic HR and HR Analytics,91.3
PRF_02270,HR,2,Onboarding; Recruiting; Talent Acquisition; HR Policies; Strategic HR; HR Analytics,Head of People & Culture,HR,Onboarding; Recruiting; Talent Acquisition; HR Policies; Strategic HR; HR Analytics,Workday; Talent Retention; Employee Engagement,66.7,1000000,1600000,Learn Workday and Talent Retention,100
PRF_02271,HR,1,Talent Acquisition; HR Policies,Head of People & Culture,HR,Talent Acquisition; HR Policies,Strategic HR; HR Analytics; Workday; Talent Retention; Employee Engagement,22.2,700000,500000,Learn Strategic HR and HR Analytics,41.9
PRF_02272,HR,6,HR Policies; Recruiting; Workday; Talent Retention,Head of People & Culture,HR,HR Policies; Recruiting; Workday; Talent Retention,Strategic HR; HR Analytics; Employee Engagement,44.4,1350000,1400000,Learn Strategic HR and HR Analytics,68.1
PRF_02273,HR,9,Talent Acquisition; Recruiting; HR Policies; HR Analytics; Employee Engagement; Workday,Head of People & Culture,HR,Talent Acquisition; Recruiting; HR Policies; HR Analytics; Employee Engagement; Workday,Strategic HR; Talent Retention,66.7,1600000,2400000,Learn Strategic HR and Talent Retention,100
PRF_02274,HR,9,HR Policies; Recruiting; Workday; Talent Retention; Strategic HR,Head of People & Culture,HR,HR Policies; Recruiting; Workday; Talent Retention; Strategic HR,HR Analytics; Employee Engagement,55.6,1650000,2000000,Learn HR Analytics and Employee Engagement,81.8
PRF_02275,HR,9,Onboarding; Talent Acquisition; Recruiting,Head of People & Culture,HR,Onboarding; Talent Acquisition; Recruiting,Strategic HR; HR Analytics; Workday; Talent Retention; Employee Engagement,33.3,1300000,1200000,Learn Strategic HR and HR Analytics,56.9
PRF_02276,HR,12,Talent Acquisition; Onboarding; HR Policies; Recruiting; Strategic HR,Head of People & Culture,HR,Talent Acquisition; Onboarding; HR Policies; Recruiting; Strategic HR,HR Analytics; Workday; Talent Retention; Employee Engagement,55.6,1550000,2300000,Learn HR Analytics and Workday,92.7
PRF_02277,HR,3,Recruiting; Onboarding; Talent Acquisition; HR Policies,Head of People & Culture,HR,Recruiting; Onboarding; Talent Acquisition; HR Policies,Strategic HR; HR Analytics; Workday; Talent Retention; Employee Engagement,44.4,850000,1150000,Learn Strategic HR and HR Analytics,80.8
PRF_02278,HR,2,Talent Acquisition; Recruiting; Onboarding; HR Policies,Head of People & Culture,HR,Talent Acquisition; Recruiting; Onboarding; HR Policies,Strategic HR; HR Analytics; Workday; Talent Retention; Employee Engagement,44.4,1000000,1100000,Learn Strategic HR and HR Analytics,70.6
PRF_02279,HR,13,Talent Acquisition; HR Policies; Onboarding,Head of People & Culture,HR,Talent Acquisition; HR Policies; Onboarding,Strategic HR; HR Analytics; Workday; Talent Retention; Employee Engagement,33.3,2000000,1450000,Learn Strategic HR and HR Analytics,49.0
PRF_02280,HR,7,HR Policies; Talent Acquisition; Recruiting; Workday; Talent Retention,Head of People & Culture,HR,HR Policies; Talent Acquisition; Recruiting; Workday; Talent Retention,Strategic HR; HR Analytics; Employee Engagement,55.6,1150000,1800000,Learn Strategic HR and HR Analytics,96.0
PRF_02281,HR,5,HR Policies; Recruiting; Onboarding; Talent Acquisition; Strategic HR; Workday,Head of People & Culture,HR,HR Policies; Recruiting; Onboarding; Talent Acquisition; Strategic HR; Workday,HR Analytics; Talent Retention; Employee Engagement,66.7,1250000,1950000,Learn HR Analytics and Talent Retention,100
PRF_02282,HR,1,HR Policies; Talent Acquisition; Onboarding; Workday; Talent Retention; HR Analytics,Head of People & Culture,HR,HR Policies; Talent Acquisition; Onboarding; Workday; Talent Retention; HR Analytics,Strategic HR; Employee Engagement,66.7,750000,1500000,Learn Strategic HR and Employee Engagement,100
PRF_02283,HR,1,Recruiting; Onboarding; Talent Acquisition; HR Policies; Talent Retention; Strategic HR; Workday,Head of People & Culture,HR,Recruiting; Onboarding; Talent Acquisition; HR Policies; Talent Retention; Strategic HR; Workday,HR Analytics; Employee Engagement,77.8,700000,1750000,Learn HR Analytics and Employee Engagement,100
PRF_02284,HR,12,Recruiting; Talent Acquisition; HR Policies,Head of People & Culture,HR,Recruiting; Talent Acquisition; HR Policies,Strategic HR; HR Analytics; Workday; Talent Retention; Employee Engagement,33.3,1350000,1350000,Learn Strategic HR and HR Analytics,60.0
PRF_02285,HR,13,Recruiting; Onboarding; Talent Acquisition; HR Policies; Employee Engagement; Workday,Head of People & Culture,HR,Recruiting; Onboarding; Talent Acquisition; HR Policies; Employee Engagement; Workday,Strategic HR; HR Analytics; Talent Retention,66.7,1950000,2850000,Learn Strategic HR and HR Analytics,98.5
PRF_02286,HR,9,Onboarding; HR Policies; Talent Retention,Head of People & Culture,HR,Onboarding; HR Policies; Talent Retention,Strategic HR; HR Analytics; Workday; Employee Engagement,33.3,1400000,1200000,Learn Strategic HR and HR Analytics,54.3
PRF_02287,HR,14,Recruiting; Talent Acquisition; Strategic HR; Talent Retention,Head of People & Culture,HR,Recruiting; Talent Acquisition; Strategic HR; Talent Retention,HR Analytics; Workday; Employee Engagement,44.4,1750000,2000000,Learn HR Analytics and Workday,72.4
PRF_02288,HR,9,Recruiting; Talent Acquisition; HR Policies; Onboarding,Head of People & Culture,HR,Recruiting; Talent Acquisition; HR Policies; Onboarding,Strategic HR; HR Analytics; Workday; Talent Retention; Employee Engagement,44.4,1250000,1600000,Learn Strategic HR and HR Analytics,77.8
PRF_02289,HR,4,HR Policies; Recruiting; HR Analytics,Head of People & Culture,HR,HR Policies; Recruiting; HR Analytics,Strategic HR; Workday; Talent Retention; Employee Engagement,33.3,950000,900000,Learn Strategic HR and Workday,57.9
PRF_02290,HR,11,Onboarding; Talent Acquisition; HR Policies; Recruiting; Employee Engagement; Talent Retention; Workday,Head of People & Culture,HR,Onboarding; Talent Acquisition; HR Policies; Recruiting; Employee Engagement; Talent Retention; Workday,Strategic HR; HR Analytics,77.8,1450000,3050000,Learn Strategic HR and HR Analytics,100
PRF_02291,HR,11,Onboarding; Talent Acquisition; Recruiting; Employee Engagement,Head of People & Culture,HR,Onboarding; Talent Acquisition; Recruiting; Employee Engagement,Strategic HR; HR Analytics; Workday; Talent Retention,44.4,1350000,1750000,Learn Strategic HR and HR Analytics,78.5
PRF_02292,HR,7,Onboarding; HR Policies; Recruiting,Head of People & Culture,HR,Onboarding; HR Policies; Recruiting,Strategic HR; HR Analytics; Workday; Talent Retention; Employee Engagement,33.3,1300000,1100000,Learn Strategic HR and HR Analytics,53.8
PRF_02293,HR,9,Recruiting; HR Policies; Onboarding; HR Analytics; Employee Engagement,Head of People & Culture,HR,Recruiting; HR Policies; Onboarding; HR Analytics; Employee Engagement,Strategic HR; Workday; Talent Retention,55.6,1450000,2000000,Learn Strategic HR and Workday,88.5
PRF_02294,HR,11,Onboarding; HR Policies; Recruiting; Talent Acquisition; HR Analytics,Head of People & Culture,HR,Onboarding; HR Policies; Recruiting; Talent Acquisition; HR Analytics,Strategic HR; Workday; Talent Retention; Employee Engagement,55.6,1400000,2200000,Learn Strategic HR and Workday,96.2
PRF_02295,HR,5,Talent Acquisition; Onboarding; HR Policies; HR Analytics; Employee Engagement; Talent Retention,Head of People & Culture,HR,Talent Acquisition; Onboarding; HR Policies; HR Analytics; Employee Engagement; Talent Retention,Strategic HR; Workday,66.7,1100000,1950000,Learn Strategic HR and Workday,100
PRF_02296,HR,14,HR Policies; Talent Acquisition; Employee Engagement; Strategic HR; Workday,Head of People & Culture,HR,HR Policies; Talent Acquisition; Employee Engagement; Strategic HR; Workday,HR Analytics; Talent Retention,55.6,1750000,2500000,Learn HR Analytics and Talent Retention,90.5
PRF_02297,HR,3,HR Policies; Recruiting; Talent Retention; Strategic HR,Head of People & Culture,HR,HR Policies; Recruiting; Talent Retention; Strategic HR,HR Analytics; Workday; Employee Engagement,44.4,900000,1150000,Learn HR Analytics and Workday,77.8
PRF_02298,HR,8,Onboarding; HR Policies; Talent Acquisition; Recruiting; Talent Retention,Head of People & Culture,HR,Onboarding; HR Policies; Talent Acquisition; Recruiting; Talent Retention,Strategic HR; HR Analytics; Workday; Employee Engagement,55.6,1600000,1900000,Learn Strategic HR and HR Analytics,80.9
PRF_02299,HR,3,Talent Acquisition; Recruiting; HR Analytics,Head of People & Culture,HR,Talent Acquisition; Recruiting; HR Analytics,Strategic HR; Workday; Talent Retention; Employee Engagement,33.3,900000,850000,Learn Strategic HR and Workday,57.8
PRF_02300,HR,1,HR Policies; Talent Acquisition; Onboarding; Workday; Employee Engagement; Talent Retention,Head of People & Culture,HR,HR Policies; Talent Acquisition; Onboarding; Workday; Employee Engagement; Talent Retention,Strategic HR; HR Analytics,66.7,900000,1500000,Learn Strategic HR and HR Analytics,100
PRF_02301,HR,6,Recruiting; HR Policies; Talent Acquisition; Talent Retention,Head of People & Culture,HR,Recruiting; HR Policies; Talent Acquisition; Talent Retention,Strategic HR; HR Analytics; Workday; Employee Engagement,44.4,1200000,1400000,Learn Strategic HR and HR Analytics,73.3
PRF_02302,HR,9,Onboarding; Talent Acquisition,Head of People & Culture,HR,Onboarding; Talent Acquisition,Strategic HR; HR Analytics; Workday; Talent Retention; Employee Engagement,22.2,1650000,800000,Learn Strategic HR and HR Analytics,32.7
PRF_02303,HR,14,Talent Acquisition; Recruiting; Onboarding; HR Policies; HR Analytics; Employee Engagement; Strategic HR,Head of People & Culture,HR,Talent Acquisition; Recruiting; Onboarding; HR Policies; HR Analytics; Employee Engagement; Strategic HR,Workday; Talent Retention,77.8,1800000,3450000,Learn Workday and Talent Retention,100
PRF_02304,HR,5,Onboarding; HR Policies; Talent Acquisition,Head of People & Culture,HR,Onboarding; HR Policies; Talent Acquisition,Strategic HR; HR Analytics; Workday; Talent Retention; Employee Engagement,33.3,1150000,1000000,Learn Strategic HR and HR Analytics,54.8
PRF_02305,HR,6,Recruiting; Talent Acquisition,Head of People & Culture,HR,Recruiting; Talent Acquisition,Strategic HR; HR Analytics; Workday; Talent Retention; Employee Engagement,22.2,1100000,700000,Learn Strategic HR and HR Analytics,38.8
PRF_02306,HR,9,Talent Acquisition; Recruiting; HR Policies; Employee Engagement; HR Analytics,Head of People & Culture,HR,Talent Acquisition; Recruiting; HR Policies; Employee Engagement; HR Analytics,Strategic HR; Workday; Talent Retention,55.6,1150000,2000000,Learn Strategic HR and Workday,100
PRF_02307,HR,2,HR Policies; Recruiting; Onboarding; Workday,Head of People & Culture,HR,HR Policies; Recruiting; Onboarding; Workday,Strategic HR; HR Analytics; Talent Retention; Employee Engagement,44.4,900000,1100000,Learn Strategic HR and HR Analytics,75.5
PRF_02308,HR,5,Onboarding; Talent Acquisition; Recruiting; Workday; Strategic HR; Employee Engagement,Head of People & Culture,HR,Onboarding; Talent Acquisition; Recruiting; Workday; Strategic HR; Employee Engagement,HR Analytics; Talent Retention,66.7,1000000,1950000,Learn HR Analytics and Talent Retention,100
PRF_02309,HR,4,HR Policies; Onboarding; Employee Engagement; Workday,Head of People & Culture,HR,HR Policies; Onboarding; Employee Engagement; Workday,Strategic HR; HR Analytics; Talent Retention,44.4,1050000,1250000,Learn Strategic HR and HR Analytics,74.3
PRF_02310,HR,4,Recruiting; HR Policies; Talent Acquisition,Head of People & Culture,HR,Recruiting; HR Policies; Talent Acquisition,Strategic HR; HR Analytics; Workday; Talent Retention; Employee Engagement,33.3,900000,900000,Learn Strategic HR and HR Analytics,60.0
PRF_02311,HR,8,HR Policies; Talent Acquisition; Recruiting; Workday; Employee Engagement,Head of People & Culture,HR,HR Policies; Talent Acquisition; Recruiting; Workday; Employee Engagement,Strategic HR; HR Analytics; Talent Retention,55.6,1600000,1900000,Learn Strategic HR and HR Analytics,80.9
PRF_02312,HR,11,Talent Acquisition; HR Policies; Onboarding; Recruiting; HR Analytics; Employee Engagement,Head of People & Culture,HR,Talent Acquisition; HR Policies; Onboarding; Recruiting; HR Analytics; Employee Engagement,Strategic HR; Workday; Talent Retention,66.7,1300000,2650000,Learn Strategic HR and Workday,100
PRF_02313,HR,7,Talent Acquisition; Onboarding; HR Policies; Employee Engagement; Talent Retention; HR Analytics,Head of People & Culture,HR,Talent Acquisition; Onboarding; HR Policies; Employee Engagement; Talent Retention; HR Analytics,Strategic HR; Workday,66.7,1250000,2200000,Learn Strategic HR and Workday,100
PRF_02314,HR,2,HR Policies; Recruiting; Onboarding,Head of People & Culture,HR,HR Policies; Recruiting; Onboarding,Strategic HR; HR Analytics; Workday; Talent Retention; Employee Engagement,33.3,850000,800000,Learn Strategic HR and HR Analytics,57.6
PRF_02315,HR,12,HR Policies; Recruiting; Employee Engagement,Head of People & Culture,HR,HR Policies; Recruiting; Employee Engagement,Strategic HR; HR Analytics; Workday; Talent Retention,33.3,1400000,1350000,Learn Strategic HR and HR Analytics,58.6
PRF_02316,HR,10,Onboarding; Recruiting; Talent Acquisition; Talent Retention; Strategic HR,Head of People & Culture,HR,Onboarding; Recruiting; Talent Acquisition; Talent Retention; Strategic HR,HR Analytics; Workday; Employee Engagement,55.6,1750000,2100000,Learn HR Analytics and Workday,81.4
PRF_02317,HR,10,HR Policies; Onboarding; Talent Acquisition,Head of People & Culture,HR,HR Policies; Onboarding; Talent Acquisition,Strategic HR; HR Analytics; Workday; Talent Retention; Employee Engagement,33.3,1350000,1250000,Learn Strategic HR and HR Analytics,57.0
PRF_02318,HR,3,Recruiting; HR Policies; Onboarding; Employee Engagement; Workday,Head of People & Culture,HR,Recruiting; HR Policies; Onboarding; Employee Engagement; Workday,Strategic HR; HR Analytics; Talent Retention,55.6,800000,1450000,Learn Strategic HR and HR Analytics,100
PRF_02319,HR,14,Talent Acquisition; HR Policies; Recruiting; Workday; HR Analytics,Head of People & Culture,HR,Talent Acquisition; HR Policies; Recruiting; Workday; HR Analytics,Strategic HR; Talent Retention; Employee Engagement,55.6,1450000,2500000,Learn Strategic HR and Talent Retention,100
PRF_02320,HR,14,Recruiting; Talent Acquisition; Onboarding; HR Policies,Head of People & Culture,HR,Recruiting; Talent Acquisition; Onboarding; HR Policies,Strategic HR; HR Analytics; Workday; Talent Retention; Employee Engagement,44.4,2100000,2000000,Learn Strategic HR and HR Analytics,64.7
PRF_02321,HR,2,Onboarding; Talent Acquisition; Recruiting; HR Policies; HR Analytics,Head of People & Culture,HR,Onboarding; Talent Acquisition; Recruiting; HR Policies; HR Analytics,Strategic HR; Workday; Talent Retention; Employee Engagement,55.6,750000,1350000,Learn Strategic HR and Workday,100
PRF_02322,HR,6,HR Policies; Talent Acquisition; Recruiting; Onboarding; HR Analytics; Workday; Talent Retention,Head of People & Culture,HR,HR Policies; Talent Acquisition; Recruiting; Onboarding; HR Analytics; Workday; Talent Retention,Strategic HR; Employee Engagement,77.8,1200000,2400000,Learn Strategic HR and Employee Engagement,100
PRF_02323,HR,6,Recruiting; Onboarding; HR Policies; Strategic HR; HR Analytics; Talent Retention,Head of People & Culture,HR,Recruiting; Onboarding; HR Policies; Strategic HR; HR Analytics; Talent Retention,Workday; Employee Engagement,66.7,1300000,2050000,Learn Workday and Employee Engagement,100
PRF_02324,HR,13,Recruiting; HR Policies; Onboarding; Workday,Head of People & Culture,HR,Recruiting; HR Policies; Onboarding; Workday,Strategic HR; HR Analytics; Talent Retention; Employee Engagement,44.4,1500000,1900000,Learn Strategic HR and HR Analytics,77.3
PRF_02325,HR,2,Onboarding; Talent Acquisition; HR Policies; Recruiting; HR Analytics; Strategic HR; Workday,Head of People & Culture,HR,Onboarding; Talent Acquisition; HR Policies; Recruiting; HR Analytics; Strategic HR; Workday,Talent Retention; Employee Engagement,77.8,950000,1900000,Learn Talent Retention and Employee Engagement,100
PRF_02326,HR,3,Talent Acquisition; HR Policies; Recruiting; Onboarding; Strategic HR; Employee Engagement,Head of People & Culture,HR,Talent Acquisition; HR Policies; Recruiting; Onboarding; Strategic HR; Employee Engagement,HR Analytics; Workday; Talent Retention,66.7,1000000,1750000,Learn HR Analytics and Workday,100
PRF_02327,HR,1,Onboarding; Talent Acquisition; Strategic HR; HR Analytics,Head of People & Culture,HR,Onboarding; Talent Acquisition; Strategic HR; HR Analytics,Workday; Talent Retention; Employee Engagement,44.4,600000,1000000,Learn Workday and Talent Retention,93.3
PRF_02328,HR,14,Talent Acquisition; Onboarding; Recruiting; HR Policies; Workday; Strategic HR; HR Analytics,Head of People & Culture,HR,Talent Acquisition; Onboarding; Recruiting; HR Policies; Workday; Strategic HR; HR Analytics,Talent Retention; Employee Engagement,77.8,2100000,3450000,Learn Talent Retention and Employee Engagement,100
PRF_02329,HR,13,Recruiting; HR Policies,Head of People & Culture,HR,Recruiting; HR Policies,Strategic HR; HR Analytics; Workday; Talent Retention; Employee Engagement,22.2,1800000,950000,Learn Strategic HR and HR Analytics,34.4
PRF_02330,HR,5,Onboarding; HR Policies; Recruiting; Talent Acquisition; Talent Retention,Head of People & Culture,HR,Onboarding; HR Policies; Recruiting; Talent Acquisition; Talent Retention,Strategic HR; HR Analytics; Workday; Employee Engagement,55.6,1100000,1650000,Learn Strategic HR and HR Analytics,93.4
PRF_02331,HR,2,Talent Acquisition; HR Policies; Recruiting; Onboarding; Workday; Strategic HR,Head of People & Culture,HR,Talent Acquisition; HR Policies; Recruiting; Onboarding; Workday; Strategic HR,HR Analytics; Talent Retention; Employee Engagement,66.7,800000,1600000,Learn HR Analytics and Talent Retention,100
PRF_02332,HR,5,Talent Acquisition; Recruiting; Onboarding; HR Policies; Workday,Head of People & Culture,HR,Talent Acquisition; Recruiting; Onboarding; HR Policies; Workday,Strategic HR; HR Analytics; Talent Retention; Employee Engagement,55.6,1300000,1650000,Learn Strategic HR and HR Analytics,84.1
PRF_02333,HR,14,Talent Acquisition; HR Policies; Recruiting; Onboarding,Head of People & Culture,HR,Talent Acquisition; HR Policies; Recruiting; Onboarding,Strategic HR; HR Analytics; Workday; Talent Retention; Employee Engagement,44.4,1900000,2000000,Learn Strategic HR and HR Analytics,68.7
PRF_02334,HR,9,Onboarding; Talent Acquisition; HR Policies,Head of People & Culture,HR,Onboarding; Talent Acquisition; HR Policies,Strategic HR; HR Analytics; Workday; Talent Retention; Employee Engagement,33.3,1250000,1200000,Learn Strategic HR and HR Analytics,58.4
PRF_02335,HR,9,Onboarding; Recruiting; HR Policies; Talent Acquisition; Employee Engagement; Workday; Strategic HR,Head of People & Culture,HR,Onboarding; Recruiting; HR Policies; Talent Acquisition; Employee Engagement; Workday; Strategic HR,HR Analytics; Talent Retention,77.8,1350000,2800000,Learn HR Analytics and Talent Retention,100
PRF_02336,HR,6,Recruiting; Talent Acquisition; Talent Retention,Head of People & Culture,HR,Recruiting; Talent Acquisition; Talent Retention,Strategic HR; HR Analytics; Workday; Employee Engagement,33.3,1400000,1050000,Learn Strategic HR and HR Analytics,50.0
PRF_02337,HR,4,Talent Acquisition; Onboarding; HR Policies; Workday,Head of People & Culture,HR,Talent Acquisition; Onboarding; HR Policies; Workday,Strategic HR; HR Analytics; Talent Retention; Employee Engagement,44.4,1150000,1250000,Learn Strategic HR and HR Analytics,70.1
PRF_02338,HR,11,Recruiting; HR Policies; Workday; HR Analytics; Employee Engagement,Head of People & Culture,HR,Recruiting; HR Policies; Workday; HR Analytics; Employee Engagement,Strategic HR; Talent Retention,55.6,1650000,2200000,Learn Strategic HR and Talent Retention,86.7
PRF_02339,HR,13,HR Policies; Recruiting,Head of People & Culture,HR,HR Policies; Recruiting,Strategic HR; HR Analytics; Workday; Talent Retention; Employee Engagement,22.2,1550000,950000,Learn Strategic HR and HR Analytics,37.8
PRF_02340,HR,2,Recruiting; HR Policies; Strategic HR,Head of People & Culture,HR,Recruiting; HR Policies; Strategic HR,HR Analytics; Workday; Talent Retention; Employee Engagement,33.3,950000,800000,Learn HR Analytics and Workday,53.7
PRF_02341,HR,11,HR Policies; Onboarding; Recruiting; Workday; Employee Engagement; Talent Retention,Head of People & Culture,HR,HR Policies; Onboarding; Recruiting; Workday; Employee Engagement; Talent Retention,Strategic HR; HR Analytics,66.7,1700000,2650000,Learn Strategic HR and HR Analytics,100
PRF_02342,HR,12,Recruiting; Talent Acquisition,Head of People & Culture,HR,Recruiting; Talent Acquisition,Strategic HR; HR Analytics; Workday; Talent Retention; Employee Engagement,22.2,1950000,900000,Learn Strategic HR and HR Analytics,31.8
PRF_02343,HR,8,Talent Acquisition; Onboarding; HR Analytics; Workday,Head of People & Culture,HR,Talent Acquisition; Onboarding; HR Analytics; Workday,Strategic HR; Talent Retention; Employee Engagement,44.4,1250000,1550000,Learn Strategic HR and Talent Retention,76.2
PRF_02344,HR,9,Recruiting; Onboarding; HR Policies; Talent Acquisition; Employee Engagement; Strategic HR,Head of People & Culture,HR,Recruiting; Onboarding; HR Policies; Talent Acquisition; Employee Engagement; Strategic HR,HR Analytics; Workday; Talent Retention,66.7,1600000,2400000,Learn HR Analytics and Workday,100
PRF_02345,HR,12,Recruiting; Onboarding; HR Analytics,Head of People & Culture,HR,Recruiting; Onboarding; HR Analytics,Strategic HR; Workday; Talent Retention; Employee Engagement,33.3,1350000,1350000,Learn Strategic HR and Workday,60.0
PRF_02346,HR,5,HR Policies; Recruiting; Talent Retention; Employee Engagement,Head of People & Culture,HR,HR Policies; Recruiting; Talent Retention; Employee Engagement,Strategic HR; HR Analytics; Workday,44.4,950000,1300000,Learn Strategic HR and HR Analytics,81.4
PRF_02347,HR,8,Talent Acquisition; Recruiting,Head of People & Culture,HR,Talent Acquisition; Recruiting,Strategic HR; HR Analytics; Workday; Talent Retention; Employee Engagement,22.2,1500000,750000,Learn Strategic HR and HR Analytics,33.3
PRF_02348,HR,9,HR Policies; Onboarding; Talent Acquisition; Recruiting; Strategic HR; Workday; HR Analytics,Head of People & Culture,HR,HR Policies; Onboarding; Talent Acquisition; Recruiting; Strategic HR; Workday; HR Analytics,Talent Retention; Employee Engagement,77.8,1200000,2800000,Learn Talent Retention and Employee Engagement,100
PRF_02349,HR,4,Onboarding; Talent Acquisition; Recruiting; Talent Retention,Head of People & Culture,HR,Onboarding; Talent Acquisition; Recruiting; Talent Retention,Strategic HR; HR Analytics; Workday; Employee Engagement,44.4,1000000,1250000,Learn Strategic HR and HR Analytics,76.6
PRF_02350,HR,2,Talent Acquisition; Onboarding; HR Policies; Employee Engagement; Talent Retention; Strategic HR,Head of People & Culture,HR,Talent Acquisition; Onboarding; HR Policies; Employee Engagement; Talent Retention; Strategic HR,HR Analytics; Workday,66.7,650000,1600000,Learn HR Analytics and Workday,100
PRF_02351,HR,5,Talent Acquisition; Onboarding; Recruiting; HR Policies; Strategic HR,Head of People & Culture,HR,Talent Acquisition; Onboarding; Recruiting; HR Policies; Strategic HR,HR Analytics; Workday; Talent Retention; Employee Engagement,55.6,1200000,1650000,Learn HR Analytics and Workday,88.4
PRF_02352,HR,6,Onboarding; Talent Acquisition; Recruiting; Employee Engagement; Workday; HR Analytics,Head of People & Culture,HR,Onboarding; Talent Acquisition; Recruiting; Employee Engagement; Workday; HR Analytics,Strategic HR; Talent Retention,66.7,1100000,2050000,Learn Strategic HR and Talent Retention,100
PRF_02353,HR,8,Recruiting; Talent Acquisition; Onboarding; Workday; Talent Retention,Head of People & Culture,HR,Recruiting; Talent Acquisition; Onboarding; Workday; Talent Retention,Strategic HR; HR Analytics; Employee Engagement,55.6,1300000,1900000,Learn Strategic HR and HR Analytics,91.8
PRF_02354,HR,2,Recruiting; Talent Acquisition; Strategic HR; Workday,Head of People & Culture,HR,Recruiting; Talent Acquisition; Strategic HR; Workday,HR Analytics; Talent Retention; Employee Engagement,44.4,750000,1100000,Learn HR Analytics and Talent Retention,85.3
PRF_02355,HR,5,Onboarding; Talent Acquisition; HR Policies; Recruiting; Employee Engagement; Talent Retention; Workday,Head of People & Culture,HR,Onboarding; Talent Acquisition; HR Policies; Recruiting; Employee Engagement; Talent Retention; Workday,Strategic HR; HR Analytics,77.8,850000,2300000,Learn Strategic HR and HR Analytics,100
PRF_02356,HR,14,Recruiting; Talent Acquisition; HR Policies; Onboarding; HR Analytics; Talent Retention,Head of People & Culture,HR,Recruiting; Talent Acquisition; HR Policies; Onboarding; HR Analytics; Talent Retention,Strategic HR; Workday; Employee Engagement,66.7,2100000,2950000,Learn Strategic HR and Workday,96.2
PRF_02357,HR,11,HR Policies; Talent Acquisition; Onboarding; HR Analytics; Workday; Strategic HR,Head of People & Culture,HR,HR Policies; Talent Acquisition; Onboarding; HR Analytics; Workday; Strategic HR,Talent Retention; Employee Engagement,66.7,1800000,2650000,Learn Talent Retention and Employee Engagement,98.9
PRF_02358,HR,7,Talent Acquisition; HR Policies; Onboarding; Talent Retention,Head of People & Culture,HR,Talent Acquisition; HR Policies; Onboarding; Talent Retention,Strategic HR; HR Analytics; Workday; Employee Engagement,44.4,1150000,1450000,Learn Strategic HR and HR Analytics,77.1
PRF_02359,HR,4,HR Policies; Recruiting,Head of People & Culture,HR,HR Policies; Recruiting,Strategic HR; HR Analytics; Workday; Talent Retention; Employee Engagement,22.2,950000,600000,Learn Strategic HR and HR Analytics,38.6
PRF_02360,HR,2,Recruiting; Onboarding; HR Policies; Employee Engagement,Head of People & Culture,HR,Recruiting; Onboarding; HR Policies; Employee Engagement,Strategic HR; HR Analytics; Workday; Talent Retention,44.4,700000,1100000,Learn Strategic HR and HR Analytics,89.5
PRF_02361,HR,14,Onboarding; Recruiting; HR Policies; Workday; Talent Retention,Head of People & Culture,HR,Onboarding; Recruiting; HR Policies; Workday; Talent Retention,Strategic HR; HR Analytics; Employee Engagement,55.6,2000000,2500000,Learn Strategic HR and HR Analytics,83.4
PRF_02362,HR,13,Onboarding; Talent Acquisition; Recruiting,Head of People & Culture,HR,Onboarding; Talent Acquisition; Recruiting,Strategic HR; HR Analytics; Workday; Talent Retention; Employee Engagement,33.3,2000000,1450000,Learn Strategic HR and HR Analytics,49.0
PRF_02363,HR,14,Recruiting; Talent Acquisition; Employee Engagement; HR Analytics; Talent Retention,Head of People & Culture,HR,Recruiting; Talent Acquisition; Employee Engagement; HR Analytics; Talent Retention,Strategic HR; Workday,55.6,2050000,2500000,Learn Strategic HR and Workday,82.1
PRF_02364,HR,1,Recruiting; Talent Acquisition; Onboarding; Strategic HR; Workday; Employee Engagement,Head of People & Culture,HR,Recruiting; Talent Acquisition; Onboarding; Strategic HR; Workday; Employee Engagement,HR Analytics; Talent Retention,66.7,650000,1500000,Learn HR Analytics and Talent Retention,100
PRF_02365,HR,3,Recruiting; HR Policies; Workday,Head of People & Culture,HR,Recruiting; HR Policies; Workday,Strategic HR; HR Analytics; Talent Retention; Employee Engagement,33.3,950000,850000,Learn Strategic HR and HR Analytics,55.8
PRF_02366,HR,14,Talent Acquisition; Recruiting; HR Policies; Strategic HR; Workday,Head of People & Culture,HR,Talent Acquisition; Recruiting; HR Policies; Strategic HR; Workday,HR Analytics; Talent Retention; Employee Engagement,55.6,1900000,2500000,Learn HR Analytics and Talent Retention,86.0
PRF_02367,HR,3,Talent Acquisition; HR Policies,Head of People & Culture,HR,Talent Acquisition; HR Policies,Strategic HR; HR Analytics; Workday; Talent Retention; Employee Engagement,22.2,850000,600000,Learn Strategic HR and HR Analytics,41.6
PRF_02368,HR,4,Recruiting; Talent Acquisition; HR Policies; Onboarding; HR Analytics; Strategic HR,Head of People & Culture,HR,Recruiting; Talent Acquisition; HR Policies; Onboarding; HR Analytics; Strategic HR,Workday; Talent Retention; Employee Engagement,66.7,1000000,1850000,Learn Workday and Talent Retention,100
PRF_02369,HR,1,Recruiting; Talent Acquisition; Talent Retention; Employee Engagement; HR Analytics,Head of People & Culture,HR,Recruiting; Talent Acquisition; Talent Retention; Employee Engagement; HR Analytics,Strategic HR; Workday,55.6,700000,1250000,Learn Strategic HR and Workday,100
PRF_02370,HR,4,Talent Acquisition; HR Policies; Onboarding; Recruiting; Talent Retention,Head of People & Culture,HR,Talent Acquisition; HR Policies; Onboarding; Recruiting; Talent Retention,Strategic HR; HR Analytics; Workday; Employee Engagement,55.6,1200000,1550000,Learn Strategic HR and HR Analytics,85.0
PRF_02371,HR,2,Talent Acquisition; HR Policies; Recruiting; Employee Engagement; Strategic HR,Head of People & Culture,HR,Talent Acquisition; HR Policies; Recruiting; Employee Engagement; Strategic HR,HR Analytics; Workday; Talent Retention,55.6,850000,1350000,Learn HR Analytics and Workday,96.9
PRF_02372,HR,10,Recruiting; Talent Acquisition; HR Policies; Onboarding,Head of People & Culture,HR,Recruiting; Talent Acquisition; HR Policies; Onboarding,Strategic HR; HR Analytics; Workday; Talent Retention; Employee Engagement,44.4,1450000,1700000,Learn Strategic HR and HR Analytics,73.5
PRF_02373,HR,1,Onboarding; HR Policies,Head of People & Culture,HR,Onboarding; HR Policies,Strategic HR; HR Analytics; Workday; Talent Retention; Employee Engagement,22.2,600000,500000,Learn Strategic HR and HR Analytics,46.7
PRF_02374,HR,5,Recruiting; Onboarding; HR Policies; Talent Acquisition; Employee Engagement; Strategic HR; HR Analytics,Head of People & Culture,HR,Recruiting; Onboarding; HR Policies; Talent Acquisition; Employee Engagement; Strategic HR; HR Analytics,Workday; Talent Retention,77.8,900000,2300000,Learn Workday and Talent Retention,100
PRF_02375,HR,4,HR Policies; Talent Acquisition; HR Analytics; Strategic HR,Head of People & Culture,HR,HR Policies; Talent Acquisition; HR Analytics; Strategic HR,Workday; Talent Retention; Employee Engagement,44.4,950000,1250000,Learn Workday and Talent Retention,79.3
PRF_02376,HR,9,Talent Acquisition; HR Policies; HR Analytics,Head of People & Culture,HR,Talent Acquisition; HR Policies; HR Analytics,Strategic HR; Workday; Talent Retention; Employee Engagement,33.3,1550000,1200000,Learn Strategic HR and Workday,50.9
PRF_02377,HR,2,Talent Acquisition; Onboarding; Employee Engagement,Head of People & Culture,HR,Talent Acquisition; Onboarding; Employee Engagement,Strategic HR; HR Analytics; Workday; Talent Retention,33.3,950000,800000,Learn Strategic HR and HR Analytics,53.7
PRF_02378,HR,9,Talent Acquisition; HR Policies; Recruiting; Onboarding; Talent Retention; HR Analytics,Head of People & Culture,HR,Talent Acquisition; HR Policies; Recruiting; Onboarding; Talent Retention; HR Analytics,Strategic HR; Workday; Employee Engagement,66.7,1300000,2400000,Learn Strategic HR and Workday,100
PRF_02379,HR,8,Recruiting; Onboarding,Head of People & Culture,HR,Recruiting; Onboarding,Strategic HR; HR Analytics; Workday; Talent Retention; Employee Engagement,22.2,1500000,750000,Learn Strategic HR and HR Analytics,33.3
PRF_02380,HR,11,HR Policies; Onboarding; Employee Engagement,Head of People & Culture,HR,HR Policies; Onboarding; Employee Engagement,Strategic HR; HR Analytics; Workday; Talent Retention,33.3,1550000,1300000,Learn Strategic HR and HR Analytics,53.5
PRF_02381,HR,6,HR Policies; Recruiting; Onboarding,Head of People & Culture,HR,HR Policies; Recruiting; Onboarding,Strategic HR; HR Analytics; Workday; Talent Retention; Employee Engagement,33.3,1250000,1050000,Learn Strategic HR and HR Analytics,53.6
PRF_02382,HR,11,Onboarding; HR Policies; Recruiting; Talent Acquisition; Employee Engagement; HR Analytics; Strategic HR,Head of People & Culture,HR,Onboarding; HR Policies; Recruiting; Talent Acquisition; Employee Engagement; HR Analytics; Strategic HR,Workday; Talent Retention,77.8,1800000,3050000,Learn Workday and Talent Retention,100
PRF_02383,HR,13,Talent Acquisition; HR Policies; Recruiting; HR Analytics; Workday,Head of People & Culture,HR,Talent Acquisition; HR Policies; Recruiting; HR Analytics; Workday,Strategic HR; Talent Retention; Employee Engagement,55.6,2100000,2400000,Learn Strategic HR and Talent Retention,79.1
PRF_02384,HR,4,HR Policies; Onboarding,Head of People & Culture,HR,HR Policies; Onboarding,Strategic HR; HR Analytics; Workday; Talent Retention; Employee Engagement,22.2,900000,600000,Learn Strategic HR and HR Analytics,40.0
PRF_02385,HR,10,HR Policies; Onboarding; Employee Engagement,Head of People & Culture,HR,HR Policies; Onboarding; Employee Engagement,Strategic HR; HR Analytics; Workday; Talent Retention,33.3,1650000,1250000,Learn Strategic HR and HR Analytics,50.3
PRF_02386,HR,12,Talent Acquisition; Onboarding; HR Analytics,Head of People & Culture,HR,Talent Acquisition; Onboarding; HR Analytics,Strategic HR; Workday; Talent Retention; Employee Engagement,33.3,1650000,1350000,Learn Strategic HR and Workday,52.7
PRF_02387,HR,7,Recruiting; HR Policies; Talent Acquisition; Onboarding,Head of People & Culture,HR,Recruiting; HR Policies; Talent Acquisition; Onboarding,Strategic HR; HR Analytics; Workday; Talent Retention; Employee Engagement,44.4,1300000,1450000,Learn Strategic HR and HR Analytics,71.3
PRF_02388,HR,14,Recruiting; HR Policies; Onboarding; Talent Acquisition; Workday; HR Analytics,Head of People & Culture,HR,Recruiting; HR Policies; Onboarding; Talent Acquisition; Workday; HR Analytics,Strategic HR; Talent Retention; Employee Engagement,66.7,2050000,2950000,Learn Strategic HR and Talent Retention,97.6
PRF_02389,HR,3,HR Policies; Onboarding,Head of People & Culture,HR,HR Policies; Onboarding,Strategic HR; HR Analytics; Workday; Talent Retention; Employee Engagement,22.2,950000,600000,Learn Strategic HR and HR Analytics,38.6
PRF_02390,HR,8,Recruiting; Onboarding; HR Policies; Talent Acquisition; Employee Engagement; HR Analytics; Workday,Head of People & Culture,HR,Recruiting; Onboarding; HR Policies; Talent Acquisition; Employee Engagement; HR Analytics; Workday,Strategic HR; Talent Retention,77.8,1300000,2700000,Learn Strategic HR and Talent Retention,100
PRF_02391,HR,1,HR Policies; Recruiting; Workday,Head of People & Culture,HR,HR Policies; Recruiting; Workday,Strategic HR; HR Analytics; Talent Retention; Employee Engagement,33.3,800000,750000,Learn Strategic HR and HR Analytics,57.5
PRF_02392,HR,13,Recruiting; Talent Acquisition; HR Policies; Talent Retention,Head of People & Culture,HR,Recruiting; Talent Acquisition; HR Policies; Talent Retention,Strategic HR; HR Analytics; Workday; Employee Engagement,44.4,2050000,1900000,Learn Strategic HR and HR Analytics,63.7
PRF_02393,HR,14,Onboarding; Talent Acquisition; Recruiting; HR Policies; Employee Engagement; Talent Retention,Head of People & Culture,HR,Onboarding; Talent Acquisition; Recruiting; HR Policies; Employee Engagement; Talent Retention,Strategic HR; HR Analytics; Workday,66.7,1950000,2950000,Learn Strategic HR and HR Analytics,100
PRF_02394,HR,6,Recruiting; HR Policies; Talent Acquisition; HR Analytics,Head of People & Culture,HR,Recruiting; HR Policies; Talent Acquisition; HR Analytics,Strategic HR; Workday; Talent Retention; Employee Engagement,44.4,1400000,1400000,Learn Strategic HR and Workday,66.6
PRF_02395,HR,10,Recruiting; Talent Acquisition; Onboarding; HR Policies; Talent Retention; Employee Engagement,Head of People & Culture,HR,Recruiting; Talent Acquisition; Onboarding; HR Policies; Talent Retention; Employee Engagement,Strategic HR; HR Analytics; Workday,66.7,1150000,2500000,Learn Strategic HR and HR Analytics,100
PRF_02396,HR,10,Recruiting; HR Policies; Talent Acquisition; Onboarding; Strategic HR,Head of People & Culture,HR,Recruiting; HR Policies; Talent Acquisition; Onboarding; Strategic HR,HR Analytics; Workday; Talent Retention; Employee Engagement,55.6,1600000,2100000,Learn HR Analytics and Workday,85.9
PRF_02397,HR,2,Onboarding; HR Policies; Talent Acquisition; Talent Retention; Workday; Employee Engagement,Head of People & Culture,HR,Onboarding; HR Policies; Talent Acquisition; Talent Retention; Workday; Employee Engagement,Strategic HR; HR Analytics,66.7,1000000,1600000,Learn Strategic HR and HR Analytics,100
PRF_02398,HR,1,HR Policies; Talent Acquisition; HR Analytics,Head of People & Culture,HR,HR Policies; Talent Acquisition; HR Analytics,Strategic HR; Workday; Talent Retention; Employee Engagement,33.3,650000,750000,Learn Strategic HR and Workday,66.1
PRF_02399,HR,5,HR Policies; Recruiting; Onboarding; Talent Acquisition; Employee Engagement; Strategic HR; Workday,Head of People & Culture,HR,HR Policies; Recruiting; Onboarding; Talent Acquisition; Employee Engagement; Strategic HR; Workday,HR Analytics; Talent Retention,77.8,1050000,2300000,Learn HR Analytics and Talent Retention,100
PRF_02400,HR,3,HR Policies; Talent Acquisition,Head of People & Culture,HR,HR Policies; Talent Acquisition,Strategic HR; HR Analytics; Workday; Talent Retention; Employee Engagement,22.2,850000,600000,Learn Strategic HR and HR Analytics,41.6
PRF_02401,HR,9,Talent Acquisition; Recruiting; HR Policies; Onboarding,Head of People & Culture,HR,Talent Acquisition; Recruiting; HR Policies; Onboarding,Strategic HR; HR Analytics; Workday; Talent Retention; Employee Engagement,44.4,1250000,1600000,Learn Strategic HR and HR Analytics,77.8
PRF_02402,HR,6,HR Policies; Recruiting; Onboarding; Workday; Talent Retention,Head of People & Culture,HR,HR Policies; Recruiting; Onboarding; Workday; Talent Retention,Strategic HR; HR Analytics; Employee Engagement,55.6,1250000,1750000,Learn Strategic HR and HR Analytics,89.4
PRF_02403,HR,3,Talent Acquisition; Onboarding,Head of People & Culture,HR,Talent Acquisition; Onboarding,Strategic HR; HR Analytics; Workday; Talent Retention; Employee Engagement,22.2,1050000,600000,Learn Strategic HR and HR Analytics,36.2
PRF_02404,HR,1,Talent Acquisition; Recruiting; Onboarding; HR Policies; HR Analytics; Workday,Head of People & Culture,HR,Talent Acquisition; Recruiting; Onboarding; HR Policies; HR Analytics; Workday,Strategic HR; Talent Retention; Employee Engagement,66.7,650000,1500000,Learn Strategic HR and Talent Retention,100
PRF_02405,HR,2,Recruiting; Onboarding; Talent Acquisition; Workday,Head of People & Culture,HR,Recruiting; Onboarding; Talent Acquisition; Workday,Strategic HR; HR Analytics; Talent Retention; Employee Engagement,44.4,950000,1100000,Learn Strategic HR and HR Analytics,73.0
PRF_02406,HR,9,HR Policies; Talent Acquisition; Recruiting; Talent Retention; Strategic HR; HR Analytics,Head of People & Culture,HR,HR Policies; Talent Acquisition; Recruiting; Talent Retention; Strategic HR; HR Analytics,Workday; Employee Engagement,66.7,1550000,2400000,Learn Workday and Employee Engagement,100
PRF_02407,HR,2,HR Policies; Onboarding; Workday; Strategic HR,Head of People & Culture,HR,HR Policies; Onboarding; Workday; Strategic HR,HR Analytics; Talent Retention; Employee Engagement,44.4,900000,1100000,Learn HR Analytics and Talent Retention,75.5
PRF_02408,HR,9,Onboarding; HR Policies; Talent Acquisition; Talent Retention; Workday,Head of People & Culture,HR,Onboarding; HR Policies; Talent Acquisition; Talent Retention; Workday,Strategic HR; HR Analytics; Employee Engagement,55.6,1350000,2000000,Learn Strategic HR and HR Analytics,92.6
PRF_02409,HR,14,Onboarding; Recruiting; Strategic HR,Head of People & Culture,HR,Onboarding; Recruiting; Strategic HR,HR Analytics; Workday; Talent Retention; Employee Engagement,33.3,2000000,1500000,Learn HR Analytics and Workday,50.0
PRF_02410,HR,13,Onboarding; Talent Acquisition; HR Policies; Talent Retention; Employee Engagement; Workday,Head of People & Culture,HR,Onboarding; Talent Acquisition; HR Policies; Talent Retention; Employee Engagement; Workday,Strategic HR; HR Analytics,66.7,1650000,2850000,Learn Strategic HR and HR Analytics,100
PRF_02411,HR,5,Onboarding; Talent Acquisition,Head of People & Culture,HR,Onboarding; Talent Acquisition,Strategic HR; HR Analytics; Workday; Talent Retention; Employee Engagement,22.2,1000000,650000,Learn Strategic HR and HR Analytics,39.3
PRF_02412,HR,14,Onboarding; Talent Acquisition; Talent Retention,Head of People & Culture,HR,Onboarding; Talent Acquisition; Talent Retention,Strategic HR; HR Analytics; Workday; Employee Engagement,33.3,1700000,1500000,Learn Strategic HR and HR Analytics,55.3
PRF_02413,HR,14,Recruiting; HR Policies; Onboarding; Talent Acquisition; Strategic HR; Workday,Head of People & Culture,HR,Recruiting; HR Policies; Onboarding; Talent Acquisition; Strategic HR; Workday,HR Analytics; Talent Retention; Employee Engagement,66.7,1450000,2950000,Learn HR Analytics and Talent Retention,100
PRF_02414,HR,1,Talent Acquisition; Recruiting; Talent Retention; Workday; Employee Engagement,Head of People & Culture,HR,Talent Acquisition; Recruiting; Talent Retention; Workday; Employee Engagement,Strategic HR; HR Analytics,55.6,650000,1250000,Learn Strategic HR and HR Analytics,100
PRF_02415,HR,9,HR Policies; Onboarding; Talent Retention,Head of People & Culture,HR,HR Policies; Onboarding; Talent Retention,Strategic HR; HR Analytics; Workday; Employee Engagement,33.3,1250000,1200000,Learn Strategic HR and HR Analytics,58.4
PRF_02416,HR,9,HR Policies; Recruiting; Talent Acquisition,Head of People & Culture,HR,HR Policies; Recruiting; Talent Acquisition,Strategic HR; HR Analytics; Workday; Talent Retention; Employee Engagement,33.3,1550000,1200000,Learn Strategic HR and HR Analytics,50.9
PRF_02417,HR,6,HR Policies; Onboarding; Talent Acquisition; Recruiting,Head of People & Culture,HR,HR Policies; Onboarding; Talent Acquisition; Recruiting,Strategic HR; HR Analytics; Workday; Talent Retention; Employee Engagement,44.4,1350000,1400000,Learn Strategic HR and HR Analytics,68.1
PRF_02418,HR,4,Talent Acquisition; Onboarding; Talent Retention,Head of People & Culture,HR,Talent Acquisition; Onboarding; Talent Retention,Strategic HR; HR Analytics; Workday; Employee Engagement,33.3,800000,900000,Learn Strategic HR and HR Analytics,65.0
PRF_02419,HR,14,Recruiting; HR Policies,Head of People & Culture,HR,Recruiting; HR Policies,Strategic HR; HR Analytics; Workday; Talent Retention; Employee Engagement,22.2,1450000,1000000,Learn Strategic HR and HR Analytics,40.9
PRF_02420,HR,3,Recruiting; Onboarding; HR Policies; Talent Retention,Head of People & Culture,HR,Recruiting; Onboarding; HR Policies; Talent Retention,Strategic HR; HR Analytics; Workday; Employee Engagement,44.4,950000,1150000,Learn Strategic HR and HR Analytics,75.1
PRF_02421,HR,4,Onboarding; Recruiting; Talent Acquisition; HR Analytics; Talent Retention,Head of People & Culture,HR,Onboarding; Recruiting; Talent Acquisition; HR Analytics; Talent Retention,Strategic HR; Workday; Employee Engagement,55.6,850000,1550000,Learn Strategic HR and Workday,100
PRF_02422,HR,10,Onboarding; HR Policies; Recruiting; Talent Acquisition; HR Analytics,Head of People & Culture,HR,Onboarding; HR Policies; Recruiting; Talent Acquisition; HR Analytics,Strategic HR; Workday; Talent Retention; Employee Engagement,55.6,1700000,2100000,Learn Strategic HR and Workday,82.8
PRF_02423,HR,10,Onboarding; HR Policies,Head of People & Culture,HR,Onboarding; HR Policies,Strategic HR; HR Analytics; Workday; Talent Retention; Employee Engagement,22.2,1800000,850000,Learn Strategic HR and HR Analytics,32.2
PRF_02424,HR,3,Onboarding; HR Policies; Recruiting,Head of People & Culture,HR,Onboarding; HR Policies; Recruiting,Strategic HR; HR Analytics; Workday; Talent Retention; Employee Engagement,33.3,900000,850000,Learn Strategic HR and HR Analytics,57.8
PRF_02425,HR,12,HR Policies; Recruiting; Talent Retention,Head of People & Culture,HR,HR Policies; Recruiting; Talent Retention,Strategic HR; HR Analytics; Workday; Employee Engagement,33.3,1900000,1350000,Learn Strategic HR and HR Analytics,48.4
PRF_02426,HR,1,Recruiting; Onboarding; Employee Engagement; Talent Retention; Workday,Head of People & Culture,HR,Recruiting; Onboarding; Employee Engagement; Talent Retention; Workday,Strategic HR; HR Analytics,55.6,750000,1250000,Learn Strategic HR and HR Analytics,100
PRF_02427,HR,8,Recruiting; Talent Acquisition; Talent Retention,Head of People & Culture,HR,Recruiting; Talent Acquisition; Talent Retention,Strategic HR; HR Analytics; Workday; Employee Engagement,33.3,1150000,1150000,Learn Strategic HR and HR Analytics,60.0
PRF_02428,HR,3,Talent Acquisition; HR Policies,Head of People & Culture,HR,Talent Acquisition; HR Policies,Strategic HR; HR Analytics; Workday; Talent Retention; Employee Engagement,22.2,900000,600000,Learn Strategic HR and HR Analytics,40.0
PRF_02429,HR,6,Onboarding; HR Policies; Strategic HR; HR Analytics; Talent Retention,Head of People & Culture,HR,Onboarding; HR Policies; Strategic HR; HR Analytics; Talent Retention,Workday; Employee Engagement,55.6,1350000,1750000,Learn Workday and Employee Engagement,85.2
PRF_02430,HR,1,Talent Acquisition; HR Policies; Onboarding; Employee Engagement; Strategic HR; Talent Retention,Head of People & Culture,HR,Talent Acquisition; HR Policies; Onboarding; Employee Engagement; Strategic HR; Talent Retention,HR Analytics; Workday,66.7,900000,1500000,Learn HR Analytics and Workday,100
PRF_02431,HR,14,Talent Acquisition; Recruiting; HR Policies; Onboarding,Head of People & Culture,HR,Talent Acquisition; Recruiting; HR Policies; Onboarding,Strategic HR; HR Analytics; Workday; Talent Retention; Employee Engagement,44.4,1500000,2000000,Learn Strategic HR and HR Analytics,80.0
PRF_02432,HR,9,Recruiting; HR Policies; Onboarding; Talent Acquisition,Head of People & Culture,HR,Recruiting; HR Policies; Onboarding; Talent Acquisition,Strategic HR; HR Analytics; Workday; Talent Retention; Employee Engagement,44.4,1250000,1600000,Learn Strategic HR and HR Analytics,77.8
PRF_02433,HR,10,Talent Acquisition; Recruiting; Onboarding; HR Policies; HR Analytics; Workday,Head of People & Culture,HR,Talent Acquisition; Recruiting; Onboarding; HR Policies; HR Analytics; Workday,Strategic HR; Talent Retention; Employee Engagement,66.7,1750000,2500000,Learn Strategic HR and Talent Retention,97.2
PRF_02434,HR,2,Talent Acquisition; HR Policies; Recruiting; Onboarding; Employee Engagement,Head of People & Culture,HR,Talent Acquisition; HR Policies; Recruiting; Onboarding; Employee Engagement,Strategic HR; HR Analytics; Workday; Talent Retention,55.6,800000,1350000,Learn Strategic HR and HR Analytics,100
PRF_02435,HR,12,Recruiting; HR Policies; Onboarding; Talent Acquisition,Head of People & Culture,HR,Recruiting; HR Policies; Onboarding; Talent Acquisition,Strategic HR; HR Analytics; Workday; Talent Retention; Employee Engagement,44.4,1600000,1850000,Learn Strategic HR and HR Analytics,72.9
PRF_02436,HR,1,HR Policies; Onboarding; Talent Retention,Head of People & Culture,HR,HR Policies; Onboarding; Talent Retention,Strategic HR; HR Analytics; Workday; Employee Engagement,33.3,850000,750000,Learn Strategic HR and HR Analytics,55.3
PRF_02437,HR,6,Talent Acquisition; Recruiting; HR Policies; Employee Engagement; HR Analytics; Talent Retention,Head of People & Culture,HR,Talent Acquisition; Recruiting; HR Policies; Employee Engagement; HR Analytics; Talent Retention,Strategic HR; Workday,66.7,1350000,2050000,Learn Strategic HR and Workday,100
PRF_02438,HR,2,Recruiting; Talent Acquisition; Strategic HR; Talent Retention,Head of People & Culture,HR,Recruiting; Talent Acquisition; Strategic HR; Talent Retention,HR Analytics; Workday; Employee Engagement,44.4,750000,1100000,Learn HR Analytics and Workday,85.3
PRF_02439,HR,10,HR Policies; Talent Acquisition; Recruiting; Employee Engagement; HR Analytics,Head of People & Culture,HR,HR Policies; Talent Acquisition; Recruiting; Employee Engagement; HR Analytics,Strategic HR; Workday; Talent Retention,55.6,1800000,2100000,Learn Strategic HR and Workday,80.0
PRF_02440,HR,8,Recruiting; Talent Acquisition; Onboarding,Head of People & Culture,HR,Recruiting; Talent Acquisition; Onboarding,Strategic HR; HR Analytics; Workday; Talent Retention; Employee Engagement,33.3,1050000,1150000,Learn Strategic HR and HR Analytics,63.8
PRF_02441,HR,6,Onboarding; Recruiting; Talent Acquisition; HR Policies,Head of People & Culture,HR,Onboarding; Recruiting; Talent Acquisition; HR Policies,Strategic HR; HR Analytics; Workday; Talent Retention; Employee Engagement,44.4,1150000,1400000,Learn Strategic HR and HR Analytics,75.3
PRF_02442,HR,6,Onboarding; Talent Acquisition; Recruiting; Talent Retention; Workday; Employee Engagement,Head of People & Culture,HR,Onboarding; Talent Acquisition; Recruiting; Talent Retention; Workday; Employee Engagement,Strategic HR; HR Analytics,66.7,950000,2050000,Learn Strategic HR and HR Analytics,100
PRF_02443,HR,2,Onboarding; HR Policies; Recruiting; Talent Retention; Strategic HR,Head of People & Culture,HR,Onboarding; HR Policies; Recruiting; Talent Retention; Strategic HR,HR Analytics; Workday; Employee Engagement,55.6,950000,1350000,Learn HR Analytics and Workday,90.2
PRF_02444,HR,7,Talent Acquisition; Recruiting,Head of People & Culture,HR,Talent Acquisition; Recruiting,Strategic HR; HR Analytics; Workday; Talent Retention; Employee Engagement,22.2,1500000,750000,Learn Strategic HR and HR Analytics,33.3
PRF_02445,HR,8,Recruiting; HR Policies; Onboarding; Employee Engagement; Strategic HR; HR Analytics,Head of People & Culture,HR,Recruiting; HR Policies; Onboarding; Employee Engagement; Strategic HR; HR Analytics,Workday; Talent Retention,66.7,1200000,2300000,Learn Workday and Talent Retention,100
PRF_02446,HR,11,HR Policies; Talent Acquisition; Recruiting; Onboarding,Head of People & Culture,HR,HR Policies; Talent Acquisition; Recruiting; Onboarding,Strategic HR; HR Analytics; Workday; Talent Retention; Employee Engagement,44.4,1450000,1750000,Learn Strategic HR and HR Analytics,74.9
PRF_02447,HR,1,Recruiting; Onboarding; HR Policies; Talent Retention,Head of People & Culture,HR,Recruiting; Onboarding; HR Policies; Talent Retention,Strategic HR; HR Analytics; Workday; Employee Engagement,44.4,750000,1000000,Learn Strategic HR and HR Analytics,80.0
PRF_02448,HR,6,Recruiting; Onboarding,Head of People & Culture,HR,Recruiting; Onboarding,Strategic HR; HR Analytics; Workday; Talent Retention; Employee Engagement,22.2,1250000,700000,Learn Strategic HR and HR Analytics,35.7
PRF_02449,HR,7,HR Policies; Onboarding; Recruiting; Talent Acquisition; Talent Retention,Head of People & Culture,HR,HR Policies; Onboarding; Recruiting; Talent Acquisition; Talent Retention,Strategic HR; HR Analytics; Workday; Employee Engagement,55.6,1400000,1800000,Learn Strategic HR and HR Analytics,84.8
PRF_02450,HR,4,Talent Acquisition; Onboarding; Recruiting; HR Policies; Employee Engagement,Head of People & Culture,HR,Talent Acquisition; Onboarding; Recruiting; HR Policies; Employee Engagement,Strategic HR; HR Analytics; Workday; Talent Retention,55.6,1200000,1550000,Learn Strategic HR and HR Analytics,85.0
PRF_02451,HR,8,Talent Acquisition; Onboarding; HR Policies; Workday; HR Analytics,Head of People & Culture,HR,Talent Acquisition; Onboarding; HR Policies; Workday; HR Analytics,Strategic HR; Talent Retention; Employee Engagement,55.6,1500000,1900000,Learn Strategic HR and Talent Retention,84.0
PRF_02452,HR,13,Onboarding; HR Policies; Talent Acquisition; Recruiting; Workday,Head of People & Culture,HR,Onboarding; HR Policies; Talent Acquisition; Recruiting; Workday,Strategic HR; HR Analytics; Talent Retention; Employee Engagement,55.6,1500000,2400000,Learn Strategic HR and HR Analytics,97.4
PRF_02453,HR,3,Onboarding; Recruiting; HR Policies; Employee Engagement; HR Analytics; Strategic HR,Head of People & Culture,HR,Onboarding; Recruiting; HR Policies; Employee Engagement; HR Analytics; Strategic HR,Workday; Talent Retention,66.7,850000,1750000,Learn Workday and Talent Retention,100
PRF_02454,HR,7,Talent Acquisition; Recruiting; Onboarding; Employee Engagement,Head of People & Culture,HR,Talent Acquisition; Recruiting; Onboarding; Employee Engagement,Strategic HR; HR Analytics; Workday; Talent Retention,44.4,1200000,1450000,Learn Strategic HR and HR Analytics,75.0
PRF_02455,HR,8,HR Policies; Onboarding; Employee Engagement; Talent Retention; HR Analytics,Head of People & Culture,HR,HR Policies; Onboarding; Employee Engagement; Talent Retention; HR Analytics,Strategic HR; Workday,55.6,1100000,1900000,Learn Strategic HR and Workday,100
PRF_02456,HR,12,Talent Acquisition; Onboarding; HR Policies; Strategic HR,Head of People & Culture,HR,Talent Acquisition; Onboarding; HR Policies; Strategic HR,HR Analytics; Workday; Talent Retention; Employee Engagement,44.4,1750000,1850000,Learn HR Analytics and Workday,68.9
PRF_02457,HR,3,Recruiting; Onboarding; Talent Retention; Employee Engagement; Strategic HR,Head of People & Culture,HR,Recruiting; Onboarding; Talent Retention; Employee Engagement; Strategic HR,HR Analytics; Workday,55.6,800000,1450000,Learn HR Analytics and Workday,100
PRF_02458,HR,11,HR Policies; Talent Acquisition; Onboarding; HR Analytics,Head of People & Culture,HR,HR Policies; Talent Acquisition; Onboarding; HR Analytics,Strategic HR; Workday; Talent Retention; Employee Engagement,44.4,1800000,1750000,Learn Strategic HR and Workday,65.5
PRF_02459,HR,14,Talent Acquisition; Recruiting; Onboarding; HR Policies,Head of People & Culture,HR,Talent Acquisition; Recruiting; Onboarding; HR Policies,Strategic HR; HR Analytics; Workday; Talent Retention; Employee Engagement,44.4,1850000,2000000,Learn Strategic HR and HR Analytics,69.9
PRF_02460,HR,9,Onboarding; Recruiting; Talent Retention; Workday; HR Analytics,Head of People & Culture,HR,Onboarding; Recruiting; Talent Retention; Workday; HR Analytics,Strategic HR; Employee Engagement,55.6,1350000,2000000,Learn Strategic HR and Employee Engagement,92.6
PRF_02461,HR,12,HR Policies; Talent Acquisition; Onboarding; Recruiting; Employee Engagement; HR Analytics; Strategic HR,Head of People & Culture,HR,HR Policies; Talent Acquisition; Onboarding; Recruiting; Employee Engagement; HR Analytics; Strategic HR,Workday; Talent Retention,77.8,1300000,3200000,Learn Workday and Talent Retention,100
PRF_02462,HR,11,Recruiting; Onboarding; Talent Acquisition; HR Policies; Workday; Strategic HR,Head of People & Culture,HR,Recruiting; Onboarding; Talent Acquisition; HR Policies; Workday; Strategic HR,HR Analytics; Talent Retention; Employee Engagement,66.7,1850000,2650000,Learn HR Analytics and Talent Retention,97.3
PRF_02463,HR,5,HR Policies; Onboarding; Recruiting; Talent Acquisition; Talent Retention,Head of People & Culture,HR,HR Policies; Onboarding; Recruiting; Talent Acquisition; Talent Retention,Strategic HR; HR Analytics; Workday; Employee Engagement,55.6,1150000,1650000,Learn Strategic HR and HR Analytics,90.8
PRF_02464,HR,7,Recruiting; Talent Acquisition; Strategic HR; Employee Engagement; Workday,Head of People & Culture,HR,Recruiting; Talent Acquisition; Strategic HR; Employee Engagement; Workday,HR Analytics; Talent Retention,55.6,1050000,1800000,Learn HR Analytics and Talent Retention,100
PRF_02465,HR,2,HR Policies; Onboarding; Recruiting; Workday,Head of People & Culture,HR,HR Policies; Onboarding; Recruiting; Workday,Strategic HR; HR Analytics; Talent Retention; Employee Engagement,44.4,750000,1100000,Learn Strategic HR and HR Analytics,85.3
PRF_02466,HR,10,Talent Acquisition; Onboarding; Recruiting; Talent Retention; Strategic HR,Head of People & Culture,HR,Talent Acquisition; Onboarding; Recruiting; Talent Retention; Strategic HR,HR Analytics; Workday; Employee Engagement,55.6,1150000,2100000,Learn HR Analytics and Workday,100
PRF_02467,HR,2,Onboarding; Talent Acquisition; Recruiting; Strategic HR; Talent Retention; Employee Engagement,Head of People & Culture,HR,Onboarding; Talent Acquisition; Recruiting; Strategic HR; Talent Retention; Employee Engagement,HR Analytics; Workday,66.7,850000,1600000,Learn HR Analytics and Workday,100
PRF_02468,HR,10,HR Policies; Recruiting; Talent Acquisition; Onboarding; Talent Retention,Head of People & Culture,HR,HR Policies; Recruiting; Talent Acquisition; Onboarding; Talent Retention,Strategic HR; HR Analytics; Workday; Employee Engagement,55.6,1450000,2100000,Learn Strategic HR and HR Analytics,91.3
PRF_02469,HR,5,Talent Acquisition; Recruiting; Onboarding; HR Policies; Talent Retention; Workday; HR Analytics,Head of People & Culture,HR,Talent Acquisition; Recruiting; Onboarding; HR Policies; Talent Retention; Workday; HR Analytics,Strategic HR; Employee Engagement,77.8,1050000,2300000,Learn Strategic HR and Employee Engagement,100
PRF_02470,HR,4,Onboarding; Recruiting; HR Policies; Talent Acquisition; Strategic HR; Workday; HR Analytics,Head of People & Culture,HR,Onboarding; Recruiting; HR Policies; Talent Acquisition; Strategic HR; Workday; HR Analytics,Talent Retention; Employee Engagement,77.8,850000,2150000,Learn Talent Retention and Employee Engagement,100
PRF_02471,HR,5,Onboarding; HR Policies,Head of People & Culture,HR,Onboarding; HR Policies,Strategic HR; HR Analytics; Workday; Talent Retention; Employee Engagement,22.2,1150000,650000,Learn Strategic HR and HR Analytics,35.9
PRF_02472,HR,1,Talent Acquisition; Onboarding; Recruiting; HR Policies,Head of People & Culture,HR,Talent Acquisition; Onboarding; Recruiting; HR Policies,Strategic HR; HR Analytics; Workday; Talent Retention; Employee Engagement,44.4,700000,1000000,Learn Strategic HR and HR Analytics,83.8
PRF_02473,HR,1,Onboarding; Recruiting; Talent Acquisition,Head of People & Culture,HR,Onboarding; Recruiting; Talent Acquisition,Strategic HR; HR Analytics; Workday; Talent Retention; Employee Engagement,33.3,850000,750000,Learn Strategic HR and HR Analytics,55.3
PRF_02474,HR,8,Recruiting; HR Policies; Talent Acquisition; Talent Retention,Head of People & Culture,HR,Recruiting; HR Policies; Talent Acquisition; Talent Retention,Strategic HR; HR Analytics; Workday; Employee Engagement,44.4,1550000,1550000,Learn Strategic HR and HR Analytics,66.6
PRF_02475,HR,1,HR Policies; Recruiting; Employee Engagement; HR Analytics; Strategic HR,Head of People & Culture,HR,HR Policies; Recruiting; Employee Engagement; HR Analytics; Strategic HR,Workday; Talent Retention,55.6,900000,1250000,Learn Workday and Talent Retention,88.9
PRF_02476,HR,14,HR Policies; Onboarding; Strategic HR,Head of People & Culture,HR,HR Policies; Onboarding; Strategic HR,HR Analytics; Workday; Talent Retention; Employee Engagement,33.3,1750000,1500000,Learn HR Analytics and Workday,54.3
PRF_02477,HR,9,HR Policies; Recruiting; Employee Engagement; Talent Retention; Strategic HR,Head of People & Culture,HR,HR Policies; Recruiting; Employee Engagement; Talent Retention; Strategic HR,HR Analytics; Workday,55.6,1450000,2000000,Learn HR Analytics and Workday,88.5
PRF_02478,HR,1,Onboarding; Talent Acquisition; Recruiting; Employee Engagement,Head of People & Culture,HR,Onboarding; Talent Acquisition; Recruiting; Employee Engagement,Strategic HR; HR Analytics; Workday; Talent Retention,44.4,650000,1000000,Learn Strategic HR and HR Analytics,88.2
PRF_02479,HR,10,Recruiting; Onboarding; Talent Acquisition; HR Analytics; Talent Retention; Strategic HR,Head of People & Culture,HR,Recruiting; Onboarding; Talent Acquisition; HR Analytics; Talent Retention; Strategic HR,Workday; Employee Engagement,66.7,1350000,2500000,Learn Workday and Employee Engagement,100
PRF_02480,HR,8,Recruiting; HR Policies; Talent Acquisition; Workday; Talent Retention,Head of People & Culture,HR,Recruiting; HR Policies; Talent Acquisition; Workday; Talent Retention,Strategic HR; HR Analytics; Employee Engagement,55.6,1250000,1900000,Learn Strategic HR and HR Analytics,94.2
PRF_02481,HR,14,Talent Acquisition; Recruiting; HR Policies; Onboarding; Workday; HR Analytics,Head of People & Culture,HR,Talent Acquisition; Recruiting; HR Policies; Onboarding; Workday; HR Analytics,Strategic HR; Talent Retention; Employee Engagement,66.7,1650000,2950000,Learn Strategic HR and Talent Retention,100
PRF_02482,HR,13,Onboarding; HR Policies; Talent Acquisition; HR Analytics; Employee Engagement,Head of People & Culture,HR,Onboarding; HR Policies; Talent Acquisition; HR Analytics; Employee Engagement,Strategic HR; Workday; Talent Retention,55.6,2000000,2400000,Learn Strategic HR and Workday,81.4
PRF_02483,HR,9,HR Policies; Recruiting; Onboarding; Employee Engagement; HR Analytics,Head of People & Culture,HR,HR Policies; Recruiting; Onboarding; Employee Engagement; HR Analytics,Strategic HR; Workday; Talent Retention,55.6,1250000,2000000,Learn Strategic HR and Workday,97.4
PRF_02484,HR,9,Onboarding; Talent Acquisition; Employee Engagement; Workday,Head of People & Culture,HR,Onboarding; Talent Acquisition; Employee Engagement; Workday,Strategic HR; HR Analytics; Talent Retention,44.4,1450000,1600000,Learn Strategic HR and HR Analytics,70.8
PRF_02485,HR,10,HR Policies; Recruiting,Head of People & Culture,HR,HR Policies; Recruiting,Strategic HR; HR Analytics; Workday; Talent Retention; Employee Engagement,22.2,1350000,850000,Learn Strategic HR and HR Analytics,38.5
PRF_02486,HR,6,Recruiting; HR Policies; Talent Acquisition; Onboarding; Employee Engagement; Workday,Head of People & Culture,HR,Recruiting; HR Policies; Talent Acquisition; Onboarding; Employee Engagement; Workday,Strategic HR; HR Analytics; Talent Retention,66.7,900000,2050000,Learn Strategic HR and HR Analytics,100
PRF_02487,HR,8,Talent Acquisition; Recruiting; HR Policies; Onboarding; Workday; Talent Retention,Head of People & Culture,HR,Talent Acquisition; Recruiting; HR Policies; Onboarding; Workday; Talent Retention,Strategic HR; HR Analytics; Employee Engagement,66.7,1200000,2300000,Learn Strategic HR and HR Analytics,100
PRF_02488,HR,10,Onboarding; Recruiting; Employee Engagement; Workday,Head of People & Culture,HR,Onboarding; Recruiting; Employee Engagement; Workday,Strategic HR; HR Analytics; Talent Retention,44.4,1250000,1700000,Learn Strategic HR and HR Analytics,81.0
PRF_02489,HR,13,Onboarding; Talent Acquisition; Recruiting; HR Policies; HR Analytics; Talent Retention; Workday,Head of People & Culture,HR,Onboarding; Talent Acquisition; Recruiting; HR Policies; HR Analytics; Talent Retention; Workday,Strategic HR; Employee Engagement,77.8,1650000,3350000,Learn Strategic HR and Employee Engagement,100
PRF_02490,HR,10,Talent Acquisition; HR Policies; Onboarding; Recruiting; Strategic HR; HR Analytics,Head of People & Culture,HR,Talent Acquisition; HR Policies; Onboarding; Recruiting; Strategic HR; HR Analytics,Workday; Talent Retention; Employee Engagement,66.7,1300000,2500000,Learn Workday and Talent Retention,100
PRF_02491,HR,1,Recruiting; HR Policies; Onboarding; Employee Engagement,Head of People & Culture,HR,Recruiting; HR Policies; Onboarding; Employee Engagement,Strategic HR; HR Analytics; Workday; Talent Retention,44.4,850000,1000000,Learn Strategic HR and HR Analytics,73.7
PRF_02492,HR,9,Onboarding; Talent Acquisition,Head of People & Culture,HR,Onboarding; Talent Acquisition,Strategic HR; HR Analytics; Workday; Talent Retention; Employee Engagement,22.2,1500000,800000,Learn Strategic HR and HR Analytics,34.7
PRF_02493,HR,12,Onboarding; HR Policies; Talent Retention,Head of People & Culture,HR,Onboarding; HR Policies; Talent Retention,Strategic HR; HR Analytics; Workday; Employee Engagement,33.3,1850000,1350000,Learn Strategic HR and HR Analytics,49.2
PRF_02494,HR,12,HR Policies; Talent Acquisition; Recruiting; Employee Engagement; Workday; Strategic HR,Head of People & Culture,HR,HR Policies; Talent Acquisition; Recruiting; Employee Engagement; Workday; Strategic HR,HR Analytics; Talent Retention,66.7,1800000,2750000,Learn HR Analytics and Talent Retention,100
PRF_02495,HR,14,Recruiting; HR Policies; Onboarding; Talent Acquisition; HR Analytics; Employee Engagement,Head of People & Culture,HR,Recruiting; HR Policies; Onboarding; Talent Acquisition; HR Analytics; Employee Engagement,Strategic HR; Workday; Talent Retention,66.7,1800000,2950000,Learn Strategic HR and Workday,100
PRF_02496,HR,13,HR Policies; Onboarding; Talent Acquisition; Recruiting; Employee Engagement; Strategic HR; Talent Retention,Head of People & Culture,HR,HR Policies; Onboarding; Talent Acquisition; Recruiting; Employee Engagement; Strategic HR; Talent Retention,HR Analytics; Workday,77.8,1950000,3350000,Learn HR Analytics and Workday,100
PRF_02497,HR,5,Onboarding; Talent Acquisition,Head of People & Culture,HR,Onboarding; Talent Acquisition,Strategic HR; HR Analytics; Workday; Talent Retention; Employee Engagement,22.2,950000,650000,Learn Strategic HR and HR Analytics,40.7
PRF_02498,HR,13,Recruiting; Onboarding; HR Policies; Employee Engagement; Workday; Talent Retention,Head of People & Culture,HR,Recruiting; Onboarding; HR Policies; Employee Engagement; Workday; Talent Retention,Strategic HR; HR Analytics,66.7,2050000,2850000,Learn Strategic HR and HR Analytics,95.6
PRF_02499,HR,14,Onboarding; HR Policies; Talent Acquisition; Recruiting,Head of People & Culture,HR,Onboarding; HR Policies; Talent Acquisition; Recruiting,Strategic HR; HR Analytics; Workday; Talent Retention; Employee Engagement,44.4,1700000,2000000,Learn Strategic HR and HR Analytics,73.7
PRF_02500,HR,1,Recruiting; Talent Acquisition; Onboarding; HR Policies; Strategic HR,Head of People & Culture,HR,Recruiting; Talent Acquisition; Onboarding; HR Policies; Strategic HR,HR Analytics; Workday; Talent Retention; Employee Engagement,55.6,800000,1250000,Learn HR Analytics and Workday,95.9
PRF_02501,Database,13,MySQL; SQL Server; Performance Tuning; Oracle; NoSQL,Cloud Database Reliability Engineer,Database,MySQL; SQL Server; Performance Tuning; Oracle; NoSQL,PostgreSQL; Amazon Aurora; MongoDB; Database Sharding,55.6,1700000,2600000,Learn PostgreSQL and Amazon Aurora,94.5
PRF_02502,Database,9,MySQL; Oracle; NoSQL; MongoDB; Database Sharding,Cloud Database Reliability Engineer,Database,MySQL; Oracle; NoSQL; MongoDB; Database Sharding,PostgreSQL; Amazon Aurora,55.6,1850000,2200000,Learn PostgreSQL and Amazon Aurora,80.9
PRF_02503,Database,14,SQL Server; MySQL; Oracle,Cloud Database Reliability Engineer,Database,SQL Server; MySQL; Oracle,PostgreSQL; Amazon Aurora; NoSQL; MongoDB; Database Sharding,33.3,2150000,1600000,Learn PostgreSQL and Amazon Aurora,49.7
PRF_02504,Database,4,MySQL; Performance Tuning; SQL Server; Oracle; MongoDB; Database Sharding,Cloud Database Reliability Engineer,Database,MySQL; Performance Tuning; SQL Server; Oracle; MongoDB; Database Sharding,PostgreSQL; Amazon Aurora; NoSQL,66.7,1250000,2050000,Learn PostgreSQL and Amazon Aurora,100
PRF_02505,Database,6,MySQL; Oracle; MongoDB; Database Sharding,Cloud Database Reliability Engineer,Database,MySQL; Oracle; MongoDB; Database Sharding,PostgreSQL; Amazon Aurora; NoSQL,44.4,1150000,1500000,Learn PostgreSQL and Amazon Aurora,78.8
PRF_02506,Database,9,SQL Server; Performance Tuning; Oracle,Cloud Database Reliability Engineer,Database,SQL Server; Performance Tuning; Oracle,PostgreSQL; Amazon Aurora; NoSQL; MongoDB; Database Sharding,33.3,1350000,1300000,Learn PostgreSQL and Amazon Aurora,58.5
PRF_02507,Database,2,Performance Tuning; Oracle; MySQL; MongoDB; Database Sharding,Cloud Database Reliability Engineer,Database,Performance Tuning; Oracle; MySQL; MongoDB; Database Sharding,PostgreSQL; Amazon Aurora; NoSQL,55.6,950000,1500000,Learn PostgreSQL and Amazon Aurora,96.5
PRF_02508,Database,12,SQL Server; MySQL; Oracle,Cloud Database Reliability Engineer,Database,SQL Server; MySQL; Oracle,PostgreSQL; Amazon Aurora; NoSQL; MongoDB; Database Sharding,33.3,1850000,1500000,Learn PostgreSQL and Amazon Aurora,52.4
PRF_02509,Database,12,MySQL; Performance Tuning; SQL Server; Oracle; Database Sharding,Cloud Database Reliability Engineer,Database,MySQL; Performance Tuning; SQL Server; Oracle; Database Sharding,PostgreSQL; Amazon Aurora; NoSQL; MongoDB,55.6,1500000,2500000,Learn PostgreSQL and Amazon Aurora,100
PRF_02510,Database,1,MySQL; Performance Tuning,Cloud Database Reliability Engineer,Database,MySQL; Performance Tuning,PostgreSQL; Amazon Aurora; NoSQL; MongoDB; Database Sharding,22.2,750000,550000,Learn PostgreSQL and Amazon Aurora,42.7
PRF_02511,Database,13,MySQL; Performance Tuning; Oracle; PostgreSQL; MongoDB; Database Sharding,Cloud Database Reliability Engineer,Database,MySQL; Performance Tuning; Oracle; PostgreSQL; MongoDB; Database Sharding,Amazon Aurora; NoSQL,66.7,1650000,3150000,Learn Amazon Aurora and NoSQL,100
PRF_02512,Database,11,MySQL; Performance Tuning; Oracle; SQL Server; Amazon Aurora,Cloud Database Reliability Engineer,Database,MySQL; Performance Tuning; Oracle; SQL Server; Amazon Aurora,PostgreSQL; NoSQL; MongoDB; Database Sharding,55.6,1700000,2400000,Learn PostgreSQL and NoSQL,89.8
PRF_02513,Database,10,SQL Server; Oracle; MySQL; Performance Tuning; PostgreSQL; Amazon Aurora; MongoDB,Cloud Database Reliability Engineer,Database,SQL Server; Oracle; MySQL; Performance Tuning; PostgreSQL; Amazon Aurora; MongoDB,NoSQL; Database Sharding,77.8,1900000,3200000,Learn NoSQL and Database Sharding,100
PRF_02514,Database,9,Oracle; MySQL; NoSQL,Cloud Database Reliability Engineer,Database,Oracle; MySQL; NoSQL,PostgreSQL; Amazon Aurora; MongoDB; Database Sharding,33.3,1650000,1300000,Learn PostgreSQL and Amazon Aurora,51.5
PRF_02515,Database,12,SQL Server; MySQL; Amazon Aurora,Cloud Database Reliability Engineer,Database,SQL Server; MySQL; Amazon Aurora,PostgreSQL; NoSQL; MongoDB; Database Sharding,33.3,1750000,1500000,Learn PostgreSQL and NoSQL,54.3
PRF_02516,Database,8,MySQL; SQL Server; Performance Tuning; Oracle; Database Sharding; Amazon Aurora; MongoDB,Cloud Database Reliability Engineer,Database,MySQL; SQL Server; Performance Tuning; Oracle; Database Sharding; Amazon Aurora; MongoDB,PostgreSQL; NoSQL,77.8,1500000,2950000,Learn PostgreSQL and NoSQL,100
PRF_02517,Database,6,Oracle; Performance Tuning; MySQL; MongoDB,Cloud Database Reliability Engineer,Database,Oracle; Performance Tuning; MySQL; MongoDB,PostgreSQL; Amazon Aurora; NoSQL; Database Sharding,44.4,1300000,1500000,Learn PostgreSQL and Amazon Aurora,72.8
PRF_02518,Database,9,Performance Tuning; MySQL; SQL Server,Cloud Database Reliability Engineer,Database,Performance Tuning; MySQL; SQL Server,PostgreSQL; Amazon Aurora; NoSQL; MongoDB; Database Sharding,33.3,1350000,1300000,Learn PostgreSQL and Amazon Aurora,58.5
PRF_02519,Database,1,MySQL; SQL Server; NoSQL; PostgreSQL,Cloud Database Reliability Engineer,Database,MySQL; SQL Server; NoSQL; PostgreSQL,Amazon Aurora; MongoDB; Database Sharding,44.4,1000000,1100000,Learn Amazon Aurora and MongoDB,70.6
PRF_02520,Database,5,Performance Tuning; MySQL; Oracle; SQL Server; MongoDB,Cloud Database Reliability Engineer,Database,Performance Tuning; MySQL; Oracle; SQL Server; MongoDB,PostgreSQL; Amazon Aurora; NoSQL; Database Sharding,55.6,1400000,1800000,Learn PostgreSQL and Amazon Aurora,84.8
PRF_02521,Database,7,MySQL; SQL Server,Cloud Database Reliability Engineer,Database,MySQL; SQL Server,PostgreSQL; Amazon Aurora; NoSQL; MongoDB; Database Sharding,22.2,1350000,800000,Learn PostgreSQL and Amazon Aurora,37.0
PRF_02522,Database,10,Performance Tuning; MySQL; PostgreSQL,Cloud Database Reliability Engineer,Database,Performance Tuning; MySQL; PostgreSQL,Amazon Aurora; NoSQL; MongoDB; Database Sharding,33.3,1350000,1400000,Learn Amazon Aurora and NoSQL,61.5
PRF_02523,Database,13,Oracle; Performance Tuning; SQL Server; MySQL,Cloud Database Reliability Engineer,Database,Oracle; Performance Tuning; SQL Server; MySQL,PostgreSQL; Amazon Aurora; NoSQL; MongoDB; Database Sharding,44.4,1900000,2100000,Learn PostgreSQL and Amazon Aurora,70.9
PRF_02524,Database,10,MySQL; Oracle; Performance Tuning; SQL Server; Database Sharding; MongoDB; Amazon Aurora,Cloud Database Reliability Engineer,Database,MySQL; Oracle; Performance Tuning; SQL Server; Database Sharding; MongoDB; Amazon Aurora,PostgreSQL; NoSQL,77.8,1550000,3200000,Learn PostgreSQL and NoSQL,100
PRF_02525,Database,9,MySQL; SQL Server; Performance Tuning; Oracle; PostgreSQL,Cloud Database Reliability Engineer,Database,MySQL; SQL Server; Performance Tuning; Oracle; PostgreSQL,Amazon Aurora; NoSQL; MongoDB; Database Sharding,55.6,1600000,2200000,Learn Amazon Aurora and NoSQL,88.4
PRF_02526,Database,6,Oracle; MySQL; SQL Server; MongoDB; PostgreSQL,Cloud Database Reliability Engineer,Database,Oracle; MySQL; SQL Server; MongoDB; PostgreSQL,Amazon Aurora; NoSQL; Database Sharding,55.6,1450000,1900000,Learn Amazon Aurora and NoSQL,85.8
PRF_02527,Database,14,MySQL; SQL Server; Amazon Aurora; MongoDB,Cloud Database Reliability Engineer,Database,MySQL; SQL Server; Amazon Aurora; MongoDB,PostgreSQL; NoSQL; Database Sharding,44.4,2050000,2150000,Learn PostgreSQL and NoSQL,68.6
PRF_02528,Database,2,Oracle; MySQL; Database Sharding; MongoDB,Cloud Database Reliability Engineer,Database,Oracle; MySQL; Database Sharding; MongoDB,PostgreSQL; Amazon Aurora; NoSQL,44.4,900000,1200000,Learn PostgreSQL and Amazon Aurora,80.0
PRF_02529,Database,14,Oracle; Performance Tuning; SQL Server; MySQL,Cloud Database Reliability Engineer,Database,Oracle; Performance Tuning; SQL Server; MySQL,PostgreSQL; Amazon Aurora; NoSQL; MongoDB; Database Sharding,44.4,2400000,2150000,Learn PostgreSQL and Amazon Aurora,62.5
PRF_02530,Database,4,Oracle; Performance Tuning; MySQL,Cloud Database Reliability Engineer,Database,Oracle; Performance Tuning; MySQL,PostgreSQL; Amazon Aurora; NoSQL; MongoDB; Database Sharding,33.3,1050000,1000000,Learn PostgreSQL and Amazon Aurora,58.1
PRF_02531,Database,11,SQL Server; Performance Tuning; MongoDB; NoSQL; Database Sharding,Cloud Database Reliability Engineer,Database,SQL Server; Performance Tuning; MongoDB; NoSQL; Database Sharding,PostgreSQL; Amazon Aurora,55.6,2000000,2400000,Learn PostgreSQL and Amazon Aurora,81.4
PRF_02532,Database,14,Performance Tuning; SQL Server; Oracle; PostgreSQL; Database Sharding; MongoDB,Cloud Database Reliability Engineer,Database,Performance Tuning; SQL Server; Oracle; PostgreSQL; Database Sharding; MongoDB,Amazon Aurora; NoSQL,66.7,1750000,3250000,Learn Amazon Aurora and NoSQL,100
PRF_02533,Database,3,Performance Tuning; SQL Server; PostgreSQL,Cloud Database Reliability Engineer,Database,Performance Tuning; SQL Server; PostgreSQL,Amazon Aurora; NoSQL; MongoDB; Database Sharding,33.3,1200000,950000,Learn Amazon Aurora and NoSQL,51.6
PRF_02534,Database,11,Performance Tuning; MySQL; SQL Server; Oracle; Amazon Aurora,Cloud Database Reliability Engineer,Database,Performance Tuning; MySQL; SQL Server; Oracle; Amazon Aurora,PostgreSQL; NoSQL; MongoDB; Database Sharding,55.6,2150000,2400000,Learn PostgreSQL and NoSQL,78.0
PRF_02535,Database,13,Oracle; SQL Server; MySQL; Performance Tuning; PostgreSQL; MongoDB,Cloud Database Reliability Engineer,Database,Oracle; SQL Server; MySQL; Performance Tuning; PostgreSQL; MongoDB,Amazon Aurora; NoSQL; Database Sharding,66.7,1900000,3150000,Learn Amazon Aurora and NoSQL,100
PRF_02536,Database,14,Performance Tuning; Oracle; NoSQL; Amazon Aurora,Cloud Database Reliability Engineer,Database,Performance Tuning; Oracle; NoSQL; Amazon Aurora,PostgreSQL; MongoDB; Database Sharding,44.4,2300000,2150000,Learn PostgreSQL and MongoDB,64.0
PRF_02537,Database,6,MySQL; SQL Server; Oracle; Database Sharding; Amazon Aurora,Cloud Database Reliability Engineer,Database,MySQL; SQL Server; Oracle; Database Sharding; Amazon Aurora,PostgreSQL; NoSQL; MongoDB,55.6,1400000,1900000,Learn PostgreSQL and NoSQL,87.6
PRF_02538,Database,8,SQL Server; Performance Tuning; MySQL; Amazon Aurora,Cloud Database Reliability Engineer,Database,SQL Server; Performance Tuning; MySQL; Amazon Aurora,PostgreSQL; NoSQL; MongoDB; Database Sharding,44.4,1750000,1650000,Learn PostgreSQL and NoSQL,64.4
PRF_02539,Database,4,SQL Server; Performance Tuning; Oracle,Cloud Database Reliability Engineer,Database,SQL Server; Performance Tuning; Oracle,PostgreSQL; Amazon Aurora; NoSQL; MongoDB; Database Sharding,33.3,900000,1000000,Learn PostgreSQL and Amazon Aurora,64.4
PRF_02540,Database,2,Oracle; MySQL; Performance Tuning; SQL Server; PostgreSQL; NoSQL; Amazon Aurora,Cloud Database Reliability Engineer,Database,Oracle; MySQL; Performance Tuning; SQL Server; PostgreSQL; NoSQL; Amazon Aurora,MongoDB; Database Sharding,77.8,800000,2100000,Learn MongoDB and Database Sharding,100
PRF_02541,Database,4,SQL Server; Oracle; Amazon Aurora; Database Sharding; NoSQL,Cloud Database Reliability Engineer,Database,SQL Server; Oracle; Amazon Aurora; Database Sharding; NoSQL,PostgreSQL; MongoDB,55.6,1200000,1700000,Learn PostgreSQL and MongoDB,90.0
PRF_02542,Database,11,MySQL; Oracle,Cloud Database Reliability Engineer,Database,MySQL; Oracle,PostgreSQL; Amazon Aurora; NoSQL; MongoDB; Database Sharding,22.2,1550000,950000,Learn PostgreSQL and Amazon Aurora,37.8
PRF_02543,Database,14,MySQL; Performance Tuning; SQL Server; Oracle; PostgreSQL; Database Sharding,Cloud Database Reliability Engineer,Database,MySQL; Performance Tuning; SQL Server; Oracle; PostgreSQL; Database Sharding,Amazon Aurora; NoSQL; MongoDB,66.7,1850000,3250000,Learn Amazon Aurora and NoSQL,100
PRF_02544,Database,6,Oracle; MySQL; Amazon Aurora; PostgreSQL; MongoDB,Cloud Database Reliability Engineer,Database,Oracle; MySQL; Amazon Aurora; PostgreSQL; MongoDB,NoSQL; Database Sharding,55.6,1150000,1900000,Learn NoSQL and Database Sharding,99.4
PRF_02545,Database,14,Oracle; Performance Tuning; SQL Server; MySQL; MongoDB,Cloud Database Reliability Engineer,Database,Oracle; Performance Tuning; SQL Server; MySQL; MongoDB,PostgreSQL; Amazon Aurora; NoSQL; Database Sharding,55.6,2200000,2700000,Learn PostgreSQL and Amazon Aurora,82.5
PRF_02546,Database,13,MySQL; SQL Server; Performance Tuning,Cloud Database Reliability Engineer,Database,MySQL; SQL Server; Performance Tuning,PostgreSQL; Amazon Aurora; NoSQL; MongoDB; Database Sharding,33.3,2200000,1550000,Learn PostgreSQL and Amazon Aurora,48.2
PRF_02547,Database,5,Performance Tuning; Oracle; MySQL; SQL Server; MongoDB,Cloud Database Reliability Engineer,Database,Performance Tuning; Oracle; MySQL; SQL Server; MongoDB,PostgreSQL; Amazon Aurora; NoSQL; Database Sharding,55.6,1300000,1800000,Learn PostgreSQL and Amazon Aurora,88.7
PRF_02548,Database,10,Performance Tuning; MySQL; SQL Server; Database Sharding,Cloud Database Reliability Engineer,Database,Performance Tuning; MySQL; SQL Server; Database Sharding,PostgreSQL; Amazon Aurora; NoSQL; MongoDB,44.4,1350000,1850000,Learn PostgreSQL and Amazon Aurora,81.5
PRF_02549,Database,11,Oracle; MySQL; PostgreSQL,Cloud Database Reliability Engineer,Database,Oracle; MySQL; PostgreSQL,Amazon Aurora; NoSQL; MongoDB; Database Sharding,33.3,1500000,1450000,Learn Amazon Aurora and NoSQL,58.6
PRF_02550,Database,14,SQL Server; Oracle; Amazon Aurora,Cloud Database Reliability Engineer,Database,SQL Server; Oracle; Amazon Aurora,PostgreSQL; NoSQL; MongoDB; Database Sharding,33.3,2200000,1600000,Learn PostgreSQL and NoSQL,49.1
PRF_02551,Database,5,Oracle; Performance Tuning; MySQL; SQL Server; Amazon Aurora; Database Sharding; MongoDB,Cloud Database Reliability Engineer,Database,Oracle; Performance Tuning; MySQL; SQL Server; Amazon Aurora; Database Sharding; MongoDB,PostgreSQL; NoSQL,77.8,1250000,2500000,Learn PostgreSQL and NoSQL,100
PRF_02552,Database,11,Oracle; MySQL,Cloud Database Reliability Engineer,Database,Oracle; MySQL,PostgreSQL; Amazon Aurora; NoSQL; MongoDB; Database Sharding,22.2,2000000,950000,Learn PostgreSQL and Amazon Aurora,32.3
PRF_02553,Database,11,MySQL; SQL Server; Oracle; Database Sharding; MongoDB; PostgreSQL,Cloud Database Reliability Engineer,Database,MySQL; SQL Server; Oracle; Database Sharding; MongoDB; PostgreSQL,Amazon Aurora; NoSQL,66.7,2000000,2900000,Learn Amazon Aurora and NoSQL,98.0
PRF_02554,Database,4,Oracle; MySQL; SQL Server; Performance Tuning,Cloud Database Reliability Engineer,Database,Oracle; MySQL; SQL Server; Performance Tuning,PostgreSQL; Amazon Aurora; NoSQL; MongoDB; Database Sharding,44.4,1200000,1350000,Learn PostgreSQL and Amazon Aurora,71.6
PRF_02555,Database,2,Performance Tuning; SQL Server; Oracle; MySQL,Cloud Database Reliability Engineer,Database,Performance Tuning; SQL Server; Oracle; MySQL,PostgreSQL; Amazon Aurora; NoSQL; MongoDB; Database Sharding,44.4,950000,1200000,Learn PostgreSQL and Amazon Aurora,77.2
PRF_02556,Database,13,Oracle; MySQL; Performance Tuning; Amazon Aurora; NoSQL,Cloud Database Reliability Engineer,Database,Oracle; MySQL; Performance Tuning; Amazon Aurora; NoSQL,PostgreSQL; MongoDB; Database Sharding,55.6,2300000,2600000,Learn PostgreSQL and MongoDB,78.6
PRF_02557,Database,10,Performance Tuning; Oracle; MySQL; NoSQL; MongoDB; Database Sharding,Cloud Database Reliability Engineer,Database,Performance Tuning; Oracle; MySQL; NoSQL; MongoDB; Database Sharding,PostgreSQL; Amazon Aurora,66.7,1600000,2750000,Learn PostgreSQL and Amazon Aurora,100
PRF_02558,Database,14,SQL Server; Performance Tuning; Oracle; NoSQL,Cloud Database Reliability Engineer,Database,SQL Server; Performance Tuning; Oracle; NoSQL,PostgreSQL; Amazon Aurora; MongoDB; Database Sharding,44.4,2150000,2150000,Learn PostgreSQL and Amazon Aurora,66.6
PRF_02559,Database,10,SQL Server; Performance Tuning; MySQL; Oracle; Database Sharding; NoSQL,Cloud Database Reliability Engineer,Database,SQL Server; Performance Tuning; MySQL; Oracle; Database Sharding; NoSQL,PostgreSQL; Amazon Aurora; MongoDB,66.7,1950000,2750000,Learn PostgreSQL and Amazon Aurora,96.4
PRF_02560,Database,9,SQL Server; Oracle; Performance Tuning; MySQL; Amazon Aurora,Cloud Database Reliability Engineer,Database,SQL Server; Oracle; Performance Tuning; MySQL; Amazon Aurora,PostgreSQL; NoSQL; MongoDB; Database Sharding,55.6,1850000,2200000,Learn PostgreSQL and NoSQL,80.9
PRF_02561,Database,12,MySQL; Oracle; Database Sharding,Cloud Database Reliability Engineer,Database,MySQL; Oracle; Database Sharding,PostgreSQL; Amazon Aurora; NoSQL; MongoDB,33.3,1850000,1500000,Learn PostgreSQL and Amazon Aurora,52.4
PRF_02562,Database,11,Performance Tuning; Oracle; SQL Server; MongoDB,Cloud Database Reliability Engineer,Database,Performance Tuning; Oracle; SQL Server; MongoDB,PostgreSQL; Amazon Aurora; NoSQL; Database Sharding,44.4,1650000,1900000,Learn PostgreSQL and Amazon Aurora,72.7
PRF_02563,Database,10,SQL Server; Oracle; Performance Tuning; MongoDB; Database Sharding; Amazon Aurora,Cloud Database Reliability Engineer,Database,SQL Server; Oracle; Performance Tuning; MongoDB; Database Sharding; Amazon Aurora,PostgreSQL; NoSQL,66.7,1600000,2750000,Learn PostgreSQL and NoSQL,100
PRF_02564,Database,13,SQL Server; Performance Tuning,Cloud Database Reliability Engineer,Database,SQL Server; Performance Tuning,PostgreSQL; Amazon Aurora; NoSQL; MongoDB; Database Sharding,22.2,1900000,1050000,Learn PostgreSQL and Amazon Aurora,35.4
PRF_02565,Database,7,Performance Tuning; SQL Server; MySQL; Oracle; NoSQL,Cloud Database Reliability Engineer,Database,Performance Tuning; SQL Server; MySQL; Oracle; NoSQL,PostgreSQL; Amazon Aurora; MongoDB; Database Sharding,55.6,1350000,2000000,Learn PostgreSQL and Amazon Aurora,92.6
PRF_02566,Database,14,Performance Tuning; SQL Server; Oracle; MySQL; Database Sharding,Cloud Database Reliability Engineer,Database,Performance Tuning; SQL Server; Oracle; MySQL; Database Sharding,PostgreSQL; Amazon Aurora; NoSQL; MongoDB,55.6,2250000,2700000,Learn PostgreSQL and Amazon Aurora,81.4
PRF_02567,Database,4,MySQL; Oracle,Cloud Database Reliability Engineer,Database,MySQL; Oracle,PostgreSQL; Amazon Aurora; NoSQL; MongoDB; Database Sharding,22.2,900000,650000,Learn PostgreSQL and Amazon Aurora,42.2
PRF_02568,Database,12,Oracle; Performance Tuning; PostgreSQL,Cloud Database Reliability Engineer,Database,Oracle; Performance Tuning; PostgreSQL,Amazon Aurora; NoSQL; MongoDB; Database Sharding,33.3,2100000,1500000,Learn Amazon Aurora and NoSQL,48.6
PRF_02569,Database,6,Oracle; Performance Tuning; MySQL; Database Sharding; Amazon Aurora; PostgreSQL,Cloud Database Reliability Engineer,Database,Oracle; Performance Tuning; MySQL; Database Sharding; Amazon Aurora; PostgreSQL,NoSQL; MongoDB,66.7,1200000,2250000,Learn NoSQL and MongoDB,100
PRF_02570,Database,13,Performance Tuning; SQL Server; MySQL; Oracle; NoSQL; Amazon Aurora; Database Sharding,Cloud Database Reliability Engineer,Database,Performance Tuning; SQL Server; MySQL; Oracle; NoSQL; Amazon Aurora; Database Sharding,PostgreSQL; MongoDB,77.8,1750000,3650000,Learn PostgreSQL and MongoDB,100
PRF_02571,Database,13,Oracle; SQL Server; MySQL; Performance Tuning; Database Sharding; NoSQL; MongoDB,Cloud Database Reliability Engineer,Database,Oracle; SQL Server; MySQL; Performance Tuning; Database Sharding; NoSQL; MongoDB,PostgreSQL; Amazon Aurora,77.8,1550000,3650000,Learn PostgreSQL and Amazon Aurora,100
PRF_02572,Database,11,Performance Tuning; MySQL; SQL Server; Oracle; Database Sharding; NoSQL,Cloud Database Reliability Engineer,Database,Performance Tuning; MySQL; SQL Server; Oracle; Database Sharding; NoSQL,PostgreSQL; Amazon Aurora; MongoDB,66.7,1850000,2900000,Learn PostgreSQL and Amazon Aurora,100
PRF_02573,Database,8,MySQL; Performance Tuning; Oracle; SQL Server; NoSQL,Cloud Database Reliability Engineer,Database,MySQL; Performance Tuning; Oracle; SQL Server; NoSQL,PostgreSQL; Amazon Aurora; MongoDB; Database Sharding,55.6,1500000,2100000,Learn PostgreSQL and Amazon Aurora,89.4
PRF_02574,Database,2,MySQL; SQL Server; MongoDB,Cloud Database Reliability Engineer,Database,MySQL; SQL Server; MongoDB,PostgreSQL; Amazon Aurora; NoSQL; Database Sharding,33.3,950000,900000,Learn PostgreSQL and Amazon Aurora,57.9
PRF_02575,Database,14,Oracle; SQL Server; Database Sharding; Amazon Aurora,Cloud Database Reliability Engineer,Database,Oracle; SQL Server; Database Sharding; Amazon Aurora,PostgreSQL; NoSQL; MongoDB,44.4,1900000,2150000,Learn PostgreSQL and NoSQL,71.9
PRF_02576,Database,6,Oracle; Performance Tuning; MongoDB; Database Sharding; PostgreSQL,Cloud Database Reliability Engineer,Database,Oracle; Performance Tuning; MongoDB; Database Sharding; PostgreSQL,Amazon Aurora; NoSQL,55.6,1150000,1900000,Learn Amazon Aurora and NoSQL,99.4
PRF_02577,Database,13,Performance Tuning; SQL Server,Cloud Database Reliability Engineer,Database,Performance Tuning; SQL Server,PostgreSQL; Amazon Aurora; NoSQL; MongoDB; Database Sharding,22.2,1700000,1050000,Learn PostgreSQL and Amazon Aurora,38.0
PRF_02578,Database,14,Oracle; MySQL; SQL Server; Performance Tuning; Database Sharding; MongoDB,Cloud Database Reliability Engineer,Database,Oracle; MySQL; SQL Server; Performance Tuning; Database Sharding; MongoDB,PostgreSQL; Amazon Aurora; NoSQL,66.7,2450000,3250000,Learn PostgreSQL and Amazon Aurora,93.1
PRF_02579,Database,10,Oracle; Performance Tuning; Database Sharding; PostgreSQL,Cloud Database Reliability Engineer,Database,Oracle; Performance Tuning; Database Sharding; PostgreSQL,Amazon Aurora; NoSQL; MongoDB,44.4,2000000,1850000,Learn Amazon Aurora and NoSQL,63.6
PRF_02580,Database,1,Oracle; SQL Server; PostgreSQL,Cloud Database Reliability Engineer,Database,Oracle; SQL Server; PostgreSQL,Amazon Aurora; NoSQL; MongoDB; Database Sharding,33.3,800000,850000,Learn Amazon Aurora and NoSQL,62.5
PRF_02581,Database,3,Performance Tuning; SQL Server; Oracle; Amazon Aurora,Cloud Database Reliability Engineer,Database,Performance Tuning; SQL Server; Oracle; Amazon Aurora,PostgreSQL; NoSQL; MongoDB; Database Sharding,44.4,1200000,1250000,Learn PostgreSQL and NoSQL,68.3
PRF_02582,Database,13,Oracle; SQL Server; Performance Tuning; MySQL; PostgreSQL; Database Sharding; NoSQL,Cloud Database Reliability Engineer,Database,Oracle; SQL Server; Performance Tuning; MySQL; PostgreSQL; Database Sharding; NoSQL,Amazon Aurora; MongoDB,77.8,2200000,3650000,Learn Amazon Aurora and MongoDB,100
PRF_02583,Database,14,Performance Tuning; SQL Server; Oracle; Amazon Aurora; NoSQL; MongoDB,Cloud Database Reliability Engineer,Database,Performance Tuning; SQL Server; Oracle; Amazon Aurora; NoSQL; MongoDB,PostgreSQL; Database Sharding,66.7,1950000,3250000,Learn PostgreSQL and Database Sharding,100
PRF_02584,Database,4,Performance Tuning; Oracle,Cloud Database Reliability Engineer,Database,Performance Tuning; Oracle,PostgreSQL; Amazon Aurora; NoSQL; MongoDB; Database Sharding,22.2,900000,650000,Learn PostgreSQL and Amazon Aurora,42.2
PRF_02585,Database,8,SQL Server; Oracle; NoSQL; Amazon Aurora,Cloud Database Reliability Engineer,Database,SQL Server; Oracle; NoSQL; Amazon Aurora,PostgreSQL; MongoDB; Database Sharding,44.4,1400000,1650000,Learn PostgreSQL and MongoDB,73.8
PRF_02586,Database,12,Oracle; MySQL,Cloud Database Reliability Engineer,Database,Oracle; MySQL,PostgreSQL; Amazon Aurora; NoSQL; MongoDB; Database Sharding,22.2,2000000,1000000,Learn PostgreSQL and Amazon Aurora,33.3
PRF_02587,Database,2,Oracle; Performance Tuning; Amazon Aurora; MongoDB,Cloud Database Reliability Engineer,Database,Oracle; Performance Tuning; Amazon Aurora; MongoDB,PostgreSQL; NoSQL; Database Sharding,44.4,750000,1200000,Learn PostgreSQL and NoSQL,90.6
PRF_02588,Database,11,Performance Tuning; MySQL; Oracle; SQL Server; Database Sharding,Cloud Database Reliability Engineer,Database,Performance Tuning; MySQL; Oracle; SQL Server; Database Sharding,PostgreSQL; Amazon Aurora; NoSQL; MongoDB,55.6,1500000,2400000,Learn PostgreSQL and Amazon Aurora,97.4
PRF_02589,Database,13,SQL Server; Oracle; MySQL; Performance Tuning; NoSQL; MongoDB; PostgreSQL,Cloud Database Reliability Engineer,Database,SQL Server; Oracle; MySQL; Performance Tuning; NoSQL; MongoDB; PostgreSQL,Amazon Aurora; Database Sharding,77.8,1650000,3650000,Learn Amazon Aurora and Database Sharding,100
PRF_02590,Database,1,Oracle; SQL Server; Performance Tuning,Cloud Database Reliability Engineer,Database,Oracle; SQL Server; Performance Tuning,PostgreSQL; Amazon Aurora; NoSQL; MongoDB; Database Sharding,33.3,1000000,850000,Learn PostgreSQL and Amazon Aurora,54.0
PRF_02591,Database,8,Performance Tuning; SQL Server; MongoDB; Amazon Aurora; NoSQL,Cloud Database Reliability Engineer,Database,Performance Tuning; SQL Server; MongoDB; Amazon Aurora; NoSQL,PostgreSQL; Database Sharding,55.6,1300000,2100000,Learn PostgreSQL and Database Sharding,98.0
PRF_02592,Database,10,Performance Tuning; SQL Server; MySQL; Amazon Aurora; MongoDB; Database Sharding,Cloud Database Reliability Engineer,Database,Performance Tuning; SQL Server; MySQL; Amazon Aurora; MongoDB; Database Sharding,PostgreSQL; NoSQL,66.7,1500000,2750000,Learn PostgreSQL and NoSQL,100
PRF_02593,Database,14,SQL Server; Oracle; Performance Tuning; MongoDB; Amazon Aurora,Cloud Database Reliability Engineer,Database,SQL Server; Oracle; Performance Tuning; MongoDB; Amazon Aurora,PostgreSQL; NoSQL; Database Sharding,55.6,2300000,2700000,Learn PostgreSQL and NoSQL,80.3
PRF_02594,Database,5,Oracle; MySQL,Cloud Database Reliability Engineer,Database,Oracle; MySQL,PostgreSQL; Amazon Aurora; NoSQL; MongoDB; Database Sharding,22.2,1150000,700000,Learn PostgreSQL and Amazon Aurora,37.7
PRF_02595,Database,12,Oracle; Performance Tuning; SQL Server; MySQL; PostgreSQL; NoSQL; Amazon Aurora,Cloud Database Reliability Engineer,Database,Oracle; Performance Tuning; SQL Server; MySQL; PostgreSQL; NoSQL; Amazon Aurora,MongoDB; Database Sharding,77.8,1750000,3500000,Learn MongoDB and Database Sharding,100
PRF_02596,Database,4,Oracle; MySQL; Performance Tuning; Database Sharding; Amazon Aurora,Cloud Database Reliability Engineer,Database,Oracle; MySQL; Performance Tuning; Database Sharding; Amazon Aurora,PostgreSQL; NoSQL; MongoDB,55.6,1300000,1700000,Learn PostgreSQL and NoSQL,85.7
PRF_02597,Database,1,Performance Tuning; SQL Server; MySQL; Database Sharding; NoSQL; PostgreSQL,Cloud Database Reliability Engineer,Database,Performance Tuning; SQL Server; MySQL; Database Sharding; NoSQL; PostgreSQL,Amazon Aurora; MongoDB,66.7,950000,1650000,Learn Amazon Aurora and MongoDB,100
PRF_02598,Database,8,MySQL; Performance Tuning; SQL Server; Amazon Aurora; Database Sharding; MongoDB,Cloud Database Reliability Engineer,Database,MySQL; Performance Tuning; SQL Server; Amazon Aurora; Database Sharding; MongoDB,PostgreSQL; NoSQL,66.7,1350000,2500000,Learn PostgreSQL and NoSQL,100
PRF_02599,Database,7,SQL Server; Performance Tuning; MongoDB; PostgreSQL; NoSQL,Cloud Database Reliability Engineer,Database,SQL Server; Performance Tuning; MongoDB; PostgreSQL; NoSQL,Amazon Aurora; Database Sharding,55.6,1550000,2000000,Learn Amazon Aurora and Database Sharding,85.0
PRF_02600,Database,1,Performance Tuning; Oracle; MySQL,Cloud Database Reliability Engineer,Database,Performance Tuning; Oracle; MySQL,PostgreSQL; Amazon Aurora; NoSQL; MongoDB; Database Sharding,33.3,900000,850000,Learn PostgreSQL and Amazon Aurora,57.8
PRF_02601,Database,4,SQL Server; Performance Tuning; Oracle; MongoDB; NoSQL; PostgreSQL,Cloud Database Reliability Engineer,Database,SQL Server; Performance Tuning; Oracle; MongoDB; NoSQL; PostgreSQL,Amazon Aurora; Database Sharding,66.7,950000,2050000,Learn Amazon Aurora and Database Sharding,100
PRF_02602,Database,2,MySQL; Oracle; Performance Tuning; SQL Server; NoSQL; Amazon Aurora; PostgreSQL,Cloud Database Reliability Engineer,Database,MySQL; Oracle; Performance Tuning; SQL Server; NoSQL; Amazon Aurora; PostgreSQL,MongoDB; Database Sharding,77.8,1100000,2100000,Learn MongoDB and Database Sharding,100
PRF_02603,Database,1,Oracle; MySQL; SQL Server; Performance Tuning; Amazon Aurora; PostgreSQL; NoSQL,Cloud Database Reliability Engineer,Database,Oracle; MySQL; SQL Server; Performance Tuning; Amazon Aurora; PostgreSQL; NoSQL,MongoDB; Database Sharding,77.8,1050000,1950000,Learn MongoDB and Database Sharding,100
PRF_02604,Database,6,Oracle; MySQL; Performance Tuning,Cloud Database Reliability Engineer,Database,Oracle; MySQL; Performance Tuning,PostgreSQL; Amazon Aurora; NoSQL; MongoDB; Database Sharding,33.3,1550000,1150000,Learn PostgreSQL and Amazon Aurora,49.7
PRF_02605,Database,4,SQL Server; Oracle; Performance Tuning; MongoDB; Database Sharding,Cloud Database Reliability Engineer,Database,SQL Server; Oracle; Performance Tuning; MongoDB; Database Sharding,PostgreSQL; Amazon Aurora; NoSQL,55.6,1200000,1700000,Learn PostgreSQL and Amazon Aurora,90.0
PRF_02606,Database,14,SQL Server; MySQL; Performance Tuning; Oracle; NoSQL; MongoDB; Database Sharding,Cloud Database Reliability Engineer,Database,SQL Server; MySQL; Performance Tuning; Oracle; NoSQL; MongoDB; Database Sharding,PostgreSQL; Amazon Aurora,77.8,2300000,3800000,Learn PostgreSQL and Amazon Aurora,100
PRF_02607,Database,10,Performance Tuning; SQL Server; Amazon Aurora,Cloud Database Reliability Engineer,Database,Performance Tuning; SQL Server; Amazon Aurora,PostgreSQL; NoSQL; MongoDB; Database Sharding,33.3,1500000,1400000,Learn PostgreSQL and NoSQL,57.3
PRF_02608,Database,6,SQL Server; MySQL,Cloud Database Reliability Engineer,Database,SQL Server; MySQL,PostgreSQL; Amazon Aurora; NoSQL; MongoDB; Database Sharding,22.2,1150000,750000,Learn PostgreSQL and Amazon Aurora,39.4
PRF_02609,Database,10,Oracle; Performance Tuning; Database Sharding,Cloud Database Reliability Engineer,Database,Oracle; Performance Tuning; Database Sharding,PostgreSQL; Amazon Aurora; NoSQL; MongoDB,33.3,1450000,1400000,Learn PostgreSQL and Amazon Aurora,58.6
PRF_02610,Database,14,Oracle; SQL Server; MySQL; Performance Tuning; Amazon Aurora,Cloud Database Reliability Engineer,Database,Oracle; SQL Server; MySQL; Performance Tuning; Amazon Aurora,PostgreSQL; NoSQL; MongoDB; Database Sharding,55.6,2450000,2700000,Learn PostgreSQL and NoSQL,77.4
PRF_02611,Database,1,Oracle; Performance Tuning; SQL Server; PostgreSQL,Cloud Database Reliability Engineer,Database,Oracle; Performance Tuning; SQL Server; PostgreSQL,Amazon Aurora; NoSQL; MongoDB; Database Sharding,44.4,800000,1100000,Learn Amazon Aurora and NoSQL,81.6
PRF_02612,Database,11,MySQL; Performance Tuning; Oracle; SQL Server; Database Sharding; PostgreSQL; NoSQL,Cloud Database Reliability Engineer,Database,MySQL; Performance Tuning; Oracle; SQL Server; Database Sharding; PostgreSQL; NoSQL,Amazon Aurora; MongoDB,77.8,2150000,3350000,Learn Amazon Aurora and MongoDB,100
PRF_02613,Database,6,SQL Server; MySQL; Oracle; NoSQL; PostgreSQL; Amazon Aurora,Cloud Database Reliability Engineer,Database,SQL Server; MySQL; Oracle; NoSQL; PostgreSQL; Amazon Aurora,MongoDB; Database Sharding,66.7,1050000,2250000,Learn MongoDB and Database Sharding,100
PRF_02614,Database,14,Performance Tuning; MySQL; Oracle; SQL Server,Cloud Database Reliability Engineer,Database,Performance Tuning; MySQL; Oracle; SQL Server,PostgreSQL; Amazon Aurora; NoSQL; MongoDB; Database Sharding,44.4,2000000,2150000,Learn PostgreSQL and Amazon Aurora,69.6
PRF_02615,Database,12,SQL Server; MySQL; Oracle; Performance Tuning,Cloud Database Reliability Engineer,Database,SQL Server; MySQL; Oracle; Performance Tuning,PostgreSQL; Amazon Aurora; NoSQL; MongoDB; Database Sharding,44.4,2250000,2000000,Learn PostgreSQL and Amazon Aurora,62.2
PRF_02616,Database,6,Oracle; MySQL; SQL Server; Performance Tuning; MongoDB,Cloud Database Reliability Engineer,Database,Oracle; MySQL; SQL Server; Performance Tuning; MongoDB,PostgreSQL; Amazon Aurora; NoSQL; Database Sharding,55.6,1500000,1900000,Learn PostgreSQL and Amazon Aurora,84.0
PRF_02617,Database,6,Oracle; SQL Server; MySQL; Database Sharding,Cloud Database Reliability Engineer,Database,Oracle; SQL Server; MySQL; Database Sharding,PostgreSQL; Amazon Aurora; NoSQL; MongoDB,44.4,1100000,1500000,Learn PostgreSQL and Amazon Aurora,81.2
PRF_02618,Database,9,Performance Tuning; MySQL; Oracle; PostgreSQL; Database Sharding,Cloud Database Reliability Engineer,Database,Performance Tuning; MySQL; Oracle; PostgreSQL; Database Sharding,Amazon Aurora; NoSQL; MongoDB,55.6,1550000,2200000,Learn Amazon Aurora and NoSQL,90.1
PRF_02619,Database,10,SQL Server; Oracle; PostgreSQL; NoSQL; MongoDB,Cloud Database Reliability Engineer,Database,SQL Server; Oracle; PostgreSQL; NoSQL; MongoDB,Amazon Aurora; Database Sharding,55.6,1350000,2300000,Learn Amazon Aurora and Database Sharding,100
PRF_02620,Database,8,Performance Tuning; SQL Server; PostgreSQL; MongoDB; Database Sharding,Cloud Database Reliability Engineer,Database,Performance Tuning; SQL Server; PostgreSQL; MongoDB; Database Sharding,Amazon Aurora; NoSQL,55.6,1600000,2100000,Learn Amazon Aurora and NoSQL,85.9
PRF_02621,Database,6,SQL Server; Performance Tuning; MySQL; MongoDB; PostgreSQL,Cloud Database Reliability Engineer,Database,SQL Server; Performance Tuning; MySQL; MongoDB; PostgreSQL,Amazon Aurora; NoSQL; Database Sharding,55.6,1250000,1900000,Learn Amazon Aurora and NoSQL,94.2
PRF_02622,Database,8,MySQL; Performance Tuning; Oracle; Database Sharding,Cloud Database Reliability Engineer,Database,MySQL; Performance Tuning; Oracle; Database Sharding,PostgreSQL; Amazon Aurora; NoSQL; MongoDB,44.4,1600000,1650000,Learn PostgreSQL and Amazon Aurora,67.9
PRF_02623,Database,14,Oracle; MySQL; Performance Tuning,Cloud Database Reliability Engineer,Database,Oracle; MySQL; Performance Tuning,PostgreSQL; Amazon Aurora; NoSQL; MongoDB; Database Sharding,33.3,1600000,1600000,Learn PostgreSQL and Amazon Aurora,60.0
PRF_02624,Database,10,SQL Server; Oracle; Performance Tuning; MySQL; MongoDB,Cloud Database Reliability Engineer,Database,SQL Server; Oracle; Performance Tuning; MySQL; MongoDB,PostgreSQL; Amazon Aurora; NoSQL; Database Sharding,55.6,2000000,2300000,Learn PostgreSQL and Amazon Aurora,79.4
PRF_02625,Database,10,Oracle; MySQL; Performance Tuning; SQL Server; Amazon Aurora; MongoDB; Database Sharding,Cloud Database Reliability Engineer,Database,Oracle; MySQL; Performance Tuning; SQL Server; Amazon Aurora; MongoDB; Database Sharding,PostgreSQL; NoSQL,77.8,1450000,3200000,Learn PostgreSQL and NoSQL,100
PRF_02626,Database,11,Oracle; MySQL; Performance Tuning; SQL Server; Amazon Aurora; NoSQL,Cloud Database Reliability Engineer,Database,Oracle; MySQL; Performance Tuning; SQL Server; Amazon Aurora; NoSQL,PostgreSQL; MongoDB; Database Sharding,66.7,1550000,2900000,Learn PostgreSQL and MongoDB,100
PRF_02627,Database,5,MySQL; SQL Server; PostgreSQL; Database Sharding,Cloud Database Reliability Engineer,Database,MySQL; SQL Server; PostgreSQL; Database Sharding,Amazon Aurora; NoSQL; MongoDB,44.4,1150000,1450000,Learn Amazon Aurora and NoSQL,77.1
PRF_02628,Database,12,Performance Tuning; Oracle; SQL Server; Amazon Aurora; NoSQL,Cloud Database Reliability Engineer,Database,Performance Tuning; Oracle; SQL Server; Amazon Aurora; NoSQL,PostgreSQL; MongoDB; Database Sharding,55.6,1900000,2500000,Learn PostgreSQL and MongoDB,86.0
PRF_02629,Database,11,Oracle; SQL Server; Performance Tuning; MySQL; Amazon Aurora; MongoDB,Cloud Database Reliability Engineer,Database,Oracle; SQL Server; Performance Tuning; MySQL; Amazon Aurora; MongoDB,PostgreSQL; NoSQL; Database Sharding,66.7,2000000,2900000,Learn PostgreSQL and NoSQL,98.0
PRF_02630,Database,14,Performance Tuning; SQL Server; Oracle; MySQL; MongoDB; Amazon Aurora; PostgreSQL,Cloud Database Reliability Engineer,Database,Performance Tuning; SQL Server; Oracle; MySQL; MongoDB; Amazon Aurora; PostgreSQL,NoSQL; Database Sharding,77.8,2050000,3800000,Learn NoSQL and Database Sharding,100
PRF_02631,Database,2,SQL Server; Oracle; MySQL; Performance Tuning,Cloud Database Reliability Engineer,Database,SQL Server; Oracle; MySQL; Performance Tuning,PostgreSQL; Amazon Aurora; NoSQL; MongoDB; Database Sharding,44.4,1000000,1200000,Learn PostgreSQL and Amazon Aurora,74.6
PRF_02632,Database,5,SQL Server; Oracle,Cloud Database Reliability Engineer,Database,SQL Server; Oracle,PostgreSQL; Amazon Aurora; NoSQL; MongoDB; Database Sharding,22.2,1150000,700000,Learn PostgreSQL and Amazon Aurora,37.7
PRF_02633,Database,10,Oracle; Performance Tuning; SQL Server; MySQL; NoSQL; Database Sharding; Amazon Aurora,Cloud Database Reliability Engineer,Database,Oracle; Performance Tuning; SQL Server; MySQL; NoSQL; Database Sharding; Amazon Aurora,PostgreSQL; MongoDB,77.8,1550000,3200000,Learn PostgreSQL and MongoDB,100
PRF_02634,Database,2,SQL Server; Performance Tuning; Oracle; MySQL; Database Sharding,Cloud Database Reliability Engineer,Database,SQL Server; Performance Tuning; Oracle; MySQL; Database Sharding,PostgreSQL; Amazon Aurora; NoSQL; MongoDB,55.6,1000000,1500000,Learn PostgreSQL and Amazon Aurora,93.4
PRF_02635,Database,2,Performance Tuning; SQL Server; Oracle; MySQL; MongoDB,Cloud Database Reliability Engineer,Database,Performance Tuning; SQL Server; Oracle; MySQL; MongoDB,PostgreSQL; Amazon Aurora; NoSQL; Database Sharding,55.6,1150000,1500000,Learn PostgreSQL and Amazon Aurora,85.5
PRF_02636,Database,4,Oracle; Performance Tuning; SQL Server; MySQL; Amazon Aurora,Cloud Database Reliability Engineer,Database,Oracle; Performance Tuning; SQL Server; MySQL; Amazon Aurora,PostgreSQL; NoSQL; MongoDB; Database Sharding,55.6,1350000,1700000,Learn PostgreSQL and NoSQL,83.7
PRF_02637,Database,12,SQL Server; MySQL; Oracle; Performance Tuning,Cloud Database Reliability Engineer,Database,SQL Server; MySQL; Oracle; Performance Tuning,PostgreSQL; Amazon Aurora; NoSQL; MongoDB; Database Sharding,44.4,1950000,2000000,Learn PostgreSQL and Amazon Aurora,67.7
PRF_02638,Database,4,MySQL; Oracle,Cloud Database Reliability Engineer,Database,MySQL; Oracle,PostgreSQL; Amazon Aurora; NoSQL; MongoDB; Database Sharding,22.2,1100000,650000,Learn PostgreSQL and Amazon Aurora,37.0
PRF_02639,Database,11,Oracle; Performance Tuning; MySQL; SQL Server; NoSQL; Amazon Aurora,Cloud Database Reliability Engineer,Database,Oracle; Performance Tuning; MySQL; SQL Server; NoSQL; Amazon Aurora,PostgreSQL; MongoDB; Database Sharding,66.7,1750000,2900000,Learn PostgreSQL and MongoDB,100
PRF_02640,Database,3,MySQL; SQL Server; MongoDB; NoSQL,Cloud Database Reliability Engineer,Database,MySQL; SQL Server; MongoDB; NoSQL,PostgreSQL; Amazon Aurora; Database Sharding,44.4,1150000,1250000,Learn PostgreSQL and Amazon Aurora,70.1
PRF_02641,Database,4,Oracle; SQL Server; Performance Tuning; MySQL,Cloud Database Reliability Engineer,Database,Oracle; SQL Server; Performance Tuning; MySQL,PostgreSQL; Amazon Aurora; NoSQL; MongoDB; Database Sharding,44.4,1200000,1350000,Learn PostgreSQL and Amazon Aurora,71.6
PRF_02642,Database,9,Oracle; SQL Server; Database Sharding; NoSQL; PostgreSQL,Cloud Database Reliability Engineer,Database,Oracle; SQL Server; Database Sharding; NoSQL; PostgreSQL,Amazon Aurora; MongoDB,55.6,1800000,2200000,Learn Amazon Aurora and MongoDB,82.2
PRF_02643,Database,6,SQL Server; MySQL,Cloud Database Reliability Engineer,Database,SQL Server; MySQL,PostgreSQL; Amazon Aurora; NoSQL; MongoDB; Database Sharding,22.2,1250000,750000,Learn PostgreSQL and Amazon Aurora,37.3
PRF_02644,Database,2,MySQL; Oracle; MongoDB,Cloud Database Reliability Engineer,Database,MySQL; Oracle; MongoDB,PostgreSQL; Amazon Aurora; NoSQL; Database Sharding,33.3,800000,900000,Learn PostgreSQL and Amazon Aurora,65.0
PRF_02645,Database,4,Performance Tuning; MySQL; SQL Server; Oracle,Cloud Database Reliability Engineer,Database,Performance Tuning; MySQL; SQL Server; Oracle,PostgreSQL; Amazon Aurora; NoSQL; MongoDB; Database Sharding,44.4,950000,1350000,Learn PostgreSQL and Amazon Aurora,83.5
PRF_02646,Database,5,SQL Server; Oracle; MySQL; Database Sharding; MongoDB,Cloud Database Reliability Engineer,Database,SQL Server; Oracle; MySQL; Database Sharding; MongoDB,PostgreSQL; Amazon Aurora; NoSQL,55.6,1100000,1800000,Learn PostgreSQL and Amazon Aurora,98.8
PRF_02647,Database,8,Performance Tuning; MySQL; SQL Server; Oracle; Database Sharding,Cloud Database Reliability Engineer,Database,Performance Tuning; MySQL; SQL Server; Oracle; Database Sharding,PostgreSQL; Amazon Aurora; NoSQL; MongoDB,55.6,1250000,2100000,Learn PostgreSQL and Amazon Aurora,100
PRF_02648,Database,3,Oracle; SQL Server; MySQL; PostgreSQL; Amazon Aurora,Cloud Database Reliability Engineer,Database,Oracle; SQL Server; MySQL; PostgreSQL; Amazon Aurora,NoSQL; MongoDB; Database Sharding,55.6,950000,1600000,Learn NoSQL and MongoDB,100
PRF_02649,Database,1,SQL Server; Performance Tuning; MySQL; Oracle; Database Sharding,Cloud Database Reliability Engineer,Database,SQL Server; Performance Tuning; MySQL; Oracle; Database Sharding,PostgreSQL; Amazon Aurora; NoSQL; MongoDB,55.6,700000,1400000,Learn PostgreSQL and Amazon Aurora,100
PRF_02650,Database,10,Performance Tuning; Oracle; SQL Server; MongoDB,Cloud Database Reliability Engineer,Database,Performance Tuning; Oracle; SQL Server; MongoDB,PostgreSQL; Amazon Aurora; NoSQL; Database Sharding,44.4,1450000,1850000,Learn PostgreSQL and Amazon Aurora,77.7
PRF_02651,Database,13,SQL Server; Performance Tuning; MySQL; Oracle; NoSQL,Cloud Database Reliability Engineer,Database,SQL Server; Performance Tuning; MySQL; Oracle; NoSQL,PostgreSQL; Amazon Aurora; MongoDB; Database Sharding,55.6,2000000,2600000,Learn PostgreSQL and Amazon Aurora,85.4
PRF_02652,Database,4,Performance Tuning; Oracle; SQL Server; MySQL; Database Sharding,Cloud Database Reliability Engineer,Database,Performance Tuning; Oracle; SQL Server; MySQL; Database Sharding,PostgreSQL; Amazon Aurora; NoSQL; MongoDB,55.6,1150000,1700000,Learn PostgreSQL and Amazon Aurora,92.5
PRF_02653,Database,4,MySQL; SQL Server; Performance Tuning; Oracle; NoSQL; MongoDB; Amazon Aurora,Cloud Database Reliability Engineer,Database,MySQL; SQL Server; Performance Tuning; Oracle; NoSQL; MongoDB; Amazon Aurora,PostgreSQL; Database Sharding,77.8,1350000,2350000,Learn PostgreSQL and Database Sharding,100
PRF_02654,Database,3,Performance Tuning; MySQL; Oracle; SQL Server; Amazon Aurora,Cloud Database Reliability Engineer,Database,Performance Tuning; MySQL; Oracle; SQL Server; Amazon Aurora,PostgreSQL; NoSQL; MongoDB; Database Sharding,55.6,1250000,1600000,Learn PostgreSQL and NoSQL,84.6
PRF_02655,Database,8,Performance Tuning; Oracle; MySQL; SQL Server; NoSQL,Cloud Database Reliability Engineer,Database,Performance Tuning; Oracle; MySQL; SQL Server; NoSQL,PostgreSQL; Amazon Aurora; MongoDB; Database Sharding,55.6,1300000,2100000,Learn PostgreSQL and Amazon Aurora,98.0
PRF_02656,Database,4,MySQL; Oracle; Database Sharding; MongoDB; NoSQL,Cloud Database Reliability Engineer,Database,MySQL; Oracle; Database Sharding; MongoDB; NoSQL,PostgreSQL; Amazon Aurora,55.6,1200000,1700000,Learn PostgreSQL and Amazon Aurora,90.0
PRF_02657,Database,5,MySQL; SQL Server; Performance Tuning; Oracle; NoSQL; PostgreSQL; Database Sharding,Cloud Database Reliability Engineer,Database,MySQL; SQL Server; Performance Tuning; Oracle; NoSQL; PostgreSQL; Database Sharding,Amazon Aurora; MongoDB,77.8,1300000,2500000,Learn Amazon Aurora and MongoDB,100
PRF_02658,Database,6,SQL Server; MySQL; Oracle; PostgreSQL; MongoDB; NoSQL,Cloud Database Reliability Engineer,Database,SQL Server; MySQL; Oracle; PostgreSQL; MongoDB; NoSQL,Amazon Aurora; Database Sharding,66.7,1250000,2250000,Learn Amazon Aurora and Database Sharding,100
PRF_02659,Database,6,SQL Server; Oracle; PostgreSQL; Database Sharding; MongoDB,Cloud Database Reliability Engineer,Database,SQL Server; Oracle; PostgreSQL; Database Sharding; MongoDB,Amazon Aurora; NoSQL,55.6,1300000,1900000,Learn Amazon Aurora and NoSQL,91.8
PRF_02660,Database,8,Performance Tuning; MySQL; SQL Server; Oracle; MongoDB; NoSQL,Cloud Database Reliability Engineer,Database,Performance Tuning; MySQL; SQL Server; Oracle; MongoDB; NoSQL,PostgreSQL; Amazon Aurora; Database Sharding,66.7,1500000,2500000,Learn PostgreSQL and Amazon Aurora,100
PRF_02661,Database,9,MySQL; Performance Tuning; Oracle; SQL Server; MongoDB; NoSQL,Cloud Database Reliability Engineer,Database,MySQL; Performance Tuning; Oracle; SQL Server; MongoDB; NoSQL,PostgreSQL; Amazon Aurora; Database Sharding,66.7,1600000,2650000,Learn PostgreSQL and Amazon Aurora,100
PRF_02662,Database,8,MySQL; Oracle; MongoDB,Cloud Database Reliability Engineer,Database,MySQL; Oracle; MongoDB,PostgreSQL; Amazon Aurora; NoSQL; Database Sharding,33.3,1350000,1250000,Learn PostgreSQL and Amazon Aurora,57.0
PRF_02663,Database,4,Oracle; Performance Tuning; SQL Server; NoSQL; Amazon Aurora,Cloud Database Reliability Engineer,Database,Oracle; Performance Tuning; SQL Server; NoSQL; Amazon Aurora,PostgreSQL; MongoDB; Database Sharding,55.6,1050000,1700000,Learn PostgreSQL and MongoDB,98.1
PRF_02664,Database,7,SQL Server; MySQL; NoSQL; PostgreSQL,Cloud Database Reliability Engineer,Database,SQL Server; MySQL; NoSQL; PostgreSQL,Amazon Aurora; MongoDB; Database Sharding,44.4,1150000,1600000,Learn Amazon Aurora and MongoDB,82.3
PRF_02665,Database,10,MySQL; SQL Server; Oracle; Performance Tuning; MongoDB,Cloud Database Reliability Engineer,Database,MySQL; SQL Server; Oracle; Performance Tuning; MongoDB,PostgreSQL; Amazon Aurora; NoSQL; Database Sharding,55.6,1350000,2300000,Learn PostgreSQL and Amazon Aurora,100
PRF_02666,Database,5,Oracle; SQL Server; Database Sharding,Cloud Database Reliability Engineer,Database,Oracle; SQL Server; Database Sharding,PostgreSQL; Amazon Aurora; NoSQL; MongoDB,33.3,1450000,1050000,Learn PostgreSQL and Amazon Aurora,48.9
PRF_02667,Database,6,Performance Tuning; MySQL; Oracle; SQL Server,Cloud Database Reliability Engineer,Database,Performance Tuning; MySQL; Oracle; SQL Server,PostgreSQL; Amazon Aurora; NoSQL; MongoDB; Database Sharding,44.4,1050000,1500000,Learn PostgreSQL and Amazon Aurora,83.8
PRF_02668,Database,13,Performance Tuning; SQL Server,Cloud Database Reliability Engineer,Database,Performance Tuning; SQL Server,PostgreSQL; Amazon Aurora; NoSQL; MongoDB; Database Sharding,22.2,1950000,1050000,Learn PostgreSQL and Amazon Aurora,34.9
PRF_02669,Database,14,Oracle; SQL Server; MySQL; Database Sharding; PostgreSQL; NoSQL,Cloud Database Reliability Engineer,Database,Oracle; SQL Server; MySQL; Database Sharding; PostgreSQL; NoSQL,Amazon Aurora; MongoDB,66.7,1950000,3250000,Learn Amazon Aurora and MongoDB,100
PRF_02670,Database,3,Oracle; Performance Tuning; SQL Server; MySQL; Database Sharding,Cloud Database Reliability Engineer,Database,Oracle; Performance Tuning; SQL Server; MySQL; Database Sharding,PostgreSQL; Amazon Aurora; NoSQL; MongoDB,55.6,1200000,1600000,Learn PostgreSQL and Amazon Aurora,86.7
PRF_02671,Database,1,Performance Tuning; MySQL; Oracle; PostgreSQL,Cloud Database Reliability Engineer,Database,Performance Tuning; MySQL; Oracle; PostgreSQL,Amazon Aurora; NoSQL; MongoDB; Database Sharding,44.4,950000,1100000,Learn Amazon Aurora and NoSQL,73.0
PRF_02672,Database,14,MySQL; Oracle; Amazon Aurora; MongoDB; PostgreSQL,Cloud Database Reliability Engineer,Database,MySQL; Oracle; Amazon Aurora; MongoDB; PostgreSQL,NoSQL; Database Sharding,55.6,2400000,2700000,Learn NoSQL and Database Sharding,78.4
PRF_02673,Database,7,MySQL; SQL Server; PostgreSQL; MongoDB; NoSQL,Cloud Database Reliability Engineer,Database,MySQL; SQL Server; PostgreSQL; MongoDB; NoSQL,Amazon Aurora; Database Sharding,55.6,1600000,2000000,Learn Amazon Aurora and Database Sharding,83.4
PRF_02674,Database,4,Oracle; MySQL; Performance Tuning,Cloud Database Reliability Engineer,Database,Oracle; MySQL; Performance Tuning,PostgreSQL; Amazon Aurora; NoSQL; MongoDB; Database Sharding,33.3,1150000,1000000,Learn PostgreSQL and Amazon Aurora,54.8
PRF_02675,Database,14,SQL Server; MySQL; Performance Tuning,Cloud Database Reliability Engineer,Database,SQL Server; MySQL; Performance Tuning,PostgreSQL; Amazon Aurora; NoSQL; MongoDB; Database Sharding,33.3,1750000,1600000,Learn PostgreSQL and Amazon Aurora,56.6
PRF_02676,Database,4,Oracle; SQL Server; Database Sharding,Cloud Database Reliability Engineer,Database,Oracle; SQL Server; Database Sharding,PostgreSQL; Amazon Aurora; NoSQL; MongoDB,33.3,1350000,1000000,Learn PostgreSQL and Amazon Aurora,49.6
PRF_02677,Database,2,Oracle; MySQL; Performance Tuning; Database Sharding; MongoDB,Cloud Database Reliability Engineer,Database,Oracle; MySQL; Performance Tuning; Database Sharding; MongoDB,PostgreSQL; Amazon Aurora; NoSQL,55.6,850000,1500000,Learn PostgreSQL and Amazon Aurora,100
PRF_02678,Database,8,SQL Server; Performance Tuning,Cloud Database Reliability Engineer,Database,SQL Server; Performance Tuning,PostgreSQL; Amazon Aurora; NoSQL; MongoDB; Database Sharding,22.2,1200000,850000,Learn PostgreSQL and Amazon Aurora,41.7
PRF_02679,Database,3,Oracle; Performance Tuning; Database Sharding; PostgreSQL,Cloud Database Reliability Engineer,Database,Oracle; Performance Tuning; Database Sharding; PostgreSQL,Amazon Aurora; NoSQL; MongoDB,44.4,1100000,1250000,Learn Amazon Aurora and NoSQL,72.1
PRF_02680,Database,14,SQL Server; Performance Tuning; Oracle; MySQL; NoSQL; MongoDB; Database Sharding,Cloud Database Reliability Engineer,Database,SQL Server; Performance Tuning; Oracle; MySQL; NoSQL; MongoDB; Database Sharding,PostgreSQL; Amazon Aurora,77.8,1650000,3800000,Learn PostgreSQL and Amazon Aurora,100
PRF_02681,Database,5,MySQL; Oracle; Database Sharding,Cloud Database Reliability Engineer,Database,MySQL; Oracle; Database Sharding,PostgreSQL; Amazon Aurora; NoSQL; MongoDB,33.3,1250000,1050000,Learn PostgreSQL and Amazon Aurora,53.6
PRF_02682,Database,6,Performance Tuning; SQL Server,Cloud Database Reliability Engineer,Database,Performance Tuning; SQL Server,PostgreSQL; Amazon Aurora; NoSQL; MongoDB; Database Sharding,22.2,1300000,750000,Learn PostgreSQL and Amazon Aurora,36.4
PRF_02683,Database,6,MySQL; SQL Server; Database Sharding,Cloud Database Reliability Engineer,Database,MySQL; SQL Server; Database Sharding,PostgreSQL; Amazon Aurora; NoSQL; MongoDB,33.3,1150000,1150000,Learn PostgreSQL and Amazon Aurora,60.0
PRF_02684,Database,3,Oracle; SQL Server; Performance Tuning; MySQL; MongoDB; PostgreSQL,Cloud Database Reliability Engineer,Database,Oracle; SQL Server; Performance Tuning; MySQL; MongoDB; PostgreSQL,Amazon Aurora; NoSQL; Database Sharding,66.7,1050000,1900000,Learn Amazon Aurora and NoSQL,100
PRF_02685,Database,4,SQL Server; MySQL,Cloud Database Reliability Engineer,Database,SQL Server; MySQL,PostgreSQL; Amazon Aurora; NoSQL; MongoDB; Database Sharding,22.2,900000,650000,Learn PostgreSQL and Amazon Aurora,42.2
PRF_02686,Database,2,Performance Tuning; SQL Server; PostgreSQL; NoSQL; Amazon Aurora,Cloud Database Reliability Engineer,Database,Performance Tuning; SQL Server; PostgreSQL; NoSQL; Amazon Aurora,MongoDB; Database Sharding,55.6,750000,1500000,Learn MongoDB and Database Sharding,100
PRF_02687,Database,10,MySQL; Performance Tuning; SQL Server; Oracle,Cloud Database Reliability Engineer,Database,MySQL; Performance Tuning; SQL Server; Oracle,PostgreSQL; Amazon Aurora; NoSQL; MongoDB; Database Sharding,44.4,1600000,1850000,Learn PostgreSQL and Amazon Aurora,72.9
PRF_02688,Database,3,MySQL; SQL Server; MongoDB; NoSQL,Cloud Database Reliability Engineer,Database,MySQL; SQL Server; MongoDB; NoSQL,PostgreSQL; Amazon Aurora; Database Sharding,44.4,1200000,1250000,Learn PostgreSQL and Amazon Aurora,68.3
PRF_02689,Database,8,Performance Tuning; SQL Server; Oracle; MySQL; NoSQL; Amazon Aurora; Database Sharding,Cloud Database Reliability Engineer,Database,Performance Tuning; SQL Server; Oracle; MySQL; NoSQL; Amazon Aurora; Database Sharding,PostgreSQL; MongoDB,77.8,1750000,2950000,Learn PostgreSQL and MongoDB,100
PRF_02690,Database,7,MySQL; Oracle; Database Sharding,Cloud Database Reliability Engineer,Database,MySQL; Oracle; Database Sharding,PostgreSQL; Amazon Aurora; NoSQL; MongoDB,33.3,1250000,1200000,Learn PostgreSQL and Amazon Aurora,58.4
PRF_02691,Database,6,Oracle; MySQL; Amazon Aurora; PostgreSQL,Cloud Database Reliability Engineer,Database,Oracle; MySQL; Amazon Aurora; PostgreSQL,NoSQL; MongoDB; Database Sharding,44.4,1400000,1500000,Learn NoSQL and MongoDB,69.5
PRF_02692,Database,5,SQL Server; Oracle,Cloud Database Reliability Engineer,Database,SQL Server; Oracle,PostgreSQL; Amazon Aurora; NoSQL; MongoDB; Database Sharding,22.2,1100000,700000,Learn PostgreSQL and Amazon Aurora,38.8
PRF_02693,Database,1,MySQL; SQL Server; Database Sharding,Cloud Database Reliability Engineer,Database,MySQL; SQL Server; Database Sharding,PostgreSQL; Amazon Aurora; NoSQL; MongoDB,33.3,1000000,850000,Learn PostgreSQL and Amazon Aurora,54.0
PRF_02694,Database,12,Oracle; MySQL; SQL Server; Performance Tuning; Amazon Aurora; PostgreSQL,Cloud Database Reliability Engineer,Database,Oracle; MySQL; SQL Server; Performance Tuning; Amazon Aurora; PostgreSQL,NoSQL; MongoDB; Database Sharding,66.7,2000000,3000000,Learn NoSQL and MongoDB,100
PRF_02695,Database,5,SQL Server; Performance Tuning; Oracle; MySQL; NoSQL; PostgreSQL,Cloud Database Reliability Engineer,Database,SQL Server; Performance Tuning; Oracle; MySQL; NoSQL; PostgreSQL,Amazon Aurora; MongoDB; Database Sharding,66.7,1350000,2150000,Learn Amazon Aurora and MongoDB,100
PRF_02696,Database,10,Performance Tuning; MySQL; Oracle; SQL Server,Cloud Database Reliability Engineer,Database,Performance Tuning; MySQL; Oracle; SQL Server,PostgreSQL; Amazon Aurora; NoSQL; MongoDB; Database Sharding,44.4,1600000,1850000,Learn PostgreSQL and Amazon Aurora,72.9
PRF_02697,Database,3,Performance Tuning; SQL Server,Cloud Database Reliability Engineer,Database,Performance Tuning; SQL Server,PostgreSQL; Amazon Aurora; NoSQL; MongoDB; Database Sharding,22.2,1200000,650000,Learn PostgreSQL and Amazon Aurora,35.0
PRF_02698,Database,12,SQL Server; MySQL; Oracle,Cloud Database Reliability Engineer,Database,SQL Server; MySQL; Oracle,PostgreSQL; Amazon Aurora; NoSQL; MongoDB; Database Sharding,33.3,1850000,1500000,Learn PostgreSQL and Amazon Aurora,52.4
PRF_02699,Database,13,MySQL; SQL Server; Oracle,Cloud Database Reliability Engineer,Database,MySQL; SQL Server; Oracle,PostgreSQL; Amazon Aurora; NoSQL; MongoDB; Database Sharding,33.3,1650000,1550000,Learn PostgreSQL and Amazon Aurora,57.6
PRF_02700,Database,11,MySQL; Performance Tuning; NoSQL; PostgreSQL,Cloud Database Reliability Engineer,Database,MySQL; Performance Tuning; NoSQL; PostgreSQL,Amazon Aurora; MongoDB; Database Sharding,44.4,1550000,1900000,Learn Amazon Aurora and MongoDB,75.7
PRF_02701,Database,2,MySQL; Performance Tuning; SQL Server; Oracle,Cloud Database Reliability Engineer,Database,MySQL; Performance Tuning; SQL Server; Oracle,PostgreSQL; Amazon Aurora; NoSQL; MongoDB; Database Sharding,44.4,1050000,1200000,Learn PostgreSQL and Amazon Aurora,72.4
PRF_02702,Database,2,Performance Tuning; Oracle; MySQL; SQL Server,Cloud Database Reliability Engineer,Database,Performance Tuning; Oracle; MySQL; SQL Server,PostgreSQL; Amazon Aurora; NoSQL; MongoDB; Database Sharding,44.4,900000,1200000,Learn PostgreSQL and Amazon Aurora,80.0
PRF_02703,Database,12,Oracle; Performance Tuning; MongoDB; Database Sharding,Cloud Database Reliability Engineer,Database,Oracle; Performance Tuning; MongoDB; Database Sharding,PostgreSQL; Amazon Aurora; NoSQL,44.4,1750000,2000000,Learn PostgreSQL and Amazon Aurora,72.4
PRF_02704,Database,9,MySQL; SQL Server; Performance Tuning; PostgreSQL,Cloud Database Reliability Engineer,Database,MySQL; SQL Server; Performance Tuning; PostgreSQL,Amazon Aurora; NoSQL; MongoDB; Database Sharding,44.4,1750000,1750000,Learn Amazon Aurora and NoSQL,66.6
PRF_02705,Database,1,MySQL; Oracle; Performance Tuning; SQL Server,Cloud Database Reliability Engineer,Database,MySQL; Oracle; Performance Tuning; SQL Server,PostgreSQL; Amazon Aurora; NoSQL; MongoDB; Database Sharding,44.4,1000000,1100000,Learn PostgreSQL and Amazon Aurora,70.6
PRF_02706,Database,13,Performance Tuning; MySQL; SQL Server; Oracle; Database Sharding,Cloud Database Reliability Engineer,Database,Performance Tuning; MySQL; SQL Server; Oracle; Database Sharding,PostgreSQL; Amazon Aurora; NoSQL; MongoDB,55.6,2250000,2600000,Learn PostgreSQL and Amazon Aurora,79.6
PRF_02707,Database,13,MySQL; Oracle; MongoDB; PostgreSQL,Cloud Database Reliability Engineer,Database,MySQL; Oracle; MongoDB; PostgreSQL,Amazon Aurora; NoSQL; Database Sharding,44.4,2150000,2100000,Learn Amazon Aurora and NoSQL,65.7
PRF_02708,Database,13,SQL Server; MySQL; NoSQL,Cloud Database Reliability Engineer,Database,SQL Server; MySQL; NoSQL,PostgreSQL; Amazon Aurora; MongoDB; Database Sharding,33.3,1900000,1550000,Learn PostgreSQL and Amazon Aurora,52.6
PRF_02709,Database,12,MySQL; SQL Server; Database Sharding,Cloud Database Reliability Engineer,Database,MySQL; SQL Server; Database Sharding,PostgreSQL; Amazon Aurora; NoSQL; MongoDB,33.3,1500000,1500000,Learn PostgreSQL and Amazon Aurora,60.0
PRF_02710,Database,3,Oracle; MySQL; Database Sharding,Cloud Database Reliability Engineer,Database,Oracle; MySQL; Database Sharding,PostgreSQL; Amazon Aurora; NoSQL; MongoDB,33.3,1250000,950000,Learn PostgreSQL and Amazon Aurora,50.4
PRF_02711,Database,4,SQL Server; MySQL; Oracle; MongoDB; Amazon Aurora; PostgreSQL,Cloud Database Reliability Engineer,Database,SQL Server; MySQL; Oracle; MongoDB; Amazon Aurora; PostgreSQL,NoSQL; Database Sharding,66.7,1300000,2050000,Learn NoSQL and Database Sharding,100
PRF_02712,Database,11,Oracle; MySQL,Cloud Database Reliability Engineer,Database,Oracle; MySQL,PostgreSQL; Amazon Aurora; NoSQL; MongoDB; Database Sharding,22.2,2050000,950000,Learn PostgreSQL and Amazon Aurora,31.9
PRF_02713,Database,12,MySQL; Oracle; Performance Tuning,Cloud Database Reliability Engineer,Database,MySQL; Oracle; Performance Tuning,PostgreSQL; Amazon Aurora; NoSQL; MongoDB; Database Sharding,33.3,1800000,1500000,Learn PostgreSQL and Amazon Aurora,53.3
PRF_02714,Database,13,MySQL; Performance Tuning; Oracle; SQL Server; PostgreSQL,Cloud Database Reliability Engineer,Database,MySQL; Performance Tuning; Oracle; SQL Server; PostgreSQL,Amazon Aurora; NoSQL; MongoDB; Database Sharding,55.6,1750000,2600000,Learn Amazon Aurora and NoSQL,92.8
PRF_02715,Database,9,Performance Tuning; Oracle; SQL Server; Amazon Aurora; MongoDB; Database Sharding,Cloud Database Reliability Engineer,Database,Performance Tuning; Oracle; SQL Server; Amazon Aurora; MongoDB; Database Sharding,PostgreSQL; NoSQL,66.7,1300000,2650000,Learn PostgreSQL and NoSQL,100
PRF_02716,Database,13,MySQL; SQL Server; Amazon Aurora; Database Sharding; PostgreSQL,Cloud Database Reliability Engineer,Database,MySQL; SQL Server; Amazon Aurora; Database Sharding; PostgreSQL,NoSQL; MongoDB,55.6,1950000,2600000,Learn NoSQL and MongoDB,86.7
PRF_02717,Database,8,SQL Server; Oracle; MySQL; Performance Tuning; Database Sharding; MongoDB; Amazon Aurora,Cloud Database Reliability Engineer,Database,SQL Server; Oracle; MySQL; Performance Tuning; Database Sharding; MongoDB; Amazon Aurora,PostgreSQL; NoSQL,77.8,1250000,2950000,Learn PostgreSQL and NoSQL,100
PRF_02718,Database,5,MySQL; SQL Server; Oracle; Amazon Aurora; MongoDB,Cloud Database Reliability Engineer,Database,MySQL; SQL Server; Oracle; Amazon Aurora; MongoDB,PostgreSQL; NoSQL; Database Sharding,55.6,1400000,1800000,Learn PostgreSQL and NoSQL,84.8
PRF_02719,Database,11,Oracle; SQL Server; Performance Tuning; MySQL; PostgreSQL,Cloud Database Reliability Engineer,Database,Oracle; SQL Server; Performance Tuning; MySQL; PostgreSQL,Amazon Aurora; NoSQL; MongoDB; Database Sharding,55.6,1550000,2400000,Learn Amazon Aurora and NoSQL,95.3
PRF_02720,Database,12,Oracle; MySQL; Database Sharding,Cloud Database Reliability Engineer,Database,Oracle; MySQL; Database Sharding,PostgreSQL; Amazon Aurora; NoSQL; MongoDB,33.3,1800000,1500000,Learn PostgreSQL and Amazon Aurora,53.3
PRF_02721,Database,2,Performance Tuning; SQL Server; MySQL; NoSQL,Cloud Database Reliability Engineer,Database,Performance Tuning; SQL Server; MySQL; NoSQL,PostgreSQL; Amazon Aurora; MongoDB; Database Sharding,44.4,800000,1200000,Learn PostgreSQL and Amazon Aurora,86.6
PRF_02722,Database,9,Oracle; MySQL; MongoDB; Amazon Aurora,Cloud Database Reliability Engineer,Database,Oracle; MySQL; MongoDB; Amazon Aurora,PostgreSQL; NoSQL; Database Sharding,44.4,1650000,1750000,Learn PostgreSQL and NoSQL,69.1
PRF_02723,Database,12,SQL Server; Oracle; MySQL; Performance Tuning; Amazon Aurora; Database Sharding; NoSQL,Cloud Database Reliability Engineer,Database,SQL Server; Oracle; MySQL; Performance Tuning; Amazon Aurora; Database Sharding; NoSQL,PostgreSQL; MongoDB,77.8,1900000,3500000,Learn PostgreSQL and MongoDB,100
PRF_02724,Database,2,Oracle; SQL Server; MySQL; Performance Tuning; Amazon Aurora,Cloud Database Reliability Engineer,Database,Oracle; SQL Server; MySQL; Performance Tuning; Amazon Aurora,PostgreSQL; NoSQL; MongoDB; Database Sharding,55.6,1000000,1500000,Learn PostgreSQL and NoSQL,93.4
PRF_02725,Database,4,Oracle; Performance Tuning; Amazon Aurora; NoSQL,Cloud Database Reliability Engineer,Database,Oracle; Performance Tuning; Amazon Aurora; NoSQL,PostgreSQL; MongoDB; Database Sharding,44.4,1000000,1350000,Learn PostgreSQL and MongoDB,80.6
PRF_02726,Database,7,MySQL; Oracle; Performance Tuning; Database Sharding; MongoDB; Amazon Aurora,Cloud Database Reliability Engineer,Database,MySQL; Oracle; Performance Tuning; Database Sharding; MongoDB; Amazon Aurora,PostgreSQL; NoSQL,66.7,1500000,2400000,Learn PostgreSQL and NoSQL,100
PRF_02727,Database,13,Oracle; SQL Server; MySQL,Cloud Database Reliability Engineer,Database,Oracle; SQL Server; MySQL,PostgreSQL; Amazon Aurora; NoSQL; MongoDB; Database Sharding,33.3,1900000,1550000,Learn PostgreSQL and Amazon Aurora,52.6
PRF_02728,Database,14,Oracle; MySQL; Performance Tuning; SQL Server; MongoDB; NoSQL,Cloud Database Reliability Engineer,Database,Oracle; MySQL; Performance Tuning; SQL Server; MongoDB; NoSQL,PostgreSQL; Amazon Aurora; Database Sharding,66.7,1700000,3250000,Learn PostgreSQL and Amazon Aurora,100
PRF_02729,Database,13,MySQL; SQL Server; Oracle; Performance Tuning,Cloud Database Reliability Engineer,Database,MySQL; SQL Server; Oracle; Performance Tuning,PostgreSQL; Amazon Aurora; NoSQL; MongoDB; Database Sharding,44.4,2350000,2100000,Learn PostgreSQL and Amazon Aurora,62.4
PRF_02730,Database,13,Performance Tuning; SQL Server; Oracle; MySQL; MongoDB; PostgreSQL,Cloud Database Reliability Engineer,Database,Performance Tuning; SQL Server; Oracle; MySQL; MongoDB; PostgreSQL,Amazon Aurora; NoSQL; Database Sharding,66.7,2300000,3150000,Learn Amazon Aurora and NoSQL,94.8
PRF_02731,Database,9,Oracle; MySQL; Performance Tuning; SQL Server; Amazon Aurora; NoSQL,Cloud Database Reliability Engineer,Database,Oracle; MySQL; Performance Tuning; SQL Server; Amazon Aurora; NoSQL,PostgreSQL; MongoDB; Database Sharding,66.7,1650000,2650000,Learn PostgreSQL and MongoDB,100
PRF_02732,Database,9,Performance Tuning; Oracle; MySQL; SQL Server; Amazon Aurora; PostgreSQL,Cloud Database Reliability Engineer,Database,Performance Tuning; Oracle; MySQL; SQL Server; Amazon Aurora; PostgreSQL,NoSQL; MongoDB; Database Sharding,66.7,1500000,2650000,Learn NoSQL and MongoDB,100
PRF_02733,Database,13,SQL Server; MySQL; Performance Tuning; Oracle; Amazon Aurora; NoSQL,Cloud Database Reliability Engineer,Database,SQL Server; MySQL; Performance Tuning; Oracle; Amazon Aurora; NoSQL,PostgreSQL; MongoDB; Database Sharding,66.7,2050000,3150000,Learn PostgreSQL and MongoDB,100
PRF_02734,Database,7,MySQL; SQL Server; Performance Tuning; MongoDB,Cloud Database Reliability Engineer,Database,MySQL; SQL Server; Performance Tuning; MongoDB,PostgreSQL; Amazon Aurora; NoSQL; Database Sharding,44.4,1550000,1600000,Learn PostgreSQL and Amazon Aurora,67.9
PRF_02735,Database,13,SQL Server; Oracle; Database Sharding; MongoDB; PostgreSQL,Cloud Database Reliability Engineer,Database,SQL Server; Oracle; Database Sharding; MongoDB; PostgreSQL,Amazon Aurora; NoSQL,55.6,1650000,2600000,Learn Amazon Aurora and NoSQL,96.4
PRF_02736,Database,5,MySQL; SQL Server; PostgreSQL,Cloud Database Reliability Engineer,Database,MySQL; SQL Server; PostgreSQL,Amazon Aurora; NoSQL; MongoDB; Database Sharding,33.3,1000000,1050000,Learn Amazon Aurora and NoSQL,62.0
PRF_02737,Database,10,Performance Tuning; SQL Server; Amazon Aurora; PostgreSQL; MongoDB,Cloud Database Reliability Engineer,Database,Performance Tuning; SQL Server; Amazon Aurora; PostgreSQL; MongoDB,NoSQL; Database Sharding,55.6,1350000,2300000,Learn NoSQL and Database Sharding,100
PRF_02738,Database,3,SQL Server; MySQL; Oracle; Performance Tuning,Cloud Database Reliability Engineer,Database,SQL Server; MySQL; Oracle; Performance Tuning,PostgreSQL; Amazon Aurora; NoSQL; MongoDB; Database Sharding,44.4,1150000,1250000,Learn PostgreSQL and Amazon Aurora,70.1
PRF_02739,Database,14,Performance Tuning; MySQL; Database Sharding,Cloud Database Reliability Engineer,Database,Performance Tuning; MySQL; Database Sharding,PostgreSQL; Amazon Aurora; NoSQL; MongoDB,33.3,1900000,1600000,Learn PostgreSQL and Amazon Aurora,53.7
PRF_02740,Database,2,MySQL; Performance Tuning,Cloud Database Reliability Engineer,Database,MySQL; Performance Tuning,PostgreSQL; Amazon Aurora; NoSQL; MongoDB; Database Sharding,22.2,1000000,600000,Learn PostgreSQL and Amazon Aurora,37.3
PRF_02741,Database,11,Oracle; MySQL; Performance Tuning; SQL Server,Cloud Database Reliability Engineer,Database,Oracle; MySQL; Performance Tuning; SQL Server,PostgreSQL; Amazon Aurora; NoSQL; MongoDB; Database Sharding,44.4,1850000,1900000,Learn PostgreSQL and Amazon Aurora,67.7
PRF_02742,Database,4,MySQL; Oracle,Cloud Database Reliability Engineer,Database,MySQL; Oracle,PostgreSQL; Amazon Aurora; NoSQL; MongoDB; Database Sharding,22.2,1300000,650000,Learn PostgreSQL and Amazon Aurora,33.3
PRF_02743,Database,3,Oracle; MySQL; SQL Server; Performance Tuning; MongoDB,Cloud Database Reliability Engineer,Database,Oracle; MySQL; SQL Server; Performance Tuning; MongoDB,PostgreSQL; Amazon Aurora; NoSQL; Database Sharding,55.6,1150000,1600000,Learn PostgreSQL and Amazon Aurora,89.0
PRF_02744,Database,1,Oracle; MySQL; PostgreSQL; Amazon Aurora,Cloud Database Reliability Engineer,Database,Oracle; MySQL; PostgreSQL; Amazon Aurora,NoSQL; MongoDB; Database Sharding,44.4,1000000,1100000,Learn NoSQL and MongoDB,70.6
PRF_02745,Database,6,Oracle; SQL Server; Performance Tuning; MySQL; NoSQL,Cloud Database Reliability Engineer,Database,Oracle; SQL Server; Performance Tuning; MySQL; NoSQL,PostgreSQL; Amazon Aurora; MongoDB; Database Sharding,55.6,1250000,1900000,Learn PostgreSQL and Amazon Aurora,94.2
PRF_02746,Database,9,MySQL; SQL Server; Oracle; NoSQL,Cloud Database Reliability Engineer,Database,MySQL; SQL Server; Oracle; NoSQL,PostgreSQL; Amazon Aurora; MongoDB; Database Sharding,44.4,1400000,1750000,Learn PostgreSQL and Amazon Aurora,76.6
PRF_02747,Database,7,MySQL; Oracle,Cloud Database Reliability Engineer,Database,MySQL; Oracle,PostgreSQL; Amazon Aurora; NoSQL; MongoDB; Database Sharding,22.2,1600000,800000,Learn PostgreSQL and Amazon Aurora,33.3
PRF_02748,Database,4,MySQL; Oracle; SQL Server,Cloud Database Reliability Engineer,Database,MySQL; Oracle; SQL Server,PostgreSQL; Amazon Aurora; NoSQL; MongoDB; Database Sharding,33.3,1300000,1000000,Learn PostgreSQL and Amazon Aurora,50.7
PRF_02749,Database,14,MySQL; Performance Tuning; PostgreSQL; Amazon Aurora,Cloud Database Reliability Engineer,Database,MySQL; Performance Tuning; PostgreSQL; Amazon Aurora,NoSQL; MongoDB; Database Sharding,44.4,2450000,2150000,Learn NoSQL and MongoDB,61.7
PRF_02750,Database,12,MySQL; Performance Tuning; SQL Server; NoSQL; Amazon Aurora,Cloud Database Reliability Engineer,Database,MySQL; Performance Tuning; SQL Server; NoSQL; Amazon Aurora,PostgreSQL; MongoDB; Database Sharding,55.6,1850000,2500000,Learn PostgreSQL and MongoDB,87.4
PRF_02751,Automation Testing,7,Selenium; Java; XPath; API Automation; Performance Testing,Lead QA Automation Architect,Automation Testing,Selenium; Java; XPath; API Automation; Performance Testing,Cypress; Playwright; CI/CD Integration,50.0,1000000,1500000,Learn Cypress and Playwright,90.0
PRF_02752,Automation Testing,13,Cucumber; Selenium; Java; XPath; API Automation,Lead QA Automation Architect,Automation Testing,Cucumber; Selenium; Java; XPath; API Automation,Cypress; Playwright; CI/CD Integration; Performance Testing,50.0,1800000,2000000,Learn Cypress and Playwright,74.4
PRF_02753,Automation Testing,2,XPath; Selenium; TestNG; Cucumber,Lead QA Automation Architect,Automation Testing,XPath; Selenium; TestNG; Cucumber,Cypress; Playwright; API Automation; CI/CD Integration; Performance Testing,40.0,650000,900000,Learn Cypress and Playwright,79.4
PRF_02754,Automation Testing,9,XPath; Selenium; Java; TestNG,Lead QA Automation Architect,Automation Testing,XPath; Selenium; Java; TestNG,Cypress; Playwright; API Automation; CI/CD Integration; Performance Testing,40.0,1050000,1350000,Learn Cypress and Playwright,75.4
PRF_02755,Automation Testing,1,Cucumber; TestNG; Selenium; XPath,Lead QA Automation Architect,Automation Testing,Cucumber; TestNG; Selenium; XPath,Cypress; Playwright; API Automation; CI/CD Integration; Performance Testing,40.0,700000,850000,Learn Cypress and Playwright,72.6
PRF_02756,Automation Testing,5,Cucumber; XPath; TestNG; CI/CD Integration,Lead QA Automation Architect,Automation Testing,Cucumber; XPath; TestNG; CI/CD Integration,Cypress; Playwright; API Automation; Performance Testing,40.0,1150000,1100000,Learn Cypress and Playwright,62.3
PRF_02757,Automation Testing,8,Cucumber; Java; XPath; Selenium,Lead QA Automation Architect,Automation Testing,Cucumber; Java; XPath; Selenium,Cypress; Playwright; API Automation; CI/CD Integration; Performance Testing,40.0,1450000,1300000,Learn Cypress and Playwright,59.9
PRF_02758,Automation Testing,6,Java; Selenium; XPath; Playwright; CI/CD Integration,Lead QA Automation Architect,Automation Testing,Java; Selenium; XPath; Playwright; CI/CD Integration,Cypress; API Automation; Performance Testing,50.0,1200000,1450000,Learn Cypress and API Automation,78.3
PRF_02759,Automation Testing,3,Cucumber; XPath; TestNG; Java; Playwright; API Automation; Performance Testing,Lead QA Automation Architect,Automation Testing,Cucumber; XPath; TestNG; Java; Playwright; API Automation; Performance Testing,Cypress; CI/CD Integration,70.0,750000,1700000,Learn Cypress and CI/CD Integration,100
PRF_02760,Automation Testing,5,XPath; Java; Selenium; TestNG; Cucumber; Performance Testing; Playwright; CI/CD Integration,Lead QA Automation Architect,Automation Testing,XPath; Java; Selenium; TestNG; Cucumber; Performance Testing; Playwright; CI/CD Integration,Cypress; API Automation,80.0,1200000,2200000,Learn Cypress and API Automation,100
PRF_02761,Automation Testing,2,XPath; TestNG; Selenium; Cucumber; Java; Cypress; Playwright,Lead QA Automation Architect,Automation Testing,XPath; TestNG; Selenium; Cucumber; Java; Cypress; Playwright,API Automation; CI/CD Integration; Performance Testing,70.0,950000,1600000,Learn API Automation and CI/CD Integration,100
PRF_02762,Automation Testing,12,Java; Cucumber; XPath; Selenium; Playwright,Lead QA Automation Architect,Automation Testing,Java; Cucumber; XPath; Selenium; Playwright,Cypress; API Automation; CI/CD Integration; Performance Testing,50.0,1300000,1900000,Learn Cypress and API Automation,88.5
PRF_02763,Automation Testing,6,TestNG; Selenium; Cucumber; XPath; Playwright; Performance Testing; Cypress,Lead QA Automation Architect,Automation Testing,TestNG; Selenium; Cucumber; XPath; Playwright; Performance Testing; Cypress,API Automation; CI/CD Integration,70.0,1300000,2000000,Learn API Automation and CI/CD Integration,100
PRF_02764,Automation Testing,3,Selenium; XPath; TestNG; Java,Lead QA Automation Architect,Automation Testing,Selenium; XPath; TestNG; Java,Cypress; Playwright; API Automation; CI/CD Integration; Performance Testing,40.0,700000,950000,Learn Cypress and Playwright,78.3
PRF_02765,Automation Testing,11,Cucumber; XPath; Selenium; API Automation,Lead QA Automation Architect,Automation Testing,Cucumber; XPath; Selenium; API Automation,Cypress; Playwright; CI/CD Integration; Performance Testing,40.0,1650000,1450000,Learn Cypress and Playwright,59.2
PRF_02766,Automation Testing,10,Cucumber; Selenium; Java; XPath; TestNG; CI/CD Integration; Playwright; API Automation,Lead QA Automation Architect,Automation Testing,Cucumber; Selenium; Java; XPath; TestNG; CI/CD Integration; Playwright; API Automation,Cypress; Performance Testing,80.0,1600000,2800000,Learn Cypress and Performance Testing,100
PRF_02767,Automation Testing,13,Java; Cucumber; TestNG; XPath; Selenium,Lead QA Automation Architect,Automation Testing,Java; Cucumber; TestNG; XPath; Selenium,Cypress; Playwright; API Automation; CI/CD Integration; Performance Testing,50.0,1350000,2000000,Learn Cypress and Playwright,89.3
PRF_02768,Automation Testing,13,Java; Cucumber; Selenium; XPath; TestNG; Cypress,Lead QA Automation Architect,Automation Testing,Java; Cucumber; Selenium; XPath; TestNG; Cypress,Playwright; API Automation; CI/CD Integration; Performance Testing,60.0,1300000,2400000,Learn Playwright and API Automation,100
PRF_02769,Automation Testing,2,Cucumber; Selenium; XPath; Java; TestNG,Lead QA Automation Architect,Automation Testing,Cucumber; Selenium; XPath; Java; TestNG,Cypress; Playwright; API Automation; CI/CD Integration; Performance Testing,50.0,850000,1150000,Learn Cypress and Playwright,84.1
PRF_02770,Automation Testing,8,TestNG; Cucumber; XPath; Selenium; Java; Cypress; CI/CD Integration,Lead QA Automation Architect,Automation Testing,TestNG; Cucumber; XPath; Selenium; Java; Cypress; CI/CD Integration,Playwright; API Automation; Performance Testing,70.0,1100000,2250000,Learn Playwright and API Automation,100
PRF_02771,Automation Testing,10,XPath; Java; Selenium; API Automation; Playwright,Lead QA Automation Architect,Automation Testing,XPath; Java; Selenium; API Automation; Playwright,Cypress; CI/CD Integration; Performance Testing,50.0,1700000,1750000,Learn Cypress and CI/CD Integration,71.2
PRF_02772,Automation Testing,10,Java; XPath; Selenium; TestNG,Lead QA Automation Architect,Automation Testing,Java; XPath; Selenium; TestNG,Cypress; Playwright; API Automation; CI/CD Integration; Performance Testing,40.0,1400000,1400000,Learn Cypress and Playwright,64.0
PRF_02773,Automation Testing,12,Cucumber; TestNG; XPath; Performance Testing; API Automation; CI/CD Integration,Lead QA Automation Architect,Automation Testing,Cucumber; TestNG; XPath; Performance Testing; API Automation; CI/CD Integration,Cypress; Playwright,60.0,1600000,2300000,Learn Cypress and Playwright,93.5
PRF_02774,Automation Testing,1,Selenium; XPath; Java,Lead QA Automation Architect,Automation Testing,Selenium; XPath; Java,Cypress; Playwright; API Automation; CI/CD Integration; Performance Testing,30.0,850000,650000,Learn Cypress and Playwright,48.6
PRF_02775,Automation Testing,8,Cucumber; TestNG; Java; Playwright,Lead QA Automation Architect,Automation Testing,Cucumber; TestNG; Java; Playwright,Cypress; API Automation; CI/CD Integration; Performance Testing,40.0,1400000,1300000,Learn Cypress and API Automation,61.1
PRF_02776,Automation Testing,13,Selenium; Java; XPath; TestNG; Cucumber,Lead QA Automation Architect,Automation Testing,Selenium; Java; XPath; TestNG; Cucumber,Cypress; Playwright; API Automation; CI/CD Integration; Performance Testing,50.0,1350000,2000000,Learn Cypress and Playwright,89.3
PRF_02777,Automation Testing,7,Cucumber; XPath; Selenium; Java; TestNG; CI/CD Integration; Cypress,Lead QA Automation Architect,Automation Testing,Cucumber; XPath; Selenium; Java; TestNG; CI/CD Integration; Cypress,Playwright; API Automation; Performance Testing,70.0,1000000,2150000,Learn Playwright and API Automation,100
PRF_02778,Automation Testing,7,XPath; Java; TestNG; Playwright; API Automation; Performance Testing,Lead QA Automation Architect,Automation Testing,XPath; Java; TestNG; Playwright; API Automation; Performance Testing,Cypress; CI/CD Integration,60.0,1200000,1850000,Learn Cypress and CI/CD Integration,97.7
PRF_02779,Automation Testing,7,Selenium; Java; Cucumber,Lead QA Automation Architect,Automation Testing,Selenium; Java; Cucumber,Cypress; Playwright; API Automation; CI/CD Integration; Performance Testing,30.0,1250000,900000,Learn Cypress and Playwright,46.8
PRF_02780,Automation Testing,3,XPath; TestNG; Cucumber,Lead QA Automation Architect,Automation Testing,XPath; TestNG; Cucumber,Cypress; Playwright; API Automation; CI/CD Integration; Performance Testing,30.0,900000,750000,Learn Cypress and Playwright,51.3
PRF_02781,Automation Testing,2,XPath; Selenium; Cucumber; Playwright; Performance Testing,Lead QA Automation Architect,Automation Testing,XPath; Selenium; Cucumber; Playwright; Performance Testing,Cypress; API Automation; CI/CD Integration,50.0,900000,1150000,Learn Cypress and API Automation,81.1
PRF_02782,Automation Testing,9,Selenium; TestNG; XPath; Cucumber; CI/CD Integration; Cypress,Lead QA Automation Architect,Automation Testing,Selenium; TestNG; XPath; Cucumber; CI/CD Integration; Cypress,Playwright; API Automation; Performance Testing,60.0,1350000,2000000,Learn Playwright and API Automation,95.3
PRF_02783,Automation Testing,13,XPath; TestNG; Selenium; API Automation; Playwright; Cypress,Lead QA Automation Architect,Automation Testing,XPath; TestNG; Selenium; API Automation; Playwright; Cypress,CI/CD Integration; Performance Testing,60.0,1750000,2400000,Learn CI/CD Integration and Performance Testing,90.9
PRF_02784,Automation Testing,10,Selenium; Java; XPath; TestNG; CI/CD Integration,Lead QA Automation Architect,Automation Testing,Selenium; Java; XPath; TestNG; CI/CD Integration,Cypress; Playwright; API Automation; Performance Testing,50.0,1550000,1750000,Learn Cypress and Playwright,75.2
PRF_02785,Automation Testing,2,Cucumber; Java; Selenium; XPath; TestNG,Lead QA Automation Architect,Automation Testing,Cucumber; Java; Selenium; XPath; TestNG,Cypress; Playwright; API Automation; CI/CD Integration; Performance Testing,50.0,650000,1150000,Learn Cypress and Playwright,100
PRF_02786,Automation Testing,13,XPath; Cucumber; Java; Selenium; TestNG; Cypress; CI/CD Integration,Lead QA Automation Architect,Automation Testing,XPath; Cucumber; Java; Selenium; TestNG; Cypress; CI/CD Integration,Playwright; API Automation; Performance Testing,70.0,1600000,2800000,Learn Playwright and API Automation,100
PRF_02787,Automation Testing,1,Selenium; TestNG; Cucumber; XPath; CI/CD Integration,Lead QA Automation Architect,Automation Testing,Selenium; TestNG; Cucumber; XPath; CI/CD Integration,Cypress; Playwright; API Automation; Performance Testing,50.0,850000,1050000,Learn Cypress and Playwright,79.4
PRF_02788,Automation Testing,3,XPath; Cucumber; Selenium; Java; TestNG; Cypress,Lead QA Automation Architect,Automation Testing,XPath; Cucumber; Selenium; Java; TestNG; Cypress,Playwright; API Automation; CI/CD Integration; Performance Testing,60.0,650000,1450000,Learn Playwright and API Automation,100
PRF_02789,Automation Testing,5,Selenium; Java; Cucumber; XPath,Lead QA Automation Architect,Automation Testing,Selenium; Java; Cucumber; XPath,Cypress; Playwright; API Automation; CI/CD Integration; Performance Testing,40.0,950000,1100000,Learn Cypress and Playwright,70.3
PRF_02790,Automation Testing,12,TestNG; Cucumber; Selenium; XPath; Java; Playwright; API Automation,Lead QA Automation Architect,Automation Testing,TestNG; Cucumber; Selenium; XPath; Java; Playwright; API Automation,Cypress; CI/CD Integration; Performance Testing,70.0,1500000,2700000,Learn Cypress and CI/CD Integration,100
PRF_02791,Automation Testing,12,Cucumber; TestNG; XPath; Cypress; API Automation,Lead QA Automation Architect,Automation Testing,Cucumber; TestNG; XPath; Cypress; API Automation,Playwright; CI/CD Integration; Performance Testing,50.0,1350000,1900000,Learn Playwright and CI/CD Integration,86.3
PRF_02792,Automation Testing,13,XPath; Selenium; TestNG; API Automation,Lead QA Automation Architect,Automation Testing,XPath; Selenium; TestNG; API Automation,Cypress; Playwright; CI/CD Integration; Performance Testing,40.0,1550000,1600000,Learn Cypress and Playwright,65.3
PRF_02793,Automation Testing,10,Cucumber; Selenium; XPath; TestNG; Java; API Automation; Performance Testing; Cypress,Lead QA Automation Architect,Automation Testing,Cucumber; Selenium; XPath; TestNG; Java; API Automation; Performance Testing; Cypress,Playwright; CI/CD Integration,80.0,1550000,2800000,Learn Playwright and CI/CD Integration,100
PRF_02794,Automation Testing,9,TestNG; XPath; Cucumber; Cypress; Performance Testing; Playwright,Lead QA Automation Architect,Automation Testing,TestNG; XPath; Cucumber; Cypress; Performance Testing; Playwright,API Automation; CI/CD Integration,60.0,1300000,2000000,Learn API Automation and CI/CD Integration,97.5
PRF_02795,Automation Testing,2,TestNG; Cucumber; Selenium; Cypress,Lead QA Automation Architect,Automation Testing,TestNG; Cucumber; Selenium; Cypress,Playwright; API Automation; CI/CD Integration; Performance Testing,40.0,800000,900000,Learn Playwright and API Automation,69.0
PRF_02796,Automation Testing,13,Java; XPath; Cucumber,Lead QA Automation Architect,Automation Testing,Java; XPath; Cucumber,Cypress; Playwright; API Automation; CI/CD Integration; Performance Testing,30.0,1500000,1200000,Learn Cypress and Playwright,50.0
PRF_02797,Automation Testing,8,TestNG; XPath; Java; Cucumber; Selenium; Performance Testing; Cypress; API Automation,Lead QA Automation Architect,Automation Testing,TestNG; XPath; Java; Cucumber; Selenium; Performance Testing; Cypress; API Automation,Playwright; CI/CD Integration,80.0,1050000,2550000,Learn Playwright and CI/CD Integration,100
PRF_02798,Automation Testing,2,TestNG; Java; XPath; Playwright,Lead QA Automation Architect,Automation Testing,TestNG; Java; XPath; Playwright,Cypress; API Automation; CI/CD Integration; Performance Testing,40.0,950000,900000,Learn Cypress and API Automation,61.9
PRF_02799,Automation Testing,10,Java; XPath; TestNG; Cucumber; Selenium; Playwright; API Automation,Lead QA Automation Architect,Automation Testing,Java; XPath; TestNG; Cucumber; Selenium; Playwright; API Automation,Cypress; CI/CD Integration; Performance Testing,70.0,1250000,2450000,Learn Cypress and CI/CD Integration,100
PRF_02800,Automation Testing,9,Java; Selenium; XPath; Cucumber; Playwright,Lead QA Automation Architect,Automation Testing,Java; Selenium; XPath; Cucumber; Playwright,Cypress; API Automation; CI/CD Integration; Performance Testing,50.0,1300000,1700000,Learn Cypress and API Automation,82.3
PRF_02801,Automation Testing,7,Cucumber; Java; XPath; Selenium; API Automation; Cypress,Lead QA Automation Architect,Automation Testing,Cucumber; Java; XPath; Selenium; API Automation; Cypress,Playwright; CI/CD Integration; Performance Testing,60.0,1350000,1850000,Learn Playwright and CI/CD Integration,90.8
PRF_02802,Automation Testing,4,XPath; TestNG; Cucumber; Playwright; Performance Testing; API Automation,Lead QA Automation Architect,Automation Testing,XPath; TestNG; Cucumber; Playwright; Performance Testing; API Automation,Cypress; CI/CD Integration,60.0,850000,1550000,Learn Cypress and CI/CD Integration,100
PRF_02803,Automation Testing,7,Java; XPath; TestNG; Selenium; Cucumber,Lead QA Automation Architect,Automation Testing,Java; XPath; TestNG; Selenium; Cucumber,Cypress; Playwright; API Automation; CI/CD Integration; Performance Testing,50.0,1150000,1500000,Learn Cypress and Playwright,82.2
PRF_02804,Automation Testing,2,TestNG; Selenium; XPath; Cucumber; CI/CD Integration; API Automation,Lead QA Automation Architect,Automation Testing,TestNG; Selenium; XPath; Cucumber; CI/CD Integration; API Automation,Cypress; Playwright; Performance Testing,60.0,750000,1350000,Learn Cypress and Playwright,100
PRF_02805,Automation Testing,10,Java; TestNG; Cucumber; XPath; Playwright,Lead QA Automation Architect,Automation Testing,Java; TestNG; Cucumber; XPath; Playwright,Cypress; API Automation; CI/CD Integration; Performance Testing,50.0,1150000,1750000,Learn Cypress and API Automation,90.9
PRF_02806,Automation Testing,7,Java; Selenium; TestNG,Lead QA Automation Architect,Automation Testing,Java; Selenium; TestNG,Cypress; Playwright; API Automation; CI/CD Integration; Performance Testing,30.0,1150000,900000,Learn Cypress and Playwright,49.3
PRF_02807,Automation Testing,13,TestNG; Selenium; XPath; Cucumber; Playwright,Lead QA Automation Architect,Automation Testing,TestNG; Selenium; XPath; Cucumber; Playwright,Cypress; API Automation; CI/CD Integration; Performance Testing,50.0,1600000,2000000,Learn Cypress and API Automation,80.0
PRF_02808,Automation Testing,5,Cucumber; XPath; TestNG; Java,Lead QA Automation Architect,Automation Testing,Cucumber; XPath; TestNG; Java,Cypress; Playwright; API Automation; CI/CD Integration; Performance Testing,40.0,850000,1100000,Learn Cypress and Playwright,75.8
PRF_02809,Automation Testing,5,Java; Selenium; TestNG; XPath; Cucumber,Lead QA Automation Architect,Automation Testing,Java; Selenium; TestNG; XPath; Cucumber,Cypress; Playwright; API Automation; CI/CD Integration; Performance Testing,50.0,1250000,1350000,Learn Cypress and Playwright,73.2
PRF_02810,Automation Testing,2,Java; XPath; Selenium; Cucumber; API Automation; Cypress; CI/CD Integration,Lead QA Automation Architect,Automation Testing,Java; XPath; Selenium; Cucumber; API Automation; Cypress; CI/CD Integration,Playwright; Performance Testing,70.0,900000,1600000,Learn Playwright and Performance Testing,100
PRF_02811,Automation Testing,2,Java; XPath; Selenium; Cypress,Lead QA Automation Architect,Automation Testing,Java; XPath; Selenium; Cypress,Playwright; API Automation; CI/CD Integration; Performance Testing,40.0,600000,900000,Learn Playwright and API Automation,84.0
PRF_02812,Automation Testing,2,Java; Selenium; TestNG; XPath; Cucumber,Lead QA Automation Architect,Automation Testing,Java; Selenium; TestNG; XPath; Cucumber,Cypress; Playwright; API Automation; CI/CD Integration; Performance Testing,50.0,600000,1150000,Learn Cypress and Playwright,100
PRF_02813,Automation Testing,6,Selenium; TestNG; Java; Cucumber; API Automation; Performance Testing; Playwright,Lead QA Automation Architect,Automation Testing,Selenium; TestNG; Java; Cucumber; API Automation; Performance Testing; Playwright,Cypress; CI/CD Integration,70.0,950000,2000000,Learn Cypress and CI/CD Integration,100
PRF_02814,Automation Testing,2,Java; Cucumber; Selenium; Performance Testing; Playwright; API Automation,Lead QA Automation Architect,Automation Testing,Java; Cucumber; Selenium; Performance Testing; Playwright; API Automation,Cypress; CI/CD Integration,60.0,600000,1350000,Learn Cypress and CI/CD Integration,100
PRF_02815,Automation Testing,11,Selenium; XPath; Cucumber; TestNG; Java; Cypress,Lead QA Automation Architect,Automation Testing,Selenium; XPath; Cucumber; TestNG; Java; Cypress,Playwright; API Automation; CI/CD Integration; Performance Testing,60.0,1150000,2200000,Learn Playwright and API Automation,100
PRF_02816,Automation Testing,8,Java; TestNG; Cucumber; API Automation,Lead QA Automation Architect,Automation Testing,Java; TestNG; Cucumber; API Automation,Cypress; Playwright; CI/CD Integration; Performance Testing,40.0,1100000,1300000,Learn Cypress and Playwright,71.3
PRF_02817,Automation Testing,5,Java; XPath; Cucumber; TestNG; Cypress,Lead QA Automation Architect,Automation Testing,Java; XPath; Cucumber; TestNG; Cypress,Playwright; API Automation; CI/CD Integration; Performance Testing,50.0,900000,1350000,Learn Playwright and API Automation,90.0
PRF_02818,Automation Testing,1,XPath; Selenium; Cucumber; Cypress,Lead QA Automation Architect,Automation Testing,XPath; Selenium; Cucumber; Cypress,Playwright; API Automation; CI/CD Integration; Performance Testing,40.0,750000,850000,Learn Playwright and API Automation,69.3
PRF_02819,Automation Testing,8,Cucumber; TestNG; Selenium; XPath; Playwright; Performance Testing; Cypress,Lead QA Automation Architect,Automation Testing,Cucumber; TestNG; Selenium; XPath; Playwright; Performance Testing; Cypress,API Automation; CI/CD Integration,70.0,1450000,2250000,Learn API Automation and CI/CD Integration,100
PRF_02820,Automation Testing,12,TestNG; Selenium; Java; XPath; Cucumber; Playwright; Cypress,Lead QA Automation Architect,Automation Testing,TestNG; Selenium; Java; XPath; Cucumber; Playwright; Cypress,API Automation; CI/CD Integration; Performance Testing,70.0,1850000,2700000,Learn API Automation and CI/CD Integration,100
PRF_02821,Automation Testing,13,Java; Cucumber; TestNG; Selenium; XPath; API Automation; Playwright; CI/CD Integration,Lead QA Automation Architect,Automation Testing,Java; Cucumber; TestNG; Selenium; XPath; API Automation; Playwright; CI/CD Integration,Cypress; Performance Testing,80.0,1650000,3200000,Learn Cypress and Performance Testing,100
PRF_02822,Automation Testing,7,TestNG; Cucumber; XPath; Playwright; CI/CD Integration; Performance Testing,Lead QA Automation Architect,Automation Testing,TestNG; Cucumber; XPath; Playwright; CI/CD Integration; Performance Testing,Cypress; API Automation,60.0,1250000,1850000,Learn Cypress and API Automation,95.2
PRF_02823,Automation Testing,6,TestNG; Selenium; XPath; Cucumber,Lead QA Automation Architect,Automation Testing,TestNG; Selenium; XPath; Cucumber,Cypress; Playwright; API Automation; CI/CD Integration; Performance Testing,40.0,1100000,1150000,Learn Cypress and Playwright,65.8
PRF_02824,Automation Testing,13,Java; TestNG; Cucumber; XPath; Selenium,Lead QA Automation Architect,Automation Testing,Java; TestNG; Cucumber; XPath; Selenium,Cypress; Playwright; API Automation; CI/CD Integration; Performance Testing,50.0,1500000,2000000,Learn Cypress and Playwright,83.3
PRF_02825,Automation Testing,5,Cucumber; Java; TestNG; API Automation,Lead QA Automation Architect,Automation Testing,Cucumber; Java; TestNG; API Automation,Cypress; Playwright; CI/CD Integration; Performance Testing,40.0,850000,1100000,Learn Cypress and Playwright,75.8
PRF_02826,Automation Testing,14,XPath; Selenium; Java; Cucumber; Performance Testing,Lead QA Automation Architect,Automation Testing,XPath; Selenium; Java; Cucumber; Performance Testing,Cypress; Playwright; API Automation; CI/CD Integration,50.0,1950000,2050000,Learn Cypress and Playwright,72.1
PRF_02827,Automation Testing,11,XPath; Cucumber; Selenium; Java; TestNG,Lead QA Automation Architect,Automation Testing,XPath; Cucumber; Selenium; Java; TestNG,Cypress; Playwright; API Automation; CI/CD Integration; Performance Testing,50.0,1750000,1850000,Learn Cypress and Playwright,72.3
PRF_02828,Automation Testing,2,TestNG; XPath; Selenium; Performance Testing; CI/CD Integration,Lead QA Automation Architect,Automation Testing,TestNG; XPath; Selenium; Performance Testing; CI/CD Integration,Cypress; Playwright; API Automation,50.0,900000,1150000,Learn Cypress and Playwright,81.1
PRF_02829,Automation Testing,2,Cucumber; Java; XPath; TestNG; Selenium; CI/CD Integration; Playwright,Lead QA Automation Architect,Automation Testing,Cucumber; Java; XPath; TestNG; Selenium; CI/CD Integration; Playwright,Cypress; API Automation; Performance Testing,70.0,800000,1600000,Learn Cypress and API Automation,100
PRF_02830,Automation Testing,1,Cucumber; Java; XPath,Lead QA Automation Architect,Automation Testing,Cucumber; Java; XPath,Cypress; Playwright; API Automation; CI/CD Integration; Performance Testing,30.0,850000,650000,Learn Cypress and Playwright,48.6
PRF_02831,Automation Testing,4,Selenium; XPath; Cucumber; Java; TestNG; CI/CD Integration,Lead QA Automation Architect,Automation Testing,Selenium; XPath; Cucumber; Java; TestNG; CI/CD Integration,Cypress; Playwright; API Automation; Performance Testing,60.0,850000,1550000,Learn Cypress and Playwright,100
PRF_02832,Automation Testing,12,Cucumber; TestNG; Java; CI/CD Integration; Playwright; Cypress,Lead QA Automation Architect,Automation Testing,Cucumber; TestNG; Java; CI/CD Integration; Playwright; Cypress,API Automation; Performance Testing,60.0,1650000,2300000,Learn API Automation and Performance Testing,91.8
PRF_02833,Automation Testing,3,TestNG; Java; Cucumber; Playwright; CI/CD Integration,Lead QA Automation Architect,Automation Testing,TestNG; Java; Cucumber; Playwright; CI/CD Integration,Cypress; API Automation; Performance Testing,50.0,850000,1200000,Learn Cypress and API Automation,86.5
PRF_02834,Automation Testing,1,TestNG; XPath; Cucumber; Java; Playwright,Lead QA Automation Architect,Automation Testing,TestNG; XPath; Cucumber; Java; Playwright,Cypress; API Automation; CI/CD Integration; Performance Testing,50.0,650000,1050000,Learn Cypress and API Automation,94.6
PRF_02835,Automation Testing,6,Java; Cucumber; XPath; Selenium; Performance Testing; Playwright; CI/CD Integration,Lead QA Automation Architect,Automation Testing,Java; Cucumber; XPath; Selenium; Performance Testing; Playwright; CI/CD Integration,Cypress; API Automation,70.0,1000000,2000000,Learn Cypress and API Automation,100
PRF_02836,Automation Testing,13,Cucumber; TestNG; XPath; Java; Selenium; Performance Testing; Playwright,Lead QA Automation Architect,Automation Testing,Cucumber; TestNG; XPath; Java; Selenium; Performance Testing; Playwright,Cypress; API Automation; CI/CD Integration,70.0,1750000,2800000,Learn Cypress and API Automation,100
PRF_02837,Automation Testing,1,Java; Cucumber; XPath; Selenium; CI/CD Integration; Cypress; Performance Testing,Lead QA Automation Architect,Automation Testing,Java; Cucumber; XPath; Selenium; CI/CD Integration; Cypress; Performance Testing,Playwright; API Automation,70.0,650000,1450000,Learn Playwright and API Automation,100
PRF_02838,Automation Testing,9,TestNG; XPath; Cucumber; Java; Playwright,Lead QA Automation Architect,Automation Testing,TestNG; XPath; Cucumber; Java; Playwright,Cypress; API Automation; CI/CD Integration; Performance Testing,50.0,1500000,1700000,Learn Cypress and API Automation,75.3
PRF_02839,Automation Testing,12,Java; Cucumber; Selenium; TestNG,Lead QA Automation Architect,Automation Testing,Java; Cucumber; Selenium; TestNG,Cypress; Playwright; API Automation; CI/CD Integration; Performance Testing,40.0,1800000,1550000,Learn Cypress and Playwright,58.4
PRF_02840,Automation Testing,4,TestNG; XPath; Selenium; Java; Cypress,Lead QA Automation Architect,Automation Testing,TestNG; XPath; Selenium; Java; Cypress,Playwright; API Automation; CI/CD Integration; Performance Testing,50.0,1000000,1300000,Learn Playwright and API Automation,82.0
PRF_02841,Automation Testing,4,XPath; TestNG; Java; Cucumber; Selenium,Lead QA Automation Architect,Automation Testing,XPath; TestNG; Java; Cucumber; Selenium,Cypress; Playwright; API Automation; CI/CD Integration; Performance Testing,50.0,850000,1300000,Learn Cypress and Playwright,91.2
PRF_02842,Automation Testing,6,Cucumber; TestNG; Java; Selenium; XPath; Playwright; API Automation,Lead QA Automation Architect,Automation Testing,Cucumber; TestNG; Java; Selenium; XPath; Playwright; API Automation,Cypress; CI/CD Integration; Performance Testing,70.0,1050000,2000000,Learn Cypress and CI/CD Integration,100
PRF_02843,Automation Testing,14,Cucumber; TestNG; Java; Selenium; XPath; Cypress; API Automation,Lead QA Automation Architect,Automation Testing,Cucumber; TestNG; Java; Selenium; XPath; Cypress; API Automation,Playwright; CI/CD Integration; Performance Testing,70.0,1750000,2900000,Learn Playwright and CI/CD Integration,100
PRF_02844,Automation Testing,1,TestNG; Cucumber; Selenium; XPath; Java; Playwright; Cypress,Lead QA Automation Architect,Automation Testing,TestNG; Cucumber; Selenium; XPath; Java; Playwright; Cypress,API Automation; CI/CD Integration; Performance Testing,70.0,650000,1450000,Learn API Automation and CI/CD Integration,100
PRF_02845,Automation Testing,6,Java; Cucumber; TestNG; XPath; Selenium; API Automation; CI/CD Integration; Cypress,Lead QA Automation Architect,Automation Testing,Java; Cucumber; TestNG; XPath; Selenium; API Automation; CI/CD Integration; Cypress,Playwright; Performance Testing,80.0,1050000,2300000,Learn Playwright and Performance Testing,100
PRF_02846,Automation Testing,11,TestNG; XPath; Selenium; API Automation; Performance Testing; CI/CD Integration,Lead QA Automation Architect,Automation Testing,TestNG; XPath; Selenium; API Automation; Performance Testing; CI/CD Integration,Cypress; Playwright,60.0,1700000,2200000,Learn Cypress and Playwright,87.8
PRF_02847,Automation Testing,13,TestNG; XPath; Cucumber,Lead QA Automation Architect,Automation Testing,TestNG; XPath; Cucumber,Cypress; Playwright; API Automation; CI/CD Integration; Performance Testing,30.0,1600000,1200000,Learn Cypress and Playwright,48.0
PRF_02848,Automation Testing,1,TestNG; XPath; Cucumber; Selenium; Java; API Automation; Playwright,Lead QA Automation Architect,Automation Testing,TestNG; XPath; Cucumber; Selenium; Java; API Automation; Playwright,Cypress; CI/CD Integration; Performance Testing,70.0,650000,1450000,Learn Cypress and CI/CD Integration,100
PRF_02849,Automation Testing,10,XPath; Selenium; Java; TestNG; Cucumber; Playwright; Performance Testing,Lead QA Automation Architect,Automation Testing,XPath; Selenium; Java; TestNG; Cucumber; Playwright; Performance Testing,Cypress; API Automation; CI/CD Integration,70.0,1450000,2450000,Learn Cypress and API Automation,100
PRF_02850,Automation Testing,8,TestNG; Java; XPath; Cucumber; CI/CD Integration; API Automation; Performance Testing,Lead QA Automation Architect,Automation Testing,TestNG; Java; XPath; Cucumber; CI/CD Integration; API Automation; Performance Testing,Cypress; Playwright,70.0,1450000,2250000,Learn Cypress and Playwright,100
PRF_02851,Automation Testing,13,TestNG; Cucumber; Selenium; Java; Performance Testing; Cypress; Playwright,Lead QA Automation Architect,Automation Testing,TestNG; Cucumber; Selenium; Java; Performance Testing; Cypress; Playwright,API Automation; CI/CD Integration,70.0,1450000,2800000,Learn API Automation and CI/CD Integration,100
PRF_02852,Automation Testing,7,Cucumber; TestNG; XPath; Java; API Automation,Lead QA Automation Architect,Automation Testing,Cucumber; TestNG; XPath; Java; API Automation,Cypress; Playwright; CI/CD Integration; Performance Testing,50.0,1200000,1500000,Learn Cypress and Playwright,80.0
PRF_02853,Automation Testing,6,Selenium; Cucumber; Java; XPath; TestNG; API Automation,Lead QA Automation Architect,Automation Testing,Selenium; Cucumber; Java; XPath; TestNG; API Automation,Cypress; Playwright; CI/CD Integration; Performance Testing,60.0,950000,1750000,Learn Cypress and Playwright,100
PRF_02854,Automation Testing,7,XPath; Selenium; TestNG; Cucumber,Lead QA Automation Architect,Automation Testing,XPath; Selenium; TestNG; Cucumber,Cypress; Playwright; API Automation; CI/CD Integration; Performance Testing,40.0,1400000,1200000,Learn Cypress and Playwright,58.3
PRF_02855,Automation Testing,1,XPath; Selenium; Cucumber; Java; TestNG; Cypress; CI/CD Integration,Lead QA Automation Architect,Automation Testing,XPath; Selenium; Cucumber; Java; TestNG; Cypress; CI/CD Integration,Playwright; API Automation; Performance Testing,70.0,750000,1450000,Learn Playwright and API Automation,100
PRF_02856,Automation Testing,7,TestNG; Java; Selenium; XPath; Cucumber; Playwright; API Automation; Cypress,Lead QA Automation Architect,Automation Testing,TestNG; Java; Selenium; XPath; Cucumber; Playwright; API Automation; Cypress,CI/CD Integration; Performance Testing,80.0,1400000,2450000,Learn CI/CD Integration and Performance Testing,100
PRF_02857,Automation Testing,4,TestNG; Java; Selenium; Cypress; Playwright,Lead QA Automation Architect,Automation Testing,TestNG; Java; Selenium; Cypress; Playwright,API Automation; CI/CD Integration; Performance Testing,50.0,800000,1300000,Learn API Automation and CI/CD Integration,95.0
PRF_02858,Automation Testing,1,XPath; Java; Cucumber; TestNG; Selenium; Playwright; Performance Testing; Cypress,Lead QA Automation Architect,Automation Testing,XPath; Java; Cucumber; TestNG; Selenium; Playwright; Performance Testing; Cypress,API Automation; CI/CD Integration,80.0,550000,1700000,Learn API Automation and CI/CD Integration,100
PRF_02859,Automation Testing,9,Selenium; TestNG; XPath; Cucumber; Cypress; CI/CD Integration,Lead QA Automation Architect,Automation Testing,Selenium; TestNG; XPath; Cucumber; Cypress; CI/CD Integration,Playwright; API Automation; Performance Testing,60.0,1050000,2000000,Learn Playwright and API Automation,100
PRF_02860,Automation Testing,4,Cucumber; TestNG; XPath; API Automation; Playwright; Cypress,Lead QA Automation Architect,Automation Testing,Cucumber; TestNG; XPath; API Automation; Playwright; Cypress,CI/CD Integration; Performance Testing,60.0,1100000,1550000,Learn CI/CD Integration and Performance Testing,92.4
PRF_02861,Automation Testing,6,Cucumber; XPath; Java; Selenium,Lead QA Automation Architect,Automation Testing,Cucumber; XPath; Java; Selenium,Cypress; Playwright; API Automation; CI/CD Integration; Performance Testing,40.0,1000000,1150000,Learn Cypress and Playwright,70.0
PRF_02862,Automation Testing,2,XPath; Selenium; Java; TestNG; Cucumber; API Automation; Cypress; Performance Testing,Lead QA Automation Architect,Automation Testing,XPath; Selenium; Java; TestNG; Cucumber; API Automation; Cypress; Performance Testing,Playwright; CI/CD Integration,80.0,700000,1800000,Learn Playwright and CI/CD Integration,100
PRF_02863,Automation Testing,12,Java; TestNG; Selenium,Lead QA Automation Architect,Automation Testing,Java; TestNG; Selenium,Cypress; Playwright; API Automation; CI/CD Integration; Performance Testing,30.0,1250000,1150000,Learn Cypress and Playwright,54.8
PRF_02864,Automation Testing,10,Selenium; Java; XPath; TestNG; Playwright,Lead QA Automation Architect,Automation Testing,Selenium; Java; XPath; TestNG; Playwright,Cypress; API Automation; CI/CD Integration; Performance Testing,50.0,1300000,1750000,Learn Cypress and API Automation,83.8
PRF_02865,Automation Testing,1,Java; XPath; Selenium; Cucumber,Lead QA Automation Architect,Automation Testing,Java; XPath; Selenium; Cucumber,Cypress; Playwright; API Automation; CI/CD Integration; Performance Testing,40.0,850000,850000,Learn Cypress and Playwright,64.0
PRF_02866,Automation Testing,8,XPath; Selenium; Java; TestNG; Cypress; Playwright; Performance Testing,Lead QA Automation Architect,Automation Testing,XPath; Selenium; Java; TestNG; Cypress; Playwright; Performance Testing,API Automation; CI/CD Integration,70.0,1000000,2250000,Learn API Automation and CI/CD Integration,100
PRF_02867,Automation Testing,12,Selenium; Cucumber; XPath; TestNG; CI/CD Integration; Performance Testing; Cypress,Lead QA Automation Architect,Automation Testing,Selenium; Cucumber; XPath; TestNG; CI/CD Integration; Performance Testing; Cypress,Playwright; API Automation,70.0,1350000,2700000,Learn Playwright and API Automation,100
PRF_02868,Automation Testing,7,Java; Cucumber; TestNG; Selenium; Performance Testing; CI/CD Integration,Lead QA Automation Architect,Automation Testing,Java; Cucumber; TestNG; Selenium; Performance Testing; CI/CD Integration,Cypress; Playwright; API Automation,60.0,1100000,1850000,Learn Cypress and Playwright,100
PRF_02869,Automation Testing,9,Selenium; Java; TestNG; XPath; Cucumber; Cypress; API Automation,Lead QA Automation Architect,Automation Testing,Selenium; Java; TestNG; XPath; Cucumber; Cypress; API Automation,Playwright; CI/CD Integration; Performance Testing,70.0,1250000,2350000,Learn Playwright and CI/CD Integration,100
PRF_02870,Automation Testing,6,Java; Selenium; TestNG; Cucumber; XPath; Playwright; API Automation; Cypress,Lead QA Automation Architect,Automation Testing,Java; Selenium; TestNG; Cucumber; XPath; Playwright; API Automation; Cypress,CI/CD Integration; Performance Testing,80.0,900000,2300000,Learn CI/CD Integration and Performance Testing,100
PRF_02871,Automation Testing,11,Java; TestNG; Selenium; Cucumber; API Automation; Cypress; Performance Testing,Lead QA Automation Architect,Automation Testing,Java; TestNG; Selenium; Cucumber; API Automation; Cypress; Performance Testing,Playwright; CI/CD Integration,70.0,1200000,2550000,Learn Playwright and CI/CD Integration,100
PRF_02872,Automation Testing,8,Java; Cucumber; TestNG; Playwright; Cypress; API Automation,Lead QA Automation Architect,Automation Testing,Java; Cucumber; TestNG; Playwright; Cypress; API Automation,CI/CD Integration; Performance Testing,60.0,1500000,1900000,Learn CI/CD Integration and Performance Testing,86.7
PRF_02873,Automation Testing,6,Java; TestNG; XPath; Selenium; Cucumber,Lead QA Automation Architect,Automation Testing,Java; TestNG; XPath; Selenium; Cucumber,Cypress; Playwright; API Automation; CI/CD Integration; Performance Testing,50.0,900000,1450000,Learn Cypress and Playwright,94.4
PRF_02874,Automation Testing,9,XPath; Selenium; TestNG; Playwright,Lead QA Automation Architect,Automation Testing,XPath; Selenium; TestNG; Playwright,Cypress; API Automation; CI/CD Integration; Performance Testing,40.0,1150000,1350000,Learn Cypress and API Automation,71.0
PRF_02875,Automation Testing,3,TestNG; Selenium; Cucumber; Java; XPath,Lead QA Automation Architect,Automation Testing,TestNG; Selenium; Cucumber; Java; XPath,Cypress; Playwright; API Automation; CI/CD Integration; Performance Testing,50.0,950000,1200000,Learn Cypress and Playwright,80.5
PRF_02876,Automation Testing,14,Cucumber; TestNG; Selenium; XPath; CI/CD Integration; Performance Testing,Lead QA Automation Architect,Automation Testing,Cucumber; TestNG; Selenium; XPath; CI/CD Integration; Performance Testing,Cypress; Playwright; API Automation,60.0,1600000,2500000,Learn Cypress and Playwright,98.5
PRF_02877,Automation Testing,5,Selenium; Cucumber; Java,Lead QA Automation Architect,Automation Testing,Selenium; Cucumber; Java,Cypress; Playwright; API Automation; CI/CD Integration; Performance Testing,30.0,1000000,800000,Learn Cypress and Playwright,50.0
PRF_02878,Automation Testing,4,Java; XPath; TestNG; Playwright,Lead QA Automation Architect,Automation Testing,Java; XPath; TestNG; Playwright,Cypress; API Automation; CI/CD Integration; Performance Testing,40.0,1000000,1050000,Learn Cypress and API Automation,66.0
PRF_02879,Automation Testing,10,XPath; Cucumber; TestNG; Selenium; CI/CD Integration,Lead QA Automation Architect,Automation Testing,XPath; Cucumber; TestNG; Selenium; CI/CD Integration,Cypress; Playwright; API Automation; Performance Testing,50.0,1250000,1750000,Learn Cypress and Playwright,86.0
PRF_02880,Automation Testing,2,XPath; Cucumber; TestNG; Selenium; Java; Performance Testing,Lead QA Automation Architect,Automation Testing,XPath; Cucumber; TestNG; Selenium; Java; Performance Testing,Cypress; Playwright; API Automation; CI/CD Integration,60.0,900000,1350000,Learn Cypress and Playwright,96.0
PRF_02881,Automation Testing,12,TestNG; Java; Selenium; Performance Testing,Lead QA Automation Architect,Automation Testing,TestNG; Java; Selenium; Performance Testing,Cypress; Playwright; API Automation; CI/CD Integration,40.0,1600000,1550000,Learn Cypress and Playwright,62.8
PRF_02882,Automation Testing,5,Java; TestNG; Cucumber; CI/CD Integration,Lead QA Automation Architect,Automation Testing,Java; TestNG; Cucumber; CI/CD Integration,Cypress; Playwright; API Automation; Performance Testing,40.0,900000,1100000,Learn Cypress and Playwright,72.9
PRF_02883,Automation Testing,7,XPath; Cucumber; Selenium; Cypress; CI/CD Integration,Lead QA Automation Architect,Automation Testing,XPath; Cucumber; Selenium; Cypress; CI/CD Integration,Playwright; API Automation; Performance Testing,50.0,1350000,1500000,Learn Playwright and API Automation,74.4
PRF_02884,Automation Testing,1,XPath; Java; Cucumber; Selenium; TestNG; Cypress; CI/CD Integration; Playwright,Lead QA Automation Architect,Automation Testing,XPath; Java; Cucumber; Selenium; TestNG; Cypress; CI/CD Integration; Playwright,API Automation; Performance Testing,80.0,600000,1700000,Learn API Automation and Performance Testing,100
PRF_02885,Automation Testing,6,Java; XPath; Selenium; TestNG; Cucumber,Lead QA Automation Architect,Automation Testing,Java; XPath; Selenium; TestNG; Cucumber,Cypress; Playwright; API Automation; CI/CD Integration; Performance Testing,50.0,1250000,1450000,Learn Cypress and Playwright,76.4
PRF_02886,Automation Testing,4,TestNG; Selenium; Cucumber; Cypress; CI/CD Integration; Performance Testing,Lead QA Automation Architect,Automation Testing,TestNG; Selenium; Cucumber; Cypress; CI/CD Integration; Performance Testing,Playwright; API Automation,60.0,950000,1550000,Learn Playwright and API Automation,100
PRF_02887,Automation Testing,5,TestNG; Cucumber; XPath; Selenium,Lead QA Automation Architect,Automation Testing,TestNG; Cucumber; XPath; Selenium,Cypress; Playwright; API Automation; CI/CD Integration; Performance Testing,40.0,1150000,1100000,Learn Cypress and Playwright,62.3
PRF_02888,Automation Testing,3,Selenium; TestNG; Java; XPath; Cucumber; Cypress; CI/CD Integration; Performance Testing,Lead QA Automation Architect,Automation Testing,Selenium; TestNG; Java; XPath; Cucumber; Cypress; CI/CD Integration; Performance Testing,Playwright; API Automation,80.0,700000,1950000,Learn Playwright and API Automation,100
PRF_02889,Automation Testing,7,XPath; Java; Selenium; Performance Testing,Lead QA Automation Architect,Automation Testing,XPath; Java; Selenium; Performance Testing,Cypress; Playwright; API Automation; CI/CD Integration,40.0,1300000,1200000,Learn Cypress and Playwright,60.9
PRF_02890,Automation Testing,13,XPath; Selenium; TestNG; Java; Cucumber,Lead QA Automation Architect,Automation Testing,XPath; Selenium; TestNG; Java; Cucumber,Cypress; Playwright; API Automation; CI/CD Integration; Performance Testing,50.0,1700000,2000000,Learn Cypress and Playwright,77.1
PRF_02891,Automation Testing,11,Cucumber; Selenium; TestNG; XPath; Java,Lead QA Automation Architect,Automation Testing,Cucumber; Selenium; TestNG; XPath; Java,Cypress; Playwright; API Automation; CI/CD Integration; Performance Testing,50.0,1700000,1850000,Learn Cypress and Playwright,73.5
PRF_02892,Automation Testing,1,Cucumber; XPath; Selenium,Lead QA Automation Architect,Automation Testing,Cucumber; XPath; Selenium,Cypress; Playwright; API Automation; CI/CD Integration; Performance Testing,30.0,800000,650000,Learn Cypress and Playwright,50.5
PRF_02893,Automation Testing,2,XPath; Cucumber; Java,Lead QA Automation Architect,Automation Testing,XPath; Cucumber; Java,Cypress; Playwright; API Automation; CI/CD Integration; Performance Testing,30.0,900000,700000,Learn Cypress and Playwright,49.1
PRF_02894,Automation Testing,9,Cucumber; Java; TestNG; Cypress,Lead QA Automation Architect,Automation Testing,Cucumber; Java; TestNG; Cypress,Playwright; API Automation; CI/CD Integration; Performance Testing,40.0,1050000,1350000,Learn Playwright and API Automation,75.4
PRF_02895,Automation Testing,4,Cucumber; Java; TestNG,Lead QA Automation Architect,Automation Testing,Cucumber; Java; TestNG,Cypress; Playwright; API Automation; CI/CD Integration; Performance Testing,30.0,750000,750000,Learn Cypress and Playwright,58.0
PRF_02896,Automation Testing,11,TestNG; XPath; Java,Lead QA Automation Architect,Automation Testing,TestNG; XPath; Java,Cypress; Playwright; API Automation; CI/CD Integration; Performance Testing,30.0,1250000,1100000,Learn Cypress and Playwright,53.2
PRF_02897,Automation Testing,2,XPath; Cucumber; Selenium; Java; Playwright,Lead QA Automation Architect,Automation Testing,XPath; Cucumber; Selenium; Java; Playwright,Cypress; API Automation; CI/CD Integration; Performance Testing,50.0,950000,1150000,Learn Cypress and API Automation,78.4
PRF_02898,Automation Testing,2,Cucumber; Java; TestNG; XPath; Selenium,Lead QA Automation Architect,Automation Testing,Cucumber; Java; TestNG; XPath; Selenium,Cypress; Playwright; API Automation; CI/CD Integration; Performance Testing,50.0,700000,1150000,Learn Cypress and Playwright,95.7
PRF_02899,Automation Testing,2,Selenium; Java; Cucumber; XPath; TestNG,Lead QA Automation Architect,Automation Testing,Selenium; Java; Cucumber; XPath; TestNG,Cypress; Playwright; API Automation; CI/CD Integration; Performance Testing,50.0,850000,1150000,Learn Cypress and Playwright,84.1
PRF_02900,Automation Testing,9,Selenium; XPath; Cucumber; TestNG; CI/CD Integration,Lead QA Automation Architect,Automation Testing,Selenium; XPath; Cucumber; TestNG; CI/CD Integration,Cypress; Playwright; API Automation; Performance Testing,50.0,1450000,1700000,Learn Cypress and Playwright,76.9
PRF_02901,Automation Testing,11,Cucumber; TestNG; Java; Selenium; API Automation; Cypress,Lead QA Automation Architect,Automation Testing,Cucumber; TestNG; Java; Selenium; API Automation; Cypress,Playwright; CI/CD Integration; Performance Testing,60.0,1400000,2200000,Learn Playwright and CI/CD Integration,98.9
PRF_02902,Automation Testing,9,Cucumber; XPath; TestNG; Selenium; Cypress,Lead QA Automation Architect,Automation Testing,Cucumber; XPath; TestNG; Selenium; Cypress,Playwright; API Automation; CI/CD Integration; Performance Testing,50.0,1550000,1700000,Learn Playwright and API Automation,73.9
PRF_02903,Automation Testing,3,Java; Selenium; TestNG; XPath; Cucumber; Cypress,Lead QA Automation Architect,Automation Testing,Java; Selenium; TestNG; XPath; Cucumber; Cypress,Playwright; API Automation; CI/CD Integration; Performance Testing,60.0,750000,1450000,Learn Playwright and API Automation,100
PRF_02904,Automation Testing,10,TestNG; Selenium; Cucumber; XPath; Java; CI/CD Integration,Lead QA Automation Architect,Automation Testing,TestNG; Selenium; Cucumber; XPath; Java; CI/CD Integration,Cypress; Playwright; API Automation; Performance Testing,60.0,1150000,2100000,Learn Cypress and Playwright,100
PRF_02905,Automation Testing,7,Selenium; Java; Cucumber; TestNG; Performance Testing; Cypress; API Automation,Lead QA Automation Architect,Automation Testing,Selenium; Java; Cucumber; TestNG; Performance Testing; Cypress; API Automation,Playwright; CI/CD Integration,70.0,1400000,2150000,Learn Playwright and CI/CD Integration,100
PRF_02906,Automation Testing,11,Cucumber; XPath; Selenium; Java; TestNG; Playwright; Cypress,Lead QA Automation Architect,Automation Testing,Cucumber; XPath; Selenium; Java; TestNG; Playwright; Cypress,API Automation; CI/CD Integration; Performance Testing,70.0,1250000,2550000,Learn API Automation and CI/CD Integration,100
PRF_02907,Automation Testing,5,TestNG; XPath; Java; Cypress; Performance Testing,Lead QA Automation Architect,Automation Testing,TestNG; XPath; Java; Cypress; Performance Testing,Playwright; API Automation; CI/CD Integration,50.0,900000,1350000,Learn Playwright and API Automation,90.0
PRF_02908,Automation Testing,14,TestNG; Selenium; Java; XPath; Cucumber; CI/CD Integration; Cypress; Performance Testing,Lead QA Automation Architect,Automation Testing,TestNG; Selenium; Java; XPath; Cucumber; CI/CD Integration; Cypress; Performance Testing,Playwright; API Automation,80.0,1450000,3300000,Learn Playwright and API Automation,100
PRF_02909,Automation Testing,2,XPath; TestNG; Cucumber,Lead QA Automation Architect,Automation Testing,XPath; TestNG; Cucumber,Cypress; Playwright; API Automation; CI/CD Integration; Performance Testing,30.0,900000,700000,Learn Cypress and Playwright,49.1
PRF_02910,Automation Testing,13,Java; TestNG; Cucumber; XPath; Selenium; Playwright; Performance Testing; CI/CD Integration,Lead QA Automation Architect,Automation Testing,Java; TestNG; Cucumber; XPath; Selenium; Playwright; Performance Testing; CI/CD Integration,Cypress; API Automation,80.0,1600000,3200000,Learn Cypress and API Automation,100
PRF_02911,Automation Testing,1,Selenium; TestNG; Java; Cucumber; XPath; Playwright; CI/CD Integration,Lead QA Automation Architect,Automation Testing,Selenium; TestNG; Java; Cucumber; XPath; Playwright; CI/CD Integration,Cypress; API Automation; Performance Testing,70.0,700000,1450000,Learn Cypress and API Automation,100
PRF_02912,Automation Testing,2,Selenium; Cucumber; Java; CI/CD Integration; Playwright; API Automation,Lead QA Automation Architect,Automation Testing,Selenium; Cucumber; Java; CI/CD Integration; Playwright; API Automation,Cypress; Performance Testing,60.0,850000,1350000,Learn Cypress and Performance Testing,99.5
PRF_02913,Automation Testing,1,Cucumber; Selenium; TestNG; Java; XPath; CI/CD Integration,Lead QA Automation Architect,Automation Testing,Cucumber; Selenium; TestNG; Java; XPath; CI/CD Integration,Cypress; Playwright; API Automation; Performance Testing,60.0,850000,1250000,Learn Cypress and Playwright,94.8
PRF_02914,Automation Testing,7,Java; XPath; TestNG; Selenium; CI/CD Integration,Lead QA Automation Architect,Automation Testing,Java; XPath; TestNG; Selenium; CI/CD Integration,Cypress; Playwright; API Automation; Performance Testing,50.0,950000,1500000,Learn Cypress and Playwright,93.2
PRF_02915,Automation Testing,6,Java; Cucumber; XPath; Selenium; TestNG,Lead QA Automation Architect,Automation Testing,Java; Cucumber; XPath; Selenium; TestNG,Cypress; Playwright; API Automation; CI/CD Integration; Performance Testing,50.0,1300000,1450000,Learn Cypress and Playwright,74.6
PRF_02916,Automation Testing,8,TestNG; XPath; Java; Selenium; Cucumber,Lead QA Automation Architect,Automation Testing,TestNG; XPath; Java; Selenium; Cucumber,Cypress; Playwright; API Automation; CI/CD Integration; Performance Testing,50.0,1150000,1600000,Learn Cypress and Playwright,85.7
PRF_02917,Automation Testing,14,Cucumber; TestNG; Java; Cypress; Playwright; Performance Testing,Lead QA Automation Architect,Automation Testing,Cucumber; TestNG; Java; Cypress; Playwright; Performance Testing,API Automation; CI/CD Integration,60.0,1850000,2500000,Learn API Automation and CI/CD Integration,90.1
PRF_02918,Automation Testing,3,Java; Selenium; TestNG; XPath; Performance Testing; API Automation; Cypress,Lead QA Automation Architect,Automation Testing,Java; Selenium; TestNG; XPath; Performance Testing; API Automation; Cypress,Playwright; CI/CD Integration,70.0,800000,1700000,Learn Playwright and CI/CD Integration,100
PRF_02919,Automation Testing,10,TestNG; Cucumber; Java; API Automation,Lead QA Automation Architect,Automation Testing,TestNG; Cucumber; Java; API Automation,Cypress; Playwright; CI/CD Integration; Performance Testing,40.0,1150000,1400000,Learn Cypress and Playwright,72.7
PRF_02920,Automation Testing,2,Selenium; XPath; Java; Cucumber; Playwright; Performance Testing; API Automation,Lead QA Automation Architect,Automation Testing,Selenium; XPath; Java; Cucumber; Playwright; Performance Testing; API Automation,Cypress; CI/CD Integration,70.0,750000,1600000,Learn Cypress and CI/CD Integration,100
PRF_02921,Automation Testing,2,TestNG; Cucumber; XPath; Selenium; Performance Testing; Cypress,Lead QA Automation Architect,Automation Testing,TestNG; Cucumber; XPath; Selenium; Performance Testing; Cypress,Playwright; API Automation; CI/CD Integration,60.0,700000,1350000,Learn Playwright and API Automation,100
PRF_02922,Automation Testing,12,XPath; Cucumber; TestNG; Selenium; Java; API Automation; Cypress,Lead QA Automation Architect,Automation Testing,XPath; Cucumber; TestNG; Selenium; Java; API Automation; Cypress,Playwright; CI/CD Integration; Performance Testing,70.0,1500000,2700000,Learn Playwright and CI/CD Integration,100
PRF_02923,Automation Testing,4,Cucumber; Java; XPath; TestNG; Performance Testing; API Automation,Lead QA Automation Architect,Automation Testing,Cucumber; Java; XPath; TestNG; Performance Testing; API Automation,Cypress; Playwright; CI/CD Integration,60.0,1150000,1550000,Learn Cypress and Playwright,89.9
PRF_02924,Automation Testing,3,Cucumber; XPath; Selenium; TestNG; Cypress,Lead QA Automation Architect,Automation Testing,Cucumber; XPath; Selenium; TestNG; Cypress,Playwright; API Automation; CI/CD Integration; Performance Testing,50.0,950000,1200000,Learn Playwright and API Automation,80.5
PRF_02925,Automation Testing,2,Java; Selenium; XPath; Playwright,Lead QA Automation Architect,Automation Testing,Java; Selenium; XPath; Playwright,Cypress; API Automation; CI/CD Integration; Performance Testing,40.0,750000,900000,Learn Cypress and API Automation,72.0
PRF_02926,Automation Testing,12,Java; XPath; Selenium; TestNG; Cucumber; Playwright; Cypress,Lead QA Automation Architect,Automation Testing,Java; XPath; Selenium; TestNG; Cucumber; Playwright; Cypress,API Automation; CI/CD Integration; Performance Testing,70.0,1500000,2700000,Learn API Automation and CI/CD Integration,100
PRF_02927,Automation Testing,10,XPath; Java; Selenium; Playwright,Lead QA Automation Architect,Automation Testing,XPath; Java; Selenium; Playwright,Cypress; API Automation; CI/CD Integration; Performance Testing,40.0,1300000,1400000,Learn Cypress and API Automation,67.1
PRF_02928,Automation Testing,1,Selenium; TestNG; Cucumber; CI/CD Integration; Performance Testing; API Automation,Lead QA Automation Architect,Automation Testing,Selenium; TestNG; Cucumber; CI/CD Integration; Performance Testing; API Automation,Cypress; Playwright,60.0,600000,1250000,Learn Cypress and Playwright,100
PRF_02929,Automation Testing,3,Java; Selenium; Cucumber; TestNG; Cypress; Performance Testing; CI/CD Integration,Lead QA Automation Architect,Automation Testing,Java; Selenium; Cucumber; TestNG; Cypress; Performance Testing; CI/CD Integration,Playwright; API Automation,70.0,750000,1700000,Learn Playwright and API Automation,100
PRF_02930,Automation Testing,7,Cucumber; TestNG; Selenium; XPath; Java; Performance Testing; Cypress,Lead QA Automation Architect,Automation Testing,Cucumber; TestNG; Selenium; XPath; Java; Performance Testing; Cypress,Playwright; API Automation; CI/CD Integration,70.0,1300000,2150000,Learn Playwright and API Automation,100
PRF_02931,Automation Testing,13,TestNG; XPath; Java; Playwright,Lead QA Automation Architect,Automation Testing,TestNG; XPath; Java; Playwright,Cypress; API Automation; CI/CD Integration; Performance Testing,40.0,1900000,1600000,Learn Cypress and API Automation,57.7
PRF_02932,Automation Testing,4,XPath; Selenium; Java; Cucumber; Cypress; Performance Testing; Playwright,Lead QA Automation Architect,Automation Testing,XPath; Selenium; Java; Cucumber; Cypress; Performance Testing; Playwright,API Automation; CI/CD Integration,70.0,750000,1800000,Learn API Automation and CI/CD Integration,100
PRF_02933,Automation Testing,14,TestNG; Selenium; Cucumber; XPath; Java,Lead QA Automation Architect,Automation Testing,TestNG; Selenium; Cucumber; XPath; Java,Cypress; Playwright; API Automation; CI/CD Integration; Performance Testing,50.0,2000000,2050000,Learn Cypress and Playwright,71.0
PRF_02934,Automation Testing,12,Cucumber; Java; XPath; Cypress; API Automation,Lead QA Automation Architect,Automation Testing,Cucumber; Java; XPath; Cypress; API Automation,Playwright; CI/CD Integration; Performance Testing,50.0,1450000,1900000,Learn Playwright and CI/CD Integration,82.4
PRF_02935,Automation Testing,10,XPath; Selenium; Java; Playwright,Lead QA Automation Architect,Automation Testing,XPath; Selenium; Java; Playwright,Cypress; API Automation; CI/CD Integration; Performance Testing,40.0,1500000,1400000,Learn Cypress and API Automation,61.3
PRF_02936,Automation Testing,13,XPath; Selenium; Cucumber; TestNG; Java; Playwright; API Automation; Cypress,Lead QA Automation Architect,Automation Testing,XPath; Selenium; Cucumber; TestNG; Java; Playwright; API Automation; Cypress,CI/CD Integration; Performance Testing,80.0,1400000,3200000,Learn CI/CD Integration and Performance Testing,100
PRF_02937,Automation Testing,8,Selenium; Cucumber; XPath; TestNG; Java; Playwright,Lead QA Automation Architect,Automation Testing,Selenium; Cucumber; XPath; TestNG; Java; Playwright,Cypress; API Automation; CI/CD Integration; Performance Testing,60.0,1450000,1900000,Learn Cypress and API Automation,88.4
PRF_02938,Automation Testing,5,TestNG; XPath; Selenium; Cucumber; Java,Lead QA Automation Architect,Automation Testing,TestNG; XPath; Selenium; Cucumber; Java,Cypress; Playwright; API Automation; CI/CD Integration; Performance Testing,50.0,1150000,1350000,Learn Cypress and Playwright,77.0
PRF_02939,Automation Testing,1,Cucumber; XPath; Selenium; API Automation; Playwright; CI/CD Integration,Lead QA Automation Architect,Automation Testing,Cucumber; XPath; Selenium; API Automation; Playwright; CI/CD Integration,Cypress; Performance Testing,60.0,750000,1250000,Learn Cypress and Performance Testing,100
PRF_02940,Automation Testing,5,Cucumber; Selenium; TestNG; CI/CD Integration; Cypress,Lead QA Automation Architect,Automation Testing,Cucumber; Selenium; TestNG; CI/CD Integration; Cypress,Playwright; API Automation; Performance Testing,50.0,1050000,1350000,Learn Playwright and API Automation,81.4
PRF_02941,Automation Testing,2,Cucumber; TestNG; Java; Selenium; XPath; Performance Testing; Playwright; API Automation,Lead QA Automation Architect,Automation Testing,Cucumber; TestNG; Java; Selenium; XPath; Performance Testing; Playwright; API Automation,Cypress; CI/CD Integration,80.0,850000,1800000,Learn Cypress and CI/CD Integration,100
PRF_02942,Automation Testing,7,Java; Selenium; TestNG; XPath,Lead QA Automation Architect,Automation Testing,Java; Selenium; TestNG; XPath,Cypress; Playwright; API Automation; CI/CD Integration; Performance Testing,40.0,1100000,1200000,Learn Cypress and Playwright,67.6
PRF_02943,Automation Testing,7,TestNG; Selenium; Java; Cucumber; CI/CD Integration,Lead QA Automation Architect,Automation Testing,TestNG; Selenium; Java; Cucumber; CI/CD Integration,Cypress; Playwright; API Automation; Performance Testing,50.0,1250000,1500000,Learn Cypress and Playwright,78.0
PRF_02944,Automation Testing,9,Cucumber; Selenium; Java; TestNG; XPath; Cypress,Lead QA Automation Architect,Automation Testing,Cucumber; Selenium; Java; TestNG; XPath; Cypress,Playwright; API Automation; CI/CD Integration; Performance Testing,60.0,1400000,2000000,Learn Playwright and API Automation,93.1
PRF_02945,Automation Testing,13,Cucumber; TestNG; XPath; Selenium,Lead QA Automation Architect,Automation Testing,Cucumber; TestNG; XPath; Selenium,Cypress; Playwright; API Automation; CI/CD Integration; Performance Testing,40.0,1400000,1600000,Learn Cypress and Playwright,69.7
PRF_02946,Automation Testing,2,Selenium; Cucumber; XPath; Java,Lead QA Automation Architect,Automation Testing,Selenium; Cucumber; XPath; Java,Cypress; Playwright; API Automation; CI/CD Integration; Performance Testing,40.0,900000,900000,Learn Cypress and Playwright,64.0
PRF_02947,Automation Testing,5,TestNG; XPath; Java; Selenium; Performance Testing,Lead QA Automation Architect,Automation Testing,TestNG; XPath; Java; Selenium; Performance Testing,Cypress; Playwright; API Automation; CI/CD Integration,50.0,1100000,1350000,Learn Cypress and Playwright,79.1
PRF_02948,Automation Testing,11,Selenium; XPath; Cucumber; TestNG; Java; Cypress,Lead QA Automation Architect,Automation Testing,Selenium; XPath; Cucumber; TestNG; Java; Cypress,Playwright; API Automation; CI/CD Integration; Performance Testing,60.0,1150000,2200000,Learn Playwright and API Automation,100
PRF_02949,Automation Testing,6,Selenium; Cucumber; TestNG; Java; XPath; Playwright; CI/CD Integration,Lead QA Automation Architect,Automation Testing,Selenium; Cucumber; TestNG; Java; XPath; Playwright; CI/CD Integration,Cypress; API Automation; Performance Testing,70.0,1100000,2000000,Learn Cypress and API Automation,100
PRF_02950,Automation Testing,8,Selenium; Java; XPath; Cucumber; TestNG; API Automation; Performance Testing,Lead QA Automation Architect,Automation Testing,Selenium; Java; XPath; Cucumber; TestNG; API Automation; Performance Testing,Cypress; Playwright; CI/CD Integration,70.0,1150000,2250000,Learn Cypress and Playwright,100
PRF_02951,Automation Testing,10,Selenium; TestNG; Cucumber; XPath,Lead QA Automation Architect,Automation Testing,Selenium; TestNG; Cucumber; XPath,Cypress; Playwright; API Automation; CI/CD Integration; Performance Testing,40.0,1500000,1400000,Learn Cypress and Playwright,61.3
PRF_02952,Automation Testing,8,TestNG; Java; Cucumber; XPath,Lead QA Automation Architect,Automation Testing,TestNG; Java; Cucumber; XPath,Cypress; Playwright; API Automation; CI/CD Integration; Performance Testing,40.0,1300000,1300000,Learn Cypress and Playwright,64.0
PRF_02953,Automation Testing,14,Java; XPath; TestNG; Selenium; Cucumber,Lead QA Automation Architect,Automation Testing,Java; XPath; TestNG; Selenium; Cucumber,Cypress; Playwright; API Automation; CI/CD Integration; Performance Testing,50.0,1750000,2050000,Learn Cypress and Playwright,76.9
PRF_02954,Automation Testing,9,Selenium; Java; XPath; Performance Testing,Lead QA Automation Architect,Automation Testing,Selenium; Java; XPath; Performance Testing,Cypress; Playwright; API Automation; CI/CD Integration,40.0,1400000,1350000,Learn Cypress and Playwright,62.6
PRF_02955,Automation Testing,14,Selenium; Java; Cucumber; TestNG; XPath,Lead QA Automation Architect,Automation Testing,Selenium; Java; Cucumber; TestNG; XPath,Cypress; Playwright; API Automation; CI/CD Integration; Performance Testing,50.0,1950000,2050000,Learn Cypress and Playwright,72.1
PRF_02956,Automation Testing,3,Cucumber; Selenium; XPath; TestNG; Playwright,Lead QA Automation Architect,Automation Testing,Cucumber; Selenium; XPath; TestNG; Playwright,Cypress; API Automation; CI/CD Integration; Performance Testing,50.0,800000,1200000,Learn Cypress and API Automation,90.0
PRF_02957,Automation Testing,4,Selenium; TestNG; XPath; Cucumber; Java,Lead QA Automation Architect,Automation Testing,Selenium; TestNG; XPath; Cucumber; Java,Cypress; Playwright; API Automation; CI/CD Integration; Performance Testing,50.0,950000,1300000,Learn Cypress and Playwright,84.7
PRF_02958,Automation Testing,10,TestNG; Cucumber; XPath; Playwright,Lead QA Automation Architect,Automation Testing,TestNG; Cucumber; XPath; Playwright,Cypress; API Automation; CI/CD Integration; Performance Testing,40.0,1700000,1400000,Learn Cypress and API Automation,56.9
PRF_02959,Automation Testing,11,Cucumber; XPath; Selenium; Java; TestNG; CI/CD Integration,Lead QA Automation Architect,Automation Testing,Cucumber; XPath; Selenium; Java; TestNG; CI/CD Integration,Cypress; Playwright; API Automation; Performance Testing,60.0,1450000,2200000,Learn Cypress and Playwright,96.7
PRF_02960,Automation Testing,6,TestNG; XPath; Selenium; Cucumber; Java,Lead QA Automation Architect,Automation Testing,TestNG; XPath; Selenium; Cucumber; Java,Cypress; Playwright; API Automation; CI/CD Integration; Performance Testing,50.0,950000,1450000,Learn Cypress and Playwright,91.1
PRF_02961,Automation Testing,8,Java; Cucumber; TestNG; CI/CD Integration; Playwright,Lead QA Automation Architect,Automation Testing,Java; Cucumber; TestNG; CI/CD Integration; Playwright,Cypress; API Automation; Performance Testing,50.0,1450000,1600000,Learn Cypress and API Automation,74.1
PRF_02962,Automation Testing,7,TestNG; Selenium; XPath; Java; CI/CD Integration; Cypress; API Automation,Lead QA Automation Architect,Automation Testing,TestNG; Selenium; XPath; Java; CI/CD Integration; Cypress; API Automation,Playwright; Performance Testing,70.0,1250000,2150000,Learn Playwright and Performance Testing,100
PRF_02963,Automation Testing,7,TestNG; Selenium; Cucumber; Java; XPath; Playwright; CI/CD Integration; Performance Testing,Lead QA Automation Architect,Automation Testing,TestNG; Selenium; Cucumber; Java; XPath; Playwright; CI/CD Integration; Performance Testing,Cypress; API Automation,80.0,1400000,2450000,Learn Cypress and API Automation,100
PRF_02964,Automation Testing,6,Selenium; Cucumber; Java; XPath,Lead QA Automation Architect,Automation Testing,Selenium; Cucumber; Java; XPath,Cypress; Playwright; API Automation; CI/CD Integration; Performance Testing,40.0,950000,1150000,Learn Cypress and Playwright,72.4
PRF_02965,Automation Testing,3,Java; Selenium; TestNG; XPath; Cucumber,Lead QA Automation Architect,Automation Testing,Java; Selenium; TestNG; XPath; Cucumber,Cypress; Playwright; API Automation; CI/CD Integration; Performance Testing,50.0,700000,1200000,Learn Cypress and Playwright,98.6
PRF_02966,Automation Testing,4,TestNG; Cucumber; XPath; API Automation; Cypress,Lead QA Automation Architect,Automation Testing,TestNG; Cucumber; XPath; API Automation; Cypress,Playwright; CI/CD Integration; Performance Testing,50.0,1100000,1300000,Learn Playwright and CI/CD Integration,77.3
PRF_02967,Automation Testing,4,Cucumber; Selenium; Java; XPath; TestNG; API Automation; Playwright; Cypress,Lead QA Automation Architect,Automation Testing,Cucumber; Selenium; Java; XPath; TestNG; API Automation; Playwright; Cypress,CI/CD Integration; Performance Testing,80.0,1000000,2050000,Learn CI/CD Integration and Performance Testing,100
PRF_02968,Automation Testing,10,TestNG; Java; XPath; Cucumber; Playwright,Lead QA Automation Architect,Automation Testing,TestNG; Java; XPath; Cucumber; Playwright,Cypress; API Automation; CI/CD Integration; Performance Testing,50.0,1600000,1750000,Learn Cypress and API Automation,73.8
PRF_02969,Automation Testing,12,Selenium; XPath; Cucumber; Java; TestNG; Playwright,Lead QA Automation Architect,Automation Testing,Selenium; XPath; Cucumber; Java; TestNG; Playwright,Cypress; API Automation; CI/CD Integration; Performance Testing,60.0,1550000,2300000,Learn Cypress and API Automation,95.4
PRF_02970,Automation Testing,14,Java; Cucumber; Selenium; Performance Testing,Lead QA Automation Architect,Automation Testing,Java; Cucumber; Selenium; Performance Testing,Cypress; Playwright; API Automation; CI/CD Integration,40.0,1350000,1650000,Learn Cypress and Playwright,72.9
PRF_02971,Automation Testing,9,XPath; Cucumber; TestNG; Java; Selenium; API Automation; Performance Testing,Lead QA Automation Architect,Automation Testing,XPath; Cucumber; TestNG; Java; Selenium; API Automation; Performance Testing,Cypress; Playwright; CI/CD Integration,70.0,1350000,2350000,Learn Cypress and Playwright,100
PRF_02972,Automation Testing,14,Cucumber; Java; Selenium; TestNG; API Automation,Lead QA Automation Architect,Automation Testing,Cucumber; Java; Selenium; TestNG; API Automation,Cypress; Playwright; CI/CD Integration; Performance Testing,50.0,1850000,2050000,Learn Cypress and Playwright,74.3
PRF_02973,Automation Testing,5,Cucumber; XPath; Selenium; Java; API Automation; CI/CD Integration; Playwright,Lead QA Automation Architect,Automation Testing,Cucumber; XPath; Selenium; Java; API Automation; CI/CD Integration; Playwright,Cypress; Performance Testing,70.0,800000,1900000,Learn Cypress and Performance Testing,100
PRF_02974,Automation Testing,14,Selenium; XPath; TestNG; Java; CI/CD Integration,Lead QA Automation Architect,Automation Testing,Selenium; XPath; TestNG; Java; CI/CD Integration,Cypress; Playwright; API Automation; Performance Testing,50.0,1800000,2050000,Learn Cypress and Playwright,75.6
PRF_02975,Automation Testing,6,XPath; TestNG; Selenium; Java; Cucumber; Cypress,Lead QA Automation Architect,Automation Testing,XPath; TestNG; Selenium; Java; Cucumber; Cypress,Playwright; API Automation; CI/CD Integration; Performance Testing,60.0,1050000,1750000,Learn Playwright and API Automation,100
PRF_02976,Automation Testing,3,Selenium; Cucumber; Java; XPath; CI/CD Integration; API Automation,Lead QA Automation Architect,Automation Testing,Selenium; Cucumber; Java; XPath; CI/CD Integration; API Automation,Cypress; Playwright; Performance Testing,60.0,800000,1450000,Learn Cypress and Playwright,100
PRF_02977,Automation Testing,13,XPath; Selenium; TestNG; Cucumber; Java; CI/CD Integration,Lead QA Automation Architect,Automation Testing,XPath; Selenium; TestNG; Cucumber; Java; CI/CD Integration,Cypress; Playwright; API Automation; Performance Testing,60.0,1450000,2400000,Learn Cypress and Playwright,100
PRF_02978,Automation Testing,10,XPath; Selenium; Cucumber; TestNG; Java,Lead QA Automation Architect,Automation Testing,XPath; Selenium; Cucumber; TestNG; Java,Cypress; Playwright; API Automation; CI/CD Integration; Performance Testing,50.0,1400000,1750000,Learn Cypress and Playwright,80.0
PRF_02979,Automation Testing,12,TestNG; Selenium; Java; Cypress; CI/CD Integration,Lead QA Automation Architect,Automation Testing,TestNG; Selenium; Java; Cypress; CI/CD Integration,Playwright; API Automation; Performance Testing,50.0,1650000,1900000,Learn Playwright and API Automation,76.1
PRF_02980,Automation Testing,4,Java; Cucumber; TestNG; XPath; Cypress,Lead QA Automation Architect,Automation Testing,Java; Cucumber; TestNG; XPath; Cypress,Playwright; API Automation; CI/CD Integration; Performance Testing,50.0,800000,1300000,Learn Playwright and API Automation,95.0
PRF_02981,Automation Testing,7,Selenium; TestNG; XPath; Cucumber,Lead QA Automation Architect,Automation Testing,Selenium; TestNG; XPath; Cucumber,Cypress; Playwright; API Automation; CI/CD Integration; Performance Testing,40.0,950000,1200000,Learn Cypress and Playwright,74.5
PRF_02982,Automation Testing,7,TestNG; XPath; Java; Selenium; Cucumber; CI/CD Integration; Performance Testing; API Automation,Lead QA Automation Architect,Automation Testing,TestNG; XPath; Java; Selenium; Cucumber; CI/CD Integration; Performance Testing; API Automation,Cypress; Playwright,80.0,1000000,2450000,Learn Cypress and Playwright,100
PRF_02983,Automation Testing,14,Selenium; Java; XPath; Cucumber; TestNG; Playwright; CI/CD Integration,Lead QA Automation Architect,Automation Testing,Selenium; Java; XPath; Cucumber; TestNG; Playwright; CI/CD Integration,Cypress; API Automation; Performance Testing,70.0,1400000,2900000,Learn Cypress and API Automation,100
PRF_02984,Automation Testing,13,XPath; Selenium; TestNG; Cucumber; Performance Testing,Lead QA Automation Architect,Automation Testing,XPath; Selenium; TestNG; Cucumber; Performance Testing,Cypress; Playwright; API Automation; CI/CD Integration,50.0,1750000,2000000,Learn Cypress and Playwright,75.7
PRF_02985,Automation Testing,13,TestNG; Cucumber; Selenium; XPath; Java; Performance Testing; CI/CD Integration,Lead QA Automation Architect,Automation Testing,TestNG; Cucumber; Selenium; XPath; Java; Performance Testing; CI/CD Integration,Cypress; Playwright; API Automation,70.0,1600000,2800000,Learn Cypress and Playwright,100
PRF_02986,Automation Testing,2,TestNG; Java; XPath; Cucumber,Lead QA Automation Architect,Automation Testing,TestNG; Java; XPath; Cucumber,Cypress; Playwright; API Automation; CI/CD Integration; Performance Testing,40.0,900000,900000,Learn Cypress and Playwright,64.0
PRF_02987,Automation Testing,1,TestNG; Java; Selenium; Playwright,Lead QA Automation Architect,Automation Testing,TestNG; Java; Selenium; Playwright,Cypress; API Automation; CI/CD Integration; Performance Testing,40.0,650000,850000,Learn Cypress and API Automation,76.3
PRF_02988,Automation Testing,1,Cucumber; TestNG; Java; XPath,Lead QA Automation Architect,Automation Testing,Cucumber; TestNG; Java; XPath,Cypress; Playwright; API Automation; CI/CD Integration; Performance Testing,40.0,800000,850000,Learn Cypress and Playwright,66.5
PRF_02989,Automation Testing,9,Selenium; XPath; Java; Cucumber; Playwright; API Automation,Lead QA Automation Architect,Automation Testing,Selenium; XPath; Java; Cucumber; Playwright; API Automation,Cypress; CI/CD Integration; Performance Testing,60.0,1200000,2000000,Learn Cypress and CI/CD Integration,100
PRF_02990,Automation Testing,4,TestNG; Selenium; Java; XPath; Cucumber; Performance Testing,Lead QA Automation Architect,Automation Testing,TestNG; Selenium; Java; XPath; Cucumber; Performance Testing,Cypress; Playwright; API Automation; CI/CD Integration,60.0,950000,1550000,Learn Cypress and Playwright,100
PRF_02991,Automation Testing,13,Selenium; TestNG; XPath; Performance Testing; Playwright; Cypress,Lead QA Automation Architect,Automation Testing,Selenium; TestNG; XPath; Performance Testing; Playwright; Cypress,API Automation; CI/CD Integration,60.0,1350000,2400000,Learn API Automation and CI/CD Integration,100
PRF_02992,Automation Testing,11,Java; Cucumber; Selenium; TestNG; XPath; Playwright; Cypress; CI/CD Integration,Lead QA Automation Architect,Automation Testing,Java; Cucumber; Selenium; TestNG; XPath; Playwright; Cypress; CI/CD Integration,API Automation; Performance Testing,80.0,1550000,2950000,Learn API Automation and Performance Testing,100
PRF_02993,Automation Testing,3,Cucumber; XPath; TestNG; Selenium; Performance Testing,Lead QA Automation Architect,Automation Testing,Cucumber; XPath; TestNG; Selenium; Performance Testing,Cypress; Playwright; API Automation; CI/CD Integration,50.0,750000,1200000,Learn Cypress and Playwright,94.0
PRF_02994,Automation Testing,11,Selenium; Java; TestNG,Lead QA Automation Architect,Automation Testing,Selenium; Java; TestNG,Cypress; Playwright; API Automation; CI/CD Integration; Performance Testing,30.0,1550000,1100000,Learn Cypress and Playwright,46.4
PRF_02995,Automation Testing,1,XPath; TestNG; Java; Cypress,Lead QA Automation Architect,Automation Testing,XPath; TestNG; Java; Cypress,Playwright; API Automation; CI/CD Integration; Performance Testing,40.0,650000,850000,Learn Playwright and API Automation,76.3
PRF_02996,Automation Testing,8,Selenium; XPath; TestNG; Java; Playwright; API Automation; Cypress,Lead QA Automation Architect,Automation Testing,Selenium; XPath; TestNG; Java; Playwright; API Automation; Cypress,CI/CD Integration; Performance Testing,70.0,1300000,2250000,Learn CI/CD Integration and Performance Testing,100
PRF_02997,Automation Testing,9,TestNG; Java; XPath; Cucumber; Selenium,Lead QA Automation Architect,Automation Testing,TestNG; Java; XPath; Cucumber; Selenium,Cypress; Playwright; API Automation; CI/CD Integration; Performance Testing,50.0,1300000,1700000,Learn Cypress and Playwright,82.3
PRF_02998,Automation Testing,13,Cucumber; Selenium; Java; TestNG; Cypress,Lead QA Automation Architect,Automation Testing,Cucumber; Selenium; Java; TestNG; Cypress,Playwright; API Automation; CI/CD Integration; Performance Testing,50.0,1600000,2000000,Learn Playwright and API Automation,80.0
PRF_02999,Automation Testing,3,XPath; Java; Cucumber; Selenium,Lead QA Automation Architect,Automation Testing,XPath; Java; Cucumber; Selenium,Cypress; Playwright; API Automation; CI/CD Integration; Performance Testing,40.0,1050000,950000,Learn Cypress and Playwright,60.2
PRF_03000,Automation Testing,4,Selenium; XPath; Cucumber,Lead QA Automation Architect,Automation Testing,Selenium; XPath; Cucumber,Cypress; Playwright; API Automation; CI/CD Integration; Performance Testing,30.0,800000,750000,Learn Cypress and Playwright,55.5
