Year_Month,Year,Month,Month_Name,Cohort_ID,City_Tier,Monthly_Income_INR,Essential_Groceries_INR,Essential_Rent_INR,Essential_Utilities_INR,Essential_Healthcare_INR,Essential_Education_INR,Discretionary_Dining_INR,Discretionary_Shopping_INR,Discretionary_Entertainment_INR,Festive_Seasonal_Expense_INR,Total_Monthly_Expenses_INR,Monthly_Savings_INR,Inflation_CPI_Pct,Festival_Season_Flag
2021-01,2021,1,Jan,COHORT_001,Tier 1,175000,30300,49000,8800,5100,7000,9700,8800,4800,0,123500,51500,5.17,0
2021-02,2021,2,Feb,COHORT_001,Tier 1,175000,27400,49000,8800,6900,7000,9600,8000,6400,0,123100,51900,5.24,0
2021-03,2021,3,Mar,COHORT_001,Tier 1,175000,27900,49000,8800,6900,7000,10100,10000,3900,35415,159015,15985,5.42,1
2021-04,2021,4,Apr,COHORT_001,Tier 1,175000,28800,49000,8800,6200,7000,11400,5800,6300,0,123300,51700,4.95,0
2021-05,2021,5,May,COHORT_001,Tier 1,175000,31200,49000,12300,6400,7000,8500,6700,4900,0,126000,49000,4.82,0
2021-06,2021,6,Jun,COHORT_001,Tier 1,175000,24700,49000,12300,3900,17500,9000,9400,4100,0,129900,45100,5.19,0
2021-07,2021,7,Jul,COHORT_001,Tier 1,175000,28800,49000,12300,5000,17500,9500,9300,5100,0,136500,38500,5.49,0
2021-08,2021,8,Aug,COHORT_001,Tier 1,175000,29400,49000,8800,6400,7000,8300,6200,6300,0,121400,53600,5.0,0
2021-09,2021,9,Sep,COHORT_001,Tier 1,175000,26000,49000,8800,5200,7000,7300,7400,5300,0,116000,59000,4.94,0
2021-10,2021,10,Oct,COHORT_001,Tier 1,175000,27400,49000,8800,5300,7000,11100,8900,3700,30795,151995,23005,5.15,1
2021-11,2021,11,Nov,COHORT_001,Tier 1,175000,28800,49000,8800,4100,7000,14100,15700,6900,34306,168706,6294,5.21,1
2021-12,2021,12,Dec,COHORT_001,Tier 1,175000,29600,49000,8800,5100,7000,12100,5600,5700,0,122900,52100,5.46,0
2022-01,2022,1,Jan,COHORT_001,Tier 1,189000,28100,53000,9400,6300,7600,10900,10000,6400,0,131700,57300,6.53,0
2022-02,2022,2,Feb,COHORT_001,Tier 1,189000,33100,53000,9400,5200,7600,9800,8400,4200,0,130700,58300,6.33,0
2022-03,2022,3,Mar,COHORT_001,Tier 1,189000,29700,53000,9400,6400,7600,11700,13000,5900,44908,181608,7392,6.34,1
2022-04,2022,4,Apr,COHORT_001,Tier 1,189000,28400,53000,9400,5200,7600,11500,8600,5300,0,129000,60000,6.99,0
2022-05,2022,5,May,COHORT_001,Tier 1,189000,29000,53000,13200,4500,7600,8400,6400,6600,0,128700,60300,6.34,0
2022-06,2022,6,Jun,COHORT_001,Tier 1,189000,32300,53000,13200,7300,18900,9500,9500,7200,0,150900,38100,6.82,0
2022-07,2022,7,Jul,COHORT_001,Tier 1,189000,28800,53000,13200,4200,18900,9100,9300,4100,0,140600,48400,6.83,0
2022-08,2022,8,Aug,COHORT_001,Tier 1,189000,26500,53000,9400,7300,7600,12900,5700,5200,0,127600,61400,6.89,0
2022-09,2022,9,Sep,COHORT_001,Tier 1,189000,30600,53000,9400,7000,7600,8500,10900,3900,0,130900,58100,6.97,0
2022-10,2022,10,Oct,COHORT_001,Tier 1,189000,29700,53000,9400,5800,7600,15400,15200,7400,42425,185925,3075,7.01,1
2022-11,2022,11,Nov,COHORT_001,Tier 1,189000,30700,53000,9400,6800,7600,16500,9700,4100,33337,171137,17863,6.39,1
2022-12,2022,12,Dec,COHORT_001,Tier 1,189000,28200,53000,9400,4800,7600,11500,8500,7500,0,130500,58500,6.62,0
2023-01,2023,1,Jan,COHORT_001,Tier 1,203000,31400,57000,10200,6500,8100,8100,10600,6600,0,138500,64500,5.08,0
2023-02,2023,2,Feb,COHORT_001,Tier 1,203000,33900,57000,10200,5500,8100,13100,6700,5000,0,139500,63500,5.64,0
2023-03,2023,3,Mar,COHORT_001,Tier 1,203000,34100,57000,10200,4700,8100,16800,14300,7600,25377,178177,24823,5.3,1
2023-04,2023,4,Apr,COHORT_001,Tier 1,203000,28900,57000,10200,4200,8100,8700,11300,6900,0,135300,67700,5.29,0
2023-05,2023,5,May,COHORT_001,Tier 1,203000,35500,57000,14200,7800,8100,13200,9800,5100,0,150700,52300,5.44,0
2023-06,2023,6,Jun,COHORT_001,Tier 1,203000,35700,57000,14200,6200,20300,8600,7700,4100,0,153800,49200,5.54,0
2023-07,2023,7,Jul,COHORT_001,Tier 1,203000,34500,57000,14200,4700,20300,12400,7900,8100,0,159100,43900,5.37,0
2023-08,2023,8,Aug,COHORT_001,Tier 1,203000,34000,57000,10200,5300,8100,9400,8000,7300,0,139300,63700,5.54,0
2023-09,2023,9,Sep,COHORT_001,Tier 1,203000,32200,57000,10200,5600,8100,10700,8400,7400,0,139600,63400,5.48,0
2023-10,2023,10,Oct,COHORT_001,Tier 1,203000,29900,57000,10200,5000,8100,21200,11300,7900,40736,191336,11664,5.01,1
2023-11,2023,11,Nov,COHORT_001,Tier 1,203000,35900,57000,10200,7900,8100,17500,16500,4400,44523,202023,977,5.11,1
2023-12,2023,12,Dec,COHORT_001,Tier 1,203000,29300,57000,10200,5400,8100,13000,10400,8000,0,141400,61600,5.37,0
2024-01,2024,1,Jan,COHORT_001,Tier 1,217000,33700,61000,10800,6400,8700,8900,11000,7200,0,147700,69300,4.98,0
2024-02,2024,2,Feb,COHORT_001,Tier 1,217000,35800,61000,10800,8000,8700,12200,12600,4600,0,153700,63300,4.41,0
2024-03,2024,3,Mar,COHORT_001,Tier 1,217000,33300,61000,10800,6600,8700,13500,14800,8000,42994,199694,17306,4.47,1
2024-04,2024,4,Apr,COHORT_001,Tier 1,217000,38600,61000,10800,4400,8700,9500,12900,4700,0,150600,66400,4.85,0
2024-05,2024,5,May,COHORT_001,Tier 1,217000,35500,61000,15200,7700,8700,9700,8000,4700,0,150500,66500,4.84,0
2024-06,2024,6,Jun,COHORT_001,Tier 1,217000,38000,61000,15200,5900,21700,11400,12500,5100,0,170800,46200,4.49,0
2024-07,2024,7,Jul,COHORT_001,Tier 1,217000,34800,61000,15200,8300,21700,13400,11100,8500,0,174000,43000,4.81,0
2024-08,2024,8,Aug,COHORT_001,Tier 1,217000,31500,61000,10800,4800,8700,13100,8800,8200,0,146900,70100,5.19,0
2024-09,2024,9,Sep,COHORT_001,Tier 1,217000,35800,61000,10800,5200,8700,9900,10300,7300,0,149000,68000,4.62,0
2024-10,2024,10,Oct,COHORT_001,Tier 1,217000,37300,61000,10800,5500,8700,20000,13700,8400,51576,216976,24,5.08,1
2024-11,2024,11,Nov,COHORT_001,Tier 1,217000,35400,61000,10800,5100,8700,14300,10300,6900,49368,201868,15132,4.96,1
2024-12,2024,12,Dec,COHORT_001,Tier 1,217000,32800,61000,10800,6700,8700,9100,7700,8400,0,145200,71800,4.53,0
2025-01,2025,1,Jan,COHORT_001,Tier 1,231000,39800,64500,11600,6200,9200,13300,9000,5400,0,159000,72000,4.16,0
2025-02,2025,2,Feb,COHORT_001,Tier 1,231000,33400,64500,11600,6800,9200,11200,9500,4900,0,151100,79900,4.38,0
2025-03,2025,3,Mar,COHORT_001,Tier 1,231000,37100,64500,11600,4900,9200,16400,12900,5100,56409,218109,12891,4.85,1
2025-04,2025,4,Apr,COHORT_001,Tier 1,231000,32400,64500,11600,6900,9200,10000,9300,9100,0,153000,78000,4.67,0
2025-05,2025,5,May,COHORT_001,Tier 1,231000,36400,64500,16200,5500,9200,16000,8000,4900,0,160700,70300,4.81,0
2025-06,2025,6,Jun,COHORT_001,Tier 1,231000,41500,64500,16200,6800,23100,14400,9900,7200,0,183600,47400,4.4,0
2025-07,2025,7,Jul,COHORT_001,Tier 1,231000,34100,64500,16200,6800,23100,12700,8200,8700,0,174300,56700,4.77,0
2025-08,2025,8,Aug,COHORT_001,Tier 1,231000,39200,64500,11600,5300,9200,9300,8700,6600,0,154400,76600,4.56,0
2025-09,2025,9,Sep,COHORT_001,Tier 1,231000,39200,64500,11600,7100,9200,15400,13200,8800,0,169000,62000,4.81,0
2025-10,2025,10,Oct,COHORT_001,Tier 1,231000,33000,64500,11600,6600,9200,23400,17100,5700,29257,200357,30643,4.66,1
2025-11,2025,11,Nov,COHORT_001,Tier 1,231000,39000,64500,11600,6400,9200,14800,19900,6800,52264,224464,6536,4.14,1
2025-12,2025,12,Dec,COHORT_001,Tier 1,231000,33700,64500,11600,6000,9200,9500,8100,5400,0,148000,83000,4.11,0
2021-01,2021,1,Jan,COHORT_002,Tier 1,56000,9100,15500,2800,2100,2200,2300,3000,2200,0,39200,16800,4.77,0
2021-02,2021,2,Feb,COHORT_002,Tier 1,56000,9400,15500,2800,1800,2200,3600,2100,2000,0,39400,16600,5.42,0
2021-03,2021,3,Mar,COHORT_002,Tier 1,56000,9700,15500,2800,2000,2200,4300,2500,1200,7219,47419,8581,5.4,1
2021-04,2021,4,Apr,COHORT_002,Tier 1,56000,9200,15500,2800,1400,2200,3000,2100,1400,0,37600,18400,5.07,0
2021-05,2021,5,May,COHORT_002,Tier 1,56000,9100,15500,3900,1700,2200,3600,2600,2200,0,40800,15200,4.76,0
2021-06,2021,6,Jun,COHORT_002,Tier 1,56000,9900,15500,3900,2200,5600,2300,1900,1400,0,42700,13300,5.08,0
2021-07,2021,7,Jul,COHORT_002,Tier 1,56000,8700,15500,3900,2100,5600,3500,1700,2000,0,43000,13000,5.09,0
2021-08,2021,8,Aug,COHORT_002,Tier 1,56000,9300,15500,2800,1600,2200,3000,1900,1600,0,37900,18100,5.07,0
2021-09,2021,9,Sep,COHORT_002,Tier 1,56000,7900,15500,2800,2100,2200,3100,2300,1500,0,37400,18600,5.37,0
2021-10,2021,10,Oct,COHORT_002,Tier 1,56000,9600,15500,2800,1800,2200,3500,4800,1500,8965,50665,5335,4.75,1
2021-11,2021,11,Nov,COHORT_002,Tier 1,56000,8100,15500,2800,1900,2200,4900,3200,1700,11409,51709,4291,5.35,1
2021-12,2021,12,Dec,COHORT_002,Tier 1,56000,8100,15500,2800,1800,2200,2700,3300,1900,0,38300,17700,4.86,0
2022-01,2022,1,Jan,COHORT_002,Tier 1,61000,9200,17000,3000,1400,2400,3800,3000,2400,0,42200,18800,6.93,0
2022-02,2022,2,Feb,COHORT_002,Tier 1,61000,10800,17000,3000,1200,2400,3400,2100,2200,0,42100,18900,6.65,0
2022-03,2022,3,Mar,COHORT_002,Tier 1,61000,11000,17000,3000,2300,2400,4400,2800,1600,7956,52456,8544,6.78,1
2022-04,2022,4,Apr,COHORT_002,Tier 1,61000,10100,17000,3000,2200,2400,3800,2600,2000,0,43100,17900,6.62,0
2022-05,2022,5,May,COHORT_002,Tier 1,61000,8600,17000,4300,2100,2400,3700,3300,1600,0,43000,18000,6.7,0
2022-06,2022,6,Jun,COHORT_002,Tier 1,61000,9800,17000,4300,1800,6100,2900,2800,2400,0,47100,13900,6.39,0
2022-07,2022,7,Jul,COHORT_002,Tier 1,61000,9600,17000,4300,1800,6100,2900,2200,1600,0,45500,15500,6.72,0
2022-08,2022,8,Aug,COHORT_002,Tier 1,61000,10500,17000,3000,2100,2400,2500,3500,2400,0,43400,17600,6.93,0
2022-09,2022,9,Sep,COHORT_002,Tier 1,61000,8900,17000,3000,2400,2400,3400,3400,1800,0,42300,18700,6.92,0
2022-10,2022,10,Oct,COHORT_002,Tier 1,61000,9200,17000,3000,1900,2400,6400,3000,1900,8025,52825,8175,7.08,1
2022-11,2022,11,Nov,COHORT_002,Tier 1,61000,10700,17000,3000,2100,2400,5500,2900,1600,8231,53431,7569,6.79,1
2022-12,2022,12,Dec,COHORT_002,Tier 1,61000,9700,17000,3000,2000,2400,4100,2500,2000,0,42700,18300,6.6,0
2023-01,2023,1,Jan,COHORT_002,Tier 1,65000,11300,18000,3200,2400,2600,3100,2000,2200,0,44800,20200,5.34,0
2023-02,2023,2,Feb,COHORT_002,Tier 1,65000,11300,18000,3200,2500,2600,2600,2900,1700,0,44800,20200,5.41,0
2023-03,2023,3,Mar,COHORT_002,Tier 1,65000,11600,18000,3200,2600,2600,3500,3100,1600,11257,57457,7543,5.73,1
2023-04,2023,4,Apr,COHORT_002,Tier 1,65000,10300,18000,3200,2100,2600,2700,3300,2600,0,44800,20200,5.64,0
2023-05,2023,5,May,COHORT_002,Tier 1,65000,11200,18000,4600,1900,2600,3000,3100,2300,0,46700,18300,5.38,0
2023-06,2023,6,Jun,COHORT_002,Tier 1,65000,9600,18000,4600,2000,6500,3700,2300,2200,0,48900,16100,5.77,0
2023-07,2023,7,Jul,COHORT_002,Tier 1,65000,10000,18000,4600,2100,6500,4400,3600,1800,0,51000,14000,5.75,0
2023-08,2023,8,Aug,COHORT_002,Tier 1,65000,11600,18000,3200,1600,2600,3000,3700,2500,0,46200,18800,5.59,0
2023-09,2023,9,Sep,COHORT_002,Tier 1,65000,10100,18000,3200,1600,2600,2900,2300,1800,0,42500,22500,5.18,0
2023-10,2023,10,Oct,COHORT_002,Tier 1,65000,10000,18000,3200,1800,2600,5400,4400,1600,15648,62648,2352,5.65,1
2023-11,2023,11,Nov,COHORT_002,Tier 1,65000,10300,18000,3200,2300,2600,6100,3800,2500,16226,65026,0,5.68,1
2023-12,2023,12,Dec,COHORT_002,Tier 1,65000,10400,18000,3200,2000,2600,3100,2900,1400,0,43600,21400,5.3,0
2024-01,2024,1,Jan,COHORT_002,Tier 1,70000,11500,19500,3500,1800,2800,3400,2800,2400,0,47700,22300,5.03,0
2024-02,2024,2,Feb,COHORT_002,Tier 1,70000,12200,19500,3500,1600,2800,3300,3900,2700,0,49500,20500,4.79,0
2024-03,2024,3,Mar,COHORT_002,Tier 1,70000,12400,19500,3500,2000,2800,5200,4300,2700,11187,63587,6413,4.73,1
2024-04,2024,4,Apr,COHORT_002,Tier 1,70000,11200,19500,3500,2200,2800,4300,2400,1700,0,47600,22400,4.81,0
2024-05,2024,5,May,COHORT_002,Tier 1,70000,10900,19500,4900,1700,2800,4600,4100,1400,0,49900,20100,4.48,0
2024-06,2024,6,Jun,COHORT_002,Tier 1,70000,11700,19500,4900,2200,7000,3200,3500,2200,0,54200,15800,4.98,0
2024-07,2024,7,Jul,COHORT_002,Tier 1,70000,11800,19500,4900,2700,7000,2900,2200,1900,0,52900,17100,4.74,0
2024-08,2024,8,Aug,COHORT_002,Tier 1,70000,11600,19500,3500,2000,2800,4500,3500,2200,0,49600,20400,4.93,0
2024-09,2024,9,Sep,COHORT_002,Tier 1,70000,10900,19500,3500,1500,2800,3900,3000,2200,0,47300,22700,5.11,0
2024-10,2024,10,Oct,COHORT_002,Tier 1,70000,10500,19500,3500,2600,2800,6500,5800,2700,16111,70011,0,4.94,1
2024-11,2024,11,Nov,COHORT_002,Tier 1,70000,12500,19500,3500,2400,2800,6100,6100,1400,17186,71486,0,5.0,1
2024-12,2024,12,Dec,COHORT_002,Tier 1,70000,10000,19500,3500,2500,2800,2900,3500,2700,0,47400,22600,4.59,0
2025-01,2025,1,Jan,COHORT_002,Tier 1,74000,10500,20500,3700,2700,3000,4100,3400,2300,0,50200,23800,4.77,0
2025-02,2025,2,Feb,COHORT_002,Tier 1,74000,10500,20500,3700,1800,3000,3300,3400,2000,0,48200,25800,4.79,0
2025-03,2025,3,Mar,COHORT_002,Tier 1,74000,13100,20500,3700,2700,3000,4200,3700,2700,15264,68864,5136,4.86,1
2025-04,2025,4,Apr,COHORT_002,Tier 1,74000,13000,20500,3700,1800,3000,3300,4200,2600,0,52100,21900,4.5,0
2025-05,2025,5,May,COHORT_002,Tier 1,74000,12100,20500,5200,1700,3000,4900,2500,2300,0,52200,21800,4.87,0
2025-06,2025,6,Jun,COHORT_002,Tier 1,74000,12100,20500,5200,1800,7400,4800,2900,1500,0,56200,17800,4.46,0
2025-07,2025,7,Jul,COHORT_002,Tier 1,74000,12200,20500,5200,2000,7400,4400,2400,2200,0,56300,17700,4.79,0
2025-08,2025,8,Aug,COHORT_002,Tier 1,74000,12100,20500,3700,2500,3000,4500,3100,1800,0,51200,22800,4.82,0
2025-09,2025,9,Sep,COHORT_002,Tier 1,74000,10500,20500,3700,1900,3000,4200,4200,2900,0,50900,23100,4.42,0
2025-10,2025,10,Oct,COHORT_002,Tier 1,74000,11900,20500,3700,2000,3000,5300,4200,2400,16563,69563,4437,4.76,1
2025-11,2025,11,Nov,COHORT_002,Tier 1,74000,11300,20500,3700,1700,3000,5500,4700,1800,17206,69406,4594,4.48,1
2025-12,2025,12,Dec,COHORT_002,Tier 1,74000,11100,20500,3700,2900,3000,3100,3800,1900,0,50000,24000,4.18,0
2021-01,2021,1,Jan,COHORT_003,Tier 3,78000,13500,14000,3900,1800,3100,3800,3900,2100,0,46100,31900,5.3,0
2021-02,2021,2,Feb,COHORT_003,Tier 3,78000,13500,14000,3900,3100,3100,5200,3800,2800,0,49400,28600,5.34,0
2021-03,2021,3,Mar,COHORT_003,Tier 3,78000,12800,14000,3900,1600,3100,3800,3100,2500,10721,55521,22479,5.09,1
2021-04,2021,4,Apr,COHORT_003,Tier 3,78000,13200,14000,3900,1700,3100,4300,3900,1700,0,45800,32200,5.01,0
2021-05,2021,5,May,COHORT_003,Tier 3,78000,12200,14000,5500,2200,3100,3700,2400,1600,0,44700,33300,4.91,0
2021-06,2021,6,Jun,COHORT_003,Tier 3,78000,13100,14000,5500,2600,7800,4200,4100,2300,0,53600,24400,4.99,0
2021-07,2021,7,Jul,COHORT_003,Tier 3,78000,11700,14000,5500,2100,7800,3700,3100,2700,0,50600,27400,5.04,0
2021-08,2021,8,Aug,COHORT_003,Tier 3,78000,11400,14000,3900,1800,3100,4400,4000,2300,0,44900,33100,5.44,0
2021-09,2021,9,Sep,COHORT_003,Tier 3,78000,12100,14000,3900,1600,3100,4300,4200,3000,0,46200,31800,5.16,0
2021-10,2021,10,Oct,COHORT_003,Tier 3,78000,12700,14000,3900,3000,3100,5000,4100,1700,11656,59156,18844,5.14,1
2021-11,2021,11,Nov,COHORT_003,Tier 3,78000,12100,14000,3900,2000,3100,6600,6600,2500,18674,69474,8526,4.75,1
2021-12,2021,12,Dec,COHORT_003,Tier 3,78000,11900,14000,3900,2400,3100,4500,3300,2200,0,45300,32700,5.14,0
2022-01,2022,1,Jan,COHORT_003,Tier 3,85000,13200,15500,4200,2300,3400,5100,4100,2200,0,50000,35000,6.6,0
2022-02,2022,2,Feb,COHORT_003,Tier 3,85000,14300,15500,4200,2700,3400,4600,3700,2300,0,50700,34300,7.03,0
2022-03,2022,3,Mar,COHORT_003,Tier 3,85000,14500,15500,4200,2000,3400,5000,3200,1800,17910,67510,17490,6.41,1
2022-04,2022,4,Apr,COHORT_003,Tier 3,85000,14000,15500,4200,3200,3400,3500,2800,1700,0,48300,36700,6.64,0
2022-05,2022,5,May,COHORT_003,Tier 3,85000,13900,15500,6000,3100,3400,3800,2800,3000,0,51500,33500,6.67,0
2022-06,2022,6,Jun,COHORT_003,Tier 3,85000,14500,15500,6000,1800,8500,4200,3200,2000,0,55700,29300,6.71,0
2022-07,2022,7,Jul,COHORT_003,Tier 3,85000,12400,15500,6000,3300,8500,5900,4300,2600,0,58500,26500,6.59,0
2022-08,2022,8,Aug,COHORT_003,Tier 3,85000,13400,15500,4200,2600,3400,3900,2800,2900,0,48700,36300,7.07,0
2022-09,2022,9,Sep,COHORT_003,Tier 3,85000,12400,15500,4200,1800,3400,5200,3100,2500,0,48100,36900,6.81,0
2022-10,2022,10,Oct,COHORT_003,Tier 3,85000,13200,15500,4200,1800,3400,6800,4800,2500,20254,72454,12546,6.77,1
2022-11,2022,11,Nov,COHORT_003,Tier 3,85000,12600,15500,4200,3200,3400,7700,7300,2000,16095,71995,13005,6.99,1
2022-12,2022,12,Dec,COHORT_003,Tier 3,85000,14600,15500,4200,2300,3400,5300,4000,1900,0,51200,33800,6.52,0
2023-01,2023,1,Jan,COHORT_003,Tier 3,91000,16300,16500,4600,2300,3600,6200,3500,2800,0,55800,35200,5.1,0
2023-02,2023,2,Feb,COHORT_003,Tier 3,91000,13800,16500,4600,1800,3600,5100,3500,3200,0,52100,38900,5.58,0
2023-03,2023,3,Mar,COHORT_003,Tier 3,91000,14300,16500,4600,2300,3600,4800,6400,2400,12744,67644,23356,5.6,1
2023-04,2023,4,Apr,COHORT_003,Tier 3,91000,16000,16500,4600,1900,3600,6000,3800,2200,0,54600,36400,5.62,0
2023-05,2023,5,May,COHORT_003,Tier 3,91000,13900,16500,6400,2700,3600,5500,3000,3600,0,55200,35800,5.77,0
2023-06,2023,6,Jun,COHORT_003,Tier 3,91000,14700,16500,6400,1800,9100,4800,4300,2800,0,60400,30600,5.27,0
2023-07,2023,7,Jul,COHORT_003,Tier 3,91000,14000,16500,6400,3000,9100,6100,4500,2100,0,61700,29300,5.73,0
2023-08,2023,8,Aug,COHORT_003,Tier 3,91000,14200,16500,4600,2300,3600,3800,5100,2300,0,52400,38600,5.33,0
2023-09,2023,9,Sep,COHORT_003,Tier 3,91000,14600,16500,4600,1900,3600,5100,5300,2500,0,54100,36900,5.19,0
2023-10,2023,10,Oct,COHORT_003,Tier 3,91000,13900,16500,4600,2500,3600,8800,5100,2400,11277,68677,22323,5.37,1
2023-11,2023,11,Nov,COHORT_003,Tier 3,91000,14100,16500,4600,3000,3600,8200,4600,2300,21394,78294,12706,5.47,1
2023-12,2023,12,Dec,COHORT_003,Tier 3,91000,12800,16500,4600,3000,3600,4800,3400,2800,0,51500,39500,5.24,0
2024-01,2024,1,Jan,COHORT_003,Tier 3,97000,14200,17500,4800,2100,3900,4000,3900,3400,0,53800,43200,4.82,0
2024-02,2024,2,Feb,COHORT_003,Tier 3,97000,16000,17500,4800,3600,3900,6100,3700,2000,0,57600,39400,4.69,0
2024-03,2024,3,Mar,COHORT_003,Tier 3,97000,17100,17500,4800,3200,3900,5400,5700,2700,17151,77451,19549,5.14,1
2024-04,2024,4,Apr,COHORT_003,Tier 3,97000,14800,17500,4800,2200,3900,5000,3100,3400,0,54700,42300,4.79,0
2024-05,2024,5,May,COHORT_003,Tier 3,97000,17300,17500,6800,3600,3900,5600,3700,2600,0,61000,36000,4.64,0
2024-06,2024,6,Jun,COHORT_003,Tier 3,97000,15200,17500,6800,2300,9700,4500,3100,3900,0,63000,34000,5.19,0
2024-07,2024,7,Jul,COHORT_003,Tier 3,97000,14400,17500,6800,3300,9700,5900,5000,3000,0,65600,31400,4.49,0
2024-08,2024,8,Aug,COHORT_003,Tier 3,97000,17300,17500,4800,2000,3900,5500,4300,3700,0,59000,38000,5.17,0
2024-09,2024,9,Sep,COHORT_003,Tier 3,97000,17100,17500,4800,2000,3900,4000,4200,2900,0,56400,40600,5.17,0
2024-10,2024,10,Oct,COHORT_003,Tier 3,97000,15900,17500,4800,3500,3900,6200,6900,2700,21412,82812,14188,4.76,1
2024-11,2024,11,Nov,COHORT_003,Tier 3,97000,13600,17500,4800,3700,3900,9600,8500,2900,18034,82534,14466,5.14,1
2024-12,2024,12,Dec,COHORT_003,Tier 3,97000,16800,17500,4800,3800,3900,5100,3000,3000,0,57900,39100,4.58,0
2025-01,2025,1,Jan,COHORT_003,Tier 3,104000,16800,18500,5200,3500,4200,5700,5600,3300,0,62800,41200,4.14,0
2025-02,2025,2,Feb,COHORT_003,Tier 3,104000,18100,18500,5200,2600,4200,5300,3700,3300,0,60900,43100,4.32,0
2025-03,2025,3,Mar,COHORT_003,Tier 3,104000,18600,18500,5200,3200,4200,6900,5500,2600,24319,89019,14981,4.3,1
2025-04,2025,4,Apr,COHORT_003,Tier 3,104000,15900,18500,5200,2500,4200,5700,6200,3600,0,61800,42200,4.11,0
2025-05,2025,5,May,COHORT_003,Tier 3,104000,18000,18500,7300,2800,4200,4900,6000,3200,0,64900,39100,4.56,0
2025-06,2025,6,Jun,COHORT_003,Tier 3,104000,15200,18500,7300,2100,10400,4800,5700,2200,0,66200,37800,4.11,0
2025-07,2025,7,Jul,COHORT_003,Tier 3,104000,18400,18500,7300,3300,10400,5300,4800,4000,0,72000,32000,4.42,0
2025-08,2025,8,Aug,COHORT_003,Tier 3,104000,18100,18500,5200,3100,4200,5700,4100,2800,0,61700,42300,4.38,0
2025-09,2025,9,Sep,COHORT_003,Tier 3,104000,16000,18500,5200,3400,4200,4400,5300,3900,0,60900,43100,4.78,0
2025-10,2025,10,Oct,COHORT_003,Tier 3,104000,18400,18500,5200,4000,4200,6700,5400,3700,14353,80453,23547,4.34,1
2025-11,2025,11,Nov,COHORT_003,Tier 3,104000,16300,18500,5200,3100,4200,9500,8600,3400,21931,90731,13269,4.17,1
2025-12,2025,12,Dec,COHORT_003,Tier 3,104000,16600,18500,5200,2200,4200,6900,5100,2900,0,61600,42400,4.32,0
2021-01,2021,1,Jan,COHORT_004,Tier 1,86000,15200,24000,4300,2800,3400,4700,4800,3400,0,62600,23400,5.17,0
2021-02,2021,2,Feb,COHORT_004,Tier 1,86000,15300,24000,4300,2200,3400,4400,3800,3000,0,60400,25600,4.77,0
2021-03,2021,3,Mar,COHORT_004,Tier 1,86000,13700,24000,4300,2700,3400,4300,4200,2100,12275,70975,15025,4.99,1
2021-04,2021,4,Apr,COHORT_004,Tier 1,86000,13200,24000,4300,2100,3400,4000,3100,2200,0,56300,29700,5.38,0
2021-05,2021,5,May,COHORT_004,Tier 1,86000,13900,24000,6000,2800,3400,5000,2600,3100,0,60800,25200,5.3,0
2021-06,2021,6,Jun,COHORT_004,Tier 1,86000,15200,24000,6000,2000,8600,3900,4900,1800,0,66400,19600,4.81,0
2021-07,2021,7,Jul,COHORT_004,Tier 1,86000,13600,24000,6000,3100,8600,4400,3600,3200,0,66500,19500,5.0,0
2021-08,2021,8,Aug,COHORT_004,Tier 1,86000,14000,24000,4300,3400,3400,4700,3800,2200,0,59800,26200,4.78,0
2021-09,2021,9,Sep,COHORT_004,Tier 1,86000,14600,24000,4300,2300,3400,4200,2800,3400,0,59000,27000,4.84,0
2021-10,2021,10,Oct,COHORT_004,Tier 1,86000,14800,24000,4300,2200,3400,8600,6300,1900,18256,83756,2244,4.9,1
2021-11,2021,11,Nov,COHORT_004,Tier 1,86000,14300,24000,4300,3200,3400,9000,5700,3000,19815,86715,0,5.24,1
2021-12,2021,12,Dec,COHORT_004,Tier 1,86000,12700,24000,4300,2500,3400,4600,4200,2600,0,58300,27700,4.94,0
2022-01,2022,1,Jan,COHORT_004,Tier 1,93000,15200,26000,4600,3400,3700,5500,5300,3000,0,66700,26300,6.36,0
2022-02,2022,2,Feb,COHORT_004,Tier 1,93000,13600,26000,4600,3500,3700,5600,4700,2100,0,63800,29200,7.0,0
2022-03,2022,3,Mar,COHORT_004,Tier 1,93000,14200,26000,4600,2400,3700,6600,6000,1900,16789,82189,10811,7.0,1
2022-04,2022,4,Apr,COHORT_004,Tier 1,93000,13800,26000,4600,3500,3700,5400,4200,1900,0,63100,29900,6.98,0
2022-05,2022,5,May,COHORT_004,Tier 1,93000,14900,26000,6500,3200,3700,6100,5300,2900,0,68600,24400,6.9,0
2022-06,2022,6,Jun,COHORT_004,Tier 1,93000,14900,26000,6500,2400,9300,5000,4600,2400,0,71100,21900,7.03,0
2022-07,2022,7,Jul,COHORT_004,Tier 1,93000,16500,26000,6500,2600,9300,4300,4600,2600,0,72400,20600,6.68,0
2022-08,2022,8,Aug,COHORT_004,Tier 1,93000,15100,26000,4600,3400,3700,5300,3500,2000,0,63600,29400,6.36,0
2022-09,2022,9,Sep,COHORT_004,Tier 1,93000,15900,26000,4600,2100,3700,4200,3000,3500,0,63000,30000,6.72,0
2022-10,2022,10,Oct,COHORT_004,Tier 1,93000,14300,26000,4600,3300,3700,7100,6400,2000,13522,80922,12078,6.94,1
2022-11,2022,11,Nov,COHORT_004,Tier 1,93000,15700,26000,4600,2800,3700,7200,6300,2900,13252,82452,10548,6.42,1
2022-12,2022,12,Dec,COHORT_004,Tier 1,93000,16500,26000,4600,2000,3700,4400,4400,3200,0,64800,28200,6.44,0
2023-01,2023,1,Jan,COHORT_004,Tier 1,100000,16900,28000,5000,3200,4000,6400,4100,2000,0,69600,30400,5.06,0
2023-02,2023,2,Feb,COHORT_004,Tier 1,100000,15600,28000,5000,3300,4000,4200,5500,2200,0,67800,32200,5.6,0
2023-03,2023,3,Mar,COHORT_004,Tier 1,100000,14900,28000,5000,2300,4000,6500,6700,2400,18645,88445,11555,5.23,1
2023-04,2023,4,Apr,COHORT_004,Tier 1,100000,15100,28000,5000,3900,4000,5300,4300,2600,0,68200,31800,5.27,0
2023-05,2023,5,May,COHORT_004,Tier 1,100000,15100,28000,7000,3700,4000,5100,5000,4000,0,71900,28100,5.35,0
2023-06,2023,6,Jun,COHORT_004,Tier 1,100000,17800,28000,7000,3500,10000,4600,3200,2700,0,76800,23200,5.79,0
2023-07,2023,7,Jul,COHORT_004,Tier 1,100000,17400,28000,7000,2900,10000,5100,4600,3900,0,78900,21100,5.3,0
2023-08,2023,8,Aug,COHORT_004,Tier 1,100000,16300,28000,5000,2800,4000,6800,5900,3600,0,72400,27600,5.27,0
2023-09,2023,9,Sep,COHORT_004,Tier 1,100000,16700,28000,5000,2200,4000,5300,5300,2800,0,69300,30700,5.12,0
2023-10,2023,10,Oct,COHORT_004,Tier 1,100000,17100,28000,5000,2900,4000,10000,6700,2200,24198,100098,0,5.73,1
2023-11,2023,11,Nov,COHORT_004,Tier 1,100000,14600,28000,5000,3900,4000,9700,5100,3900,22335,96535,3465,5.64,1
2023-12,2023,12,Dec,COHORT_004,Tier 1,100000,15300,28000,5000,3900,4000,5700,5100,2600,0,69600,30400,5.31,0
2024-01,2024,1,Jan,COHORT_004,Tier 1,107000,18400,30000,5400,4000,4300,4600,5300,3800,0,75800,31200,4.61,0
2024-02,2024,2,Feb,COHORT_004,Tier 1,107000,15000,30000,5400,3300,4300,6600,4900,3900,0,73400,33600,4.41,0
2024-03,2024,3,Mar,COHORT_004,Tier 1,107000,17800,30000,5400,2700,4300,5800,6900,4000,23425,100325,6675,4.72,1
2024-04,2024,4,Apr,COHORT_004,Tier 1,107000,15400,30000,5400,3500,4300,4400,5200,3100,0,71300,35700,4.83,0
2024-05,2024,5,May,COHORT_004,Tier 1,107000,17500,30000,7500,2800,4300,6100,3500,2400,0,74100,32900,4.84,0
2024-06,2024,6,Jun,COHORT_004,Tier 1,107000,17100,30000,7500,4200,10700,6400,4900,3300,0,84100,22900,4.46,0
2024-07,2024,7,Jul,COHORT_004,Tier 1,107000,16900,30000,7500,2700,10700,6200,5400,3000,0,82400,24600,4.79,0
2024-08,2024,8,Aug,COHORT_004,Tier 1,107000,16800,30000,5400,2800,4300,5800,5400,3300,0,73800,33200,4.74,0
2024-09,2024,9,Sep,COHORT_004,Tier 1,107000,17100,30000,5400,3900,4300,6000,3600,3100,0,73400,33600,4.54,0
2024-10,2024,10,Oct,COHORT_004,Tier 1,107000,15800,30000,5400,3300,4300,10900,6600,3500,17930,97730,9270,4.89,1
2024-11,2024,11,Nov,COHORT_004,Tier 1,107000,18400,30000,5400,2300,4300,10600,9400,2800,22571,105771,1229,4.93,1
2024-12,2024,12,Dec,COHORT_004,Tier 1,107000,19000,30000,5400,3000,4300,6800,5000,2300,0,75800,31200,4.83,0
2025-01,2025,1,Jan,COHORT_004,Tier 1,113000,18700,31500,5600,2400,4500,6800,6000,3400,0,78900,34100,4.78,0
2025-02,2025,2,Feb,COHORT_004,Tier 1,113000,18000,31500,5600,2900,4500,7900,5300,3000,0,78700,34300,4.66,0
2025-03,2025,3,Mar,COHORT_004,Tier 1,113000,18600,31500,5600,3200,4500,7100,5600,3700,23782,103582,9418,4.4,1
2025-04,2025,4,Apr,COHORT_004,Tier 1,113000,17300,31500,5600,2300,4500,5200,6700,4500,0,77600,35400,4.71,0
2025-05,2025,5,May,COHORT_004,Tier 1,113000,17100,31500,7900,2700,4500,5800,4100,3700,0,77300,35700,4.64,0
2025-06,2025,6,Jun,COHORT_004,Tier 1,113000,18500,31500,7900,3000,11300,4800,4100,4300,0,85400,27600,4.61,0
2025-07,2025,7,Jul,COHORT_004,Tier 1,113000,19500,31500,7900,3300,11300,4700,4800,4500,0,87500,25500,4.38,0
2025-08,2025,8,Aug,COHORT_004,Tier 1,113000,18600,31500,5600,2600,4500,5400,5500,2400,0,76100,36900,4.28,0
2025-09,2025,9,Sep,COHORT_004,Tier 1,113000,19300,31500,5600,4100,4500,6300,5700,2700,0,79700,33300,4.26,0
2025-10,2025,10,Oct,COHORT_004,Tier 1,113000,16300,31500,5600,2900,4500,9100,9900,2400,13598,95798,17202,4.42,1
2025-11,2025,11,Nov,COHORT_004,Tier 1,113000,19000,31500,5600,2700,4500,11400,5800,3500,15917,99917,13083,4.38,1
2025-12,2025,12,Dec,COHORT_004,Tier 1,113000,20100,31500,5600,4000,4500,6900,4100,3200,0,79900,33100,4.2,0
2021-01,2021,1,Jan,COHORT_005,Tier 1,168000,27300,47000,8400,6200,6700,7700,8600,3800,0,115700,52300,5.34,0
2021-02,2021,2,Feb,COHORT_005,Tier 1,168000,28900,47000,8400,3500,6700,8700,6900,4300,0,114400,53600,5.17,0
2021-03,2021,3,Mar,COHORT_005,Tier 1,168000,23600,47000,8400,6500,6700,11100,11900,4200,27229,146629,21371,4.89,1
2021-04,2021,4,Apr,COHORT_005,Tier 1,168000,28700,47000,8400,4600,6700,10700,8500,3600,0,118200,49800,5.11,0
2021-05,2021,5,May,COHORT_005,Tier 1,168000,28200,47000,11800,4000,6700,10300,7900,3800,0,119700,48300,4.91,0
2021-06,2021,6,Jun,COHORT_005,Tier 1,168000,24300,47000,11800,4800,16800,11200,6400,5300,0,127600,40400,5.04,0
2021-07,2021,7,Jul,COHORT_005,Tier 1,168000,24500,47000,11800,4400,16800,9000,8200,3600,0,125300,42700,5.17,0
2021-08,2021,8,Aug,COHORT_005,Tier 1,168000,24000,47000,8400,6400,6700,11100,6100,5700,0,115400,52600,5.12,0
2021-09,2021,9,Sep,COHORT_005,Tier 1,168000,29800,47000,8400,3500,6700,10500,7300,3400,0,116600,51400,5.25,0
2021-10,2021,10,Oct,COHORT_005,Tier 1,168000,27100,47000,8400,5200,6700,15500,15000,5300,32445,162645,5355,5.39,1
2021-11,2021,11,Nov,COHORT_005,Tier 1,168000,26800,47000,8400,5900,6700,17200,10900,3500,21669,148069,19931,5.23,1
2021-12,2021,12,Dec,COHORT_005,Tier 1,168000,29500,47000,8400,4400,6700,7600,6400,4200,0,114200,53800,4.74,0
2022-01,2022,1,Jan,COHORT_005,Tier 1,181000,32300,50500,9000,5900,7200,8400,6200,3700,0,123200,57800,6.47,0
2022-02,2022,2,Feb,COHORT_005,Tier 1,181000,28300,50500,9000,6000,7200,8700,5600,5800,0,121100,59900,7.1,0
2022-03,2022,3,Mar,COHORT_005,Tier 1,181000,27800,50500,9000,6400,7200,13500,7500,3700,35585,161185,19815,6.47,1
2022-04,2022,4,Apr,COHORT_005,Tier 1,181000,30300,50500,9000,5500,7200,7900,8400,4500,0,123300,57700,6.52,0
2022-05,2022,5,May,COHORT_005,Tier 1,181000,25600,50500,12700,5300,7200,8900,8400,5600,0,124200,56800,6.47,0
2022-06,2022,6,Jun,COHORT_005,Tier 1,181000,25600,50500,12700,4800,18100,12600,7300,6500,0,138100,42900,6.93,0
2022-07,2022,7,Jul,COHORT_005,Tier 1,181000,26300,50500,12700,5400,18100,9200,10300,5600,0,138100,42900,6.87,0
2022-08,2022,8,Aug,COHORT_005,Tier 1,181000,29100,50500,9000,7200,7200,7800,10600,4600,0,126000,55000,6.74,0
2022-09,2022,9,Sep,COHORT_005,Tier 1,181000,30400,50500,9000,4700,7200,10800,6800,6800,0,126200,54800,6.44,0
2022-10,2022,10,Oct,COHORT_005,Tier 1,181000,26600,50500,9000,5600,7200,18800,10200,6600,21916,156416,24584,6.63,1
2022-11,2022,11,Nov,COHORT_005,Tier 1,181000,32300,50500,9000,4000,7200,16500,15000,6200,33141,173841,7159,6.41,1
2022-12,2022,12,Dec,COHORT_005,Tier 1,181000,28000,50500,9000,6600,7200,10200,9800,6900,0,128200,52800,7.07,0
2023-01,2023,1,Jan,COHORT_005,Tier 1,195000,30500,54500,9800,7000,7800,13100,7400,4000,0,134100,60900,5.06,0
2023-02,2023,2,Feb,COHORT_005,Tier 1,195000,32500,54500,9800,7100,7800,8700,9600,6600,0,136600,58400,5.79,0
2023-03,2023,3,Mar,COHORT_005,Tier 1,195000,33800,54500,9800,4300,7800,14200,7400,5400,42163,179363,15637,5.02,1
2023-04,2023,4,Apr,COHORT_005,Tier 1,195000,34600,54500,9800,5500,7800,11600,10100,5500,0,139400,55600,5.14,0
2023-05,2023,5,May,COHORT_005,Tier 1,195000,30200,54500,13700,5000,7800,8900,6000,4100,0,130200,64800,5.16,0
2023-06,2023,6,Jun,COHORT_005,Tier 1,195000,33400,54500,13700,4200,19500,8000,9300,5000,0,147600,47400,5.17,0
2023-07,2023,7,Jul,COHORT_005,Tier 1,195000,31900,54500,13700,6800,19500,13600,5900,5200,0,151100,43900,5.35,0
2023-08,2023,8,Aug,COHORT_005,Tier 1,195000,31400,54500,9800,5400,7800,8700,9200,5400,0,132200,62800,5.1,0
2023-09,2023,9,Sep,COHORT_005,Tier 1,195000,34500,54500,9800,4600,7800,9400,11700,5700,0,138000,57000,5.63,0
2023-10,2023,10,Oct,COHORT_005,Tier 1,195000,33600,54500,9800,6500,7800,12300,16300,6100,24340,171240,23760,5.73,1
2023-11,2023,11,Nov,COHORT_005,Tier 1,195000,29700,54500,9800,5400,7800,11900,12700,7500,41943,181243,13757,5.38,1
2023-12,2023,12,Dec,COHORT_005,Tier 1,195000,31800,54500,9800,4200,7800,10400,8600,5000,0,132100,62900,5.12,0
2024-01,2024,1,Jan,COHORT_005,Tier 1,208000,34300,58000,10400,5200,8300,14300,6900,4300,0,141700,66300,4.92,0
2024-02,2024,2,Feb,COHORT_005,Tier 1,208000,35600,58000,10400,7800,8300,14300,10400,7600,0,152400,55600,4.88,0
2024-03,2024,3,Mar,COHORT_005,Tier 1,208000,36000,58000,10400,4200,8300,10400,11400,5100,40203,184003,23997,4.54,1
2024-04,2024,4,Apr,COHORT_005,Tier 1,208000,30100,58000,10400,7300,8300,12900,7100,6200,0,140300,67700,4.73,0
2024-05,2024,5,May,COHORT_005,Tier 1,208000,36600,58000,14600,6900,8300,11900,7000,4700,0,148000,60000,4.96,0
2024-06,2024,6,Jun,COHORT_005,Tier 1,208000,35800,58000,14600,7300,20800,10900,11800,4400,0,163600,44400,4.42,0
2024-07,2024,7,Jul,COHORT_005,Tier 1,208000,36200,58000,14600,7900,20800,12700,8500,4800,0,163500,44500,4.49,0
2024-08,2024,8,Aug,COHORT_005,Tier 1,208000,31000,58000,10400,5300,8300,13500,10600,7000,0,144100,63900,4.74,0
2024-09,2024,9,Sep,COHORT_005,Tier 1,208000,32500,58000,10400,5800,8300,12100,6700,6200,0,140000,68000,5.07,0
2024-10,2024,10,Oct,COHORT_005,Tier 1,208000,30300,58000,10400,8000,8300,16100,11600,8000,38320,189020,18980,4.91,1
2024-11,2024,11,Nov,COHORT_005,Tier 1,208000,34200,58000,10400,6100,8300,15000,13700,7900,37414,191014,16986,4.73,1
2024-12,2024,12,Dec,COHORT_005,Tier 1,208000,32300,58000,10400,5900,8300,10700,12100,7500,0,145200,62800,5.17,0
2025-01,2025,1,Jan,COHORT_005,Tier 1,222000,37400,62000,11100,5400,8900,13600,7300,8500,0,154200,67800,4.71,0
2025-02,2025,2,Feb,COHORT_005,Tier 1,222000,38000,62000,11100,8700,8900,14900,8100,5800,0,157500,64500,4.21,0
2025-03,2025,3,Mar,COHORT_005,Tier 1,222000,32100,62000,11100,8900,8900,12700,10800,7600,51813,205913,16087,4.33,1
2025-04,2025,4,Apr,COHORT_005,Tier 1,222000,39900,62000,11100,7500,8900,9800,8700,4900,0,152800,69200,4.11,0
2025-05,2025,5,May,COHORT_005,Tier 1,222000,36200,62000,15500,5300,8900,15200,6900,4700,0,154700,67300,4.77,0
2025-06,2025,6,Jun,COHORT_005,Tier 1,222000,32000,62000,15500,7200,22200,12600,9500,4800,0,165800,56200,4.33,0
2025-07,2025,7,Jul,COHORT_005,Tier 1,222000,36200,62000,15500,5900,22200,13300,10200,5400,0,170700,51300,4.43,0
2025-08,2025,8,Aug,COHORT_005,Tier 1,222000,32900,62000,11100,6500,8900,13900,6900,6500,0,148700,73300,4.53,0
2025-09,2025,9,Sep,COHORT_005,Tier 1,222000,37900,62000,11100,4800,8900,12500,10000,4600,0,151800,70200,4.82,0
2025-10,2025,10,Oct,COHORT_005,Tier 1,222000,34000,62000,11100,7400,8900,22900,20000,5600,54413,226313,0,4.19,1
2025-11,2025,11,Nov,COHORT_005,Tier 1,222000,39200,62000,11100,8800,8900,13700,17200,7100,35250,203250,18750,4.87,1
2025-12,2025,12,Dec,COHORT_005,Tier 1,222000,32400,62000,11100,8100,8900,13300,10400,7000,0,153200,68800,4.1,0
2021-01,2021,1,Jan,COHORT_006,Tier 1,178000,25600,50000,8900,6400,7100,10800,5900,4800,0,119500,58500,5.16,0
2021-02,2021,2,Feb,COHORT_006,Tier 1,178000,29000,50000,8900,6600,7100,11100,8400,4200,0,125300,52700,4.91,0
2021-03,2021,3,Mar,COHORT_006,Tier 1,178000,29200,50000,8900,5100,7100,11300,8600,6800,26375,153375,24625,5.35,1
2021-04,2021,4,Apr,COHORT_006,Tier 1,178000,25800,50000,8900,3900,7100,10600,9400,4300,0,120000,58000,5.14,0
2021-05,2021,5,May,COHORT_006,Tier 1,178000,29700,50000,12500,4100,7100,9000,8200,5000,0,125600,52400,5.4,0
2021-06,2021,6,Jun,COHORT_006,Tier 1,178000,26800,50000,12500,6500,17800,10900,6000,5600,0,136100,41900,5.36,0
2021-07,2021,7,Jul,COHORT_006,Tier 1,178000,29600,50000,12500,4800,17800,8800,9900,5500,0,138900,39100,5.4,0
2021-08,2021,8,Aug,COHORT_006,Tier 1,178000,25600,50000,8900,6900,7100,8700,10600,5500,0,123300,54700,5.46,0
2021-09,2021,9,Sep,COHORT_006,Tier 1,178000,27600,50000,8900,4000,7100,8400,5400,4000,0,115400,62600,4.87,0
2021-10,2021,10,Oct,COHORT_006,Tier 1,178000,30800,50000,8900,6700,7100,13500,14900,4900,35870,172670,5330,5.18,1
2021-11,2021,11,Nov,COHORT_006,Tier 1,178000,31500,50000,8900,4400,7100,12300,8900,4000,39949,167049,10951,5.35,1
2021-12,2021,12,Dec,COHORT_006,Tier 1,178000,25500,50000,8900,6100,7100,11700,7000,4500,0,120800,57200,5.23,0
2022-01,2022,1,Jan,COHORT_006,Tier 1,193000,30000,54000,9600,5400,7700,12500,6400,4600,0,130200,62800,6.86,0
2022-02,2022,2,Feb,COHORT_006,Tier 1,193000,29900,54000,9600,4500,7700,9700,9200,7500,0,132100,60900,6.51,0
2022-03,2022,3,Mar,COHORT_006,Tier 1,193000,32900,54000,9600,3900,7700,15100,9000,6700,40611,179511,13489,6.31,1
2022-04,2022,4,Apr,COHORT_006,Tier 1,193000,32600,54000,9600,6000,7700,11200,7400,7500,0,136000,57000,6.6,0
2022-05,2022,5,May,COHORT_006,Tier 1,193000,31800,54000,13500,5500,7700,8100,8600,5900,0,135100,57900,7.04,0
2022-06,2022,6,Jun,COHORT_006,Tier 1,193000,33600,54000,13500,4600,19300,9100,11400,4800,0,150300,42700,6.64,0
2022-07,2022,7,Jul,COHORT_006,Tier 1,193000,31800,54000,13500,4100,19300,10300,6400,4000,0,143400,49600,6.3,0
2022-08,2022,8,Aug,COHORT_006,Tier 1,193000,32100,54000,9600,5400,7700,10800,7700,5100,0,132400,60600,6.71,0
2022-09,2022,9,Sep,COHORT_006,Tier 1,193000,28900,54000,9600,5500,7700,12000,11100,7200,0,136000,57000,6.6,0
2022-10,2022,10,Oct,COHORT_006,Tier 1,193000,28100,54000,9600,7300,7700,17500,15300,5700,23213,168413,24587,6.57,1
2022-11,2022,11,Nov,COHORT_006,Tier 1,193000,30700,54000,9600,4700,7700,17700,13900,5700,26354,170354,22646,6.5,1
2022-12,2022,12,Dec,COHORT_006,Tier 1,193000,32300,54000,9600,5900,7700,10000,10400,5400,0,135300,57700,6.62,0
2023-01,2023,1,Jan,COHORT_006,Tier 1,207000,30600,58000,10400,7900,8300,9600,9900,5800,0,140500,66500,5.14,0
2023-02,2023,2,Feb,COHORT_006,Tier 1,207000,33300,58000,10400,5200,8300,11700,9100,5400,0,141400,65600,5.02,0
2023-03,2023,3,Mar,COHORT_006,Tier 1,207000,34500,58000,10400,4900,8300,12100,13800,5600,47039,194639,12361,5.59,1
2023-04,2023,4,Apr,COHORT_006,Tier 1,207000,36400,58000,10400,5100,8300,9900,11800,8200,0,148100,58900,5.41,0
2023-05,2023,5,May,COHORT_006,Tier 1,207000,35200,58000,14500,4800,8300,13200,11700,4600,0,150300,56700,5.28,0
2023-06,2023,6,Jun,COHORT_006,Tier 1,207000,32400,58000,14500,7200,20700,13000,8600,5400,0,159800,47200,5.14,0
2023-07,2023,7,Jul,COHORT_006,Tier 1,207000,34400,58000,14500,5300,20700,11100,11900,5700,0,161600,45400,5.43,0
2023-08,2023,8,Aug,COHORT_006,Tier 1,207000,30700,58000,10400,5500,8300,11500,12000,6700,0,143100,63900,5.47,0
2023-09,2023,9,Sep,COHORT_006,Tier 1,207000,30300,58000,10400,7700,8300,10000,7000,7800,0,139500,67500,5.62,0
2023-10,2023,10,Oct,COHORT_006,Tier 1,207000,32300,58000,10400,6300,8300,14400,14800,6600,30839,181939,25061,5.66,1
2023-11,2023,11,Nov,COHORT_006,Tier 1,207000,36700,58000,10400,6700,8300,12700,15800,7800,30123,186523,20477,5.56,1
2023-12,2023,12,Dec,COHORT_006,Tier 1,207000,30900,58000,10400,4600,8300,9100,8000,8000,0,137300,69700,5.6,0
2024-01,2024,1,Jan,COHORT_006,Tier 1,221000,37000,62000,11000,6500,8800,11200,8300,6000,0,150800,70200,4.97,0
2024-02,2024,2,Feb,COHORT_006,Tier 1,221000,37200,62000,11000,4500,8800,10100,7400,7200,0,148200,72800,5.14,0
2024-03,2024,3,Mar,COHORT_006,Tier 1,221000,34600,62000,11000,8400,8800,13700,12600,6500,50259,207859,13141,5.1,1
2024-04,2024,4,Apr,COHORT_006,Tier 1,221000,39100,62000,11000,4900,8800,13000,10600,6200,0,155600,65400,4.66,0
2024-05,2024,5,May,COHORT_006,Tier 1,221000,39000,62000,15500,6700,8800,15400,7500,6600,0,161500,59500,4.85,0
2024-06,2024,6,Jun,COHORT_006,Tier 1,221000,37400,62000,15500,7100,22100,15100,7400,7700,0,174300,46700,4.61,0
2024-07,2024,7,Jul,COHORT_006,Tier 1,221000,38300,62000,15500,5400,22100,10800,11100,6500,0,171700,49300,4.86,0
2024-08,2024,8,Aug,COHORT_006,Tier 1,221000,32000,62000,11000,6600,8800,10700,8700,7700,0,147500,73500,4.49,0
2024-09,2024,9,Sep,COHORT_006,Tier 1,221000,33200,62000,11000,7900,8800,8900,7800,5300,0,144900,76100,4.95,0
2024-10,2024,10,Oct,COHORT_006,Tier 1,221000,37900,62000,11000,4900,8800,19700,13500,8200,30357,196357,24643,4.93,1
2024-11,2024,11,Nov,COHORT_006,Tier 1,221000,33200,62000,11000,5600,8800,20600,19400,8700,44882,214182,6818,4.81,1
2024-12,2024,12,Dec,COHORT_006,Tier 1,221000,31200,62000,11000,6000,8800,12900,7200,5200,0,144300,76700,4.83,0
2025-01,2025,1,Jan,COHORT_006,Tier 1,236000,41800,66000,11800,7400,9400,10300,7900,8600,0,163200,72800,4.89,0
2025-02,2025,2,Feb,COHORT_006,Tier 1,236000,41600,66000,11800,8300,9400,14000,9300,6800,0,167200,68800,4.4,0
2025-03,2025,3,Mar,COHORT_006,Tier 1,236000,37000,66000,11800,8100,9400,13300,11400,8700,34999,200699,35301,4.72,1
2025-04,2025,4,Apr,COHORT_006,Tier 1,236000,33300,66000,11800,6900,9400,14500,8400,6900,0,157200,78800,4.2,0
2025-05,2025,5,May,COHORT_006,Tier 1,236000,39500,66000,16500,6400,9400,12100,10700,5200,0,165800,70200,4.87,0
2025-06,2025,6,Jun,COHORT_006,Tier 1,236000,33100,66000,16500,9100,23600,16400,14000,7100,0,185800,50200,4.72,0
2025-07,2025,7,Jul,COHORT_006,Tier 1,236000,42200,66000,16500,9100,23600,13900,10200,9400,0,190900,45100,4.63,0
2025-08,2025,8,Aug,COHORT_006,Tier 1,236000,33800,66000,11800,8500,9400,16500,11900,6800,0,164700,71300,4.25,0
2025-09,2025,9,Sep,COHORT_006,Tier 1,236000,35500,66000,11800,5400,9400,9700,9600,7400,0,154800,81200,4.24,0
2025-10,2025,10,Oct,COHORT_006,Tier 1,236000,40800,66000,11800,6400,9400,14800,20400,9400,47482,226482,9518,4.74,1
2025-11,2025,11,Nov,COHORT_006,Tier 1,236000,42200,66000,11800,8400,9400,18000,19600,7600,47077,230077,5923,4.49,1
2025-12,2025,12,Dec,COHORT_006,Tier 1,236000,33400,66000,11800,6400,9400,13600,11000,6400,0,158000,78000,4.75,0
2021-01,2021,1,Jan,COHORT_007,Tier 2,155000,23500,28000,7800,3600,6200,6400,6000,6100,0,87600,67400,5.28,0
2021-02,2021,2,Feb,COHORT_007,Tier 2,155000,24500,28000,7800,3700,6200,9800,8400,3400,0,91800,63200,5.18,0
2021-03,2021,3,Mar,COHORT_007,Tier 2,155000,25800,28000,7800,5800,6200,10600,8100,3900,25976,122176,32824,5.39,1
2021-04,2021,4,Apr,COHORT_007,Tier 2,155000,23200,28000,7800,3200,6200,9100,8100,3600,0,89200,65800,4.74,0
2021-05,2021,5,May,COHORT_007,Tier 2,155000,25600,28000,10900,4500,6200,9000,8600,4200,0,97000,58000,5.49,0
2021-06,2021,6,Jun,COHORT_007,Tier 2,155000,27100,28000,10900,4600,15500,8200,5300,5800,0,105400,49600,5.22,0
2021-07,2021,7,Jul,COHORT_007,Tier 2,155000,22400,28000,10900,5700,15500,6800,8700,5200,0,103200,51800,5.21,0
2021-08,2021,8,Aug,COHORT_007,Tier 2,155000,26900,28000,7800,3900,6200,8800,6400,4600,0,92600,62400,5.35,0
2021-09,2021,9,Sep,COHORT_007,Tier 2,155000,22000,28000,7800,5100,6200,7200,6500,6100,0,88900,66100,5.11,0
2021-10,2021,10,Oct,COHORT_007,Tier 2,155000,25800,28000,7800,3300,6200,12000,10500,5700,32319,131619,23381,4.97,1
2021-11,2021,11,Nov,COHORT_007,Tier 2,155000,24800,28000,7800,5900,6200,9400,8600,5500,29308,125508,29492,5.14,1
2021-12,2021,12,Dec,COHORT_007,Tier 2,155000,23800,28000,7800,4100,6200,7100,7000,4600,0,88600,66400,5.29,0
2022-01,2022,1,Jan,COHORT_007,Tier 2,168000,26500,30000,8400,4900,6700,11200,5300,4200,0,97200,70800,6.54,0
2022-02,2022,2,Feb,COHORT_007,Tier 2,168000,23500,30000,8400,4600,6700,9500,9100,3900,0,95700,72300,6.72,0
2022-03,2022,3,Mar,COHORT_007,Tier 2,168000,23700,30000,8400,4200,6700,8600,6600,5300,34826,128326,39674,6.85,1
2022-04,2022,4,Apr,COHORT_007,Tier 2,168000,26500,30000,8400,4500,6700,11000,10000,5400,0,102500,65500,6.34,0
2022-05,2022,5,May,COHORT_007,Tier 2,168000,25300,30000,11800,5600,6700,8000,9100,5700,0,102200,65800,6.83,0
2022-06,2022,6,Jun,COHORT_007,Tier 2,168000,24000,30000,11800,3900,16800,8300,9100,6600,0,110500,57500,6.39,0
2022-07,2022,7,Jul,COHORT_007,Tier 2,168000,25700,30000,11800,6200,16800,9900,6000,6300,0,112700,55300,6.8,0
2022-08,2022,8,Aug,COHORT_007,Tier 2,168000,28800,30000,8400,6500,6700,9500,8500,4000,0,102400,65600,6.39,0
2022-09,2022,9,Sep,COHORT_007,Tier 2,168000,27200,30000,8400,3700,6700,11400,9500,6600,0,103500,64500,7.02,0
2022-10,2022,10,Oct,COHORT_007,Tier 2,168000,27500,30000,8400,4000,6700,10600,10800,5400,34040,137440,30560,6.97,1
2022-11,2022,11,Nov,COHORT_007,Tier 2,168000,24300,30000,8400,6100,6700,11200,13300,6300,25902,132202,35798,6.93,1
2022-12,2022,12,Dec,COHORT_007,Tier 2,168000,23900,30000,8400,6100,6700,9600,5200,6000,0,95900,72100,6.68,0
2023-01,2023,1,Jan,COHORT_007,Tier 2,180000,25700,32500,9000,6300,7200,8400,10000,6400,0,105500,74500,5.31,0
2023-02,2023,2,Feb,COHORT_007,Tier 2,180000,28600,32500,9000,6000,7200,10200,5700,6300,0,105500,74500,5.34,0
2023-03,2023,3,Mar,COHORT_007,Tier 2,180000,31900,32500,9000,6200,7200,9000,9200,3700,23834,132534,47466,5.43,1
2023-04,2023,4,Apr,COHORT_007,Tier 2,180000,26500,32500,9000,6200,7200,7300,9200,4000,0,101900,78100,5.24,0
2023-05,2023,5,May,COHORT_007,Tier 2,180000,27200,32500,12600,5200,7200,7300,6500,5500,0,104000,76000,5.45,0
2023-06,2023,6,Jun,COHORT_007,Tier 2,180000,30600,32500,12600,4300,18000,8400,7900,6300,0,120600,59400,5.69,0
2023-07,2023,7,Jul,COHORT_007,Tier 2,180000,28300,32500,12600,4900,18000,10800,6200,4600,0,117900,62100,5.57,0
2023-08,2023,8,Aug,COHORT_007,Tier 2,180000,25700,32500,9000,7000,7200,7600,10100,6600,0,105700,74300,5.08,0
2023-09,2023,9,Sep,COHORT_007,Tier 2,180000,28200,32500,9000,5600,7200,7900,9800,4900,0,105100,74900,5.56,0
2023-10,2023,10,Oct,COHORT_007,Tier 2,180000,27600,32500,9000,5900,7200,14600,12400,6700,38591,154491,25509,5.76,1
2023-11,2023,11,Nov,COHORT_007,Tier 2,180000,28200,32500,9000,5400,7200,13400,8300,6900,44281,155181,24819,5.79,1
2023-12,2023,12,Dec,COHORT_007,Tier 2,180000,27100,32500,9000,6300,7200,10000,10000,5200,0,107300,72700,5.77,0
2024-01,2024,1,Jan,COHORT_007,Tier 2,193000,33600,34500,9600,7200,7700,11300,8600,6400,0,118900,74100,4.74,0
2024-02,2024,2,Feb,COHORT_007,Tier 2,193000,31400,34500,9600,4600,7700,11400,9200,4800,0,113200,79800,4.61,0
2024-03,2024,3,Mar,COHORT_007,Tier 2,193000,33200,34500,9600,6400,7700,16000,8700,4700,34774,155574,37426,4.96,1
2024-04,2024,4,Apr,COHORT_007,Tier 2,193000,29400,34500,9600,5600,7700,12500,7300,6200,0,112800,80200,4.98,0
2024-05,2024,5,May,COHORT_007,Tier 2,193000,32700,34500,13500,4500,7700,12100,6100,7000,0,118100,74900,4.78,0
2024-06,2024,6,Jun,COHORT_007,Tier 2,193000,33800,34500,13500,6900,19300,11500,10600,7400,0,137500,55500,4.43,0
2024-07,2024,7,Jul,COHORT_007,Tier 2,193000,34700,34500,13500,7500,19300,10900,5900,4100,0,130400,62600,4.46,0
2024-08,2024,8,Aug,COHORT_007,Tier 2,193000,28900,34500,9600,5400,7700,11300,6200,5800,0,109400,83600,5.03,0
2024-09,2024,9,Sep,COHORT_007,Tier 2,193000,33900,34500,9600,6600,7700,10800,9800,6800,0,119700,73300,4.78,0
2024-10,2024,10,Oct,COHORT_007,Tier 2,193000,27400,34500,9600,4300,7700,14100,8700,6400,29876,142576,50424,4.96,1
2024-11,2024,11,Nov,COHORT_007,Tier 2,193000,29000,34500,9600,5100,7700,19200,15400,7100,26526,154126,38874,4.72,1
2024-12,2024,12,Dec,COHORT_007,Tier 2,193000,28100,34500,9600,7600,7700,13000,6200,6500,0,113200,79800,4.67,0
2025-01,2025,1,Jan,COHORT_007,Tier 2,205000,36600,37000,10200,4500,8200,11700,8400,6900,0,123500,81500,4.73,0
2025-02,2025,2,Feb,COHORT_007,Tier 2,205000,32000,37000,10200,7800,8200,11400,11900,4400,0,122900,82100,4.37,0
2025-03,2025,3,Mar,COHORT_007,Tier 2,205000,29400,37000,10200,7400,8200,11100,13900,4100,24604,145904,59096,4.53,1
2025-04,2025,4,Apr,COHORT_007,Tier 2,205000,32900,37000,10200,7200,8200,12200,11800,6700,0,126200,78800,4.34,0
2025-05,2025,5,May,COHORT_007,Tier 2,205000,35200,37000,14400,5400,8200,11000,8900,4800,0,124900,80100,4.51,0
2025-06,2025,6,Jun,COHORT_007,Tier 2,205000,31400,37000,14400,8000,20500,13100,12100,6900,0,143400,61600,4.16,0
2025-07,2025,7,Jul,COHORT_007,Tier 2,205000,34900,37000,14400,6400,20500,10400,9400,4400,0,137400,67600,4.14,0
2025-08,2025,8,Aug,COHORT_007,Tier 2,205000,36300,37000,10200,4900,8200,11100,11400,8000,0,127100,77900,4.78,0
2025-09,2025,9,Sep,COHORT_007,Tier 2,205000,33500,37000,10200,8100,8200,12600,7600,8000,0,125200,79800,4.46,0
2025-10,2025,10,Oct,COHORT_007,Tier 2,205000,29400,37000,10200,4100,8200,13900,16900,6900,29749,156349,48651,4.46,1
2025-11,2025,11,Nov,COHORT_007,Tier 2,205000,34100,37000,10200,7600,8200,17700,11100,8000,32960,166860,38140,4.66,1
2025-12,2025,12,Dec,COHORT_007,Tier 2,205000,31500,37000,10200,4400,8200,10000,7800,6800,0,115900,89100,4.5,0
2021-01,2021,1,Jan,COHORT_008,Tier 2,159000,27700,28500,8000,3600,6400,9200,8500,5800,0,97700,61300,5.45,0
2021-02,2021,2,Feb,COHORT_008,Tier 2,159000,25600,28500,8000,6300,6400,6900,9400,3600,0,94700,64300,5.31,0
2021-03,2021,3,Mar,COHORT_008,Tier 2,159000,27000,28500,8000,3300,6400,9800,10100,5300,25780,124180,34820,5.48,1
2021-04,2021,4,Apr,COHORT_008,Tier 2,159000,25900,28500,8000,4300,6400,7900,7900,5400,0,94300,64700,5.07,0
2021-05,2021,5,May,COHORT_008,Tier 2,159000,27200,28500,11100,4000,6400,8100,8100,6100,0,99500,59500,5.03,0
2021-06,2021,6,Jun,COHORT_008,Tier 2,159000,26800,28500,11100,4500,15900,9800,5400,4400,0,106400,52600,4.92,0
2021-07,2021,7,Jul,COHORT_008,Tier 2,159000,24800,28500,11100,3300,15900,10300,7100,3200,0,104200,54800,5.14,0
2021-08,2021,8,Aug,COHORT_008,Tier 2,159000,25200,28500,8000,6200,6400,10200,8800,3800,0,97100,61900,4.72,0
2021-09,2021,9,Sep,COHORT_008,Tier 2,159000,25200,28500,8000,6300,6400,6900,8800,5500,0,95600,63400,5.35,0
2021-10,2021,10,Oct,COHORT_008,Tier 2,159000,27400,28500,8000,3800,6400,12300,13600,4800,34961,139761,19239,4.85,1
2021-11,2021,11,Nov,COHORT_008,Tier 2,159000,23700,28500,8000,3700,6400,13600,7600,5700,22597,119797,39203,5.13,1
2021-12,2021,12,Dec,COHORT_008,Tier 2,159000,27000,28500,8000,4100,6400,8200,4800,5300,0,92300,66700,5.27,0
2022-01,2022,1,Jan,COHORT_008,Tier 2,172000,28600,31000,8600,6900,6900,9600,6900,5200,0,103700,68300,6.78,0
2022-02,2022,2,Feb,COHORT_008,Tier 2,172000,29500,31000,8600,4300,6900,7600,8400,5700,0,102000,70000,6.95,0
2022-03,2022,3,Mar,COHORT_008,Tier 2,172000,25700,31000,8600,6000,6900,14000,8000,3800,34168,138168,33832,7.1,1
2022-04,2022,4,Apr,COHORT_008,Tier 2,172000,26100,31000,8600,5800,6900,10900,7300,6400,0,103000,69000,6.9,0
2022-05,2022,5,May,COHORT_008,Tier 2,172000,26000,31000,12000,4900,6900,8200,9600,4500,0,103100,68900,6.91,0
2022-06,2022,6,Jun,COHORT_008,Tier 2,172000,30600,31000,12000,4400,17200,11500,7200,4200,0,118100,53900,6.64,0
2022-07,2022,7,Jul,COHORT_008,Tier 2,172000,28600,31000,12000,5900,17200,8900,9000,6300,0,118900,53100,6.69,0
2022-08,2022,8,Aug,COHORT_008,Tier 2,172000,24400,31000,8600,4200,6900,9200,5200,6800,0,96300,75700,7.01,0
2022-09,2022,9,Sep,COHORT_008,Tier 2,172000,25900,31000,8600,3900,6900,7600,9900,4900,0,98700,73300,7.0,0
2022-10,2022,10,Oct,COHORT_008,Tier 2,172000,26800,31000,8600,4700,6900,15500,11600,5800,32611,143511,28489,6.56,1
2022-11,2022,11,Nov,COHORT_008,Tier 2,172000,28200,31000,8600,3500,6900,11300,12100,5400,34667,141667,30333,6.34,1
2022-12,2022,12,Dec,COHORT_008,Tier 2,172000,30100,31000,8600,5200,6900,9100,5900,4000,0,100800,71200,6.35,0
2023-01,2023,1,Jan,COHORT_008,Tier 2,185000,28300,33500,9200,3800,7400,11600,10800,5300,0,109900,75100,5.37,0
2023-02,2023,2,Feb,COHORT_008,Tier 2,185000,27000,33500,9200,6800,7400,9800,11100,5100,0,109900,75100,5.36,0
2023-03,2023,3,Mar,COHORT_008,Tier 2,185000,28000,33500,9200,4900,7400,14600,11300,6600,45620,161120,23880,5.07,1
2023-04,2023,4,Apr,COHORT_008,Tier 2,185000,28300,33500,9200,3800,7400,10300,9900,4900,0,107300,77700,5.22,0
2023-05,2023,5,May,COHORT_008,Tier 2,185000,26400,33500,13000,4800,7400,9600,5900,7000,0,107600,77400,5.63,0
2023-06,2023,6,Jun,COHORT_008,Tier 2,185000,30200,33500,13000,7200,18500,8200,5900,5900,0,122400,62600,5.68,0
2023-07,2023,7,Jul,COHORT_008,Tier 2,185000,26900,33500,13000,4000,18500,8100,7900,3900,0,115800,69200,5.47,0
2023-08,2023,8,Aug,COHORT_008,Tier 2,185000,29600,33500,9200,6900,7400,11400,10000,4200,0,112200,72800,5.02,0
2023-09,2023,9,Sep,COHORT_008,Tier 2,185000,26400,33500,9200,5300,7400,10400,10400,7200,0,109800,75200,5.37,0
2023-10,2023,10,Oct,COHORT_008,Tier 2,185000,27700,33500,9200,4200,7400,13800,9100,5900,32013,142813,42187,5.2,1
2023-11,2023,11,Nov,COHORT_008,Tier 2,185000,32400,33500,9200,4500,7400,18100,10900,7300,28015,151315,33685,5.31,1
2023-12,2023,12,Dec,COHORT_008,Tier 2,185000,27000,33500,9200,5100,7400,12500,8700,6200,0,109600,75400,5.2,0
2024-01,2024,1,Jan,COHORT_008,Tier 2,197000,33500,35500,9800,6800,7900,13000,7300,5300,0,119100,77900,5.03,0
2024-02,2024,2,Feb,COHORT_008,Tier 2,197000,28200,35500,9800,6100,7900,12000,6900,5100,0,111500,85500,4.62,0
2024-03,2024,3,Mar,COHORT_008,Tier 2,197000,31000,35500,9800,4300,7900,15400,7300,7800,46981,165981,31019,4.96,1
2024-04,2024,4,Apr,COHORT_008,Tier 2,197000,32100,35500,9800,6900,7900,12900,10600,4300,0,120000,77000,4.89,0
2024-05,2024,5,May,COHORT_008,Tier 2,197000,33200,35500,13800,6200,7900,11100,7800,7900,0,123400,73600,5.19,0
2024-06,2024,6,Jun,COHORT_008,Tier 2,197000,33700,35500,13800,5100,19700,8000,6400,4200,0,126400,70600,4.78,0
2024-07,2024,7,Jul,COHORT_008,Tier 2,197000,30400,35500,13800,4200,19700,9200,8700,6900,0,128400,68600,4.56,0
2024-08,2024,8,Aug,COHORT_008,Tier 2,197000,32700,35500,9800,4600,7900,8300,6900,6500,0,112200,84800,5.06,0
2024-09,2024,9,Sep,COHORT_008,Tier 2,197000,30600,35500,9800,4300,7900,13500,9000,6300,0,116900,80100,4.46,0
2024-10,2024,10,Oct,COHORT_008,Tier 2,197000,30000,35500,9800,5200,7900,18100,9500,4300,40349,160649,36351,4.9,1
2024-11,2024,11,Nov,COHORT_008,Tier 2,197000,29500,35500,9800,7100,7900,16700,10700,4100,33533,154833,42167,5.04,1
2024-12,2024,12,Dec,COHORT_008,Tier 2,197000,32700,35500,9800,7200,7900,12600,9400,6300,0,121400,75600,5.17,0
2025-01,2025,1,Jan,COHORT_008,Tier 2,210000,32400,38000,10500,6100,8400,11300,12400,5700,0,124800,85200,4.86,0
2025-02,2025,2,Feb,COHORT_008,Tier 2,210000,35600,38000,10500,8100,8400,14200,10400,4300,0,129500,80500,4.57,0
2025-03,2025,3,Mar,COHORT_008,Tier 2,210000,32000,38000,10500,4800,8400,13700,14900,5600,52239,180139,29861,4.7,1
2025-04,2025,4,Apr,COHORT_008,Tier 2,210000,31000,38000,10500,5800,8400,12100,10700,5000,0,121500,88500,4.29,0
2025-05,2025,5,May,COHORT_008,Tier 2,210000,29600,38000,14700,6700,8400,13800,12400,7300,0,130900,79100,4.39,0
2025-06,2025,6,Jun,COHORT_008,Tier 2,210000,35400,38000,14700,4800,21000,10800,8100,7800,0,140600,69400,4.67,0
2025-07,2025,7,Jul,COHORT_008,Tier 2,210000,36200,38000,14700,4900,21000,10500,11800,4500,0,141600,68400,4.17,0
2025-08,2025,8,Aug,COHORT_008,Tier 2,210000,31400,38000,10500,5800,8400,9700,8500,5500,0,117800,92200,4.72,0
2025-09,2025,9,Sep,COHORT_008,Tier 2,210000,36600,38000,10500,5200,8400,13000,12100,5100,0,128900,81100,4.38,0
2025-10,2025,10,Oct,COHORT_008,Tier 2,210000,30200,38000,10500,8000,8400,21100,10500,4700,43115,174515,35485,4.3,1
2025-11,2025,11,Nov,COHORT_008,Tier 2,210000,30600,38000,10500,5100,8400,21900,17300,6200,43987,181987,28013,4.14,1
2025-12,2025,12,Dec,COHORT_008,Tier 2,210000,30900,38000,10500,8200,8400,14400,11000,5800,0,127200,82800,4.61,0
2021-01,2021,1,Jan,COHORT_009,Tier 3,52000,7400,9500,2600,1200,2100,2200,2500,2000,0,29500,22500,5.14,0
2021-02,2021,2,Feb,COHORT_009,Tier 3,52000,8700,9500,2600,1100,2100,2800,2400,2000,0,31200,20800,4.87,0
2021-03,2021,3,Mar,COHORT_009,Tier 3,52000,8500,9500,2600,1900,2100,2800,3400,1700,10501,43001,8999,5.19,1
2021-04,2021,4,Apr,COHORT_009,Tier 3,52000,9200,9500,2600,1900,2100,3400,1600,1100,0,31400,20600,5.31,0
2021-05,2021,5,May,COHORT_009,Tier 3,52000,9200,9500,3600,1200,2100,3000,2600,1700,0,32900,19100,5.11,0
2021-06,2021,6,Jun,COHORT_009,Tier 3,52000,7500,9500,3600,1200,5200,2400,2800,2000,0,34200,17800,5.22,0
2021-07,2021,7,Jul,COHORT_009,Tier 3,52000,9400,9500,3600,1600,5200,2400,2400,2000,0,36100,15900,5.0,0
2021-08,2021,8,Aug,COHORT_009,Tier 3,52000,8800,9500,2600,1000,2100,3600,2400,1800,0,31800,20200,5.09,0
2021-09,2021,9,Sep,COHORT_009,Tier 3,52000,9300,9500,2600,1700,2100,2900,2300,1600,0,32000,20000,5.16,0
2021-10,2021,10,Oct,COHORT_009,Tier 3,52000,7700,9500,2600,1300,2100,3700,2700,1200,8568,39368,12632,5.16,1
2021-11,2021,11,Nov,COHORT_009,Tier 3,52000,8800,9500,2600,1700,2100,4000,3500,1100,11145,44445,7555,5.32,1
2021-12,2021,12,Dec,COHORT_009,Tier 3,52000,7700,9500,2600,1800,2100,2100,1800,1100,0,28700,23300,5.09,0
2022-01,2022,1,Jan,COHORT_009,Tier 3,56000,8700,10000,2800,2200,2200,3600,3200,2200,0,34900,21100,6.81,0
2022-02,2022,2,Feb,COHORT_009,Tier 3,56000,9100,10000,2800,1700,2200,2400,2500,1700,0,32400,23600,6.74,0
2022-03,2022,3,Mar,COHORT_009,Tier 3,56000,9700,10000,2800,1400,2200,3500,3300,1800,7505,42205,13795,7.02,1
2022-04,2022,4,Apr,COHORT_009,Tier 3,56000,8700,10000,2800,2000,2200,2900,2800,1900,0,33300,22700,6.39,0
2022-05,2022,5,May,COHORT_009,Tier 3,56000,8000,10000,3900,1400,2200,2700,3100,2100,0,33400,22600,7.07,0
2022-06,2022,6,Jun,COHORT_009,Tier 3,56000,8600,10000,3900,1600,5600,3200,3200,1300,0,37400,18600,6.9,0
2022-07,2022,7,Jul,COHORT_009,Tier 3,56000,9900,10000,3900,1300,5600,2700,2800,1200,0,37400,18600,6.84,0
2022-08,2022,8,Aug,COHORT_009,Tier 3,56000,8000,10000,2800,1700,2200,3900,3200,1500,0,33300,22700,6.94,0
2022-09,2022,9,Sep,COHORT_009,Tier 3,56000,10000,10000,2800,1400,2200,3300,2300,1700,0,33700,22300,6.51,0
2022-10,2022,10,Oct,COHORT_009,Tier 3,56000,9200,10000,2800,1700,2200,4900,4900,1500,7615,44815,11185,6.69,1
2022-11,2022,11,Nov,COHORT_009,Tier 3,56000,8700,10000,2800,1200,2200,5500,4900,1300,8278,44878,11122,6.81,1
2022-12,2022,12,Dec,COHORT_009,Tier 3,56000,9800,10000,2800,2100,2200,2900,2300,1500,0,33600,22400,6.57,0
2023-01,2023,1,Jan,COHORT_009,Tier 3,60000,9200,11000,3000,1400,2400,3800,3200,2400,0,36400,23600,5.02,0
2023-02,2023,2,Feb,COHORT_009,Tier 3,60000,10000,11000,3000,1500,2400,3200,3200,1500,0,35800,24200,5.41,0
2023-03,2023,3,Mar,COHORT_009,Tier 3,60000,10800,11000,3000,1800,2400,4400,3600,2100,7717,46817,13183,5.09,1
2023-04,2023,4,Apr,COHORT_009,Tier 3,60000,9100,11000,3000,1700,2400,3000,2500,2300,0,35000,25000,5.35,0
2023-05,2023,5,May,COHORT_009,Tier 3,60000,8900,11000,4200,1700,2400,3700,1800,1200,0,34900,25100,5.41,0
2023-06,2023,6,Jun,COHORT_009,Tier 3,60000,10000,11000,4200,2300,6000,4100,3000,1300,0,41900,18100,5.34,0
2023-07,2023,7,Jul,COHORT_009,Tier 3,60000,10700,11000,4200,2000,6000,3800,2600,1500,0,41800,18200,5.35,0
2023-08,2023,8,Aug,COHORT_009,Tier 3,60000,10700,11000,3000,1500,2400,2900,1800,2000,0,35300,24700,5.37,0
2023-09,2023,9,Sep,COHORT_009,Tier 3,60000,9200,11000,3000,1600,2400,2500,3100,2000,0,34800,25200,5.16,0
2023-10,2023,10,Oct,COHORT_009,Tier 3,60000,8900,11000,3000,2400,2400,5700,5000,2400,13021,53821,6179,5.79,1
2023-11,2023,11,Nov,COHORT_009,Tier 3,60000,9500,11000,3000,1400,2400,5400,4600,1900,10494,49694,10306,5.18,1
2023-12,2023,12,Dec,COHORT_009,Tier 3,60000,9600,11000,3000,1800,2400,2800,2300,2100,0,35000,25000,5.31,0
2024-01,2024,1,Jan,COHORT_009,Tier 3,64000,9300,11500,3200,2100,2600,2800,3400,2400,0,37300,26700,5.17,0
2024-02,2024,2,Feb,COHORT_009,Tier 3,64000,9300,11500,3200,1500,2600,2900,3700,1300,0,36000,28000,4.96,0
2024-03,2024,3,Mar,COHORT_009,Tier 3,64000,11000,11500,3200,2400,2600,4500,3100,1900,13401,53601,10399,4.63,1
2024-04,2024,4,Apr,COHORT_009,Tier 3,64000,9300,11500,3200,1300,2600,4200,2200,2200,0,36500,27500,4.47,0
2024-05,2024,5,May,COHORT_009,Tier 3,64000,10300,11500,4500,1800,2600,3500,2800,1800,0,38800,25200,4.99,0
2024-06,2024,6,Jun,COHORT_009,Tier 3,64000,9100,11500,4500,2300,6400,3600,2500,1800,0,41700,22300,4.97,0
2024-07,2024,7,Jul,COHORT_009,Tier 3,64000,10800,11500,4500,1400,6400,4300,3500,2200,0,44600,19400,4.5,0
2024-08,2024,8,Aug,COHORT_009,Tier 3,64000,9200,11500,3200,1700,2600,4300,3400,1400,0,37300,26700,4.55,0
2024-09,2024,9,Sep,COHORT_009,Tier 3,64000,9200,11500,3200,1600,2600,2900,3000,2300,0,36300,27700,4.77,0
2024-10,2024,10,Oct,COHORT_009,Tier 3,64000,10700,11500,3200,1600,2600,6100,3600,1600,11396,52296,11704,4.48,1
2024-11,2024,11,Nov,COHORT_009,Tier 3,64000,11000,11500,3200,2300,2600,5000,4400,1500,15923,57423,6577,4.78,1
2024-12,2024,12,Dec,COHORT_009,Tier 3,64000,9600,11500,3200,1900,2600,3200,2100,2300,0,36400,27600,5.18,0
2025-01,2025,1,Jan,COHORT_009,Tier 3,69000,10900,12500,3400,2000,2800,4700,3600,2200,0,42100,26900,4.26,0
2025-02,2025,2,Feb,COHORT_009,Tier 3,69000,12100,12500,3400,2300,2800,4000,2100,1500,0,40700,28300,4.3,0
2025-03,2025,3,Mar,COHORT_009,Tier 3,69000,10800,12500,3400,2100,2800,5000,4300,1800,10705,53405,15595,4.74,1
2025-04,2025,4,Apr,COHORT_009,Tier 3,69000,10100,12500,3400,1700,2800,3300,3500,2000,0,39300,29700,4.63,0
2025-05,2025,5,May,COHORT_009,Tier 3,69000,12300,12500,4800,1800,2800,3000,3800,1800,0,42800,26200,4.87,0
2025-06,2025,6,Jun,COHORT_009,Tier 3,69000,11100,12500,4800,2000,6900,3200,2600,1600,0,44700,24300,4.39,0
2025-07,2025,7,Jul,COHORT_009,Tier 3,69000,11700,12500,4800,2700,6900,2800,2600,2600,0,46600,22400,4.47,0
2025-08,2025,8,Aug,COHORT_009,Tier 3,69000,10500,12500,3400,1800,2800,3300,4100,1800,0,40200,28800,4.77,0
2025-09,2025,9,Sep,COHORT_009,Tier 3,69000,10400,12500,3400,1500,2800,2800,4000,2300,0,39700,29300,4.56,0
2025-10,2025,10,Oct,COHORT_009,Tier 3,69000,11300,12500,3400,2100,2800,5200,4400,1400,14370,57470,11530,4.42,1
2025-11,2025,11,Nov,COHORT_009,Tier 3,69000,10800,12500,3400,2300,2800,5400,4500,1700,13496,56896,12104,4.69,1
2025-12,2025,12,Dec,COHORT_009,Tier 3,69000,11000,12500,3400,2100,2800,4700,2900,2400,0,41800,27200,4.79,0
2021-01,2021,1,Jan,COHORT_010,Tier 3,125000,22000,22500,6200,4000,5000,7200,6400,3900,0,77200,47800,5.29,0
2021-02,2021,2,Feb,COHORT_010,Tier 3,125000,22200,22500,6200,4900,5000,7400,6800,3700,0,78700,46300,5.42,0
2021-03,2021,3,Mar,COHORT_010,Tier 3,125000,20400,22500,6200,5000,5000,10300,7600,3800,29296,110096,14904,4.79,1
2021-04,2021,4,Apr,COHORT_010,Tier 3,125000,21300,22500,6200,3500,5000,5500,3800,4400,0,72200,52800,4.77,0
2021-05,2021,5,May,COHORT_010,Tier 3,125000,19200,22500,8800,4200,5000,7700,6400,3200,0,77000,48000,5.02,0
2021-06,2021,6,Jun,COHORT_010,Tier 3,125000,18900,22500,8800,3100,12500,6200,6300,3000,0,81300,43700,5.28,0
2021-07,2021,7,Jul,COHORT_010,Tier 3,125000,18400,22500,8800,4800,12500,8400,5000,3400,0,83800,41200,5.22,0
2021-08,2021,8,Aug,COHORT_010,Tier 3,125000,19800,22500,6200,3800,5000,7000,6200,3800,0,74300,50700,5.14,0
2021-09,2021,9,Sep,COHORT_010,Tier 3,125000,21700,22500,6200,2500,5000,8100,5200,3300,0,74500,50500,5.08,0
2021-10,2021,10,Oct,COHORT_010,Tier 3,125000,18400,22500,6200,2600,5000,10500,8800,2900,19936,96836,28164,5.5,1
2021-11,2021,11,Nov,COHORT_010,Tier 3,125000,20800,22500,6200,4700,5000,8000,7300,2900,26502,103902,21098,4.85,1
2021-12,2021,12,Dec,COHORT_010,Tier 3,125000,20000,22500,6200,3800,5000,8000,4700,4300,0,74500,50500,5.39,0
2022-01,2022,1,Jan,COHORT_010,Tier 3,135000,19900,24500,6800,3400,5400,6000,6300,3500,0,75800,59200,6.33,0
2022-02,2022,2,Feb,COHORT_010,Tier 3,135000,22900,24500,6800,4200,5400,7900,5700,4000,0,81400,53600,6.72,0
2022-03,2022,3,Mar,COHORT_010,Tier 3,135000,23700,24500,6800,3300,5400,8700,8900,3000,32615,116915,18085,6.31,1
2022-04,2022,4,Apr,COHORT_010,Tier 3,135000,19600,24500,6800,4900,5400,6700,6400,4200,0,78500,56500,7.04,0
2022-05,2022,5,May,COHORT_010,Tier 3,135000,20700,24500,9400,2700,5400,9100,4700,4000,0,80500,54500,6.33,0
2022-06,2022,6,Jun,COHORT_010,Tier 3,135000,19800,24500,9400,5200,13500,8200,5000,5000,0,90600,44400,6.99,0
2022-07,2022,7,Jul,COHORT_010,Tier 3,135000,21400,24500,9400,5100,13500,5500,5600,3500,0,88500,46500,6.79,0
2022-08,2022,8,Aug,COHORT_010,Tier 3,135000,21100,24500,6800,5400,5400,6000,7400,4200,0,80800,54200,6.98,0
2022-09,2022,9,Sep,COHORT_010,Tier 3,135000,20700,24500,6800,2800,5400,7900,4800,4800,0,77700,57300,6.99,0
2022-10,2022,10,Oct,COHORT_010,Tier 3,135000,18900,24500,6800,4600,5400,12500,6900,3000,31709,114309,20691,6.51,1
2022-11,2022,11,Nov,COHORT_010,Tier 3,135000,23100,24500,6800,4300,5400,9400,9900,5000,16203,104603,30397,6.6,1
2022-12,2022,12,Dec,COHORT_010,Tier 3,135000,22400,24500,6800,4000,5400,6500,6400,3800,0,79800,55200,6.3,0
2023-01,2023,1,Jan,COHORT_010,Tier 3,145000,24700,26000,7200,4000,5800,10000,6000,3200,0,86900,58100,5.71,0
2023-02,2023,2,Feb,COHORT_010,Tier 3,145000,23300,26000,7200,3400,5800,7100,5300,5000,0,83100,61900,5.13,0
2023-03,2023,3,Mar,COHORT_010,Tier 3,145000,24600,26000,7200,4000,5800,7400,5900,3400,33951,118251,26749,5.13,1
2023-04,2023,4,Apr,COHORT_010,Tier 3,145000,25900,26000,7200,5300,5800,6700,6900,4900,0,88700,56300,5.74,0
2023-05,2023,5,May,COHORT_010,Tier 3,145000,23400,26000,10200,5600,5800,9400,8200,3700,0,92300,52700,5.15,0
2023-06,2023,6,Jun,COHORT_010,Tier 3,145000,21700,26000,10200,3000,14500,6400,7500,5200,0,94500,50500,5.65,0
2023-07,2023,7,Jul,COHORT_010,Tier 3,145000,20800,26000,10200,5400,14500,6000,7700,4600,0,95200,49800,5.68,0
2023-08,2023,8,Aug,COHORT_010,Tier 3,145000,22300,26000,7200,4900,5800,10000,4400,4700,0,85300,59700,5.4,0
2023-09,2023,9,Sep,COHORT_010,Tier 3,145000,22000,26000,7200,4800,5800,6600,8100,5600,0,86100,58900,5.43,0
2023-10,2023,10,Oct,COHORT_010,Tier 3,145000,24900,26000,7200,5600,5800,14300,10700,5300,30815,130615,14385,5.5,1
2023-11,2023,11,Nov,COHORT_010,Tier 3,145000,22100,26000,7200,4900,5800,12800,10300,5600,32257,126957,18043,5.7,1
2023-12,2023,12,Dec,COHORT_010,Tier 3,145000,23100,26000,7200,3600,5800,8700,6900,4800,0,86100,58900,5.68,0
2024-01,2024,1,Jan,COHORT_010,Tier 3,155000,26400,28000,7800,3400,6200,7500,8900,5400,0,93600,61400,5.05,0
2024-02,2024,2,Feb,COHORT_010,Tier 3,155000,26000,28000,7800,6200,6200,6600,6000,6000,0,92800,62200,4.4,0
2024-03,2024,3,Mar,COHORT_010,Tier 3,155000,27400,28000,7800,4000,6200,12900,10100,4700,35025,136125,18875,4.73,1
2024-04,2024,4,Apr,COHORT_010,Tier 3,155000,25800,28000,7800,4300,6200,6900,7600,5100,0,91700,63300,4.89,0
2024-05,2024,5,May,COHORT_010,Tier 3,155000,22900,28000,10900,3600,6200,8500,6700,4200,0,91000,64000,4.92,0
2024-06,2024,6,Jun,COHORT_010,Tier 3,155000,25800,28000,10900,6100,15500,9000,5300,6200,0,106800,48200,4.98,0
2024-07,2024,7,Jul,COHORT_010,Tier 3,155000,22500,28000,10900,5400,15500,9200,6400,4400,0,102300,52700,4.98,0
2024-08,2024,8,Aug,COHORT_010,Tier 3,155000,25500,28000,7800,3400,6200,9700,6700,5700,0,93000,62000,5.11,0
2024-09,2024,9,Sep,COHORT_010,Tier 3,155000,22600,28000,7800,5600,6200,10600,7500,5600,0,93900,61100,4.96,0
2024-10,2024,10,Oct,COHORT_010,Tier 3,155000,22300,28000,7800,3200,6200,16100,10100,4100,22673,120473,34527,4.92,1
2024-11,2024,11,Nov,COHORT_010,Tier 3,155000,22700,28000,7800,5500,6200,13400,12600,4500,22582,123282,31718,4.72,1
2024-12,2024,12,Dec,COHORT_010,Tier 3,155000,24300,28000,7800,4800,6200,8400,7200,4500,0,91200,63800,4.49,0
2025-01,2025,1,Jan,COHORT_010,Tier 3,165000,24300,29500,8200,6400,6600,6900,8300,6200,0,96400,68600,4.76,0
2025-02,2025,2,Feb,COHORT_010,Tier 3,165000,24000,29500,8200,5600,6600,8000,6300,3800,0,92000,73000,4.7,0
2025-03,2025,3,Mar,COHORT_010,Tier 3,165000,25900,29500,8200,4600,6600,13700,9800,4400,21103,123803,41197,4.36,1
2025-04,2025,4,Apr,COHORT_010,Tier 3,165000,25900,29500,8200,5500,6600,7400,8900,4200,0,96200,68800,4.19,0
2025-05,2025,5,May,COHORT_010,Tier 3,165000,28100,29500,11600,4600,6600,8000,9100,5800,0,103300,61700,4.53,0
2025-06,2025,6,Jun,COHORT_010,Tier 3,165000,27800,29500,11600,5100,16500,8000,7300,3400,0,109200,55800,4.63,0
2025-07,2025,7,Jul,COHORT_010,Tier 3,165000,26000,29500,11600,5300,16500,8900,5400,4900,0,108100,56900,4.57,0
2025-08,2025,8,Aug,COHORT_010,Tier 3,165000,24200,29500,8200,5200,6600,7100,9000,4000,0,93800,71200,4.86,0
2025-09,2025,9,Sep,COHORT_010,Tier 3,165000,25500,29500,8200,3900,6600,8100,6000,5300,0,93100,71900,4.21,0
2025-10,2025,10,Oct,COHORT_010,Tier 3,165000,27100,29500,8200,5000,6600,14700,9000,3500,35076,138676,26324,4.83,1
2025-11,2025,11,Nov,COHORT_010,Tier 3,165000,29300,29500,8200,5000,6600,15000,7700,4500,25351,131151,33849,4.59,1
2025-12,2025,12,Dec,COHORT_010,Tier 3,165000,23200,29500,8200,3900,6600,7900,6600,6000,0,91900,73100,4.45,0
2021-01,2021,1,Jan,COHORT_011,Tier 3,101000,17400,18000,5000,2200,4000,6500,5300,3400,0,61800,39200,5.32,0
2021-02,2021,2,Feb,COHORT_011,Tier 3,101000,17300,18000,5000,3900,4000,4800,5700,3500,0,62200,38800,5.5,0
2021-03,2021,3,Mar,COHORT_011,Tier 3,101000,16700,18000,5000,2600,4000,8000,7200,3200,23776,88476,12524,4.81,1
2021-04,2021,4,Apr,COHORT_011,Tier 3,101000,16900,18000,5000,3200,4000,4900,4100,3900,0,60000,41000,4.77,0
2021-05,2021,5,May,COHORT_011,Tier 3,101000,17200,18000,7100,2400,4000,6600,5500,3800,0,64600,36400,5.16,0
2021-06,2021,6,Jun,COHORT_011,Tier 3,101000,15300,18000,7100,3800,10100,4900,3800,2300,0,65300,35700,5.37,0
2021-07,2021,7,Jul,COHORT_011,Tier 3,101000,15100,18000,7100,3300,10100,5800,5100,3800,0,68300,32700,5.49,0
2021-08,2021,8,Aug,COHORT_011,Tier 3,101000,15300,18000,5000,2900,4000,7000,5800,3200,0,61200,39800,5.43,0
2021-09,2021,9,Sep,COHORT_011,Tier 3,101000,17100,18000,5000,2000,4000,4900,5600,3700,0,60300,40700,4.97,0
2021-10,2021,10,Oct,COHORT_011,Tier 3,101000,16400,18000,5000,3600,4000,7400,6600,3300,17107,81407,19593,4.93,1
2021-11,2021,11,Nov,COHORT_011,Tier 3,101000,17700,18000,5000,2400,4000,8600,5300,3400,12954,77354,23646,5.5,1
2021-12,2021,12,Dec,COHORT_011,Tier 3,101000,18100,18000,5000,3500,4000,5700,3500,2200,0,60000,41000,4.78,0
2022-01,2022,1,Jan,COHORT_011,Tier 3,109000,19100,19500,5400,3300,4400,6700,4200,2500,0,65100,43900,7.09,0
2022-02,2022,2,Feb,COHORT_011,Tier 3,109000,19500,19500,5400,3100,4400,7300,4500,4100,0,67800,41200,6.6,0
2022-03,2022,3,Mar,COHORT_011,Tier 3,109000,16200,19500,5400,3600,4400,8600,3900,4200,17266,83066,25934,6.84,1
2022-04,2022,4,Apr,COHORT_011,Tier 3,109000,16100,19500,5400,2900,4400,7100,3400,2900,0,61700,47300,6.96,0
2022-05,2022,5,May,COHORT_011,Tier 3,109000,15300,19500,7600,3600,4400,6400,6000,3800,0,66600,42400,6.87,0
2022-06,2022,6,Jun,COHORT_011,Tier 3,109000,17700,19500,7600,4000,10900,5200,4500,3800,0,73200,35800,6.65,0
2022-07,2022,7,Jul,COHORT_011,Tier 3,109000,16200,19500,7600,3500,10900,7600,5500,2600,0,73400,35600,6.84,0
2022-08,2022,8,Aug,COHORT_011,Tier 3,109000,17900,19500,5400,4000,4400,5600,4800,3200,0,64800,44200,6.86,0
2022-09,2022,9,Sep,COHORT_011,Tier 3,109000,18100,19500,5400,2400,4400,7000,4700,4000,0,65500,43500,6.63,0
2022-10,2022,10,Oct,COHORT_011,Tier 3,109000,17000,19500,5400,2900,4400,8800,6400,3000,16532,83932,25068,6.59,1
2022-11,2022,11,Nov,COHORT_011,Tier 3,109000,17500,19500,5400,2400,4400,7100,5200,3400,18873,83773,25227,6.76,1
2022-12,2022,12,Dec,COHORT_011,Tier 3,109000,17900,19500,5400,3500,4400,7500,4200,3500,0,65900,43100,6.63,0
2023-01,2023,1,Jan,COHORT_011,Tier 3,117000,17100,21000,5800,3100,4700,5400,5600,2700,0,65400,51600,5.73,0
2023-02,2023,2,Feb,COHORT_011,Tier 3,117000,16800,21000,5800,3300,4700,7200,4200,3500,0,66500,50500,5.62,0
2023-03,2023,3,Mar,COHORT_011,Tier 3,117000,18500,21000,5800,3800,4700,5900,7300,2900,17801,87701,29299,5.59,1
2023-04,2023,4,Apr,COHORT_011,Tier 3,117000,16600,21000,5800,2500,4700,6300,5400,3300,0,65600,51400,5.31,0
2023-05,2023,5,May,COHORT_011,Tier 3,117000,19600,21000,8200,3200,4700,5700,7000,2400,0,71800,45200,5.26,0
2023-06,2023,6,Jun,COHORT_011,Tier 3,117000,18900,21000,8200,4000,11700,8100,5000,4100,0,81000,36000,5.53,0
2023-07,2023,7,Jul,COHORT_011,Tier 3,117000,18100,21000,8200,3100,11700,7200,5400,4500,0,79200,37800,5.04,0
2023-08,2023,8,Aug,COHORT_011,Tier 3,117000,19600,21000,5800,2600,4700,7600,4900,3600,0,69800,47200,5.68,0
2023-09,2023,9,Sep,COHORT_011,Tier 3,117000,18100,21000,5800,4600,4700,7000,4800,3400,0,69400,47600,5.31,0
2023-10,2023,10,Oct,COHORT_011,Tier 3,117000,18400,21000,5800,4300,4700,8100,7200,4400,24097,97997,19003,5.71,1
2023-11,2023,11,Nov,COHORT_011,Tier 3,117000,17000,21000,5800,4200,4700,9200,6000,2600,23495,93995,23005,5.5,1
2023-12,2023,12,Dec,COHORT_011,Tier 3,117000,16800,21000,5800,2900,4700,6000,6800,4600,0,68600,48400,5.34,0
2024-01,2024,1,Jan,COHORT_011,Tier 3,125000,18700,22500,6200,4000,5000,6400,6300,4600,0,73700,51300,5.15,0
2024-02,2024,2,Feb,COHORT_011,Tier 3,125000,22000,22500,6200,3700,5000,6900,4400,4500,0,75200,49800,4.56,0
2024-03,2024,3,Mar,COHORT_011,Tier 3,125000,19400,22500,6200,3600,5000,6300,5700,4200,21683,94583,30417,4.95,1
2024-04,2024,4,Apr,COHORT_011,Tier 3,125000,21200,22500,6200,4900,5000,7400,5300,2600,0,75100,49900,4.53,0
2024-05,2024,5,May,COHORT_011,Tier 3,125000,19500,22500,8800,4900,5000,7500,7400,4500,0,80100,44900,4.6,0
2024-06,2024,6,Jun,COHORT_011,Tier 3,125000,22100,22500,8800,4300,12500,8100,5000,3600,0,86900,38100,4.61,0
2024-07,2024,7,Jul,COHORT_011,Tier 3,125000,18800,22500,8800,5000,12500,6700,4800,4300,0,83400,41600,4.55,0
2024-08,2024,8,Aug,COHORT_011,Tier 3,125000,18000,22500,6200,4500,5000,7400,3800,4000,0,71400,53600,5.14,0
2024-09,2024,9,Sep,COHORT_011,Tier 3,125000,22100,22500,6200,3700,5000,8000,7400,3100,0,78000,47000,4.82,0
2024-10,2024,10,Oct,COHORT_011,Tier 3,125000,21300,22500,6200,3700,5000,7600,9200,4400,20699,100599,24401,5.01,1
2024-11,2024,11,Nov,COHORT_011,Tier 3,125000,22300,22500,6200,2500,5000,8600,7000,5000,25879,104979,20021,4.83,1
2024-12,2024,12,Dec,COHORT_011,Tier 3,125000,19100,22500,6200,4000,5000,5700,6300,2600,0,71400,53600,4.85,0
2025-01,2025,1,Jan,COHORT_011,Tier 3,133000,22300,24000,6600,3500,5300,7800,7800,3600,0,80900,52100,4.69,0
2025-02,2025,2,Feb,COHORT_011,Tier 3,133000,19100,24000,6600,2800,5300,6100,7800,4900,0,76600,56400,4.57,0
2025-03,2025,3,Mar,COHORT_011,Tier 3,133000,23300,24000,6600,4100,5300,7400,8100,4700,32096,115596,17404,4.14,1
2025-04,2025,4,Apr,COHORT_011,Tier 3,133000,20200,24000,6600,3400,5300,9000,4300,3700,0,76500,56500,4.61,0
2025-05,2025,5,May,COHORT_011,Tier 3,133000,22200,24000,9300,3200,5300,5300,4800,3400,0,77500,55500,4.38,0
2025-06,2025,6,Jun,COHORT_011,Tier 3,133000,21700,24000,9300,3800,13300,7800,7000,4900,0,91800,41200,4.11,0
2025-07,2025,7,Jul,COHORT_011,Tier 3,133000,22800,24000,9300,4800,13300,7400,7700,3500,0,92800,40200,4.62,0
2025-08,2025,8,Aug,COHORT_011,Tier 3,133000,23400,24000,6600,5300,5300,8000,6100,4600,0,83300,49700,4.39,0
2025-09,2025,9,Sep,COHORT_011,Tier 3,133000,22400,24000,6600,3300,5300,8200,4200,3500,0,77500,55500,4.57,0
2025-10,2025,10,Oct,COHORT_011,Tier 3,133000,21300,24000,6600,2800,5300,9300,9600,4700,23887,107487,25513,4.65,1
2025-11,2025,11,Nov,COHORT_011,Tier 3,133000,20400,24000,6600,3400,5300,13100,7600,3400,29575,113375,19625,4.53,1
2025-12,2025,12,Dec,COHORT_011,Tier 3,133000,22600,24000,6600,4700,5300,5400,7400,3800,0,79800,53200,4.75,0
2021-01,2021,1,Jan,COHORT_012,Tier 3,43000,7700,7500,2200,1400,1700,2500,1500,900,0,25400,17600,4.92,0
2021-02,2021,2,Feb,COHORT_012,Tier 3,43000,6600,7500,2200,1400,1700,2500,1500,1100,0,24500,18500,5.29,0
2021-03,2021,3,Mar,COHORT_012,Tier 3,43000,6700,7500,2200,1100,1700,2400,2100,1000,10284,34984,8016,5.03,1
2021-04,2021,4,Apr,COHORT_012,Tier 3,43000,7400,7500,2200,1400,1700,2300,2400,1700,0,26600,16400,4.89,0
2021-05,2021,5,May,COHORT_012,Tier 3,43000,7300,7500,3000,1000,1700,2800,2400,1200,0,26900,16100,5.2,0
2021-06,2021,6,Jun,COHORT_012,Tier 3,43000,6700,7500,3000,1500,4300,2200,1300,1500,0,28000,15000,5.42,0
2021-07,2021,7,Jul,COHORT_012,Tier 3,43000,7400,7500,3000,1100,4300,1800,2200,1100,0,28400,14600,4.8,0
2021-08,2021,8,Aug,COHORT_012,Tier 3,43000,7500,7500,2200,1000,1700,1900,2200,1200,0,25200,17800,4.8,0
2021-09,2021,9,Sep,COHORT_012,Tier 3,43000,6400,7500,2200,1600,1700,2000,2500,900,0,24800,18200,5.34,0
2021-10,2021,10,Oct,COHORT_012,Tier 3,43000,6000,7500,2200,1700,1700,3500,3100,1600,6385,33685,9315,5.13,1
2021-11,2021,11,Nov,COHORT_012,Tier 3,43000,6000,7500,2200,1300,1700,3600,2800,1000,8888,34988,8012,5.11,1
2021-12,2021,12,Dec,COHORT_012,Tier 3,43000,6100,7500,2200,1700,1700,2200,1700,1500,0,24600,18400,5.4,0
2022-01,2022,1,Jan,COHORT_012,Tier 3,46000,6900,8500,2300,1000,1800,3000,2000,1500,0,27000,19000,6.86,0
2022-02,2022,2,Feb,COHORT_012,Tier 3,46000,7300,8500,2300,900,1800,3200,2200,1000,0,27200,18800,6.76,0
2022-03,2022,3,Mar,COHORT_012,Tier 3,46000,7300,8500,2300,1200,1800,3300,2200,1700,10116,38416,7584,6.52,1
2022-04,2022,4,Apr,COHORT_012,Tier 3,46000,8200,8500,2300,1800,1800,3100,1900,1500,0,29100,16900,7.05,0
2022-05,2022,5,May,COHORT_012,Tier 3,46000,7100,8500,3200,1500,1800,3000,1700,1300,0,28100,17900,6.63,0
2022-06,2022,6,Jun,COHORT_012,Tier 3,46000,8200,8500,3200,900,4600,2800,1500,1100,0,30800,15200,6.43,0
2022-07,2022,7,Jul,COHORT_012,Tier 3,46000,6600,8500,3200,1100,4600,2200,1900,1100,0,29200,16800,6.7,0
2022-08,2022,8,Aug,COHORT_012,Tier 3,46000,7300,8500,2300,1800,1800,1900,1500,1500,0,26600,19400,6.33,0
2022-09,2022,9,Sep,COHORT_012,Tier 3,46000,7100,8500,2300,1100,1800,2900,2700,1000,0,27400,18600,6.42,0
2022-10,2022,10,Oct,COHORT_012,Tier 3,46000,7800,8500,2300,1200,1800,3900,2100,1000,10858,39458,6542,6.74,1
2022-11,2022,11,Nov,COHORT_012,Tier 3,46000,7900,8500,2300,1800,1800,4100,3400,1400,8859,40059,5941,6.48,1
2022-12,2022,12,Dec,COHORT_012,Tier 3,46000,6700,8500,2300,1700,1800,3100,2500,1500,0,28100,17900,6.7,0
2023-01,2023,1,Jan,COHORT_012,Tier 3,49000,7500,9000,2400,1400,2000,2200,2600,1600,0,28700,20300,5.21,0
2023-02,2023,2,Feb,COHORT_012,Tier 3,49000,7600,9000,2400,1900,2000,2700,2800,1400,0,29800,19200,5.1,0
2023-03,2023,3,Mar,COHORT_012,Tier 3,49000,7300,9000,2400,2000,2000,3700,2100,1000,11617,41117,7883,5.77,1
2023-04,2023,4,Apr,COHORT_012,Tier 3,49000,8400,9000,2400,1300,2000,2600,2900,1200,0,29800,19200,5.53,0
2023-05,2023,5,May,COHORT_012,Tier 3,49000,6900,9000,3400,1500,2000,2200,2500,1000,0,28500,20500,5.21,0
2023-06,2023,6,Jun,COHORT_012,Tier 3,49000,8300,9000,3400,1300,4900,2500,1700,1200,0,32300,16700,5.51,0
2023-07,2023,7,Jul,COHORT_012,Tier 3,49000,7900,9000,3400,1400,4900,2300,1600,1500,0,32000,17000,5.19,0
2023-08,2023,8,Aug,COHORT_012,Tier 3,49000,7900,9000,2400,1300,2000,2400,2600,1800,0,29400,19600,5.47,0
2023-09,2023,9,Sep,COHORT_012,Tier 3,49000,8300,9000,2400,1700,2000,2800,1800,1800,0,29800,19200,5.42,0
2023-10,2023,10,Oct,COHORT_012,Tier 3,49000,8500,9000,2400,1800,2000,4900,2300,1700,8222,40822,8178,5.57,1
2023-11,2023,11,Nov,COHORT_012,Tier 3,49000,7300,9000,2400,1500,2000,4400,3800,1500,8178,40078,8922,5.3,1
2023-12,2023,12,Dec,COHORT_012,Tier 3,49000,8400,9000,2400,1900,2000,3100,2900,1800,0,31500,17500,5.56,0
2024-01,2024,1,Jan,COHORT_012,Tier 3,53000,7800,9500,2600,1100,2100,2900,2500,1500,0,30000,23000,5.18,0
2024-02,2024,2,Feb,COHORT_012,Tier 3,53000,8000,9500,2600,1900,2100,3000,2600,2000,0,31700,21300,4.64,0
2024-03,2024,3,Mar,COHORT_012,Tier 3,53000,7800,9500,2600,1900,2100,4000,2900,2100,12664,45564,7436,4.69,1
2024-04,2024,4,Apr,COHORT_012,Tier 3,53000,9400,9500,2600,1500,2100,2500,2800,1700,0,32100,20900,5.15,0
2024-05,2024,5,May,COHORT_012,Tier 3,53000,8900,9500,3700,1600,2100,2200,2800,1900,0,32700,20300,5.17,0
2024-06,2024,6,Jun,COHORT_012,Tier 3,53000,8800,9500,3700,1900,5300,3000,2100,1800,0,36100,16900,4.96,0
2024-07,2024,7,Jul,COHORT_012,Tier 3,53000,8000,9500,3700,1900,5300,3100,2200,1300,0,35000,18000,4.61,0
2024-08,2024,8,Aug,COHORT_012,Tier 3,53000,7600,9500,2600,1600,2100,3000,2000,1700,0,30100,22900,4.48,0
2024-09,2024,9,Sep,COHORT_012,Tier 3,53000,8500,9500,2600,1300,2100,3400,1700,1600,0,30700,22300,4.78,0
2024-10,2024,10,Oct,COHORT_012,Tier 3,53000,9000,9500,2600,1500,2100,4600,3000,1500,10148,43948,9052,4.62,1
2024-11,2024,11,Nov,COHORT_012,Tier 3,53000,7600,9500,2600,1400,2100,4400,3000,1800,12564,44964,8036,4.94,1
2024-12,2024,12,Dec,COHORT_012,Tier 3,53000,9000,9500,2600,2100,2100,3300,2700,1100,0,32400,20600,4.72,0
2025-01,2025,1,Jan,COHORT_012,Tier 3,56000,8300,10000,2800,1300,2200,3800,3100,1600,0,33100,22900,4.85,0
2025-02,2025,2,Feb,COHORT_012,Tier 3,56000,7900,10000,2800,2200,2200,2800,2900,1900,0,32700,23300,4.85,0
2025-03,2025,3,Mar,COHORT_012,Tier 3,56000,9100,10000,2800,1600,2200,4400,2700,1700,9771,44271,11729,4.47,1
2025-04,2025,4,Apr,COHORT_012,Tier 3,56000,8300,10000,2800,2100,2200,2300,3200,2100,0,33000,23000,4.19,0
2025-05,2025,5,May,COHORT_012,Tier 3,56000,9400,10000,3900,1300,2200,2800,2400,1500,0,33500,22500,4.32,0
2025-06,2025,6,Jun,COHORT_012,Tier 3,56000,9200,10000,3900,2200,5600,3700,2200,1400,0,38200,17800,4.67,0
2025-07,2025,7,Jul,COHORT_012,Tier 3,56000,9100,10000,3900,1500,5600,3200,2400,1300,0,37000,19000,4.23,0
2025-08,2025,8,Aug,COHORT_012,Tier 3,56000,9500,10000,2800,2200,2200,3600,3200,2100,0,35600,20400,4.57,0
2025-09,2025,9,Sep,COHORT_012,Tier 3,56000,8000,10000,2800,1300,2200,2600,1900,1500,0,30300,25700,4.44,0
2025-10,2025,10,Oct,COHORT_012,Tier 3,56000,10000,10000,2800,1300,2200,5100,3800,1400,11875,48475,7525,4.3,1
2025-11,2025,11,Nov,COHORT_012,Tier 3,56000,9900,10000,2800,2000,2200,3800,3200,1900,12222,48022,7978,4.84,1
2025-12,2025,12,Dec,COHORT_012,Tier 3,56000,10000,10000,2800,2000,2200,3400,1900,1300,0,33600,22400,4.56,0
2021-01,2021,1,Jan,COHORT_013,Tier 3,100000,17400,18000,5000,3700,4000,5300,3200,2700,0,59300,40700,4.8,0
2021-02,2021,2,Feb,COHORT_013,Tier 3,100000,16700,18000,5000,4000,4000,5300,5500,2800,0,61300,38700,4.79,0
2021-03,2021,3,Mar,COHORT_013,Tier 3,100000,15300,18000,5000,3900,4000,6700,5700,2800,20459,81859,18141,5.42,1
2021-04,2021,4,Apr,COHORT_013,Tier 3,100000,16000,18000,5000,2800,4000,6300,3300,3500,0,58900,41100,4.75,0
2021-05,2021,5,May,COHORT_013,Tier 3,100000,14700,18000,7000,2500,4000,6100,5300,3900,0,61500,38500,5.25,0
2021-06,2021,6,Jun,COHORT_013,Tier 3,100000,14100,18000,7000,2300,10000,5900,5500,3300,0,66100,33900,5.41,0
2021-07,2021,7,Jul,COHORT_013,Tier 3,100000,14900,18000,7000,3300,10000,6700,4600,3100,0,67600,32400,4.93,0
2021-08,2021,8,Aug,COHORT_013,Tier 3,100000,16600,18000,5000,2700,4000,4900,5600,3900,0,60700,39300,5.11,0
2021-09,2021,9,Sep,COHORT_013,Tier 3,100000,15300,18000,5000,3900,4000,4900,5500,2600,0,59200,40800,5.31,0
2021-10,2021,10,Oct,COHORT_013,Tier 3,100000,16500,18000,5000,3800,4000,6800,6700,3900,20707,85407,14593,5.05,1
2021-11,2021,11,Nov,COHORT_013,Tier 3,100000,15300,18000,5000,3500,4000,7800,7000,2200,24603,87403,12597,5.5,1
2021-12,2021,12,Dec,COHORT_013,Tier 3,100000,14900,18000,5000,3200,4000,4400,3900,2200,0,55600,44400,5.39,0
2022-01,2022,1,Jan,COHORT_013,Tier 3,108000,18600,19500,5400,3800,4300,5000,3900,3900,0,64400,43600,7.07,0
2022-02,2022,2,Feb,COHORT_013,Tier 3,108000,18000,19500,5400,4000,4300,6000,5200,2800,0,65200,42800,6.53,0
2022-03,2022,3,Mar,COHORT_013,Tier 3,108000,17600,19500,5400,2300,4300,8900,4000,2800,24139,88939,19061,6.49,1
2022-04,2022,4,Apr,COHORT_013,Tier 3,108000,17800,19500,5400,2400,4300,7400,3500,3200,0,63500,44500,6.83,0
2022-05,2022,5,May,COHORT_013,Tier 3,108000,17000,19500,7600,4200,4300,6600,5500,3900,0,68600,39400,6.43,0
2022-06,2022,6,Jun,COHORT_013,Tier 3,108000,19200,19500,7600,2300,10800,4900,5800,2800,0,72900,35100,6.84,0
2022-07,2022,7,Jul,COHORT_013,Tier 3,108000,17300,19500,7600,2200,10800,4700,3400,2500,0,68000,40000,6.53,0
2022-08,2022,8,Aug,COHORT_013,Tier 3,108000,19400,19500,5400,3000,4300,7200,3500,3600,0,65900,42100,6.4,0
2022-09,2022,9,Sep,COHORT_013,Tier 3,108000,15800,19500,5400,3000,4300,5100,3900,3100,0,60100,47900,6.42,0
2022-10,2022,10,Oct,COHORT_013,Tier 3,108000,17800,19500,5400,2500,4300,11300,5000,3100,17879,86779,21221,6.59,1
2022-11,2022,11,Nov,COHORT_013,Tier 3,108000,16900,19500,5400,3500,4300,9600,8700,2300,15623,85823,22177,7.08,1
2022-12,2022,12,Dec,COHORT_013,Tier 3,108000,17000,19500,5400,2300,4300,4500,6200,4300,0,63500,44500,7.04,0
2023-01,2023,1,Jan,COHORT_013,Tier 3,116000,20700,21000,5800,4400,4600,6300,6900,2900,0,72600,43400,5.41,0
2023-02,2023,2,Feb,COHORT_013,Tier 3,116000,18700,21000,5800,4000,4600,8100,6200,3400,0,71800,44200,5.2,0
2023-03,2023,3,Mar,COHORT_013,Tier 3,116000,17200,21000,5800,2500,4600,6000,6900,2500,24118,90618,25382,5.7,1
2023-04,2023,4,Apr,COHORT_013,Tier 3,116000,18800,21000,5800,4300,4600,7100,4900,2600,0,69100,46900,5.05,0
2023-05,2023,5,May,COHORT_013,Tier 3,116000,19600,21000,8100,4300,4600,6500,5200,3500,0,72800,43200,5.26,0
2023-06,2023,6,Jun,COHORT_013,Tier 3,116000,19900,21000,8100,4100,11600,5900,5500,2600,0,78700,37300,5.5,0
2023-07,2023,7,Jul,COHORT_013,Tier 3,116000,18200,21000,8100,2900,11600,5400,5300,2500,0,75000,41000,5.52,0
2023-08,2023,8,Aug,COHORT_013,Tier 3,116000,16600,21000,5800,3200,4600,4900,6500,4600,0,67200,48800,5.7,0
2023-09,2023,9,Sep,COHORT_013,Tier 3,116000,19800,21000,5800,2300,4600,4800,3500,4400,0,66200,49800,5.57,0
2023-10,2023,10,Oct,COHORT_013,Tier 3,116000,16600,21000,5800,3600,4600,8500,7500,3100,20454,91154,24846,5.27,1
2023-11,2023,11,Nov,COHORT_013,Tier 3,116000,19000,21000,5800,4200,4600,8000,7500,2300,22092,94492,21508,5.33,1
2023-12,2023,12,Dec,COHORT_013,Tier 3,116000,20600,21000,5800,2500,4600,8100,5000,2800,0,70400,45600,5.07,0
2024-01,2024,1,Jan,COHORT_013,Tier 3,125000,18200,22500,6200,4700,5000,7400,4400,3700,0,72100,52900,5.17,0
2024-02,2024,2,Feb,COHORT_013,Tier 3,125000,18500,22500,6200,5000,5000,6600,7100,2800,0,73700,51300,5.09,0
2024-03,2024,3,Mar,COHORT_013,Tier 3,125000,18900,22500,6200,2500,5000,6400,5200,4200,27148,98048,26952,5.11,1
2024-04,2024,4,Apr,COHORT_013,Tier 3,125000,22000,22500,6200,4300,5000,8700,7500,2800,0,79000,46000,4.71,0
2024-05,2024,5,May,COHORT_013,Tier 3,125000,18300,22500,8800,3100,5000,5500,7400,5000,0,75600,49400,4.59,0
2024-06,2024,6,Jun,COHORT_013,Tier 3,125000,18200,22500,8800,2800,12500,7700,6800,3600,0,82900,42100,4.42,0
2024-07,2024,7,Jul,COHORT_013,Tier 3,125000,21000,22500,8800,3800,12500,8700,7500,2800,0,87600,37400,4.84,0
2024-08,2024,8,Aug,COHORT_013,Tier 3,125000,18500,22500,6200,4000,5000,7600,5800,3000,0,72600,52400,4.87,0
2024-09,2024,9,Sep,COHORT_013,Tier 3,125000,18500,22500,6200,3400,5000,6900,6300,3100,0,71900,53100,5.13,0
2024-10,2024,10,Oct,COHORT_013,Tier 3,125000,21200,22500,6200,3600,5000,12700,10500,3800,17299,102799,22201,4.67,1
2024-11,2024,11,Nov,COHORT_013,Tier 3,125000,20600,22500,6200,2800,5000,10400,8600,4300,18467,98867,26133,4.5,1
2024-12,2024,12,Dec,COHORT_013,Tier 3,125000,20000,22500,6200,3000,5000,5500,5700,4100,0,72000,53000,4.58,0
2025-01,2025,1,Jan,COHORT_013,Tier 3,133000,19600,24000,6600,4500,5300,7100,5200,4700,0,77000,56000,4.81,0
2025-02,2025,2,Feb,COHORT_013,Tier 3,133000,21100,24000,6600,3700,5300,6600,7200,2700,0,77200,55800,4.84,0
2025-03,2025,3,Mar,COHORT_013,Tier 3,133000,22300,24000,6600,4000,5300,8100,5700,5300,31884,113184,19816,4.44,1
2025-04,2025,4,Apr,COHORT_013,Tier 3,133000,23100,24000,6600,2800,5300,7200,7200,3100,0,79300,53700,4.61,0
2025-05,2025,5,May,COHORT_013,Tier 3,133000,21700,24000,9300,5200,5300,6400,4400,4500,0,80800,52200,4.79,0
2025-06,2025,6,Jun,COHORT_013,Tier 3,133000,21100,24000,9300,4100,13300,7400,5700,4700,0,89600,43400,4.69,0
2025-07,2025,7,Jul,COHORT_013,Tier 3,133000,22300,24000,9300,5100,13300,5300,7300,5200,0,91800,41200,4.7,0
2025-08,2025,8,Aug,COHORT_013,Tier 3,133000,20200,24000,6600,4000,5300,6400,6000,3600,0,76100,56900,4.47,0
2025-09,2025,9,Sep,COHORT_013,Tier 3,133000,21000,24000,6600,3100,5300,6900,7600,4200,0,78700,54300,4.38,0
2025-10,2025,10,Oct,COHORT_013,Tier 3,133000,21000,24000,6600,3300,5300,9600,11700,4600,18042,104142,28858,4.83,1
2025-11,2025,11,Nov,COHORT_013,Tier 3,133000,20600,24000,6600,4200,5300,13600,7700,5000,31463,118463,14537,4.43,1
2025-12,2025,12,Dec,COHORT_013,Tier 3,133000,19500,24000,6600,5000,5300,5600,4400,3000,0,73400,59600,4.38,0
2021-01,2021,1,Jan,COHORT_014,Tier 3,75000,11200,13500,3800,2000,3000,5100,2600,2200,0,43400,31600,4.71,0
2021-02,2021,2,Feb,COHORT_014,Tier 3,75000,13300,13500,3800,2000,3000,4100,4000,2400,0,46100,28900,4.72,0
2021-03,2021,3,Mar,COHORT_014,Tier 3,75000,11800,13500,3800,1900,3000,3800,5400,2200,14406,59806,15194,5.01,1
2021-04,2021,4,Apr,COHORT_014,Tier 3,75000,12000,13500,3800,2700,3000,4000,2800,2200,0,44000,31000,5.19,0
2021-05,2021,5,May,COHORT_014,Tier 3,75000,11300,13500,5300,1600,3000,3700,4300,2400,0,45100,29900,5.22,0
2021-06,2021,6,Jun,COHORT_014,Tier 3,75000,10800,13500,5300,2900,7500,3700,2900,2200,0,48800,26200,4.93,0
2021-07,2021,7,Jul,COHORT_014,Tier 3,75000,10600,13500,5300,1600,7500,4700,3800,2700,0,49700,25300,4.97,0
2021-08,2021,8,Aug,COHORT_014,Tier 3,75000,11300,13500,3800,1500,3000,4700,2800,2000,0,42600,32400,5.21,0
2021-09,2021,9,Sep,COHORT_014,Tier 3,75000,13500,13500,3800,2200,3000,3000,3100,1500,0,43600,31400,4.99,0
2021-10,2021,10,Oct,COHORT_014,Tier 3,75000,10700,13500,3800,2700,3000,4800,6100,3000,15046,62646,12354,4.99,1
2021-11,2021,11,Nov,COHORT_014,Tier 3,75000,11800,13500,3800,2300,3000,4800,5000,2600,9059,55859,19141,5.19,1
2021-12,2021,12,Dec,COHORT_014,Tier 3,75000,12100,13500,3800,2200,3000,4000,3700,1600,0,43900,31100,5.24,0
2022-01,2022,1,Jan,COHORT_014,Tier 3,81000,11700,14500,4000,2800,3200,3900,4700,2800,0,47600,33400,6.64,0
2022-02,2022,2,Feb,COHORT_014,Tier 3,81000,12000,14500,4000,2000,3200,4800,3700,2500,0,46700,34300,6.49,0
2022-03,2022,3,Mar,COHORT_014,Tier 3,81000,14100,14500,4000,3000,3200,6700,3000,2400,18654,69554,11446,6.98,1
2022-04,2022,4,Apr,COHORT_014,Tier 3,81000,13100,14500,4000,2300,3200,5100,4300,2700,0,49200,31800,6.87,0
2022-05,2022,5,May,COHORT_014,Tier 3,81000,14300,14500,5700,2800,3200,4400,2700,2700,0,50300,30700,6.73,0
2022-06,2022,6,Jun,COHORT_014,Tier 3,81000,12800,14500,5700,1900,8100,5100,2900,2700,0,53700,27300,6.57,0
2022-07,2022,7,Jul,COHORT_014,Tier 3,81000,14300,14500,5700,3000,8100,5300,3400,2700,0,57000,24000,6.6,0
2022-08,2022,8,Aug,COHORT_014,Tier 3,81000,14100,14500,4000,2000,3200,5000,2900,1600,0,47300,33700,6.89,0
2022-09,2022,9,Sep,COHORT_014,Tier 3,81000,13300,14500,4000,3100,3200,3600,3400,2300,0,47400,33600,6.32,0
2022-10,2022,10,Oct,COHORT_014,Tier 3,81000,13400,14500,4000,2400,3200,7100,5500,2300,10614,63014,17986,6.8,1
2022-11,2022,11,Nov,COHORT_014,Tier 3,81000,13700,14500,4000,2800,3200,5000,6800,2800,17071,69871,11129,6.44,1
2022-12,2022,12,Dec,COHORT_014,Tier 3,81000,12600,14500,4000,2800,3200,4500,2400,2300,0,46300,34700,6.91,0
2023-01,2023,1,Jan,COHORT_014,Tier 3,87000,15200,15500,4400,3000,3500,5700,4600,1800,0,53700,33300,5.06,0
2023-02,2023,2,Feb,COHORT_014,Tier 3,87000,12600,15500,4400,3300,3500,3900,3700,2900,0,49800,37200,5.42,0
2023-03,2023,3,Mar,COHORT_014,Tier 3,87000,14600,15500,4400,2500,3500,4700,6100,2900,14341,68541,18459,5.42,1
2023-04,2023,4,Apr,COHORT_014,Tier 3,87000,13700,15500,4400,3400,3500,4900,2900,1800,0,50100,36900,5.55,0
2023-05,2023,5,May,COHORT_014,Tier 3,87000,12700,15500,6100,2300,3500,4600,2700,2800,0,50200,36800,5.43,0
2023-06,2023,6,Jun,COHORT_014,Tier 3,87000,12600,15500,6100,2100,8700,5800,5000,2600,0,58400,28600,5.42,0
2023-07,2023,7,Jul,COHORT_014,Tier 3,87000,15400,15500,6100,3400,8700,5200,5000,1900,0,61200,25800,5.11,0
2023-08,2023,8,Aug,COHORT_014,Tier 3,87000,12500,15500,4400,2200,3500,4000,4600,2900,0,49600,37400,5.65,0
2023-09,2023,9,Sep,COHORT_014,Tier 3,87000,13400,15500,4400,2000,3500,5600,2800,1800,0,49000,38000,5.64,0
2023-10,2023,10,Oct,COHORT_014,Tier 3,87000,13100,15500,4400,2100,3500,8600,6800,3000,10829,67829,19171,5.73,1
2023-11,2023,11,Nov,COHORT_014,Tier 3,87000,12500,15500,4400,2800,3500,8100,4400,2600,16215,70015,16985,5.3,1
2023-12,2023,12,Dec,COHORT_014,Tier 3,87000,12600,15500,4400,3400,3500,3600,4900,3400,0,51300,35700,5.26,0
2024-01,2024,1,Jan,COHORT_014,Tier 3,93000,15500,16500,4600,2400,3700,4200,3200,3400,0,53500,39500,4.45,0
2024-02,2024,2,Feb,COHORT_014,Tier 3,93000,13300,16500,4600,3700,3700,6200,4100,3300,0,55400,37600,4.67,0
2024-03,2024,3,Mar,COHORT_014,Tier 3,93000,16700,16500,4600,2200,3700,6000,3500,2900,18281,74381,18619,4.6,1
2024-04,2024,4,Apr,COHORT_014,Tier 3,93000,13100,16500,4600,3000,3700,4000,4500,2300,0,51700,41300,5.13,0
2024-05,2024,5,May,COHORT_014,Tier 3,93000,16600,16500,6500,3000,3700,3800,3800,2400,0,56300,36700,4.6,0
2024-06,2024,6,Jun,COHORT_014,Tier 3,93000,15600,16500,6500,2800,9300,6500,5000,2500,0,64700,28300,4.73,0
2024-07,2024,7,Jul,COHORT_014,Tier 3,93000,13200,16500,6500,2500,9300,4400,5500,2900,0,60800,32200,4.59,0
2024-08,2024,8,Aug,COHORT_014,Tier 3,93000,16500,16500,4600,2000,3700,4200,3700,2300,0,53500,39500,4.73,0
2024-09,2024,9,Sep,COHORT_014,Tier 3,93000,13700,16500,4600,3600,3700,5000,5500,3200,0,55800,37200,4.68,0
2024-10,2024,10,Oct,COHORT_014,Tier 3,93000,15900,16500,4600,3100,3700,9500,6900,2400,15242,77842,15158,5.04,1
2024-11,2024,11,Nov,COHORT_014,Tier 3,93000,15800,16500,4600,2900,3700,5900,6200,2200,20000,77800,15200,4.55,1
2024-12,2024,12,Dec,COHORT_014,Tier 3,93000,15400,16500,4600,3600,3700,4500,2900,3000,0,54200,38800,4.91,0
2025-01,2025,1,Jan,COHORT_014,Tier 3,99000,15300,18000,5000,3800,4000,5500,3200,3100,0,57900,41100,4.38,0
2025-02,2025,2,Feb,COHORT_014,Tier 3,99000,15700,18000,5000,2900,4000,4000,5500,2700,0,57800,41200,4.44,0
2025-03,2025,3,Mar,COHORT_014,Tier 3,99000,17400,18000,5000,3800,4000,8300,5200,2100,22326,86126,12874,4.41,1
2025-04,2025,4,Apr,COHORT_014,Tier 3,99000,17600,18000,5000,2500,4000,6300,3100,2000,0,58500,40500,4.27,0
2025-05,2025,5,May,COHORT_014,Tier 3,99000,16600,18000,6900,2700,4000,5600,4500,3700,0,62000,37000,4.15,0
2025-06,2025,6,Jun,COHORT_014,Tier 3,99000,16300,18000,6900,3900,9900,5600,3000,2900,0,66500,32500,4.79,0
2025-07,2025,7,Jul,COHORT_014,Tier 3,99000,17200,18000,6900,2700,9900,4300,5600,3200,0,67800,31200,4.15,0
2025-08,2025,8,Aug,COHORT_014,Tier 3,99000,15900,18000,5000,2500,4000,6100,3900,2100,0,57500,41500,4.45,0
2025-09,2025,9,Sep,COHORT_014,Tier 3,99000,17700,18000,5000,2200,4000,4800,3900,3500,0,59100,39900,4.31,0
2025-10,2025,10,Oct,COHORT_014,Tier 3,99000,15500,18000,5000,3200,4000,7700,5200,3500,19562,81662,17338,4.38,1
2025-11,2025,11,Nov,COHORT_014,Tier 3,99000,16200,18000,5000,3400,4000,6400,8100,3000,23764,87864,11136,4.25,1
2025-12,2025,12,Dec,COHORT_014,Tier 3,99000,17500,18000,5000,3700,4000,5900,5800,2600,0,62500,36500,4.37,0
2021-01,2021,1,Jan,COHORT_015,Tier 1,144000,24400,40500,7200,5300,5800,6400,6300,5700,0,101600,42400,5.06,0
2021-02,2021,2,Feb,COHORT_015,Tier 1,144000,21300,40500,7200,4400,5800,8400,7900,4100,0,99600,44400,5.43,0
2021-03,2021,3,Mar,COHORT_015,Tier 1,144000,22400,40500,7200,3000,5800,8000,5800,5200,35755,133655,10345,5.33,1
2021-04,2021,4,Apr,COHORT_015,Tier 1,144000,23800,40500,7200,4300,5800,6100,8400,4200,0,100300,43700,5.18,0
2021-05,2021,5,May,COHORT_015,Tier 1,144000,22800,40500,10100,4900,5800,8500,6800,4500,0,103900,40100,4.89,0
2021-06,2021,6,Jun,COHORT_015,Tier 1,144000,23500,40500,10100,5500,14400,7700,6400,5200,0,113300,30700,5.14,0
2021-07,2021,7,Jul,COHORT_015,Tier 1,144000,20400,40500,10100,5200,14400,8400,4300,4100,0,107400,36600,4.85,0
2021-08,2021,8,Aug,COHORT_015,Tier 1,144000,22100,40500,7200,4600,5800,9100,6100,4000,0,99400,44600,5.02,0
2021-09,2021,9,Sep,COHORT_015,Tier 1,144000,22100,40500,7200,5500,5800,5800,6600,3000,0,96500,47500,5.34,0
2021-10,2021,10,Oct,COHORT_015,Tier 1,144000,21200,40500,7200,3900,5800,11000,7500,4300,31663,133063,10937,5.18,1
2021-11,2021,11,Nov,COHORT_015,Tier 1,144000,21300,40500,7200,4700,5800,10300,9300,2900,33820,135820,8180,5.17,1
2021-12,2021,12,Dec,COHORT_015,Tier 1,144000,21200,40500,7200,3700,5800,6300,8500,5100,0,98300,45700,4.78,0
2022-01,2022,1,Jan,COHORT_015,Tier 1,156000,24600,43500,7800,3500,6200,10700,7300,4500,0,108100,47900,6.48,0
2022-02,2022,2,Feb,COHORT_015,Tier 1,156000,25400,43500,7800,3200,6200,10500,8500,3700,0,108800,47200,6.34,0
2022-03,2022,3,Mar,COHORT_015,Tier 1,156000,26100,43500,7800,3600,6200,8200,10400,6200,24443,136443,19557,6.32,1
2022-04,2022,4,Apr,COHORT_015,Tier 1,156000,25100,43500,7800,5400,6200,7700,5500,3400,0,104600,51400,6.92,0
2022-05,2022,5,May,COHORT_015,Tier 1,156000,27900,43500,10900,5500,6200,9700,8000,5700,0,117400,38600,6.4,0
2022-06,2022,6,Jun,COHORT_015,Tier 1,156000,24000,43500,10900,4300,15600,6500,8500,3400,0,116700,39300,7.07,0
2022-07,2022,7,Jul,COHORT_015,Tier 1,156000,26300,43500,10900,3200,15600,8500,7300,3800,0,119100,36900,6.71,0
2022-08,2022,8,Aug,COHORT_015,Tier 1,156000,24600,43500,7800,3600,6200,6500,5300,3600,0,101100,54900,7.08,0
2022-09,2022,9,Sep,COHORT_015,Tier 1,156000,27400,43500,7800,6000,6200,10000,6600,5800,0,113300,42700,6.34,0
2022-10,2022,10,Oct,COHORT_015,Tier 1,156000,26000,43500,7800,5200,6200,12300,10300,4300,35160,150760,5240,6.55,1
2022-11,2022,11,Nov,COHORT_015,Tier 1,156000,24700,43500,7800,5400,6200,12900,13200,5600,27816,147116,8884,6.59,1
2022-12,2022,12,Dec,COHORT_015,Tier 1,156000,26900,43500,7800,4500,6200,9000,5800,4200,0,107900,48100,6.93,0
2023-01,2023,1,Jan,COHORT_015,Tier 1,167000,26400,47000,8400,5700,6700,10200,6300,5700,0,116400,50600,5.68,0
2023-02,2023,2,Feb,COHORT_015,Tier 1,167000,27800,47000,8400,3700,6700,8400,5600,6300,0,113900,53100,5.8,0
2023-03,2023,3,Mar,COHORT_015,Tier 1,167000,27100,47000,8400,6000,6700,11100,6500,4100,38401,155301,11699,5.06,1
2023-04,2023,4,Apr,COHORT_015,Tier 1,167000,27500,47000,8400,5300,6700,7700,8900,4800,0,116300,50700,5.09,0
2023-05,2023,5,May,COHORT_015,Tier 1,167000,30000,47000,11700,4500,6700,11600,5400,6000,0,122900,44100,5.71,0
2023-06,2023,6,Jun,COHORT_015,Tier 1,167000,28900,47000,11700,6000,16700,10900,9900,4700,0,135800,31200,5.52,0
2023-07,2023,7,Jul,COHORT_015,Tier 1,167000,26400,47000,11700,3800,16700,8500,8500,6300,0,128900,38100,5.28,0
2023-08,2023,8,Aug,COHORT_015,Tier 1,167000,25200,47000,8400,4000,6700,7300,8400,6500,0,113500,53500,5.13,0
2023-09,2023,9,Sep,COHORT_015,Tier 1,167000,29000,47000,8400,4700,6700,11400,8900,6500,0,122600,44400,5.22,0
2023-10,2023,10,Oct,COHORT_015,Tier 1,167000,27800,47000,8400,4400,6700,12100,8900,5100,27310,147710,19290,5.78,1
2023-11,2023,11,Nov,COHORT_015,Tier 1,167000,25500,47000,8400,5300,6700,10700,11400,4900,30646,150546,16454,5.66,1
2023-12,2023,12,Dec,COHORT_015,Tier 1,167000,25900,47000,8400,5600,6700,8300,7900,6200,0,116000,51000,5.66,0
2024-01,2024,1,Jan,COHORT_015,Tier 1,179000,28700,50000,9000,5500,7200,11200,6500,3800,0,121900,57100,4.77,0
2024-02,2024,2,Feb,COHORT_015,Tier 1,179000,30300,50000,9000,5600,7200,10800,7100,4600,0,124600,54400,4.76,0
2024-03,2024,3,Mar,COHORT_015,Tier 1,179000,25800,50000,9000,4100,7200,11100,10300,4200,35656,157356,21644,4.92,1
2024-04,2024,4,Apr,COHORT_015,Tier 1,179000,26000,50000,9000,5600,7200,9500,5900,5800,0,119000,60000,4.94,0
2024-05,2024,5,May,COHORT_015,Tier 1,179000,27300,50000,12500,5500,7200,9700,9000,3700,0,124900,54100,4.58,0
2024-06,2024,6,Jun,COHORT_015,Tier 1,179000,25200,50000,12500,5800,17900,12100,6100,4900,0,134500,44500,4.46,0
2024-07,2024,7,Jul,COHORT_015,Tier 1,179000,25900,50000,12500,4700,17900,9800,8300,4100,0,133200,45800,4.71,0
2024-08,2024,8,Aug,COHORT_015,Tier 1,179000,26000,50000,9000,6700,7200,7800,5400,5500,0,117600,61400,4.73,0
2024-09,2024,9,Sep,COHORT_015,Tier 1,179000,31100,50000,9000,6700,7200,9100,7600,5500,0,126200,52800,4.43,0
2024-10,2024,10,Oct,COHORT_015,Tier 1,179000,26400,50000,9000,6100,7200,18300,8700,3800,40690,170190,8810,4.61,1
2024-11,2024,11,Nov,COHORT_015,Tier 1,179000,31800,50000,9000,4300,7200,13200,11400,7100,25194,159194,19806,4.46,1
2024-12,2024,12,Dec,COHORT_015,Tier 1,179000,26200,50000,9000,5800,7200,11100,7800,5900,0,123000,56000,4.64,0
2025-01,2025,1,Jan,COHORT_015,Tier 1,190000,29000,53000,9500,5600,7600,12500,9900,6300,0,133400,56600,4.2,0
2025-02,2025,2,Feb,COHORT_015,Tier 1,190000,28500,53000,9500,7300,7600,8000,11300,4100,0,129300,60700,4.57,0
2025-03,2025,3,Mar,COHORT_015,Tier 1,190000,29500,53000,9500,7300,7600,14600,12800,7200,26970,168470,21530,4.74,1
2025-04,2025,4,Apr,COHORT_015,Tier 1,190000,27800,53000,9500,5500,7600,10400,6700,6700,0,127200,62800,4.5,0
2025-05,2025,5,May,COHORT_015,Tier 1,190000,33800,53000,13300,6700,7600,11300,6900,5200,0,137800,52200,4.75,0
2025-06,2025,6,Jun,COHORT_015,Tier 1,190000,32000,53000,13300,4500,19000,10000,10000,6000,0,147800,42200,4.76,0
2025-07,2025,7,Jul,COHORT_015,Tier 1,190000,28800,53000,13300,4300,19000,10800,8100,5600,0,142900,47100,4.34,0
2025-08,2025,8,Aug,COHORT_015,Tier 1,190000,28000,53000,9500,7400,7600,9500,6400,7300,0,128700,61300,4.83,0
2025-09,2025,9,Sep,COHORT_015,Tier 1,190000,33800,53000,9500,5200,7600,10800,11100,5900,0,136900,53100,4.48,0
2025-10,2025,10,Oct,COHORT_015,Tier 1,190000,34100,53000,9500,6400,7600,11800,9100,6600,45022,183122,6878,4.17,1
2025-11,2025,11,Nov,COHORT_015,Tier 1,190000,30400,53000,9500,5600,7600,14700,13600,7500,43379,185279,4721,4.32,1
2025-12,2025,12,Dec,COHORT_015,Tier 1,190000,28000,53000,9500,7400,7600,8700,7900,7400,0,129500,60500,4.24,0
2021-01,2021,1,Jan,COHORT_016,Tier 2,50000,8800,9000,2500,1300,2000,2900,2500,1400,0,30400,19600,4.96,0
2021-02,2021,2,Feb,COHORT_016,Tier 2,50000,8900,9000,2500,1700,2000,3500,2200,1100,0,30900,19100,4.74,0
2021-03,2021,3,Mar,COHORT_016,Tier 2,50000,7900,9000,2500,2000,2000,2600,2800,1500,8474,38774,11226,5.15,1
2021-04,2021,4,Apr,COHORT_016,Tier 2,50000,7500,9000,2500,1200,2000,3000,2200,1400,0,28800,21200,5.25,0
2021-05,2021,5,May,COHORT_016,Tier 2,50000,8900,9000,3500,1200,2000,3400,2400,1500,0,31900,18100,5.16,0
2021-06,2021,6,Jun,COHORT_016,Tier 2,50000,8100,9000,3500,1700,5000,2500,2400,1400,0,33600,16400,5.12,0
2021-07,2021,7,Jul,COHORT_016,Tier 2,50000,8900,9000,3500,1600,5000,3000,2600,1500,0,35100,14900,4.92,0
2021-08,2021,8,Aug,COHORT_016,Tier 2,50000,8700,9000,2500,1700,2000,3300,1700,1900,0,30800,19200,5.12,0
2021-09,2021,9,Sep,COHORT_016,Tier 2,50000,8700,9000,2500,1700,2000,2600,1600,1000,0,29100,20900,4.79,0
2021-10,2021,10,Oct,COHORT_016,Tier 2,50000,7800,9000,2500,1200,2000,4800,3400,1500,6191,38391,11609,5.25,1
2021-11,2021,11,Nov,COHORT_016,Tier 2,50000,7500,9000,2500,1800,2000,5100,3200,1100,8419,40619,9381,5.15,1
2021-12,2021,12,Dec,COHORT_016,Tier 2,50000,7300,9000,2500,1100,2000,2400,1600,1300,0,27200,22800,4.93,0
2022-01,2022,1,Jan,COHORT_016,Tier 2,54000,8700,9500,2700,1400,2200,3800,1700,1200,0,31200,22800,6.58,0
2022-02,2022,2,Feb,COHORT_016,Tier 2,54000,7900,9500,2700,1400,2200,3300,1600,1600,0,30200,23800,6.59,0
2022-03,2022,3,Mar,COHORT_016,Tier 2,54000,8200,9500,2700,1800,2200,3200,3000,1400,7542,39542,14458,6.68,1
2022-04,2022,4,Apr,COHORT_016,Tier 2,54000,8600,9500,2700,1200,2200,3400,2200,1300,0,31100,22900,7.0,0
2022-05,2022,5,May,COHORT_016,Tier 2,54000,8600,9500,3800,2100,2200,3200,2000,1700,0,33100,20900,6.78,0
2022-06,2022,6,Jun,COHORT_016,Tier 2,54000,9500,9500,3800,2000,5400,3000,1800,2100,0,37100,16900,6.82,0
2022-07,2022,7,Jul,COHORT_016,Tier 2,54000,9600,9500,3800,1400,5400,3200,1700,1900,0,36500,17500,6.5,0
2022-08,2022,8,Aug,COHORT_016,Tier 2,54000,9200,9500,2700,1500,2200,3000,2800,1400,0,32300,21700,6.43,0
2022-09,2022,9,Sep,COHORT_016,Tier 2,54000,8000,9500,2700,1600,2200,2200,2800,2000,0,31000,23000,6.56,0
2022-10,2022,10,Oct,COHORT_016,Tier 2,54000,8600,9500,2700,1200,2200,3900,4600,1400,9858,43958,10042,6.99,1
2022-11,2022,11,Nov,COHORT_016,Tier 2,54000,7900,9500,2700,1500,2200,5500,2800,2000,10985,45085,8915,6.48,1
2022-12,2022,12,Dec,COHORT_016,Tier 2,54000,9200,9500,2700,1300,2200,2800,2900,2100,0,32700,21300,6.84,0
2023-01,2023,1,Jan,COHORT_016,Tier 2,58000,8500,10500,2900,1300,2300,3100,2400,1700,0,32700,25300,5.71,0
2023-02,2023,2,Feb,COHORT_016,Tier 2,58000,10400,10500,2900,1600,2300,2700,2900,1900,0,35200,22800,5.06,0
2023-03,2023,3,Mar,COHORT_016,Tier 2,58000,9200,10500,2900,1200,2300,4500,3100,2200,7591,43491,14509,5.63,1
2023-04,2023,4,Apr,COHORT_016,Tier 2,58000,9900,10500,2900,2000,2300,3300,3500,1300,0,35700,22300,5.59,0
2023-05,2023,5,May,COHORT_016,Tier 2,58000,10100,10500,4100,1300,2300,2500,3200,1900,0,35900,22100,5.78,0
2023-06,2023,6,Jun,COHORT_016,Tier 2,58000,8900,10500,4100,1900,5800,3000,2000,2000,0,38200,19800,5.18,0
2023-07,2023,7,Jul,COHORT_016,Tier 2,58000,8200,10500,4100,1900,5800,3300,3100,1900,0,38800,19200,5.03,0
2023-08,2023,8,Aug,COHORT_016,Tier 2,58000,8200,10500,2900,2100,2300,2600,2100,1700,0,32400,25600,5.43,0
2023-09,2023,9,Sep,COHORT_016,Tier 2,58000,10000,10500,2900,1500,2300,2900,2200,2000,0,34300,23700,5.25,0
2023-10,2023,10,Oct,COHORT_016,Tier 2,58000,8800,10500,2900,1500,2300,5500,4200,1900,13907,51507,6493,5.39,1
2023-11,2023,11,Nov,COHORT_016,Tier 2,58000,9100,10500,2900,1400,2300,5500,3100,2100,10979,47879,10121,5.16,1
2023-12,2023,12,Dec,COHORT_016,Tier 2,58000,9700,10500,2900,1600,2300,3500,2800,2100,0,35400,22600,5.69,0
2024-01,2024,1,Jan,COHORT_016,Tier 2,62000,9900,11000,3100,1700,2500,2900,3000,2500,0,36600,25400,4.46,0
2024-02,2024,2,Feb,COHORT_016,Tier 2,62000,10800,11000,3100,2400,2500,3100,2100,2300,0,37300,24700,4.74,0
2024-03,2024,3,Mar,COHORT_016,Tier 2,62000,9500,11000,3100,1700,2500,4600,3100,2400,14204,52104,9896,4.43,1
2024-04,2024,4,Apr,COHORT_016,Tier 2,62000,9900,11000,3100,2300,2500,3400,2500,2000,0,36700,25300,4.92,0
2024-05,2024,5,May,COHORT_016,Tier 2,62000,9200,11000,4300,1500,2500,4200,2300,1700,0,36700,25300,5.02,0
2024-06,2024,6,Jun,COHORT_016,Tier 2,62000,10300,11000,4300,1700,6200,2500,2200,2200,0,40400,21600,4.64,0
2024-07,2024,7,Jul,COHORT_016,Tier 2,62000,10600,11000,4300,1300,6200,3800,3200,1300,0,41700,20300,5.12,0
2024-08,2024,8,Aug,COHORT_016,Tier 2,62000,9800,11000,3100,2300,2500,2700,3600,2000,0,37000,25000,4.5,0
2024-09,2024,9,Sep,COHORT_016,Tier 2,62000,8800,11000,3100,2500,2500,3300,3700,1900,0,36800,25200,4.54,0
2024-10,2024,10,Oct,COHORT_016,Tier 2,62000,9000,11000,3100,1800,2500,6400,5500,1700,10615,51615,10385,5.18,1
2024-11,2024,11,Nov,COHORT_016,Tier 2,62000,11100,11000,3100,2100,2500,5500,4000,1200,11314,51814,10186,4.9,1
2024-12,2024,12,Dec,COHORT_016,Tier 2,62000,11100,11000,3100,2200,2500,3500,2900,2200,0,38500,23500,5.14,0
2025-01,2025,1,Jan,COHORT_016,Tier 2,66000,11200,12000,3300,2000,2600,3500,3900,2100,0,40600,25400,4.18,0
2025-02,2025,2,Feb,COHORT_016,Tier 2,66000,9700,12000,3300,2100,2600,3300,3500,1400,0,37900,28100,4.88,0
2025-03,2025,3,Mar,COHORT_016,Tier 2,66000,9600,12000,3300,2600,2600,3900,3900,2000,9551,49451,16549,4.11,1
2025-04,2025,4,Apr,COHORT_016,Tier 2,66000,10700,12000,3300,1500,2600,3500,2400,2100,0,38100,27900,4.41,0
2025-05,2025,5,May,COHORT_016,Tier 2,66000,10000,12000,4600,2000,2600,3400,3700,2200,0,40500,25500,4.14,0
2025-06,2025,6,Jun,COHORT_016,Tier 2,66000,11700,12000,4600,2400,6600,4100,3500,2400,0,47300,18700,4.77,0
2025-07,2025,7,Jul,COHORT_016,Tier 2,66000,11300,12000,4600,1600,6600,3100,3300,1800,0,44300,21700,4.77,0
2025-08,2025,8,Aug,COHORT_016,Tier 2,66000,10800,12000,3300,2400,2600,3900,2700,1700,0,39400,26600,4.65,0
2025-09,2025,9,Sep,COHORT_016,Tier 2,66000,9500,12000,3300,1400,2600,2800,3500,1700,0,36800,29200,4.66,0
2025-10,2025,10,Oct,COHORT_016,Tier 2,66000,11000,12000,3300,1700,2600,5200,4000,2500,9566,51866,14134,4.43,1
2025-11,2025,11,Nov,COHORT_016,Tier 2,66000,10200,12000,3300,2600,2600,5400,3400,2100,8364,49964,16036,4.11,1
2025-12,2025,12,Dec,COHORT_016,Tier 2,66000,10000,12000,3300,1300,2600,3000,2800,2300,0,37300,28700,4.76,0
2021-01,2021,1,Jan,COHORT_017,Tier 3,117000,20400,21000,5800,3100,4700,8000,4200,3700,0,70900,46100,4.86,0
2021-02,2021,2,Feb,COHORT_017,Tier 3,117000,21000,21000,5800,3800,4700,5500,6600,4300,0,72700,44300,5.47,0
2021-03,2021,3,Mar,COHORT_017,Tier 3,117000,17400,21000,5800,3600,4700,8300,6700,2600,16488,86588,30412,5.26,1
2021-04,2021,4,Apr,COHORT_017,Tier 3,117000,17800,21000,5800,4400,4700,5600,5300,4300,0,68900,48100,4.82,0
2021-05,2021,5,May,COHORT_017,Tier 3,117000,19800,21000,8200,2600,4700,4800,3800,3900,0,68800,48200,5.2,0
2021-06,2021,6,Jun,COHORT_017,Tier 3,117000,18700,21000,8200,4100,11700,7600,5700,4600,0,81600,35400,5.27,0
2021-07,2021,7,Jul,COHORT_017,Tier 3,117000,17200,21000,8200,2600,11700,7300,5800,2400,0,76200,40800,5.47,0
2021-08,2021,8,Aug,COHORT_017,Tier 3,117000,19900,21000,5800,2400,4700,6100,3700,4100,0,67700,49300,5.09,0
2021-09,2021,9,Sep,COHORT_017,Tier 3,117000,18800,21000,5800,3700,4700,7100,4500,3900,0,69500,47500,4.82,0
2021-10,2021,10,Oct,COHORT_017,Tier 3,117000,16500,21000,5800,3400,4700,11500,7700,3900,26875,101375,15625,5.04,1
2021-11,2021,11,Nov,COHORT_017,Tier 3,117000,20200,21000,5800,2600,4700,7200,8400,3100,17099,90099,26901,5.18,1
2021-12,2021,12,Dec,COHORT_017,Tier 3,117000,20400,21000,5800,4500,4700,6900,4000,4500,0,71800,45200,5.01,0
2022-01,2022,1,Jan,COHORT_017,Tier 3,126000,21400,22500,6300,3100,5000,6800,4800,4700,0,74600,51400,6.92,0
2022-02,2022,2,Feb,COHORT_017,Tier 3,126000,18500,22500,6300,4200,5000,5100,7300,4600,0,73500,52500,6.46,0
2022-03,2022,3,Mar,COHORT_017,Tier 3,126000,21800,22500,6300,5000,5000,8100,8900,2600,25966,106166,19834,7.03,1
2022-04,2022,4,Apr,COHORT_017,Tier 3,126000,21800,22500,6300,4800,5000,7000,4100,4900,0,76400,49600,6.92,0
2022-05,2022,5,May,COHORT_017,Tier 3,126000,22400,22500,8800,5000,5000,7900,7100,3100,0,81800,44200,6.63,0
2022-06,2022,6,Jun,COHORT_017,Tier 3,126000,21700,22500,8800,2700,12600,5300,6500,3700,0,83800,42200,6.9,0
2022-07,2022,7,Jul,COHORT_017,Tier 3,126000,21800,22500,8800,3500,12600,7800,7300,3000,0,87300,38700,6.43,0
2022-08,2022,8,Aug,COHORT_017,Tier 3,126000,21900,22500,6300,4200,5000,6900,5800,3900,0,76500,49500,6.62,0
2022-09,2022,9,Sep,COHORT_017,Tier 3,126000,20700,22500,6300,3600,5000,5200,6900,4500,0,74700,51300,6.79,0
2022-10,2022,10,Oct,COHORT_017,Tier 3,126000,20400,22500,6300,2500,5000,10800,10300,3900,17192,98892,27108,7.09,1
2022-11,2022,11,Nov,COHORT_017,Tier 3,126000,18700,22500,6300,5000,5000,11400,10500,4700,31341,115441,10559,6.72,1
2022-12,2022,12,Dec,COHORT_017,Tier 3,126000,18300,22500,6300,3200,5000,8300,6300,3100,0,73000,53000,6.53,0
2023-01,2023,1,Jan,COHORT_017,Tier 3,136000,23200,24500,6800,3100,5400,6700,4100,3400,0,77200,58800,5.22,0
2023-02,2023,2,Feb,COHORT_017,Tier 3,136000,23400,24500,6800,3200,5400,5500,5600,3800,0,78200,57800,5.27,0
2023-03,2023,3,Mar,COHORT_017,Tier 3,136000,21400,24500,6800,3900,5400,10100,6900,4400,18995,102395,33605,5.79,1
2023-04,2023,4,Apr,COHORT_017,Tier 3,136000,21700,24500,6800,3400,5400,6100,4200,3600,0,75700,60300,5.8,0
2023-05,2023,5,May,COHORT_017,Tier 3,136000,22000,24500,9500,4100,5400,7700,4900,5300,0,83400,52600,5.02,0
2023-06,2023,6,Jun,COHORT_017,Tier 3,136000,22900,24500,9500,3900,13600,7100,5700,5300,0,92500,43500,5.01,0
2023-07,2023,7,Jul,COHORT_017,Tier 3,136000,24200,24500,9500,5000,13600,7000,7600,4200,0,95600,40400,5.23,0
2023-08,2023,8,Aug,COHORT_017,Tier 3,136000,22100,24500,6800,3000,5400,8000,5900,5100,0,80800,55200,5.53,0
2023-09,2023,9,Sep,COHORT_017,Tier 3,136000,24400,24500,6800,4600,5400,5900,5200,5300,0,82100,53900,5.64,0
2023-10,2023,10,Oct,COHORT_017,Tier 3,136000,21100,24500,6800,4500,5400,11500,10900,4300,23004,112004,23996,5.24,1
2023-11,2023,11,Nov,COHORT_017,Tier 3,136000,21400,24500,6800,3100,5400,10800,9800,5100,33462,120362,15638,5.15,1
2023-12,2023,12,Dec,COHORT_017,Tier 3,136000,24200,24500,6800,4000,5400,9300,6900,3800,0,84900,51100,5.78,0
2024-01,2024,1,Jan,COHORT_017,Tier 3,145000,21900,26000,7200,5000,5800,6600,7500,5200,0,85200,59800,4.77,0
2024-02,2024,2,Feb,COHORT_017,Tier 3,145000,21700,26000,7200,3800,5800,7800,6800,3400,0,82500,62500,4.44,0
2024-03,2024,3,Mar,COHORT_017,Tier 3,145000,21400,26000,7200,4800,5800,9600,7100,5500,20402,107802,37198,4.98,1
2024-04,2024,4,Apr,COHORT_017,Tier 3,145000,24200,26000,7200,3100,5800,7900,7300,3400,0,84900,60100,5.0,0
2024-05,2024,5,May,COHORT_017,Tier 3,145000,25800,26000,10200,4100,5800,7400,8500,3800,0,91600,53400,4.45,0
2024-06,2024,6,Jun,COHORT_017,Tier 3,145000,23200,26000,10200,3100,14500,7300,8000,4300,0,96600,48400,4.7,0
2024-07,2024,7,Jul,COHORT_017,Tier 3,145000,23200,26000,10200,4600,14500,6600,4500,5400,0,95000,50000,4.52,0
2024-08,2024,8,Aug,COHORT_017,Tier 3,145000,24600,26000,7200,3500,5800,7000,5200,5600,0,84900,60100,4.79,0
2024-09,2024,9,Sep,COHORT_017,Tier 3,145000,23600,26000,7200,3000,5800,5900,4800,5500,0,81800,63200,5.07,0
2024-10,2024,10,Oct,COHORT_017,Tier 3,145000,25400,26000,7200,3400,5800,12000,8500,5400,28935,122635,22365,4.7,1
2024-11,2024,11,Nov,COHORT_017,Tier 3,145000,20400,26000,7200,5200,5800,14100,9700,4500,18357,111257,33743,4.56,1
2024-12,2024,12,Dec,COHORT_017,Tier 3,145000,23800,26000,7200,4000,5800,7000,6700,4200,0,84700,60300,4.76,0
2025-01,2025,1,Jan,COHORT_017,Tier 3,154000,26100,27500,7700,3900,6200,10600,5300,5000,0,92300,61700,4.65,0
2025-02,2025,2,Feb,COHORT_017,Tier 3,154000,21800,27500,7700,5800,6200,9700,6600,3300,0,88600,65400,4.38,0
2025-03,2025,3,Mar,COHORT_017,Tier 3,154000,22400,27500,7700,4300,6200,12200,6900,4500,22423,114123,39877,4.13,1
2025-04,2025,4,Apr,COHORT_017,Tier 3,154000,22600,27500,7700,5100,6200,9800,5200,3500,0,87600,66400,4.54,0
2025-05,2025,5,May,COHORT_017,Tier 3,154000,24300,27500,10800,5500,6200,8600,8300,5400,0,96600,57400,4.1,0
2025-06,2025,6,Jun,COHORT_017,Tier 3,154000,24800,27500,10800,3900,15400,7800,6500,4900,0,101600,52400,4.74,0
2025-07,2025,7,Jul,COHORT_017,Tier 3,154000,25400,27500,10800,4300,15400,9200,7000,5100,0,104700,49300,4.25,0
2025-08,2025,8,Aug,COHORT_017,Tier 3,154000,27000,27500,7700,5600,6200,10500,9000,6100,0,99600,54400,4.62,0
2025-09,2025,9,Sep,COHORT_017,Tier 3,154000,24200,27500,7700,6000,6200,6900,5600,6100,0,90200,63800,4.14,0
2025-10,2025,10,Oct,COHORT_017,Tier 3,154000,25500,27500,7700,3200,6200,12700,10000,4500,36506,133806,20194,4.44,1
2025-11,2025,11,Nov,COHORT_017,Tier 3,154000,24900,27500,7700,3800,6200,12300,11100,4400,18805,116705,37295,4.67,1
2025-12,2025,12,Dec,COHORT_017,Tier 3,154000,21600,27500,7700,5800,6200,9100,4700,4100,0,86700,67300,4.57,0
2021-01,2021,1,Jan,COHORT_018,Tier 1,170000,24200,47500,8500,5400,6800,9700,6100,4300,0,112500,57500,5.19,0
2021-02,2021,2,Feb,COHORT_018,Tier 1,170000,27900,47500,8500,5600,6800,8800,7000,3500,0,115600,54400,5.33,0
2021-03,2021,3,Mar,COHORT_018,Tier 1,170000,26800,47500,8500,5800,6800,13600,8700,4000,41272,162972,7028,4.97,1
2021-04,2021,4,Apr,COHORT_018,Tier 1,170000,26100,47500,8500,6400,6800,11300,5600,6500,0,118700,51300,5.28,0
2021-05,2021,5,May,COHORT_018,Tier 1,170000,30600,47500,11900,6700,6800,7000,8300,5500,0,124300,45700,5.05,0
2021-06,2021,6,Jun,COHORT_018,Tier 1,170000,24000,47500,11900,4800,17000,8200,8100,3700,0,125200,44800,5.3,0
2021-07,2021,7,Jul,COHORT_018,Tier 1,170000,29800,47500,11900,3700,17000,8900,6200,4200,0,129200,40800,5.42,0
2021-08,2021,8,Aug,COHORT_018,Tier 1,170000,25100,47500,8500,4700,6800,8300,9100,4000,0,114000,56000,4.72,0
2021-09,2021,9,Sep,COHORT_018,Tier 1,170000,28300,47500,8500,4000,6800,10600,7100,4300,0,117100,52900,5.35,0
2021-10,2021,10,Oct,COHORT_018,Tier 1,170000,29100,47500,8500,3700,6800,12500,15100,4800,22520,150520,19480,4.96,1
2021-11,2021,11,Nov,COHORT_018,Tier 1,170000,24900,47500,8500,5100,6800,14400,10200,6600,22816,146816,23184,5.03,1
2021-12,2021,12,Dec,COHORT_018,Tier 1,170000,25900,47500,8500,6000,6800,10000,8600,5400,0,118700,51300,5.16,0
2022-01,2022,1,Jan,COHORT_018,Tier 1,184000,29000,51500,9200,6200,7400,10700,9300,5200,0,128500,55500,6.84,0
2022-02,2022,2,Feb,COHORT_018,Tier 1,184000,33100,51500,9200,7300,7400,7900,7400,6800,0,130600,53400,6.61,0
2022-03,2022,3,Mar,COHORT_018,Tier 1,184000,26900,51500,9200,5900,7400,13600,12900,4700,35236,167336,16664,7.01,1
2022-04,2022,4,Apr,COHORT_018,Tier 1,184000,29000,51500,9200,4800,7400,7600,7800,5000,0,122300,61700,6.61,0
2022-05,2022,5,May,COHORT_018,Tier 1,184000,28200,51500,12900,7300,7400,11800,9800,6100,0,135000,49000,6.45,0
2022-06,2022,6,Jun,COHORT_018,Tier 1,184000,26600,51500,12900,5800,18400,9800,8000,6500,0,139500,44500,6.86,0
2022-07,2022,7,Jul,COHORT_018,Tier 1,184000,28000,51500,12900,6100,18400,7400,7200,5700,0,137200,46800,6.83,0
2022-08,2022,8,Aug,COHORT_018,Tier 1,184000,26400,51500,9200,4900,7400,7700,7200,5200,0,119500,64500,6.57,0
2022-09,2022,9,Sep,COHORT_018,Tier 1,184000,33100,51500,9200,5000,7400,8100,7600,5200,0,127100,56900,6.94,0
2022-10,2022,10,Oct,COHORT_018,Tier 1,184000,26800,51500,9200,6300,7400,11300,11400,4100,41321,169321,14679,6.99,1
2022-11,2022,11,Nov,COHORT_018,Tier 1,184000,27100,51500,9200,4200,7400,15400,16200,4800,28945,164745,19255,6.77,1
2022-12,2022,12,Dec,COHORT_018,Tier 1,184000,29600,51500,9200,6900,7400,8500,10800,4000,0,127900,56100,6.52,0
2023-01,2023,1,Jan,COHORT_018,Tier 1,198000,33900,55500,9900,4000,7900,9600,10300,4900,0,136000,62000,5.27,0
2023-02,2023,2,Feb,COHORT_018,Tier 1,198000,32100,55500,9900,4100,7900,8200,9700,4500,0,131900,66100,5.63,0
2023-03,2023,3,Mar,COHORT_018,Tier 1,198000,35300,55500,9900,4500,7900,10200,7900,4500,27208,162908,35092,5.78,1
2023-04,2023,4,Apr,COHORT_018,Tier 1,198000,32600,55500,9900,7800,7900,10000,8900,6800,0,139400,58600,5.23,0
2023-05,2023,5,May,COHORT_018,Tier 1,198000,32300,55500,13900,4700,7900,10200,9700,7600,0,141800,56200,5.3,0
2023-06,2023,6,Jun,COHORT_018,Tier 1,198000,34500,55500,13900,6700,19800,8500,7300,6700,0,152900,45100,5.47,0
2023-07,2023,7,Jul,COHORT_018,Tier 1,198000,31100,55500,13900,5800,19800,8300,9000,6400,0,149800,48200,5.76,0
2023-08,2023,8,Aug,COHORT_018,Tier 1,198000,35100,55500,9900,4400,7900,11400,7300,7700,0,139200,58800,5.13,0
2023-09,2023,9,Sep,COHORT_018,Tier 1,198000,29000,55500,9900,6400,7900,8600,6300,7700,0,131300,66700,5.68,0
2023-10,2023,10,Oct,COHORT_018,Tier 1,198000,28300,55500,9900,5400,7900,20600,13200,7500,41561,189861,8139,5.5,1
2023-11,2023,11,Nov,COHORT_018,Tier 1,198000,34600,55500,9900,4000,7900,19600,15400,6700,43534,197134,866,5.53,1
2023-12,2023,12,Dec,COHORT_018,Tier 1,198000,35200,55500,9900,7900,7900,8400,11100,7700,0,143600,54400,5.01,0
2024-01,2024,1,Jan,COHORT_018,Tier 1,211000,35100,59000,10600,5500,8400,9900,8500,7600,0,144600,66400,4.6,0
2024-02,2024,2,Feb,COHORT_018,Tier 1,211000,35500,59000,10600,8000,8400,10200,11700,4500,0,147900,63100,4.5,0
2024-03,2024,3,Mar,COHORT_018,Tier 1,211000,34600,59000,10600,7400,8400,11700,11100,6400,39321,188521,22479,4.56,1
2024-04,2024,4,Apr,COHORT_018,Tier 1,211000,29600,59000,10600,5500,8400,14100,8000,8400,0,143600,67400,4.76,0
2024-05,2024,5,May,COHORT_018,Tier 1,211000,36600,59000,14800,5000,8400,9800,11900,6700,0,152200,58800,4.44,0
2024-06,2024,6,Jun,COHORT_018,Tier 1,211000,35900,59000,14800,6500,21100,14000,6700,7500,0,165500,45500,4.91,0
2024-07,2024,7,Jul,COHORT_018,Tier 1,211000,34600,59000,14800,6900,21100,9700,11100,4800,0,162000,49000,4.62,0
2024-08,2024,8,Aug,COHORT_018,Tier 1,211000,30200,59000,10600,5800,8400,13800,12200,4600,0,144600,66400,4.73,0
2024-09,2024,9,Sep,COHORT_018,Tier 1,211000,36200,59000,10600,8200,8400,11400,12400,8100,0,154300,56700,4.48,0
2024-10,2024,10,Oct,COHORT_018,Tier 1,211000,34400,59000,10600,7900,8400,18600,15600,4400,38782,197682,13318,4.46,1
2024-11,2024,11,Nov,COHORT_018,Tier 1,211000,37400,59000,10600,6600,8400,22000,13600,8000,34926,200526,10474,4.44,1
2024-12,2024,12,Dec,COHORT_018,Tier 1,211000,32400,59000,10600,5700,8400,10800,8100,8000,0,143000,68000,4.42,0
2025-01,2025,1,Jan,COHORT_018,Tier 1,225000,38700,63000,11200,6500,9000,15000,7300,4800,0,155500,69500,4.21,0
2025-02,2025,2,Feb,COHORT_018,Tier 1,225000,35600,63000,11200,5900,9000,13600,12500,8700,0,159500,65500,4.31,0
2025-03,2025,3,Mar,COHORT_018,Tier 1,225000,33400,63000,11200,4900,9000,15900,13400,4900,29152,184852,40148,4.43,1
2025-04,2025,4,Apr,COHORT_018,Tier 1,225000,36200,63000,11200,8500,9000,14200,12800,7400,0,162300,62700,4.19,0
2025-05,2025,5,May,COHORT_018,Tier 1,225000,34800,63000,15800,5300,9000,15300,7100,4600,0,154900,70100,4.34,0
2025-06,2025,6,Jun,COHORT_018,Tier 1,225000,40000,63000,15800,7200,22500,10100,10700,6400,0,175700,49300,4.79,0
2025-07,2025,7,Jul,COHORT_018,Tier 1,225000,37100,63000,15800,6300,22500,9700,12300,8000,0,174700,50300,4.19,0
2025-08,2025,8,Aug,COHORT_018,Tier 1,225000,34800,63000,11200,4700,9000,9300,12400,8300,0,152700,72300,4.23,0
2025-09,2025,9,Sep,COHORT_018,Tier 1,225000,39900,63000,11200,8100,9000,10600,10500,7600,0,159900,65100,4.42,0
2025-10,2025,10,Oct,COHORT_018,Tier 1,225000,34700,63000,11200,8500,9000,18300,11300,6000,54862,216862,8138,4.49,1
2025-11,2025,11,Nov,COHORT_018,Tier 1,225000,36600,63000,11200,5400,9000,14200,12500,6400,36171,194471,30529,4.47,1
2025-12,2025,12,Dec,COHORT_018,Tier 1,225000,40300,63000,11200,8900,9000,15100,11200,7400,0,166100,58900,4.66,0
2021-01,2021,1,Jan,COHORT_019,Tier 3,60000,10000,11000,3000,1400,2400,3300,2400,1900,0,35400,24600,5.27,0
2021-02,2021,2,Feb,COHORT_019,Tier 3,60000,9400,11000,3000,1400,2400,3500,2200,1400,0,34300,25700,4.79,0
2021-03,2021,3,Mar,COHORT_019,Tier 3,60000,9300,11000,3000,2000,2400,3000,3500,2400,8044,44644,15356,5.2,1
2021-04,2021,4,Apr,COHORT_019,Tier 3,60000,9800,11000,3000,1400,2400,3700,2300,2300,0,35900,24100,5.05,0
2021-05,2021,5,May,COHORT_019,Tier 3,60000,8900,11000,4200,1300,2400,2400,3400,2300,0,35900,24100,4.72,0
2021-06,2021,6,Jun,COHORT_019,Tier 3,60000,9500,11000,4200,2000,6000,2500,2900,1400,0,39500,20500,5.45,0
2021-07,2021,7,Jul,COHORT_019,Tier 3,60000,9000,11000,4200,1600,6000,3600,2200,1800,0,39400,20600,4.99,0
2021-08,2021,8,Aug,COHORT_019,Tier 3,60000,10600,11000,3000,1700,2400,3300,2300,1500,0,35800,24200,5.28,0
2021-09,2021,9,Sep,COHORT_019,Tier 3,60000,10500,11000,3000,1900,2400,2600,2600,1400,0,35400,24600,4.85,0
2021-10,2021,10,Oct,COHORT_019,Tier 3,60000,10400,11000,3000,2000,2400,3600,5000,1500,8734,47634,12366,5.32,1
2021-11,2021,11,Nov,COHORT_019,Tier 3,60000,10000,11000,3000,2200,2400,4900,4700,1200,7744,47144,12856,4.75,1
2021-12,2021,12,Dec,COHORT_019,Tier 3,60000,9700,11000,3000,2400,2400,2400,3100,1700,0,35700,24300,5.4,0
2022-01,2022,1,Jan,COHORT_019,Tier 3,65000,10500,11500,3200,1600,2600,3400,2300,1400,0,36500,28500,6.85,0
2022-02,2022,2,Feb,COHORT_019,Tier 3,65000,11000,11500,3200,1800,2600,4400,3600,2600,0,40700,24300,6.66,0
2022-03,2022,3,Mar,COHORT_019,Tier 3,65000,11400,11500,3200,1400,2600,5200,4500,2600,15119,57519,7481,7.06,1
2022-04,2022,4,Apr,COHORT_019,Tier 3,65000,10700,11500,3200,1900,2600,4300,2300,1700,0,38200,26800,7.05,0
2022-05,2022,5,May,COHORT_019,Tier 3,65000,9800,11500,4600,2100,2600,2700,3900,1800,0,39000,26000,6.8,0
2022-06,2022,6,Jun,COHORT_019,Tier 3,65000,10900,11500,4600,1700,6500,4100,3500,2000,0,44800,20200,6.52,0
2022-07,2022,7,Jul,COHORT_019,Tier 3,65000,9800,11500,4600,1400,6500,4400,3700,2000,0,43900,21100,6.63,0
2022-08,2022,8,Aug,COHORT_019,Tier 3,65000,11500,11500,3200,2000,2600,4300,3800,2400,0,41300,23700,6.66,0
2022-09,2022,9,Sep,COHORT_019,Tier 3,65000,9500,11500,3200,1600,2600,4300,2300,2000,0,37000,28000,6.97,0
2022-10,2022,10,Oct,COHORT_019,Tier 3,65000,11000,11500,3200,2400,2600,4700,5300,1500,8073,50273,14727,6.72,1
2022-11,2022,11,Nov,COHORT_019,Tier 3,65000,10600,11500,3200,2500,2600,4100,3400,2600,12705,53205,11795,6.46,1
2022-12,2022,12,Dec,COHORT_019,Tier 3,65000,10200,11500,3200,2600,2600,4500,3900,1400,0,39900,25100,6.42,0
2023-01,2023,1,Jan,COHORT_019,Tier 3,70000,12300,12500,3500,1700,2800,3400,2700,1600,0,40500,29500,5.55,0
2023-02,2023,2,Feb,COHORT_019,Tier 3,70000,10000,12500,3500,2600,2800,3400,2400,2600,0,39800,30200,5.66,0
2023-03,2023,3,Mar,COHORT_019,Tier 3,70000,10500,12500,3500,2300,2800,3600,3000,2100,9678,49978,20022,5.45,1
2023-04,2023,4,Apr,COHORT_019,Tier 3,70000,12100,12500,3500,1600,2800,4000,3000,2400,0,41900,28100,5.57,0
2023-05,2023,5,May,COHORT_019,Tier 3,70000,9900,12500,4900,2500,2800,4700,3400,1500,0,42200,27800,5.33,0
2023-06,2023,6,Jun,COHORT_019,Tier 3,70000,12200,12500,4900,1700,7000,3400,3100,2200,0,47000,23000,5.36,0
2023-07,2023,7,Jul,COHORT_019,Tier 3,70000,11000,12500,4900,2300,7000,3800,3700,1900,0,47100,22900,5.49,0
2023-08,2023,8,Aug,COHORT_019,Tier 3,70000,12400,12500,3500,2400,2800,3800,2300,2500,0,42200,27800,5.72,0
2023-09,2023,9,Sep,COHORT_019,Tier 3,70000,12200,12500,3500,1600,2800,4200,3600,2700,0,43100,26900,5.39,0
2023-10,2023,10,Oct,COHORT_019,Tier 3,70000,12000,12500,3500,2400,2800,4400,5500,2300,17042,62442,7558,5.31,1
2023-11,2023,11,Nov,COHORT_019,Tier 3,70000,10300,12500,3500,2100,2800,5000,4300,2000,11922,54422,15578,5.54,1
2023-12,2023,12,Dec,COHORT_019,Tier 3,70000,10800,12500,3500,2600,2800,3800,2300,1500,0,39800,30200,5.17,0
2024-01,2024,1,Jan,COHORT_019,Tier 3,75000,11400,13500,3800,2400,3000,3700,3100,1900,0,42800,32200,4.73,0
2024-02,2024,2,Feb,COHORT_019,Tier 3,75000,13400,13500,3800,1900,3000,5200,2500,1700,0,45000,30000,4.83,0
2024-03,2024,3,Mar,COHORT_019,Tier 3,75000,13100,13500,3800,2100,3000,4600,3200,2300,11138,56738,18262,4.59,1
2024-04,2024,4,Apr,COHORT_019,Tier 3,75000,12500,13500,3800,1700,3000,4600,3800,3000,0,45900,29100,4.4,0
2024-05,2024,5,May,COHORT_019,Tier 3,75000,12100,13500,5300,1900,3000,4500,3800,3000,0,47100,27900,4.43,0
2024-06,2024,6,Jun,COHORT_019,Tier 3,75000,10900,13500,5300,2700,7500,4200,4200,1600,0,49900,25100,4.97,0
2024-07,2024,7,Jul,COHORT_019,Tier 3,75000,12000,13500,5300,2400,7500,4400,2500,2900,0,50500,24500,5.14,0
2024-08,2024,8,Aug,COHORT_019,Tier 3,75000,13300,13500,3800,2300,3000,3600,2400,2900,0,44800,30200,5.19,0
2024-09,2024,9,Sep,COHORT_019,Tier 3,75000,12000,13500,3800,2500,3000,3200,3900,1700,0,43600,31400,4.66,0
2024-10,2024,10,Oct,COHORT_019,Tier 3,75000,10500,13500,3800,2500,3000,7700,6600,2100,17300,67000,8000,5.06,1
2024-11,2024,11,Nov,COHORT_019,Tier 3,75000,11100,13500,3800,2000,3000,7200,6200,2800,16554,66154,8846,5.07,1
2024-12,2024,12,Dec,COHORT_019,Tier 3,75000,11100,13500,3800,1800,3000,4100,2500,2800,0,42600,32400,4.99,0
2025-01,2025,1,Jan,COHORT_019,Tier 3,79000,12900,14000,4000,2900,3200,4500,4600,1700,0,47800,31200,4.18,0
2025-02,2025,2,Feb,COHORT_019,Tier 3,79000,11300,14000,4000,1600,3200,3700,3400,1700,0,42900,36100,4.7,0
2025-03,2025,3,Mar,COHORT_019,Tier 3,79000,13000,14000,4000,2200,3200,6300,4500,2500,19354,69054,9946,4.73,1
2025-04,2025,4,Apr,COHORT_019,Tier 3,79000,12900,14000,4000,2400,3200,4100,3300,2400,0,46300,32700,4.71,0
2025-05,2025,5,May,COHORT_019,Tier 3,79000,11300,14000,5500,2800,3200,3600,3900,2200,0,46500,32500,4.49,0
2025-06,2025,6,Jun,COHORT_019,Tier 3,79000,11200,14000,5500,1900,7900,3500,4700,1800,0,50500,28500,4.75,0
2025-07,2025,7,Jul,COHORT_019,Tier 3,79000,12500,14000,5500,2600,7900,5300,2600,2100,0,52500,26500,4.72,0
2025-08,2025,8,Aug,COHORT_019,Tier 3,79000,13600,14000,4000,3000,3200,5400,3800,2200,0,49200,29800,4.22,0
2025-09,2025,9,Sep,COHORT_019,Tier 3,79000,11800,14000,4000,2800,3200,4300,4300,3100,0,47500,31500,4.6,0
2025-10,2025,10,Oct,COHORT_019,Tier 3,79000,12800,14000,4000,2000,3200,6300,5400,2700,17948,68348,10652,4.5,1
2025-11,2025,11,Nov,COHORT_019,Tier 3,79000,11900,14000,4000,2100,3200,6700,6800,2600,10795,62095,16905,4.43,1
2025-12,2025,12,Dec,COHORT_019,Tier 3,79000,11500,14000,4000,2200,3200,5100,4400,2300,0,46700,32300,4.19,0
2021-01,2021,1,Jan,COHORT_020,Tier 2,126000,21100,22500,6300,5000,5000,6900,5600,4800,0,77200,48800,5.25,0
2021-02,2021,2,Feb,COHORT_020,Tier 2,126000,20300,22500,6300,4700,5000,7300,7000,4400,0,77500,48500,5.43,0
2021-03,2021,3,Mar,COHORT_020,Tier 2,126000,22500,22500,6300,3900,5000,6500,7800,4300,24881,103681,22319,4.89,1
2021-04,2021,4,Apr,COHORT_020,Tier 2,126000,21300,22500,6300,3900,5000,7200,6000,4800,0,77000,49000,5.23,0
2021-05,2021,5,May,COHORT_020,Tier 2,126000,18700,22500,8800,3800,5000,8500,4800,2800,0,74900,51100,4.75,0
2021-06,2021,6,Jun,COHORT_020,Tier 2,126000,22200,22500,8800,2900,12600,8100,4000,2500,0,83600,42400,5.29,0
2021-07,2021,7,Jul,COHORT_020,Tier 2,126000,21300,22500,8800,3800,12600,5600,5600,3500,0,83700,42300,5.43,0
2021-08,2021,8,Aug,COHORT_020,Tier 2,126000,18600,22500,6300,3900,5000,7200,4600,3800,0,71900,54100,5.27,0
2021-09,2021,9,Sep,COHORT_020,Tier 2,126000,20800,22500,6300,3100,5000,8100,5400,4700,0,75900,50100,4.95,0
2021-10,2021,10,Oct,COHORT_020,Tier 2,126000,22600,22500,6300,3600,5000,9900,8200,3100,16545,97745,28255,5.44,1
2021-11,2021,11,Nov,COHORT_020,Tier 2,126000,21800,22500,6300,3400,5000,8300,9500,4200,19041,100041,25959,4.73,1
2021-12,2021,12,Dec,COHORT_020,Tier 2,126000,22300,22500,6300,2700,5000,7800,6600,2900,0,76100,49900,5.28,0
2022-01,2022,1,Jan,COHORT_020,Tier 2,136000,21200,24500,6800,3400,5400,7600,7600,3600,0,80100,55900,6.65,0
2022-02,2022,2,Feb,COHORT_020,Tier 2,136000,22500,24500,6800,3800,5400,9500,4600,2900,0,80000,56000,6.32,0
2022-03,2022,3,Mar,COHORT_020,Tier 2,136000,21200,24500,6800,5200,5400,6700,5600,4600,25089,105089,30911,6.79,1
2022-04,2022,4,Apr,COHORT_020,Tier 2,136000,20900,24500,6800,3300,5400,8400,7600,2700,0,79600,56400,6.77,0
2022-05,2022,5,May,COHORT_020,Tier 2,136000,19500,24500,9500,3400,5400,7600,5700,2900,0,78500,57500,7.01,0
2022-06,2022,6,Jun,COHORT_020,Tier 2,136000,22400,24500,9500,5100,13600,8800,5600,2700,0,92200,43800,6.46,0
2022-07,2022,7,Jul,COHORT_020,Tier 2,136000,21200,24500,9500,3300,13600,8600,5800,5400,0,91900,44100,6.68,0
2022-08,2022,8,Aug,COHORT_020,Tier 2,136000,19200,24500,6800,5400,5400,8900,5300,3100,0,78600,57400,6.45,0
2022-09,2022,9,Sep,COHORT_020,Tier 2,136000,21300,24500,6800,5400,5400,7400,5200,3800,0,79800,56200,6.86,0
2022-10,2022,10,Oct,COHORT_020,Tier 2,136000,20000,24500,6800,5100,5400,10500,10300,3300,24310,110210,25790,6.57,1
2022-11,2022,11,Nov,COHORT_020,Tier 2,136000,23100,24500,6800,3400,5400,10300,9100,4600,30417,117617,18383,6.47,1
2022-12,2022,12,Dec,COHORT_020,Tier 2,136000,19100,24500,6800,4500,5400,5700,7100,3700,0,76800,59200,6.33,0
2023-01,2023,1,Jan,COHORT_020,Tier 2,146000,20600,26500,7300,4200,5800,7200,6000,4000,0,81600,64400,5.49,0
2023-02,2023,2,Feb,COHORT_020,Tier 2,146000,24400,26500,7300,3800,5800,5900,6700,5000,0,85400,60600,5.67,0
2023-03,2023,3,Mar,COHORT_020,Tier 2,146000,22300,26500,7300,5400,5800,12100,8600,5800,17842,111642,34358,5.27,1
2023-04,2023,4,Apr,COHORT_020,Tier 2,146000,26100,26500,7300,3700,5800,8400,7100,5400,0,90300,55700,5.46,0
2023-05,2023,5,May,COHORT_020,Tier 2,146000,21000,26500,10200,4500,5800,6400,6100,3400,0,83900,62100,5.22,0
2023-06,2023,6,Jun,COHORT_020,Tier 2,146000,25600,26500,10200,5400,14600,9200,6100,3800,0,101400,44600,5.26,0
2023-07,2023,7,Jul,COHORT_020,Tier 2,146000,23900,26500,10200,3100,14600,10000,6200,3100,0,97600,48400,5.14,0
2023-08,2023,8,Aug,COHORT_020,Tier 2,146000,21200,26500,7300,4200,5800,10100,5800,5000,0,85900,60100,5.39,0
2023-09,2023,9,Sep,COHORT_020,Tier 2,146000,23900,26500,7300,3400,5800,7500,5700,5400,0,85500,60500,5.72,0
2023-10,2023,10,Oct,COHORT_020,Tier 2,146000,24700,26500,7300,3200,5800,11800,10100,4800,33637,127837,18163,5.42,1
2023-11,2023,11,Nov,COHORT_020,Tier 2,146000,24700,26500,7300,4500,5800,13400,9100,5700,29853,126853,19147,5.45,1
2023-12,2023,12,Dec,COHORT_020,Tier 2,146000,21000,26500,7300,4100,5800,6500,8600,5300,0,85100,60900,5.09,0
2024-01,2024,1,Jan,COHORT_020,Tier 2,156000,22300,28000,7800,4900,6200,10100,6500,4600,0,90400,65600,4.69,0
2024-02,2024,2,Feb,COHORT_020,Tier 2,156000,23600,28000,7800,3400,6200,10500,8000,4600,0,92100,63900,4.79,0
2024-03,2024,3,Mar,COHORT_020,Tier 2,156000,26100,28000,7800,4000,6200,12700,10100,4800,30173,129873,26127,4.93,1
2024-04,2024,4,Apr,COHORT_020,Tier 2,156000,23300,28000,7800,5000,6200,7400,7200,4700,0,89600,66400,4.73,0
2024-05,2024,5,May,COHORT_020,Tier 2,156000,26300,28000,10900,4700,6200,10000,5800,5400,0,97300,58700,4.66,0
2024-06,2024,6,Jun,COHORT_020,Tier 2,156000,24800,28000,10900,4000,15600,8400,7400,6000,0,105100,50900,4.88,0
2024-07,2024,7,Jul,COHORT_020,Tier 2,156000,26400,28000,10900,6000,15600,6500,6200,5200,0,104800,51200,5.05,0
2024-08,2024,8,Aug,COHORT_020,Tier 2,156000,23300,28000,7800,4200,6200,9200,8000,4000,0,90700,65300,4.53,0
2024-09,2024,9,Sep,COHORT_020,Tier 2,156000,24500,28000,7800,4400,6200,7100,7800,4400,0,90200,65800,5.11,0
2024-10,2024,10,Oct,COHORT_020,Tier 2,156000,24300,28000,7800,5600,6200,15800,7300,5800,31160,131960,24040,4.97,1
2024-11,2024,11,Nov,COHORT_020,Tier 2,156000,25100,28000,7800,4200,6200,11500,7500,3400,21134,114834,41166,4.51,1
2024-12,2024,12,Dec,COHORT_020,Tier 2,156000,22400,28000,7800,3200,6200,9900,8800,5800,0,92100,63900,4.67,0
2025-01,2025,1,Jan,COHORT_020,Tier 2,166000,29000,30000,8300,4200,6600,7400,9900,5600,0,101000,65000,4.64,0
2025-02,2025,2,Feb,COHORT_020,Tier 2,166000,23800,30000,8300,4200,6600,11100,6500,4500,0,95000,71000,4.8,0
2025-03,2025,3,Mar,COHORT_020,Tier 2,166000,26800,30000,8300,4700,6600,12300,9000,5000,37318,140018,25982,4.79,1
2025-04,2025,4,Apr,COHORT_020,Tier 2,166000,23400,30000,8300,5600,6600,11300,8400,3800,0,97400,68600,4.12,0
2025-05,2025,5,May,COHORT_020,Tier 2,166000,27900,30000,11600,3700,6600,10300,7500,4500,0,102100,63900,4.33,0
2025-06,2025,6,Jun,COHORT_020,Tier 2,166000,28200,30000,11600,4200,16600,7100,6000,3800,0,107500,58500,4.71,0
2025-07,2025,7,Jul,COHORT_020,Tier 2,166000,24000,30000,11600,3700,16600,7700,6500,5200,0,105300,60700,4.42,0
2025-08,2025,8,Aug,COHORT_020,Tier 2,166000,24800,30000,8300,4700,6600,6800,8000,4500,0,93700,72300,4.84,0
2025-09,2025,9,Sep,COHORT_020,Tier 2,166000,25500,30000,8300,6600,6600,9400,9400,6600,0,102400,63600,4.61,0
2025-10,2025,10,Oct,COHORT_020,Tier 2,166000,27200,30000,8300,4400,6600,16000,8800,4700,38794,144794,21206,4.71,1
2025-11,2025,11,Nov,COHORT_020,Tier 2,166000,23500,30000,8300,3500,6600,13000,11400,4300,38525,139125,26875,4.25,1
2025-12,2025,12,Dec,COHORT_020,Tier 2,166000,28400,30000,8300,3800,6600,9800,8500,6300,0,101700,64300,4.17,0
2021-01,2021,1,Jan,COHORT_021,Tier 1,121000,17200,34000,6000,4400,4800,8400,4300,4100,0,83200,37800,5.15,0
2021-02,2021,2,Feb,COHORT_021,Tier 1,121000,18500,34000,6000,4300,4800,7600,5200,2900,0,83300,37700,4.77,0
2021-03,2021,3,Mar,COHORT_021,Tier 1,121000,20800,34000,6000,2400,4800,9200,5200,3000,24505,109905,11095,5.16,1
2021-04,2021,4,Apr,COHORT_021,Tier 1,121000,17700,34000,6000,4400,4800,8500,5900,4700,0,86000,35000,5.44,0
2021-05,2021,5,May,COHORT_021,Tier 1,121000,20700,34000,8500,2500,4800,7400,5400,4500,0,87800,33200,4.96,0
2021-06,2021,6,Jun,COHORT_021,Tier 1,121000,21400,34000,8500,3300,12100,7700,4800,2800,0,94600,26400,5.25,0
2021-07,2021,7,Jul,COHORT_021,Tier 1,121000,19700,34000,8500,3100,12100,6400,6900,4500,0,95200,25800,5.26,0
2021-08,2021,8,Aug,COHORT_021,Tier 1,121000,17200,34000,6000,3100,4800,6100,5500,3300,0,80000,41000,5.36,0
2021-09,2021,9,Sep,COHORT_021,Tier 1,121000,21200,34000,6000,4000,4800,4900,4900,3900,0,83700,37300,5.14,0
2021-10,2021,10,Oct,COHORT_021,Tier 1,121000,21000,34000,6000,3800,4800,10500,9700,2600,20436,112836,8164,5.38,1
2021-11,2021,11,Nov,COHORT_021,Tier 1,121000,20900,34000,6000,3400,4800,12000,7700,4400,25967,119167,1833,4.97,1
2021-12,2021,12,Dec,COHORT_021,Tier 1,121000,17400,34000,6000,3000,4800,6200,4500,3700,0,79600,41400,5.35,0
2022-01,2022,1,Jan,COHORT_021,Tier 1,131000,19600,36500,6600,2600,5200,9000,5000,3900,0,88400,42600,6.68,0
2022-02,2022,2,Feb,COHORT_021,Tier 1,131000,21800,36500,6600,4600,5200,7400,6100,4900,0,93100,37900,6.89,0
2022-03,2022,3,Mar,COHORT_021,Tier 1,131000,20600,36500,6600,3400,5200,6600,5000,5200,26978,116078,14922,6.35,1
2022-04,2022,4,Apr,COHORT_021,Tier 1,131000,20800,36500,6600,3000,5200,7500,6800,3900,0,90300,40700,6.44,0
2022-05,2022,5,May,COHORT_021,Tier 1,131000,22400,36500,9200,4000,5200,6600,5300,4300,0,93500,37500,6.33,0
2022-06,2022,6,Jun,COHORT_021,Tier 1,131000,19400,36500,9200,3200,13100,6400,6200,3800,0,97800,33200,7.01,0
2022-07,2022,7,Jul,COHORT_021,Tier 1,131000,21800,36500,9200,2800,13100,7800,7700,4800,0,103700,27300,7.07,0
2022-08,2022,8,Aug,COHORT_021,Tier 1,131000,18600,36500,6600,4900,5200,6100,4800,5100,0,87800,43200,6.94,0
2022-09,2022,9,Sep,COHORT_021,Tier 1,131000,22700,36500,6600,5200,5200,6200,5800,3900,0,92100,38900,6.35,0
2022-10,2022,10,Oct,COHORT_021,Tier 1,131000,19400,36500,6600,5000,5200,13500,7100,4300,31084,128684,2316,7.05,1
2022-11,2022,11,Nov,COHORT_021,Tier 1,131000,21000,36500,6600,4500,5200,10100,9300,4400,31482,129082,1918,6.5,1
2022-12,2022,12,Dec,COHORT_021,Tier 1,131000,21900,36500,6600,5200,5200,8400,4500,3700,0,92000,39000,6.93,0
2023-01,2023,1,Jan,COHORT_021,Tier 1,140000,23200,39000,7000,3800,5600,5800,8200,3600,0,96200,43800,5.56,0
2023-02,2023,2,Feb,COHORT_021,Tier 1,140000,24300,39000,7000,2900,5600,6800,7400,3900,0,96900,43100,5.34,0
2023-03,2023,3,Mar,COHORT_021,Tier 1,140000,20200,39000,7000,4200,5600,8700,9400,3300,19371,116771,23229,5.33,1
2023-04,2023,4,Apr,COHORT_021,Tier 1,140000,25100,39000,7000,5200,5600,9500,5200,3000,0,99600,40400,5.65,0
2023-05,2023,5,May,COHORT_021,Tier 1,140000,20400,39000,9800,4700,5600,6800,7500,3100,0,96900,43100,5.38,0
2023-06,2023,6,Jun,COHORT_021,Tier 1,140000,21700,39000,9800,4800,14000,7400,6300,3100,0,106100,33900,5.39,0
2023-07,2023,7,Jul,COHORT_021,Tier 1,140000,21200,39000,9800,3200,14000,5900,5600,3100,0,101800,38200,5.56,0
2023-08,2023,8,Aug,COHORT_021,Tier 1,140000,24400,39000,7000,5400,5600,6300,6000,4500,0,98200,41800,5.19,0
2023-09,2023,9,Sep,COHORT_021,Tier 1,140000,19600,39000,7000,4400,5600,5800,5000,4500,0,90900,49100,5.3,0
2023-10,2023,10,Oct,COHORT_021,Tier 1,140000,20200,39000,7000,3100,5600,13400,10300,4400,24597,127597,12403,5.43,1
2023-11,2023,11,Nov,COHORT_021,Tier 1,140000,24900,39000,7000,4000,5600,10500,8200,3200,16974,119374,20626,5.64,1
2023-12,2023,12,Dec,COHORT_021,Tier 1,140000,24500,39000,7000,3900,5600,7500,5500,4100,0,97100,42900,5.58,0
2024-01,2024,1,Jan,COHORT_021,Tier 1,150000,21200,42000,7500,4200,6000,10500,5100,4200,0,100700,49300,4.81,0
2024-02,2024,2,Feb,COHORT_021,Tier 1,150000,23200,42000,7500,4300,6000,10300,5000,3200,0,101500,48500,4.9,0
2024-03,2024,3,Mar,COHORT_021,Tier 1,150000,21500,42000,7500,3800,6000,11200,8300,3200,24464,127964,22036,4.62,1
2024-04,2024,4,Apr,COHORT_021,Tier 1,150000,22500,42000,7500,4400,6000,7200,6000,4300,0,99900,50100,4.55,0
2024-05,2024,5,May,COHORT_021,Tier 1,150000,23200,42000,10500,4700,6000,9900,6700,5700,0,108700,41300,4.55,0
2024-06,2024,6,Jun,COHORT_021,Tier 1,150000,24800,42000,10500,4400,15000,7200,7500,3900,0,115300,34700,4.81,0
2024-07,2024,7,Jul,COHORT_021,Tier 1,150000,22000,42000,10500,5500,15000,9200,6800,3600,0,114600,35400,4.5,0
2024-08,2024,8,Aug,COHORT_021,Tier 1,150000,24000,42000,7500,3900,6000,6900,5000,3500,0,98800,51200,4.86,0
2024-09,2024,9,Sep,COHORT_021,Tier 1,150000,21700,42000,7500,4900,6000,8000,4800,3800,0,98700,51300,4.41,0
2024-10,2024,10,Oct,COHORT_021,Tier 1,150000,25100,42000,7500,5300,6000,14100,11700,4700,35711,152111,0,4.99,1
2024-11,2024,11,Nov,COHORT_021,Tier 1,150000,24300,42000,7500,4300,6000,9400,7700,5900,31534,138634,11366,4.83,1
2024-12,2024,12,Dec,COHORT_021,Tier 1,150000,22600,42000,7500,5400,6000,10100,6600,5300,0,105500,44500,4.61,0
2025-01,2025,1,Jan,COHORT_021,Tier 1,160000,22700,45000,8000,3400,6400,7600,9500,5300,0,107900,52100,4.88,0
2025-02,2025,2,Feb,COHORT_021,Tier 1,160000,26700,45000,8000,3600,6400,9800,6800,5100,0,111400,48600,4.25,0
2025-03,2025,3,Mar,COHORT_021,Tier 1,160000,23400,45000,8000,3700,6400,11300,10200,5200,26667,139867,20133,4.13,1
2025-04,2025,4,Apr,COHORT_021,Tier 1,160000,28500,45000,8000,4800,6400,10700,6300,4600,0,114300,45700,4.32,0
2025-05,2025,5,May,COHORT_021,Tier 1,160000,26400,45000,11200,4200,6400,9800,5700,5900,0,114600,45400,4.26,0
2025-06,2025,6,Jun,COHORT_021,Tier 1,160000,25400,45000,11200,5300,16000,10100,5600,4500,0,123100,36900,4.45,0
2025-07,2025,7,Jul,COHORT_021,Tier 1,160000,24800,45000,11200,5000,16000,7600,6500,4100,0,120200,39800,4.83,0
2025-08,2025,8,Aug,COHORT_021,Tier 1,160000,27000,45000,8000,4500,6400,8300,6300,3900,0,109400,50600,4.86,0
2025-09,2025,9,Sep,COHORT_021,Tier 1,160000,28100,45000,8000,4300,6400,8800,9500,5100,0,115200,44800,4.69,0
2025-10,2025,10,Oct,COHORT_021,Tier 1,160000,27800,45000,8000,4900,6400,15100,7600,6200,29012,150012,9988,4.65,1
2025-11,2025,11,Nov,COHORT_021,Tier 1,160000,24000,45000,8000,5600,6400,13800,12900,6300,26155,148155,11845,4.66,1
2025-12,2025,12,Dec,COHORT_021,Tier 1,160000,27300,45000,8000,5800,6400,7000,8900,5900,0,114300,45700,4.28,0
2021-01,2021,1,Jan,COHORT_022,Tier 1,181000,29200,50500,9000,4400,7200,11200,10400,6900,0,128800,52200,4.78,0
2021-02,2021,2,Feb,COHORT_022,Tier 1,181000,31400,50500,9000,5200,7200,12100,10400,6500,0,132300,48700,5.22,0
2021-03,2021,3,Mar,COHORT_022,Tier 1,181000,28600,50500,9000,4100,7200,14800,11500,5700,26589,157989,23011,5.24,1
2021-04,2021,4,Apr,COHORT_022,Tier 1,181000,30000,50500,9000,4200,7200,10700,8700,5900,0,126200,54800,4.9,0
2021-05,2021,5,May,COHORT_022,Tier 1,181000,32500,50500,12700,4100,7200,9000,9800,6000,0,131800,49200,4.78,0
2021-06,2021,6,Jun,COHORT_022,Tier 1,181000,32500,50500,12700,6900,18100,8800,10100,6800,0,146400,34600,5.14,0
2021-07,2021,7,Jul,COHORT_022,Tier 1,181000,30100,50500,12700,5600,18100,7700,5500,4500,0,134700,46300,4.93,0
2021-08,2021,8,Aug,COHORT_022,Tier 1,181000,27300,50500,9000,4500,7200,12300,8400,3800,0,123000,58000,5.13,0
2021-09,2021,9,Sep,COHORT_022,Tier 1,181000,28100,50500,9000,5100,7200,10100,9000,4800,0,123800,57200,4.87,0
2021-10,2021,10,Oct,COHORT_022,Tier 1,181000,27100,50500,9000,7200,7200,12100,15300,4500,27388,160288,20712,5.19,1
2021-11,2021,11,Nov,COHORT_022,Tier 1,181000,26900,50500,9000,4600,7200,14400,11000,5700,29035,158335,22665,5.44,1
2021-12,2021,12,Dec,COHORT_022,Tier 1,181000,30400,50500,9000,6900,7200,12200,6200,4900,0,127300,53700,5.12,0
2022-01,2022,1,Jan,COHORT_022,Tier 1,195000,31400,54500,9800,4100,7800,13100,6700,5700,0,133100,61900,6.37,0
2022-02,2022,2,Feb,COHORT_022,Tier 1,195000,28700,54500,9800,6400,7800,11800,10900,7400,0,137300,57700,6.43,0
2022-03,2022,3,Mar,COHORT_022,Tier 1,195000,32000,54500,9800,5300,7800,10800,7900,6200,39900,174200,20800,6.63,1
2022-04,2022,4,Apr,COHORT_022,Tier 1,195000,30800,54500,9800,7400,7800,8600,10500,5800,0,135200,59800,6.36,0
2022-05,2022,5,May,COHORT_022,Tier 1,195000,33300,54500,13700,3900,7800,11000,6100,5300,0,135600,59400,7.03,0
2022-06,2022,6,Jun,COHORT_022,Tier 1,195000,31300,54500,13700,4400,19500,10600,9800,5900,0,149700,45300,6.77,0
2022-07,2022,7,Jul,COHORT_022,Tier 1,195000,29000,54500,13700,4100,19500,10800,7800,5700,0,145100,49900,6.96,0
2022-08,2022,8,Aug,COHORT_022,Tier 1,195000,34600,54500,9800,4700,7800,8100,7900,6000,0,133400,61600,7.03,0
2022-09,2022,9,Sep,COHORT_022,Tier 1,195000,35000,54500,9800,5500,7800,10500,5900,4600,0,133600,61400,6.68,0
2022-10,2022,10,Oct,COHORT_022,Tier 1,195000,32200,54500,9800,4600,7800,16700,12300,5800,26989,170689,24311,6.96,1
2022-11,2022,11,Nov,COHORT_022,Tier 1,195000,28900,54500,9800,5600,7800,12800,17000,7500,38014,181914,13086,6.85,1
2022-12,2022,12,Dec,COHORT_022,Tier 1,195000,33100,54500,9800,7100,7800,8300,7000,5200,0,132800,62200,6.72,0
2023-01,2023,1,Jan,COHORT_022,Tier 1,210000,37400,59000,10500,5000,8400,12300,12400,6800,0,151800,58200,5.37,0
2023-02,2023,2,Feb,COHORT_022,Tier 1,210000,29700,59000,10500,6500,8400,10300,9000,5800,0,139200,70800,5.5,0
2023-03,2023,3,Mar,COHORT_022,Tier 1,210000,35100,59000,10500,5900,8400,12400,9600,7800,46893,195593,14407,5.35,1
2023-04,2023,4,Apr,COHORT_022,Tier 1,210000,34700,59000,10500,5600,8400,13000,8000,6300,0,145500,64500,5.18,0
2023-05,2023,5,May,COHORT_022,Tier 1,210000,33700,59000,14700,7200,8400,11800,11500,8100,0,154400,55600,5.42,0
2023-06,2023,6,Jun,COHORT_022,Tier 1,210000,35300,59000,14700,4500,21000,13200,7300,6000,0,161000,49000,5.31,0
2023-07,2023,7,Jul,COHORT_022,Tier 1,210000,31900,59000,14700,6400,21000,13900,9300,5700,0,161900,48100,5.66,0
2023-08,2023,8,Aug,COHORT_022,Tier 1,210000,37500,59000,10500,7600,8400,13700,7700,8300,0,152700,57300,5.5,0
2023-09,2023,9,Sep,COHORT_022,Tier 1,210000,35800,59000,10500,8200,8400,10400,12100,4300,0,148700,61300,5.02,0
2023-10,2023,10,Oct,COHORT_022,Tier 1,210000,36700,59000,10500,4400,8400,18000,17000,8100,51616,213716,0,5.38,1
2023-11,2023,11,Nov,COHORT_022,Tier 1,210000,32800,59000,10500,7000,8400,17000,14300,4400,30631,184031,25969,5.69,1
2023-12,2023,12,Dec,COHORT_022,Tier 1,210000,30500,59000,10500,7500,8400,13700,8400,8100,0,146100,63900,5.62,0
2024-01,2024,1,Jan,COHORT_022,Tier 1,224000,37000,62500,11200,5400,9000,10300,12500,5000,0,152900,71100,5.06,0
2024-02,2024,2,Feb,COHORT_022,Tier 1,224000,36100,62500,11200,8400,9000,12100,8500,8800,0,156600,67400,4.71,0
2024-03,2024,3,Mar,COHORT_022,Tier 1,224000,34000,62500,11200,7500,9000,15000,10000,6200,48305,203705,20295,4.95,1
2024-04,2024,4,Apr,COHORT_022,Tier 1,224000,32400,62500,11200,8900,9000,13900,8800,6400,0,153100,70900,5.08,0
2024-05,2024,5,May,COHORT_022,Tier 1,224000,37500,62500,15700,5800,9000,15500,13300,4800,0,164100,59900,5.04,0
2024-06,2024,6,Jun,COHORT_022,Tier 1,224000,36000,62500,15700,7500,22400,11600,10900,7600,0,174200,49800,4.46,0
2024-07,2024,7,Jul,COHORT_022,Tier 1,224000,40100,62500,15700,4900,22400,9800,11900,5200,0,172500,51500,4.73,0
2024-08,2024,8,Aug,COHORT_022,Tier 1,224000,40300,62500,11200,8000,9000,12000,9300,8100,0,160400,63600,4.98,0
2024-09,2024,9,Sep,COHORT_022,Tier 1,224000,38000,62500,11200,6900,9000,11500,9300,4800,0,153200,70800,5.12,0
2024-10,2024,10,Oct,COHORT_022,Tier 1,224000,38000,62500,11200,6900,9000,21100,11800,6500,44390,211390,12610,4.9,1
2024-11,2024,11,Nov,COHORT_022,Tier 1,224000,35600,62500,11200,5900,9000,22200,19700,8500,42973,217573,6427,4.5,1
2024-12,2024,12,Dec,COHORT_022,Tier 1,224000,39300,62500,11200,4800,9000,13800,10000,5800,0,156400,67600,4.48,0
2025-01,2025,1,Jan,COHORT_022,Tier 1,238000,42400,66500,11900,5300,9500,16200,12900,6700,0,171400,66600,4.2,0
2025-02,2025,2,Feb,COHORT_022,Tier 1,238000,35600,66500,11900,5700,9500,15500,12000,5300,0,162000,76000,4.5,0
2025-03,2025,3,Mar,COHORT_022,Tier 1,238000,38800,66500,11900,4900,9500,15300,16500,8000,48417,219817,18183,4.79,1
2025-04,2025,4,Apr,COHORT_022,Tier 1,238000,40400,66500,11900,7500,9500,11300,12300,9400,0,168800,69200,4.88,0
2025-05,2025,5,May,COHORT_022,Tier 1,238000,35200,66500,16700,7100,9500,11900,8200,7600,0,162700,75300,4.61,0
2025-06,2025,6,Jun,COHORT_022,Tier 1,238000,35200,66500,16700,7700,23800,10700,7300,6500,0,174400,63600,4.48,0
2025-07,2025,7,Jul,COHORT_022,Tier 1,238000,41600,66500,16700,4900,23800,13500,11300,5400,0,183700,54300,4.63,0
2025-08,2025,8,Aug,COHORT_022,Tier 1,238000,37300,66500,11900,8600,9500,9500,14100,5000,0,162400,75600,4.5,0
2025-09,2025,9,Sep,COHORT_022,Tier 1,238000,40500,66500,11900,7700,9500,10000,11700,8500,0,166300,71700,4.22,0
2025-10,2025,10,Oct,COHORT_022,Tier 1,238000,39100,66500,11900,8500,9500,18600,12300,9100,48554,224054,13946,4.49,1
2025-11,2025,11,Nov,COHORT_022,Tier 1,238000,41700,66500,11900,7900,9500,15600,18200,5700,52747,229747,8253,4.19,1
2025-12,2025,12,Dec,COHORT_022,Tier 1,238000,37300,66500,11900,4900,9500,10900,11000,7700,0,159700,78300,4.25,0
2021-01,2021,1,Jan,COHORT_023,Tier 3,75000,11700,13500,3800,2800,3000,3200,2400,2900,0,43300,31700,5.39,0
2021-02,2021,2,Feb,COHORT_023,Tier 3,75000,12700,13500,3800,2000,3000,5200,4500,2700,0,47400,27600,5.35,0
2021-03,2021,3,Mar,COHORT_023,Tier 3,75000,10700,13500,3800,2200,3000,4700,4000,2200,18192,62292,12708,4.83,1
2021-04,2021,4,Apr,COHORT_023,Tier 3,75000,12600,13500,3800,2300,3000,3600,2500,1900,0,43200,31800,5.0,0
2021-05,2021,5,May,COHORT_023,Tier 3,75000,10900,13500,5300,1700,3000,4600,3800,1600,0,44400,30600,5.08,0
2021-06,2021,6,Jun,COHORT_023,Tier 3,75000,12000,13500,5300,1700,7500,3900,4000,2600,0,50500,24500,5.46,0
2021-07,2021,7,Jul,COHORT_023,Tier 3,75000,11900,13500,5300,2000,7500,4000,3200,1500,0,48900,26100,5.04,0
2021-08,2021,8,Aug,COHORT_023,Tier 3,75000,10700,13500,3800,1900,3000,3300,2700,2000,0,40900,34100,5.24,0
2021-09,2021,9,Sep,COHORT_023,Tier 3,75000,10700,13500,3800,1800,3000,5000,3100,1700,0,42600,32400,5.38,0
2021-10,2021,10,Oct,COHORT_023,Tier 3,75000,13100,13500,3800,3000,3000,7000,4700,1900,12290,62290,12710,5.1,1
2021-11,2021,11,Nov,COHORT_023,Tier 3,75000,10500,13500,3800,2500,3000,5400,3600,1700,11637,55637,19363,4.99,1
2021-12,2021,12,Dec,COHORT_023,Tier 3,75000,11600,13500,3800,3000,3000,3700,3200,1900,0,43700,31300,5.07,0
2022-01,2022,1,Jan,COHORT_023,Tier 3,81000,13400,14500,4000,2000,3200,4500,3600,2900,0,48100,32900,6.96,0
2022-02,2022,2,Feb,COHORT_023,Tier 3,81000,13900,14500,4000,1900,3200,3800,4300,3000,0,48600,32400,6.87,0
2022-03,2022,3,Mar,COHORT_023,Tier 3,81000,14500,14500,4000,2300,3200,4000,4500,2900,11865,61765,19235,6.54,1
2022-04,2022,4,Apr,COHORT_023,Tier 3,81000,11800,14500,4000,2700,3200,3400,2600,1900,0,44100,36900,6.87,0
2022-05,2022,5,May,COHORT_023,Tier 3,81000,13000,14500,5700,3000,3200,4900,2700,2200,0,49200,31800,6.91,0
2022-06,2022,6,Jun,COHORT_023,Tier 3,81000,12500,14500,5700,1800,8100,4600,3900,3000,0,54100,26900,7.0,0
2022-07,2022,7,Jul,COHORT_023,Tier 3,81000,13000,14500,5700,1800,8100,3300,2700,1800,0,50900,30100,6.74,0
2022-08,2022,8,Aug,COHORT_023,Tier 3,81000,14400,14500,4000,2100,3200,5500,4400,1800,0,49900,31100,7.1,0
2022-09,2022,9,Sep,COHORT_023,Tier 3,81000,14200,14500,4000,1700,3200,3600,2700,2600,0,46500,34500,6.86,0
2022-10,2022,10,Oct,COHORT_023,Tier 3,81000,11400,14500,4000,2700,3200,5000,6500,2800,17907,68007,12993,6.61,1
2022-11,2022,11,Nov,COHORT_023,Tier 3,81000,12200,14500,4000,2300,3200,7400,5400,2400,11760,63160,17840,6.76,1
2022-12,2022,12,Dec,COHORT_023,Tier 3,81000,12000,14500,4000,2300,3200,3800,3900,2000,0,45700,35300,6.97,0
2023-01,2023,1,Jan,COHORT_023,Tier 3,87000,14100,15500,4400,2400,3500,4600,4100,2700,0,51300,35700,5.35,0
2023-02,2023,2,Feb,COHORT_023,Tier 3,87000,15600,15500,4400,2600,3500,4800,2900,2300,0,51600,35400,5.23,0
2023-03,2023,3,Mar,COHORT_023,Tier 3,87000,14200,15500,4400,2400,3500,4900,3600,2200,14875,65575,21425,5.31,1
2023-04,2023,4,Apr,COHORT_023,Tier 3,87000,12600,15500,4400,2700,3500,5100,3500,2700,0,50000,37000,5.49,0
2023-05,2023,5,May,COHORT_023,Tier 3,87000,12200,15500,6100,2800,3500,5300,4300,2000,0,51700,35300,5.16,0
2023-06,2023,6,Jun,COHORT_023,Tier 3,87000,12900,15500,6100,2800,8700,4600,2700,2200,0,55500,31500,5.11,0
2023-07,2023,7,Jul,COHORT_023,Tier 3,87000,12200,15500,6100,3100,8700,4400,2800,3100,0,55900,31100,5.43,0
2023-08,2023,8,Aug,COHORT_023,Tier 3,87000,12400,15500,4400,2900,3500,5600,5200,2200,0,51700,35300,5.16,0
2023-09,2023,9,Sep,COHORT_023,Tier 3,87000,14400,15500,4400,2200,3500,4700,3500,2000,0,50200,36800,5.45,0
2023-10,2023,10,Oct,COHORT_023,Tier 3,87000,15500,15500,4400,3200,3500,7600,7500,3000,14947,75147,11853,5.38,1
2023-11,2023,11,Nov,COHORT_023,Tier 3,87000,15100,15500,4400,2800,3500,6000,6900,2700,19235,76135,10865,5.67,1
2023-12,2023,12,Dec,COHORT_023,Tier 3,87000,12500,15500,4400,2700,3500,5500,3600,3200,0,50900,36100,5.2,0
2024-01,2024,1,Jan,COHORT_023,Tier 3,93000,14700,16500,4600,3300,3700,4500,3000,1900,0,52200,40800,5.14,0
2024-02,2024,2,Feb,COHORT_023,Tier 3,93000,15600,16500,4600,2500,3700,5000,3400,2600,0,53900,39100,5.18,0
2024-03,2024,3,Mar,COHORT_023,Tier 3,93000,15800,16500,4600,3500,3700,7400,4800,2700,19439,78439,14561,5.05,1
2024-04,2024,4,Apr,COHORT_023,Tier 3,93000,14800,16500,4600,2000,3700,4600,4700,2400,0,53300,39700,4.52,0
2024-05,2024,5,May,COHORT_023,Tier 3,93000,15500,16500,6500,3600,3700,5500,2900,3600,0,57800,35200,4.98,0
2024-06,2024,6,Jun,COHORT_023,Tier 3,93000,14400,16500,6500,2700,9300,6200,5000,2200,0,62800,30200,5.11,0
2024-07,2024,7,Jul,COHORT_023,Tier 3,93000,16300,16500,6500,3200,9300,5700,3900,2900,0,64300,28700,4.82,0
2024-08,2024,8,Aug,COHORT_023,Tier 3,93000,15900,16500,4600,2000,3700,5300,3600,2400,0,54000,39000,4.97,0
2024-09,2024,9,Sep,COHORT_023,Tier 3,93000,16500,16500,4600,3400,3700,4200,3100,2700,0,54700,38300,4.73,0
2024-10,2024,10,Oct,COHORT_023,Tier 3,93000,15600,16500,4600,2200,3700,8900,5300,3100,14210,74110,18890,4.46,1
2024-11,2024,11,Nov,COHORT_023,Tier 3,93000,13300,16500,4600,2300,3700,5600,6800,2100,17128,72028,20972,4.45,1
2024-12,2024,12,Dec,COHORT_023,Tier 3,93000,14700,16500,4600,3500,3700,4800,2900,3700,0,54400,38600,4.92,0
2025-01,2025,1,Jan,COHORT_023,Tier 3,99000,16900,18000,5000,2300,4000,4300,5800,2500,0,58800,40200,4.84,0
2025-02,2025,2,Feb,COHORT_023,Tier 3,99000,17100,18000,5000,3100,4000,6200,4200,2500,0,60100,38900,4.11,0
2025-03,2025,3,Mar,COHORT_023,Tier 3,99000,14100,18000,5000,2300,4000,6900,6800,2700,17478,77278,21722,4.38,1
2025-04,2025,4,Apr,COHORT_023,Tier 3,99000,17100,18000,5000,2600,4000,5800,5800,3800,0,62100,36900,4.43,0
2025-05,2025,5,May,COHORT_023,Tier 3,99000,16500,18000,6900,2200,4000,4400,5500,2000,0,59500,39500,4.8,0
2025-06,2025,6,Jun,COHORT_023,Tier 3,99000,15500,18000,6900,2600,9900,4900,5800,2100,0,65700,33300,4.63,0
2025-07,2025,7,Jul,COHORT_023,Tier 3,99000,13900,18000,6900,3600,9900,4800,4800,3200,0,65100,33900,4.52,0
2025-08,2025,8,Aug,COHORT_023,Tier 3,99000,14500,18000,5000,3300,4000,6500,4400,3800,0,59500,39500,4.58,0
2025-09,2025,9,Sep,COHORT_023,Tier 3,99000,14700,18000,5000,2700,4000,5900,3500,2300,0,56100,42900,4.55,0
2025-10,2025,10,Oct,COHORT_023,Tier 3,99000,14900,18000,5000,3800,4000,6500,7500,3100,12042,74842,24158,4.7,1
2025-11,2025,11,Nov,COHORT_023,Tier 3,99000,14100,18000,5000,2800,4000,8100,8600,3300,24150,88050,10950,4.54,1
2025-12,2025,12,Dec,COHORT_023,Tier 3,99000,15900,18000,5000,3100,4000,4700,3600,3300,0,57600,41400,4.77,0
2021-01,2021,1,Jan,COHORT_024,Tier 3,72000,12300,13000,3600,1700,2900,4200,4200,2200,0,44100,27900,5.25,0
2021-02,2021,2,Feb,COHORT_024,Tier 3,72000,10500,13000,3600,2200,2900,3000,2600,2200,0,40000,32000,5.3,0
2021-03,2021,3,Mar,COHORT_024,Tier 3,72000,12600,13000,3600,2200,2900,4800,4600,1800,14381,59881,12119,5.47,1
2021-04,2021,4,Apr,COHORT_024,Tier 3,72000,10300,13000,3600,1700,2900,3100,3600,1800,0,40000,32000,4.89,0
2021-05,2021,5,May,COHORT_024,Tier 3,72000,10600,13000,5000,1600,2900,4900,2300,2000,0,42300,29700,4.81,0
2021-06,2021,6,Jun,COHORT_024,Tier 3,72000,12500,13000,5000,1900,7200,2900,2900,2700,0,48100,23900,5.28,0
2021-07,2021,7,Jul,COHORT_024,Tier 3,72000,12300,13000,5000,2500,7200,4300,4200,2200,0,50700,21300,5.19,0
2021-08,2021,8,Aug,COHORT_024,Tier 3,72000,10800,13000,3600,2800,2900,3300,3600,2100,0,42100,29900,5.23,0
2021-09,2021,9,Sep,COHORT_024,Tier 3,72000,10700,13000,3600,2500,2900,3000,4000,2200,0,41900,30100,5.19,0
2021-10,2021,10,Oct,COHORT_024,Tier 3,72000,12500,13000,3600,2300,2900,6000,5500,2300,13355,61455,10545,4.93,1
2021-11,2021,11,Nov,COHORT_024,Tier 3,72000,11600,13000,3600,1500,2900,7400,4300,1900,12483,58683,13317,4.92,1
2021-12,2021,12,Dec,COHORT_024,Tier 3,72000,10900,13000,3600,2700,2900,4800,3200,1500,0,42600,29400,5.03,0
2022-01,2022,1,Jan,COHORT_024,Tier 3,78000,12100,14000,3900,2300,3100,3800,3600,1700,0,44500,33500,6.97,0
2022-02,2022,2,Feb,COHORT_024,Tier 3,78000,12600,14000,3900,2500,3100,5400,4500,2400,0,48400,29600,7.08,0
2022-03,2022,3,Mar,COHORT_024,Tier 3,78000,11300,14000,3900,1800,3100,4600,4600,2300,11535,57135,20865,6.81,1
2022-04,2022,4,Apr,COHORT_024,Tier 3,78000,12300,14000,3900,2800,3100,4500,2900,1600,0,45100,32900,6.5,0
2022-05,2022,5,May,COHORT_024,Tier 3,78000,12300,14000,5500,1600,3100,3700,2400,3100,0,45700,32300,6.64,0
2022-06,2022,6,Jun,COHORT_024,Tier 3,78000,11000,14000,5500,2000,7800,3400,4400,2700,0,50800,27200,6.78,0
2022-07,2022,7,Jul,COHORT_024,Tier 3,78000,12400,14000,5500,2800,7800,4200,4400,2600,0,53700,24300,6.47,0
2022-08,2022,8,Aug,COHORT_024,Tier 3,78000,11000,14000,3900,1600,3100,3500,4100,3100,0,44300,33700,7.06,0
2022-09,2022,9,Sep,COHORT_024,Tier 3,78000,11400,14000,3900,2900,3100,5200,3200,2400,0,46100,31900,6.36,0
2022-10,2022,10,Oct,COHORT_024,Tier 3,78000,12700,14000,3900,1900,3100,5100,3800,1900,16434,62834,15166,6.71,1
2022-11,2022,11,Nov,COHORT_024,Tier 3,78000,12800,14000,3900,3000,3100,4900,4900,2900,18290,67790,10210,6.31,1
2022-12,2022,12,Dec,COHORT_024,Tier 3,78000,13400,14000,3900,1700,3100,4900,3100,3100,0,47200,30800,6.43,0
2023-01,2023,1,Jan,COHORT_024,Tier 3,84000,12600,15000,4200,3200,3400,4800,4400,3300,0,50900,33100,5.51,0
2023-02,2023,2,Feb,COHORT_024,Tier 3,84000,12900,15000,4200,3000,3400,5200,3900,2500,0,50100,33900,5.53,0
2023-03,2023,3,Mar,COHORT_024,Tier 3,84000,13900,15000,4200,3300,3400,5100,5200,2200,14051,66351,17649,5.24,1
2023-04,2023,4,Apr,COHORT_024,Tier 3,84000,14600,15000,4200,2600,3400,5600,4100,3000,0,52500,31500,5.17,0
2023-05,2023,5,May,COHORT_024,Tier 3,84000,14100,15000,5900,1800,3400,3500,4300,2700,0,50700,33300,5.63,0
2023-06,2023,6,Jun,COHORT_024,Tier 3,84000,12500,15000,5900,2300,8400,4300,4700,2700,0,55800,28200,5.02,0
2023-07,2023,7,Jul,COHORT_024,Tier 3,84000,13300,15000,5900,2800,8400,4300,4600,3100,0,57400,26600,5.67,0
2023-08,2023,8,Aug,COHORT_024,Tier 3,84000,14600,15000,4200,2900,3400,4900,2900,2900,0,50800,33200,5.47,0
2023-09,2023,9,Sep,COHORT_024,Tier 3,84000,12000,15000,4200,3100,3400,5500,4200,3200,0,50600,33400,5.38,0
2023-10,2023,10,Oct,COHORT_024,Tier 3,84000,12800,15000,4200,3100,3400,6800,5600,3100,11841,65841,18159,5.11,1
2023-11,2023,11,Nov,COHORT_024,Tier 3,84000,13100,15000,4200,3200,3400,8600,7400,1900,20994,77794,6206,5.09,1
2023-12,2023,12,Dec,COHORT_024,Tier 3,84000,13600,15000,4200,2000,3400,5800,4600,2200,0,50800,33200,5.08,0
2024-01,2024,1,Jan,COHORT_024,Tier 3,89000,14200,16000,4400,1900,3600,5600,3100,2900,0,51700,37300,4.66,0
2024-02,2024,2,Feb,COHORT_024,Tier 3,89000,13100,16000,4400,2600,3600,5300,3200,2300,0,50500,38500,4.46,0
2024-03,2024,3,Mar,COHORT_024,Tier 3,89000,12900,16000,4400,3000,3600,4900,6300,3200,14592,68892,20108,4.89,1
2024-04,2024,4,Apr,COHORT_024,Tier 3,89000,13900,16000,4400,2300,3600,4300,2700,2400,0,49600,39400,4.87,0
2024-05,2024,5,May,COHORT_024,Tier 3,89000,14200,16000,6200,2800,3600,4100,5000,2100,0,54000,35000,4.79,0
2024-06,2024,6,Jun,COHORT_024,Tier 3,89000,15900,16000,6200,1900,8900,3600,3900,2600,0,59000,30000,4.67,0
2024-07,2024,7,Jul,COHORT_024,Tier 3,89000,12600,16000,6200,2400,8900,5800,2700,2900,0,57500,31500,5.09,0
2024-08,2024,8,Aug,COHORT_024,Tier 3,89000,12600,16000,4400,2700,3600,4600,3600,2100,0,49600,39400,4.53,0
2024-09,2024,9,Sep,COHORT_024,Tier 3,89000,13500,16000,4400,3300,3600,5300,3100,3400,0,52600,36400,4.77,0
2024-10,2024,10,Oct,COHORT_024,Tier 3,89000,15400,16000,4400,2200,3600,7400,7900,2300,22038,81238,7762,4.44,1
2024-11,2024,11,Nov,COHORT_024,Tier 3,89000,12700,16000,4400,2500,3600,5900,5400,2800,13423,66723,22277,4.98,1
2024-12,2024,12,Dec,COHORT_024,Tier 3,89000,15500,16000,4400,2700,3600,5900,4500,3000,0,55600,33400,5.11,0
2025-01,2025,1,Jan,COHORT_024,Tier 3,95000,14500,17000,4800,2000,3800,5400,3300,3100,0,53900,41100,4.32,0
2025-02,2025,2,Feb,COHORT_024,Tier 3,95000,14700,17000,4800,2300,3800,3900,4500,3300,0,54300,40700,4.84,0
2025-03,2025,3,Mar,COHORT_024,Tier 3,95000,13400,17000,4800,2800,3800,6800,6600,2300,15833,73333,21667,4.19,1
2025-04,2025,4,Apr,COHORT_024,Tier 3,95000,16000,17000,4800,3700,3800,5100,4300,2700,0,57400,37600,4.11,0
2025-05,2025,5,May,COHORT_024,Tier 3,95000,16100,17000,6700,2200,3800,5400,4300,2300,0,57800,37200,4.55,0
2025-06,2025,6,Jun,COHORT_024,Tier 3,95000,14000,17000,6700,2400,9500,3800,3600,2700,0,59700,35300,4.6,0
2025-07,2025,7,Jul,COHORT_024,Tier 3,95000,13800,17000,6700,2600,9500,4100,4200,2400,0,60300,34700,4.78,0
2025-08,2025,8,Aug,COHORT_024,Tier 3,95000,13400,17000,4800,3100,3800,6600,5400,3400,0,57500,37500,4.78,0
2025-09,2025,9,Sep,COHORT_024,Tier 3,95000,15300,17000,4800,2600,3800,4300,4100,3300,0,55200,39800,4.64,0
2025-10,2025,10,Oct,COHORT_024,Tier 3,95000,15600,17000,4800,2700,3800,5700,5000,1900,18393,74893,20107,4.87,1
2025-11,2025,11,Nov,COHORT_024,Tier 3,95000,15300,17000,4800,3700,3800,8700,6200,2000,15193,76693,18307,4.42,1
2025-12,2025,12,Dec,COHORT_024,Tier 3,95000,17000,17000,4800,2500,3800,6300,3700,2000,0,57100,37900,4.53,0
2021-01,2021,1,Jan,COHORT_025,Tier 3,71000,12400,13000,3600,1700,2800,3900,2300,2600,0,42300,28700,4.86,0
2021-02,2021,2,Feb,COHORT_025,Tier 3,71000,10800,13000,3600,1600,2800,4500,3200,1800,0,41300,29700,4.81,0
2021-03,2021,3,Mar,COHORT_025,Tier 3,71000,12100,13000,3600,1400,2800,5200,3600,1500,15733,58933,12067,5.1,1
2021-04,2021,4,Apr,COHORT_025,Tier 3,71000,12400,13000,3600,1900,2800,3100,2300,2500,0,41600,29400,4.88,0
2021-05,2021,5,May,COHORT_025,Tier 3,71000,12700,13000,5000,2700,2800,4900,4000,2100,0,47200,23800,5.38,0
2021-06,2021,6,Jun,COHORT_025,Tier 3,71000,10300,13000,5000,1900,7100,4600,3200,1900,0,47000,24000,4.93,0
2021-07,2021,7,Jul,COHORT_025,Tier 3,71000,10800,13000,5000,1700,7100,3200,3500,2300,0,46600,24400,5.47,0
2021-08,2021,8,Aug,COHORT_025,Tier 3,71000,12200,13000,3600,1900,2800,3300,3900,1700,0,42400,28600,4.72,0
2021-09,2021,9,Sep,COHORT_025,Tier 3,71000,12500,13000,3600,2400,2800,3400,2500,2200,0,42400,28600,4.72,0
2021-10,2021,10,Oct,COHORT_025,Tier 3,71000,12500,13000,3600,2300,2800,5100,4000,1600,12996,57896,13104,4.81,1
2021-11,2021,11,Nov,COHORT_025,Tier 3,71000,12100,13000,3600,1700,2800,6700,3600,1700,15649,60849,10151,4.89,1
2021-12,2021,12,Dec,COHORT_025,Tier 3,71000,12100,13000,3600,2700,2800,2900,2600,2300,0,42000,29000,5.22,0
2022-01,2022,1,Jan,COHORT_025,Tier 3,77000,11200,14000,3800,2300,3100,4300,4000,2800,0,45500,31500,6.84,0
2022-02,2022,2,Feb,COHORT_025,Tier 3,77000,13800,14000,3800,2700,3100,3200,3800,1800,0,46200,30800,6.64,0
2022-03,2022,3,Mar,COHORT_025,Tier 3,77000,13100,14000,3800,1600,3100,6000,3600,2900,17343,65443,11557,6.61,1
2022-04,2022,4,Apr,COHORT_025,Tier 3,77000,12600,14000,3800,2600,3100,4200,3900,2300,0,46500,30500,6.45,0
2022-05,2022,5,May,COHORT_025,Tier 3,77000,11200,14000,5400,2400,3100,3500,3800,2300,0,45700,31300,7.04,0
2022-06,2022,6,Jun,COHORT_025,Tier 3,77000,13000,14000,5400,1800,7700,4100,3100,3100,0,52200,24800,6.98,0
2022-07,2022,7,Jul,COHORT_025,Tier 3,77000,12200,14000,5400,2900,7700,4300,3800,1600,0,51900,25100,6.88,0
2022-08,2022,8,Aug,COHORT_025,Tier 3,77000,12900,14000,3800,1900,3100,4500,3300,2700,0,46200,30800,7.06,0
2022-09,2022,9,Sep,COHORT_025,Tier 3,77000,11400,14000,3800,1900,3100,5200,4100,2500,0,46000,31000,6.65,0
2022-10,2022,10,Oct,COHORT_025,Tier 3,77000,13500,14000,3800,2400,3100,4900,3700,2900,10281,58581,18419,6.68,1
2022-11,2022,11,Nov,COHORT_025,Tier 3,77000,11800,14000,3800,2600,3100,7100,6100,2500,14203,65203,11797,6.31,1
2022-12,2022,12,Dec,COHORT_025,Tier 3,77000,10900,14000,3800,3000,3100,5200,2700,1800,0,44500,32500,6.98,0
2023-01,2023,1,Jan,COHORT_025,Tier 3,83000,14200,15000,4200,2600,3300,4000,2700,2300,0,48300,34700,5.48,0
2023-02,2023,2,Feb,COHORT_025,Tier 3,83000,13200,15000,4200,2700,3300,3900,3900,2000,0,48200,34800,5.58,0
2023-03,2023,3,Mar,COHORT_025,Tier 3,83000,13800,15000,4200,3200,3300,6000,5900,2700,16239,70339,12661,5.64,1
2023-04,2023,4,Apr,COHORT_025,Tier 3,83000,13100,15000,4200,2200,3300,3500,3800,2700,0,47800,35200,5.12,0
2023-05,2023,5,May,COHORT_025,Tier 3,83000,13800,15000,5800,1800,3300,3400,2600,1800,0,47500,35500,5.28,0
2023-06,2023,6,Jun,COHORT_025,Tier 3,83000,12800,15000,5800,1700,8300,5200,4400,2100,0,55300,27700,5.39,0
2023-07,2023,7,Jul,COHORT_025,Tier 3,83000,11700,15000,5800,2000,8300,4700,4200,2500,0,54200,28800,5.39,0
2023-08,2023,8,Aug,COHORT_025,Tier 3,83000,12500,15000,4200,2100,3300,5500,2500,3000,0,48100,34900,5.38,0
2023-09,2023,9,Sep,COHORT_025,Tier 3,83000,12200,15000,4200,1900,3300,4200,3100,2500,0,46400,36600,5.32,0
2023-10,2023,10,Oct,COHORT_025,Tier 3,83000,12300,15000,4200,2800,3300,7800,5200,3200,18565,72365,10635,5.04,1
2023-11,2023,11,Nov,COHORT_025,Tier 3,83000,14400,15000,4200,1900,3300,8400,6800,2700,11278,67978,15022,5.43,1
2023-12,2023,12,Dec,COHORT_025,Tier 3,83000,12800,15000,4200,2500,3300,4200,4900,2700,0,49600,33400,5.75,0
2024-01,2024,1,Jan,COHORT_025,Tier 3,88000,13900,16000,4400,2400,3500,5100,5100,2100,0,52500,35500,4.61,0
2024-02,2024,2,Feb,COHORT_025,Tier 3,88000,14700,16000,4400,2600,3500,4000,3300,3000,0,51500,36500,4.87,0
2024-03,2024,3,Mar,COHORT_025,Tier 3,88000,14400,16000,4400,3400,3500,4900,4000,2400,19339,72339,15661,5.02,1
2024-04,2024,4,Apr,COHORT_025,Tier 3,88000,13800,16000,4400,3300,3500,4300,3400,2100,0,50800,37200,4.6,0
2024-05,2024,5,May,COHORT_025,Tier 3,88000,15500,16000,6200,3300,3500,6200,3500,3300,0,57500,30500,5.13,0
2024-06,2024,6,Jun,COHORT_025,Tier 3,88000,14500,16000,6200,1800,8800,5100,4300,2600,0,59300,28700,5.1,0
2024-07,2024,7,Jul,COHORT_025,Tier 3,88000,14300,16000,6200,3500,8800,4400,4600,2500,0,60300,27700,4.83,0
2024-08,2024,8,Aug,COHORT_025,Tier 3,88000,12400,16000,4400,2600,3500,4300,4500,3100,0,50800,37200,4.77,0
2024-09,2024,9,Sep,COHORT_025,Tier 3,88000,12800,16000,4400,2600,3500,4700,2700,3500,0,50200,37800,4.66,0
2024-10,2024,10,Oct,COHORT_025,Tier 3,88000,12500,16000,4400,2500,3500,7200,4500,1900,20699,73199,14801,4.94,1
2024-11,2024,11,Nov,COHORT_025,Tier 3,88000,15100,16000,4400,1800,3500,5300,5700,2400,16136,70336,17664,4.74,1
2024-12,2024,12,Dec,COHORT_025,Tier 3,88000,13700,16000,4400,2600,3500,4900,4500,2300,0,51900,36100,5.01,0
2025-01,2025,1,Jan,COHORT_025,Tier 3,94000,15800,17000,4700,2800,3800,6200,5200,2600,0,58100,35900,4.23,0
2025-02,2025,2,Feb,COHORT_025,Tier 3,94000,14700,17000,4700,3200,3800,4800,4700,2700,0,55600,38400,4.82,0
2025-03,2025,3,Mar,COHORT_025,Tier 3,94000,14800,17000,4700,2200,3800,7700,6200,3700,23315,83415,10585,4.49,1
2025-04,2025,4,Apr,COHORT_025,Tier 3,94000,16100,17000,4700,2800,3800,5800,5600,2400,0,58200,35800,4.3,0
2025-05,2025,5,May,COHORT_025,Tier 3,94000,14500,17000,6600,3400,3800,4900,5500,3100,0,58800,35200,4.23,0
2025-06,2025,6,Jun,COHORT_025,Tier 3,94000,16300,17000,6600,3300,9400,5500,4700,2100,0,64900,29100,4.38,0
2025-07,2025,7,Jul,COHORT_025,Tier 3,94000,14600,17000,6600,2500,9400,6000,5500,3000,0,64600,29400,4.21,0
2025-08,2025,8,Aug,COHORT_025,Tier 3,94000,15700,17000,4700,2100,3800,4300,3200,3200,0,54000,40000,4.11,0
2025-09,2025,9,Sep,COHORT_025,Tier 3,94000,15800,17000,4700,2700,3800,5100,4500,3600,0,57200,36800,4.54,0
2025-10,2025,10,Oct,COHORT_025,Tier 3,94000,15400,17000,4700,3400,3800,5900,6900,2800,16002,75902,18098,4.63,1
2025-11,2025,11,Nov,COHORT_025,Tier 3,94000,13700,17000,4700,3600,3800,6500,7100,2100,22446,80946,13054,4.28,1
2025-12,2025,12,Dec,COHORT_025,Tier 3,94000,16000,17000,4700,1900,3800,5700,4500,2900,0,56500,37500,4.78,0
2021-01,2021,1,Jan,COHORT_026,Tier 1,101000,17400,28500,5000,2400,4000,6600,3200,3600,0,70700,30300,4.72,0
2021-02,2021,2,Feb,COHORT_026,Tier 1,101000,16100,28500,5000,3000,4000,6700,4700,2400,0,70400,30600,4.89,0
2021-03,2021,3,Mar,COHORT_026,Tier 1,101000,17900,28500,5000,3300,4000,6000,7200,2900,13638,88438,12562,4.97,1
2021-04,2021,4,Apr,COHORT_026,Tier 1,101000,17100,28500,5000,3200,4000,6100,4500,2400,0,70800,30200,5.4,0
2021-05,2021,5,May,COHORT_026,Tier 1,101000,14200,28500,7100,3100,4000,4300,3200,3700,0,68100,32900,4.77,0
2021-06,2021,6,Jun,COHORT_026,Tier 1,101000,15200,28500,7100,3400,10100,5500,5200,3000,0,78000,23000,5.0,0
2021-07,2021,7,Jul,COHORT_026,Tier 1,101000,17300,28500,7100,3300,10100,5200,6100,2600,0,80200,20800,4.86,0
2021-08,2021,8,Aug,COHORT_026,Tier 1,101000,16200,28500,5000,2900,4000,4700,3200,2900,0,67400,33600,5.2,0
2021-09,2021,9,Sep,COHORT_026,Tier 1,101000,15400,28500,5000,2800,4000,7000,3300,3000,0,69000,32000,5.07,0
2021-10,2021,10,Oct,COHORT_026,Tier 1,101000,16700,28500,5000,2500,4000,8700,5700,2600,16174,89874,11126,4.83,1
2021-11,2021,11,Nov,COHORT_026,Tier 1,101000,17300,28500,5000,2800,4000,9800,7100,3100,14423,92023,8977,5.3,1
2021-12,2021,12,Dec,COHORT_026,Tier 1,101000,14400,28500,5000,3300,4000,6100,4000,3800,0,69100,31900,4.76,0
2022-01,2022,1,Jan,COHORT_026,Tier 1,109000,15300,30500,5400,3500,4400,5800,6000,2900,0,73800,35200,7.05,0
2022-02,2022,2,Feb,COHORT_026,Tier 1,109000,17000,30500,5400,4100,4400,4500,4200,3000,0,73100,35900,6.74,0
2022-03,2022,3,Mar,COHORT_026,Tier 1,109000,15400,30500,5400,4300,4400,9100,7000,3300,27027,106427,2573,6.67,1
2022-04,2022,4,Apr,COHORT_026,Tier 1,109000,16100,30500,5400,2400,4400,7600,3700,2600,0,72700,36300,6.64,0
2022-05,2022,5,May,COHORT_026,Tier 1,109000,15400,30500,7600,2200,4400,5000,3600,2600,0,71300,37700,6.9,0
2022-06,2022,6,Jun,COHORT_026,Tier 1,109000,18200,30500,7600,2500,10900,6900,6500,2200,0,85300,23700,6.95,0
2022-07,2022,7,Jul,COHORT_026,Tier 1,109000,16700,30500,7600,4100,10900,6000,4600,3900,0,84300,24700,7.06,0
2022-08,2022,8,Aug,COHORT_026,Tier 1,109000,18800,30500,5400,2400,4400,7500,3700,3400,0,76100,32900,6.95,0
2022-09,2022,9,Sep,COHORT_026,Tier 1,109000,18800,30500,5400,2800,4400,5800,4500,2200,0,74400,34600,6.59,0
2022-10,2022,10,Oct,COHORT_026,Tier 1,109000,17800,30500,5400,2700,4400,9800,5200,3400,21175,100375,8625,6.68,1
2022-11,2022,11,Nov,COHORT_026,Tier 1,109000,18300,30500,5400,4100,4400,8200,7500,2700,17717,98817,10183,6.4,1
2022-12,2022,12,Dec,COHORT_026,Tier 1,109000,16400,30500,5400,3500,4400,4600,6200,3400,0,74400,34600,6.49,0
2023-01,2023,1,Jan,COHORT_026,Tier 1,117000,18900,33000,5800,3700,4700,5300,5300,3800,0,80500,36500,5.45,0
2023-02,2023,2,Feb,COHORT_026,Tier 1,117000,18100,33000,5800,3500,4700,7200,5500,4400,0,82200,34800,5.36,0
2023-03,2023,3,Mar,COHORT_026,Tier 1,117000,17300,33000,5800,4000,4700,8700,6800,3200,21959,105459,11541,5.03,1
2023-04,2023,4,Apr,COHORT_026,Tier 1,117000,20800,33000,5800,3100,4700,7100,5800,3300,0,83600,33400,5.28,0
2023-05,2023,5,May,COHORT_026,Tier 1,117000,16900,33000,8200,3200,4700,7800,7000,3800,0,84600,32400,5.24,0
2023-06,2023,6,Jun,COHORT_026,Tier 1,117000,18600,33000,8200,4700,11700,6000,4500,4400,0,91100,25900,5.7,0
2023-07,2023,7,Jul,COHORT_026,Tier 1,117000,16500,33000,8200,2500,11700,7900,5800,3500,0,89100,27900,5.64,0
2023-08,2023,8,Aug,COHORT_026,Tier 1,117000,17000,33000,5800,4100,4700,6000,4600,4100,0,79300,37700,5.13,0
2023-09,2023,9,Sep,COHORT_026,Tier 1,117000,20200,33000,5800,2500,4700,6600,4600,4300,0,81700,35300,5.26,0
2023-10,2023,10,Oct,COHORT_026,Tier 1,117000,18600,33000,5800,3600,4700,7100,8100,3200,19765,103865,13135,5.14,1
2023-11,2023,11,Nov,COHORT_026,Tier 1,117000,20900,33000,5800,2900,4700,11900,10100,2800,20070,112170,4830,5.66,1
2023-12,2023,12,Dec,COHORT_026,Tier 1,117000,18400,33000,5800,4000,4700,4800,4000,4700,0,79400,37600,5.74,0
2024-01,2024,1,Jan,COHORT_026,Tier 1,125000,17900,35000,6200,4200,5000,7700,6100,4700,0,86800,38200,5.18,0
2024-02,2024,2,Feb,COHORT_026,Tier 1,125000,18000,35000,6200,4900,5000,7000,7300,4000,0,87400,37600,4.66,0
2024-03,2024,3,Mar,COHORT_026,Tier 1,125000,19700,35000,6200,2700,5000,7700,7100,3100,17936,104436,20564,4.51,1
2024-04,2024,4,Apr,COHORT_026,Tier 1,125000,18500,35000,6200,3700,5000,8500,5200,3400,0,85500,39500,4.6,0
2024-05,2024,5,May,COHORT_026,Tier 1,125000,22300,35000,8800,2600,5000,7800,7500,3700,0,92700,32300,4.5,0
2024-06,2024,6,Jun,COHORT_026,Tier 1,125000,17900,35000,8800,2900,12500,8200,4300,3700,0,93300,31700,4.54,0
2024-07,2024,7,Jul,COHORT_026,Tier 1,125000,19500,35000,8800,4900,12500,6800,6300,4100,0,97900,27100,4.89,0
2024-08,2024,8,Aug,COHORT_026,Tier 1,125000,21800,35000,6200,5000,5000,7100,6200,3100,0,89400,35600,5.19,0
2024-09,2024,9,Sep,COHORT_026,Tier 1,125000,22000,35000,6200,2500,5000,7700,5800,3100,0,87300,37700,4.63,0
2024-10,2024,10,Oct,COHORT_026,Tier 1,125000,20400,35000,6200,3100,5000,8300,10000,4700,17260,109960,15040,4.52,1
2024-11,2024,11,Nov,COHORT_026,Tier 1,125000,21100,35000,6200,5000,5000,11700,11100,4900,28316,128316,0,4.87,1
2024-12,2024,12,Dec,COHORT_026,Tier 1,125000,21800,35000,6200,3600,5000,5500,5200,3000,0,85300,39700,4.8,0
2025-01,2025,1,Jan,COHORT_026,Tier 1,134000,22100,37500,6700,2900,5400,6000,7500,2800,0,90900,43100,4.25,0
2025-02,2025,2,Feb,COHORT_026,Tier 1,134000,20000,37500,6700,3900,5400,7900,7300,4500,0,93200,40800,4.79,0
2025-03,2025,3,Mar,COHORT_026,Tier 1,134000,18900,37500,6700,4800,5400,11200,8600,3200,21059,117359,16641,4.47,1
2025-04,2025,4,Apr,COHORT_026,Tier 1,134000,20100,37500,6700,5000,5400,6900,4700,4300,0,90600,43400,4.26,0
2025-05,2025,5,May,COHORT_026,Tier 1,134000,19200,37500,9400,4300,5400,6700,6600,4500,0,93600,40400,4.82,0
2025-06,2025,6,Jun,COHORT_026,Tier 1,134000,23700,37500,9400,3600,13400,5700,7200,5000,0,105500,28500,4.23,0
2025-07,2025,7,Jul,COHORT_026,Tier 1,134000,22900,37500,9400,4500,13400,7600,5800,3600,0,104700,29300,4.87,0
2025-08,2025,8,Aug,COHORT_026,Tier 1,134000,22900,37500,6700,3700,5400,8200,4900,3000,0,92300,41700,4.65,0
2025-09,2025,9,Sep,COHORT_026,Tier 1,134000,19900,37500,6700,4900,5400,8200,7900,4200,0,94700,39300,4.81,0
2025-10,2025,10,Oct,COHORT_026,Tier 1,134000,19300,37500,6700,3500,5400,10400,7800,3300,16254,110154,23846,4.17,1
2025-11,2025,11,Nov,COHORT_026,Tier 1,134000,22400,37500,6700,3300,5400,11500,8100,3300,33030,131230,2770,4.25,1
2025-12,2025,12,Dec,COHORT_026,Tier 1,134000,19500,37500,6700,4500,5400,6800,7300,2700,0,90400,43600,4.24,0
2021-01,2021,1,Jan,COHORT_027,Tier 3,43000,6900,7500,2200,1400,1700,2400,1600,1200,0,24900,18100,4.97,0
2021-02,2021,2,Feb,COHORT_027,Tier 3,43000,7500,7500,2200,900,1700,2800,2200,1500,0,26300,16700,5.01,0
2021-03,2021,3,Mar,COHORT_027,Tier 3,43000,7600,7500,2200,1700,1700,3000,1700,1600,6294,33294,9706,5.03,1
2021-04,2021,4,Apr,COHORT_027,Tier 3,43000,7300,7500,2200,1200,1700,2800,1800,1200,0,25700,17300,4.82,0
2021-05,2021,5,May,COHORT_027,Tier 3,43000,7200,7500,3000,1300,1700,2100,1500,1200,0,25500,17500,4.84,0
2021-06,2021,6,Jun,COHORT_027,Tier 3,43000,6500,7500,3000,900,4300,2300,2000,1500,0,28000,15000,5.1,0
2021-07,2021,7,Jul,COHORT_027,Tier 3,43000,6800,7500,3000,1600,4300,2900,2100,1300,0,29500,13500,5.01,0
2021-08,2021,8,Aug,COHORT_027,Tier 3,43000,7000,7500,2200,1300,1700,1800,1900,1600,0,25000,18000,4.94,0
2021-09,2021,9,Sep,COHORT_027,Tier 3,43000,7700,7500,2200,900,1700,2900,1300,1500,0,25700,17300,5.19,0
2021-10,2021,10,Oct,COHORT_027,Tier 3,43000,7500,7500,2200,1000,1700,4400,3100,1000,10065,38465,4535,5.33,1
2021-11,2021,11,Nov,COHORT_027,Tier 3,43000,7300,7500,2200,1400,1700,4100,3400,1100,9155,37855,5145,4.81,1
2021-12,2021,12,Dec,COHORT_027,Tier 3,43000,7100,7500,2200,900,1700,2200,1900,1700,0,25200,17800,4.88,0
2022-01,2022,1,Jan,COHORT_027,Tier 3,47000,7300,8500,2400,1700,1900,2400,1900,1300,0,27400,19600,7.0,0
2022-02,2022,2,Feb,COHORT_027,Tier 3,47000,7700,8500,2400,1800,1900,2900,2400,1800,0,29400,17600,6.6,0
2022-03,2022,3,Mar,COHORT_027,Tier 3,47000,7800,8500,2400,1800,1900,3600,2400,900,5741,35041,11959,6.51,1
2022-04,2022,4,Apr,COHORT_027,Tier 3,47000,7400,8500,2400,1500,1900,1900,2400,1000,0,27000,20000,7.05,0
2022-05,2022,5,May,COHORT_027,Tier 3,47000,6800,8500,3300,1500,1900,2800,1400,1500,0,27700,19300,6.94,0
2022-06,2022,6,Jun,COHORT_027,Tier 3,47000,8000,8500,3300,1100,4700,2300,2000,1400,0,31300,15700,6.63,0
2022-07,2022,7,Jul,COHORT_027,Tier 3,47000,7400,8500,3300,1700,4700,3100,1900,1200,0,31800,15200,6.91,0
2022-08,2022,8,Aug,COHORT_027,Tier 3,47000,8000,8500,2400,1800,1900,3100,1500,1700,0,28900,18100,6.88,0
2022-09,2022,9,Sep,COHORT_027,Tier 3,47000,7000,8500,2400,1400,1900,2100,2500,1900,0,27700,19300,6.42,0
2022-10,2022,10,Oct,COHORT_027,Tier 3,47000,7200,8500,2400,1500,1900,4100,3300,1200,11081,41181,5819,6.69,1
2022-11,2022,11,Nov,COHORT_027,Tier 3,47000,7200,8500,2400,1900,1900,3000,3200,1300,10673,40073,6927,6.6,1
2022-12,2022,12,Dec,COHORT_027,Tier 3,47000,8300,8500,2400,1000,1900,2400,2500,1100,0,28100,18900,6.75,0
2023-01,2023,1,Jan,COHORT_027,Tier 3,50000,8100,9000,2500,1600,2000,2400,2300,1600,0,29500,20500,5.45,0
2023-02,2023,2,Feb,COHORT_027,Tier 3,50000,8900,9000,2500,1300,2000,3000,2900,1100,0,30700,19300,5.61,0
2023-03,2023,3,Mar,COHORT_027,Tier 3,50000,8400,9000,2500,1400,2000,3300,2000,1900,6068,36568,13432,5.55,1
2023-04,2023,4,Apr,COHORT_027,Tier 3,50000,7300,9000,2500,1200,2000,2500,3000,1900,0,29400,20600,5.03,0
2023-05,2023,5,May,COHORT_027,Tier 3,50000,8900,9000,3500,1300,2000,2100,2500,1800,0,31100,18900,5.46,0
2023-06,2023,6,Jun,COHORT_027,Tier 3,50000,8400,9000,3500,1500,5000,2000,1700,1400,0,32500,17500,5.56,0
2023-07,2023,7,Jul,COHORT_027,Tier 3,50000,7100,9000,3500,1500,5000,2300,2000,1300,0,31700,18300,5.4,0
2023-08,2023,8,Aug,COHORT_027,Tier 3,50000,7000,9000,2500,1600,2000,2700,2500,1700,0,29000,21000,5.52,0
2023-09,2023,9,Sep,COHORT_027,Tier 3,50000,8500,9000,2500,1100,2000,2100,1700,1200,0,28100,21900,5.1,0
2023-10,2023,10,Oct,COHORT_027,Tier 3,50000,8900,9000,2500,1500,2000,4600,3500,1500,10667,44167,5833,5.07,1
2023-11,2023,11,Nov,COHORT_027,Tier 3,50000,8300,9000,2500,1400,2000,5100,3600,1500,10915,44315,5685,5.11,1
2023-12,2023,12,Dec,COHORT_027,Tier 3,50000,8800,9000,2500,1900,2000,3300,2900,1500,0,31900,18100,5.65,0
2024-01,2024,1,Jan,COHORT_027,Tier 3,54000,8200,9500,2700,2100,2200,2800,1800,1700,0,31000,23000,5.01,0
2024-02,2024,2,Feb,COHORT_027,Tier 3,54000,8200,9500,2700,1700,2200,2800,2800,2000,0,31900,22100,4.94,0
2024-03,2024,3,Mar,COHORT_027,Tier 3,54000,9300,9500,2700,1600,2200,2600,3100,1400,11402,43802,10198,4.92,1
2024-04,2024,4,Apr,COHORT_027,Tier 3,54000,7700,9500,2700,2100,2200,2800,1800,1400,0,30200,23800,4.46,0
2024-05,2024,5,May,COHORT_027,Tier 3,54000,9000,9500,3800,2000,2200,3600,3000,1300,0,34400,19600,5.13,0
2024-06,2024,6,Jun,COHORT_027,Tier 3,54000,8100,9500,3800,1200,5400,3300,1800,1500,0,34600,19400,4.78,0
2024-07,2024,7,Jul,COHORT_027,Tier 3,54000,7600,9500,3800,2000,5400,2300,2200,2000,0,34800,19200,4.41,0
2024-08,2024,8,Aug,COHORT_027,Tier 3,54000,7700,9500,2700,1600,2200,2900,2400,1500,0,30500,23500,4.95,0
2024-09,2024,9,Sep,COHORT_027,Tier 3,54000,8300,9500,2700,1500,2200,3700,3200,2000,0,33100,20900,4.45,0
2024-10,2024,10,Oct,COHORT_027,Tier 3,54000,9400,9500,2700,1400,2200,5700,2600,1700,12946,48146,5854,5.18,1
2024-11,2024,11,Nov,COHORT_027,Tier 3,54000,8200,9500,2700,1400,2200,3500,4400,1600,7683,41183,12817,4.79,1
2024-12,2024,12,Dec,COHORT_027,Tier 3,54000,9700,9500,2700,1800,2200,3400,3100,1800,0,34200,19800,4.46,0
2025-01,2025,1,Jan,COHORT_027,Tier 3,57000,9900,10500,2800,2200,2300,3000,3000,2100,0,35800,21200,4.58,0
2025-02,2025,2,Feb,COHORT_027,Tier 3,57000,8400,10500,2800,1400,2300,3600,3100,1500,0,33600,23400,4.58,0
2025-03,2025,3,Mar,COHORT_027,Tier 3,57000,9100,10500,2800,1900,2300,3500,2300,2200,8462,43062,13938,4.83,1
2025-04,2025,4,Apr,COHORT_027,Tier 3,57000,8800,10500,2800,1800,2300,2600,2100,2000,0,32900,24100,4.25,0
2025-05,2025,5,May,COHORT_027,Tier 3,57000,10200,10500,4000,1800,2300,2400,2500,1600,0,35300,21700,4.3,0
2025-06,2025,6,Jun,COHORT_027,Tier 3,57000,9700,10500,4000,2000,5700,3000,3200,1800,0,39900,17100,4.7,0
2025-07,2025,7,Jul,COHORT_027,Tier 3,57000,9700,10500,4000,1900,5700,2600,2800,1700,0,38900,18100,4.52,0
2025-08,2025,8,Aug,COHORT_027,Tier 3,57000,9100,10500,2800,1500,2300,3400,2500,2100,0,34200,22800,4.16,0
2025-09,2025,9,Sep,COHORT_027,Tier 3,57000,8200,10500,2800,2000,2300,3000,2400,1900,0,33100,23900,4.86,0
2025-10,2025,10,Oct,COHORT_027,Tier 3,57000,8200,10500,2800,1900,2300,5500,3700,1800,12924,49624,7376,4.57,1
2025-11,2025,11,Nov,COHORT_027,Tier 3,57000,10100,10500,2800,1700,2300,5900,4600,1300,9467,48667,8333,4.63,1
2025-12,2025,12,Dec,COHORT_027,Tier 3,57000,8900,10500,2800,1800,2300,3200,3300,1500,0,34300,22700,4.18,0
2021-01,2021,1,Jan,COHORT_028,Tier 2,114000,18700,20500,5700,2800,4600,5300,4200,4000,0,65800,48200,5.39,0
2021-02,2021,2,Feb,COHORT_028,Tier 2,114000,18800,20500,5700,4100,4600,6000,3500,2400,0,65600,48400,5.45,0
2021-03,2021,3,Mar,COHORT_028,Tier 2,114000,18200,20500,5700,3100,4600,8300,6500,3800,21026,91726,22274,5.36,1
2021-04,2021,4,Apr,COHORT_028,Tier 2,114000,18600,20500,5700,4400,4600,5500,5500,4600,0,69400,44600,5.19,0
2021-05,2021,5,May,COHORT_028,Tier 2,114000,16300,20500,8000,2400,4600,6700,6400,3300,0,68200,45800,4.95,0
2021-06,2021,6,Jun,COHORT_028,Tier 2,114000,20100,20500,8000,2900,11400,7400,3900,3100,0,77300,36700,5.36,0
2021-07,2021,7,Jul,COHORT_028,Tier 2,114000,17400,20500,8000,4300,11400,7900,3900,3600,0,77000,37000,5.37,0
2021-08,2021,8,Aug,COHORT_028,Tier 2,114000,16600,20500,5700,3300,4600,6600,5100,3900,0,66300,47700,4.75,0
2021-09,2021,9,Sep,COHORT_028,Tier 2,114000,19500,20500,5700,2700,4600,6300,4400,4100,0,67800,46200,5.41,0
2021-10,2021,10,Oct,COHORT_028,Tier 2,114000,17000,20500,5700,3800,4600,7300,7200,2500,28222,96822,17178,4.91,1
2021-11,2021,11,Nov,COHORT_028,Tier 2,114000,18500,20500,5700,3700,4600,10000,6900,2700,20305,92905,21095,5.46,1
2021-12,2021,12,Dec,COHORT_028,Tier 2,114000,19600,20500,5700,3500,4600,4600,4500,2900,0,65900,48100,5.09,0
2022-01,2022,1,Jan,COHORT_028,Tier 2,123000,17500,22000,6200,4600,4900,8300,6800,3800,0,74100,48900,6.69,0
2022-02,2022,2,Feb,COHORT_028,Tier 2,123000,18400,22000,6200,4200,4900,7200,6700,3500,0,73100,49900,6.4,0
2022-03,2022,3,Mar,COHORT_028,Tier 2,123000,21200,22000,6200,4300,4900,8800,5500,3400,18902,95202,27798,6.92,1
2022-04,2022,4,Apr,COHORT_028,Tier 2,123000,19400,22000,6200,2800,4900,6900,4300,2700,0,69200,53800,6.83,0
2022-05,2022,5,May,COHORT_028,Tier 2,123000,20900,22000,8600,3800,4900,5600,6500,4400,0,76700,46300,6.5,0
2022-06,2022,6,Jun,COHORT_028,Tier 2,123000,17300,22000,8600,3900,12300,7700,5400,2900,0,80100,42900,7.06,0
2022-07,2022,7,Jul,COHORT_028,Tier 2,123000,18700,22000,8600,3500,12300,7800,4600,4800,0,82300,40700,7.09,0
2022-08,2022,8,Aug,COHORT_028,Tier 2,123000,20800,22000,6200,4500,4900,8500,7000,3500,0,77400,45600,6.71,0
2022-09,2022,9,Sep,COHORT_028,Tier 2,123000,21800,22000,6200,3100,4900,5500,5600,2800,0,71900,51100,6.67,0
2022-10,2022,10,Oct,COHORT_028,Tier 2,123000,18300,22000,6200,4300,4900,11600,7200,4600,27683,106783,16217,6.43,1
2022-11,2022,11,Nov,COHORT_028,Tier 2,123000,19600,22000,6200,3900,4900,10900,7000,3600,25647,103747,19253,6.68,1
2022-12,2022,12,Dec,COHORT_028,Tier 2,123000,18500,22000,6200,3600,4900,6800,4000,2500,0,68500,54500,6.61,0
2023-01,2023,1,Jan,COHORT_028,Tier 2,133000,23000,24000,6600,4600,5300,7500,7300,5100,0,83400,49600,5.51,0
2023-02,2023,2,Feb,COHORT_028,Tier 2,133000,19800,24000,6600,3800,5300,6500,4200,4300,0,74500,58500,5.51,0
2023-03,2023,3,Mar,COHORT_028,Tier 2,133000,21500,24000,6600,4100,5300,10700,6400,4500,16581,99681,33319,5.52,1
2023-04,2023,4,Apr,COHORT_028,Tier 2,133000,21900,24000,6600,3200,5300,7500,5200,3700,0,77400,55600,5.43,0
2023-05,2023,5,May,COHORT_028,Tier 2,133000,22200,24000,9300,3300,5300,5900,8000,2800,0,80800,52200,5.73,0
2023-06,2023,6,Jun,COHORT_028,Tier 2,133000,19100,24000,9300,5300,13300,5500,4700,5100,0,86300,46700,5.67,0
2023-07,2023,7,Jul,COHORT_028,Tier 2,133000,19300,24000,9300,3400,13300,6200,5000,4500,0,85000,48000,5.37,0
2023-08,2023,8,Aug,COHORT_028,Tier 2,133000,23900,24000,6600,4300,5300,8500,5000,3700,0,81300,51700,5.62,0
2023-09,2023,9,Sep,COHORT_028,Tier 2,133000,19900,24000,6600,4000,5300,8700,5400,4200,0,78100,54900,5.54,0
2023-10,2023,10,Oct,COHORT_028,Tier 2,133000,20800,24000,6600,4300,5300,11100,7200,4500,31380,115180,17820,5.6,1
2023-11,2023,11,Nov,COHORT_028,Tier 2,133000,22300,24000,6600,2900,5300,12200,6600,3700,28304,111904,21096,5.62,1
2023-12,2023,12,Dec,COHORT_028,Tier 2,133000,20700,24000,6600,3400,5300,6600,6100,4900,0,77600,55400,5.2,0
2024-01,2024,1,Jan,COHORT_028,Tier 2,142000,21300,25500,7100,3900,5700,6700,6500,5400,0,82100,59900,5.01,0
2024-02,2024,2,Feb,COHORT_028,Tier 2,142000,25000,25500,7100,3300,5700,7600,8500,5500,0,88200,53800,5.11,0
2024-03,2024,3,Mar,COHORT_028,Tier 2,142000,23200,25500,7100,4200,5700,9100,6300,4400,22804,108304,33696,4.54,1
2024-04,2024,4,Apr,COHORT_028,Tier 2,142000,24300,25500,7100,3700,5700,5900,7800,3000,0,83000,59000,4.51,0
2024-05,2024,5,May,COHORT_028,Tier 2,142000,22300,25500,9900,3100,5700,5900,7100,5300,0,84800,57200,5.03,0
2024-06,2024,6,Jun,COHORT_028,Tier 2,142000,22100,25500,9900,3500,14200,8800,4600,5500,0,94100,47900,5.05,0
2024-07,2024,7,Jul,COHORT_028,Tier 2,142000,22000,25500,9900,3200,14200,6800,6800,5300,0,93700,48300,4.47,0
2024-08,2024,8,Aug,COHORT_028,Tier 2,142000,20900,25500,7100,3400,5700,9900,7000,4800,0,84300,57700,4.55,0
2024-09,2024,9,Sep,COHORT_028,Tier 2,142000,23600,25500,7100,3600,5700,6200,7000,4500,0,83200,58800,4.6,0
2024-10,2024,10,Oct,COHORT_028,Tier 2,142000,23100,25500,7100,3300,5700,11200,11100,3700,18953,109653,32347,4.83,1
2024-11,2024,11,Nov,COHORT_028,Tier 2,142000,23900,25500,7100,5600,5700,8900,7500,3400,20964,108564,33436,4.66,1
2024-12,2024,12,Dec,COHORT_028,Tier 2,142000,24300,25500,7100,3300,5700,8500,7400,4400,0,86200,55800,4.86,0
2025-01,2025,1,Jan,COHORT_028,Tier 2,151000,23600,27000,7600,3500,6000,10200,5200,5900,0,89000,62000,4.54,0
2025-02,2025,2,Feb,COHORT_028,Tier 2,151000,26000,27000,7600,3900,6000,7100,7900,4800,0,90300,60700,4.73,0
2025-03,2025,3,Mar,COHORT_028,Tier 2,151000,21200,27000,7600,4900,6000,7500,7200,3500,35416,120316,30684,4.52,1
2025-04,2025,4,Apr,COHORT_028,Tier 2,151000,21800,27000,7600,5100,6000,8500,8400,4300,0,88700,62300,4.25,0
2025-05,2025,5,May,COHORT_028,Tier 2,151000,22700,27000,10600,4100,6000,9400,7900,3700,0,91400,59600,4.1,0
2025-06,2025,6,Jun,COHORT_028,Tier 2,151000,23100,27000,10600,4500,15100,9400,5700,3000,0,98400,52600,4.58,0
2025-07,2025,7,Jul,COHORT_028,Tier 2,151000,27000,27000,10600,4100,15100,6800,6600,4400,0,101600,49400,4.61,0
2025-08,2025,8,Aug,COHORT_028,Tier 2,151000,24600,27000,7600,3400,6000,6700,5400,5200,0,85900,65100,4.33,0
2025-09,2025,9,Sep,COHORT_028,Tier 2,151000,25900,27000,7600,4500,6000,8500,5800,3200,0,88500,62500,4.45,0
2025-10,2025,10,Oct,COHORT_028,Tier 2,151000,22000,27000,7600,3900,6000,9200,9800,5200,30492,121192,29808,4.66,1
2025-11,2025,11,Nov,COHORT_028,Tier 2,151000,23800,27000,7600,5000,6000,13300,13200,3300,28310,127510,23490,4.85,1
2025-12,2025,12,Dec,COHORT_028,Tier 2,151000,23000,27000,7600,5400,6000,10000,6500,4200,0,89700,61300,4.58,0
2021-01,2021,1,Jan,COHORT_029,Tier 3,74000,10900,13500,3700,2300,3000,3000,4400,1700,0,42500,31500,5.42,0
2021-02,2021,2,Feb,COHORT_029,Tier 3,74000,13100,13500,3700,1600,3000,5200,3700,2000,0,45800,28200,5.26,0
2021-03,2021,3,Mar,COHORT_029,Tier 3,74000,13000,13500,3700,2600,3000,4500,3100,2500,16206,62106,11894,4.8,1
2021-04,2021,4,Apr,COHORT_029,Tier 3,74000,10500,13500,3700,2900,3000,5200,3400,2700,0,44900,29100,5.34,0
2021-05,2021,5,May,COHORT_029,Tier 3,74000,12800,13500,5200,2400,3000,3500,2400,2800,0,45600,28400,5.27,0
2021-06,2021,6,Jun,COHORT_029,Tier 3,74000,11300,13500,5200,2300,7400,3800,3500,2600,0,49600,24400,5.4,0
2021-07,2021,7,Jul,COHORT_029,Tier 3,74000,10400,13500,5200,2200,7400,3100,3800,2300,0,47900,26100,4.97,0
2021-08,2021,8,Aug,COHORT_029,Tier 3,74000,12900,13500,3700,1700,3000,4800,3200,1500,0,44300,29700,5.03,0
2021-09,2021,9,Sep,COHORT_029,Tier 3,74000,11700,13500,3700,1900,3000,4100,3400,2900,0,44200,29800,4.71,0
2021-10,2021,10,Oct,COHORT_029,Tier 3,74000,12200,13500,3700,2100,3000,6700,6600,2700,13024,63524,10476,5.46,1
2021-11,2021,11,Nov,COHORT_029,Tier 3,74000,11200,13500,3700,2800,3000,7500,6300,2900,17800,68700,5300,5.05,1
2021-12,2021,12,Dec,COHORT_029,Tier 3,74000,12000,13500,3700,2300,3000,5100,2900,2800,0,45300,28700,5.42,0
2022-01,2022,1,Jan,COHORT_029,Tier 3,80000,13500,14500,4000,2200,3200,3600,2700,2400,0,46100,33900,6.74,0
2022-02,2022,2,Feb,COHORT_029,Tier 3,80000,13300,14500,4000,2400,3200,5400,4000,2800,0,49600,30400,6.98,0
2022-03,2022,3,Mar,COHORT_029,Tier 3,80000,12400,14500,4000,2900,3200,5800,4300,1900,18060,67060,12940,6.69,1
2022-04,2022,4,Apr,COHORT_029,Tier 3,80000,13700,14500,4000,2600,3200,4200,3700,2300,0,48200,31800,6.69,0
2022-05,2022,5,May,COHORT_029,Tier 3,80000,14000,14500,5600,2300,3200,5000,2600,1800,0,49000,31000,7.04,0
2022-06,2022,6,Jun,COHORT_029,Tier 3,80000,11400,14500,5600,3000,8000,4800,3800,1800,0,52900,27100,6.83,0
2022-07,2022,7,Jul,COHORT_029,Tier 3,80000,11900,14500,5600,3000,8000,5000,2800,1600,0,52400,27600,6.89,0
2022-08,2022,8,Aug,COHORT_029,Tier 3,80000,11700,14500,4000,2300,3200,5100,2400,3100,0,46300,33700,6.36,0
2022-09,2022,9,Sep,COHORT_029,Tier 3,80000,13600,14500,4000,2400,3200,5000,2500,2500,0,47700,32300,6.69,0
2022-10,2022,10,Oct,COHORT_029,Tier 3,80000,12000,14500,4000,2800,3200,6300,5300,1700,14083,63883,16117,6.47,1
2022-11,2022,11,Nov,COHORT_029,Tier 3,80000,13800,14500,4000,3200,3200,8400,4500,2600,17103,71303,8697,6.44,1
2022-12,2022,12,Dec,COHORT_029,Tier 3,80000,12200,14500,4000,3100,3200,3400,3000,2500,0,45900,34100,6.79,0
2023-01,2023,1,Jan,COHORT_029,Tier 3,86000,13600,15500,4300,2300,3400,3400,4900,1700,0,49100,36900,5.74,0
2023-02,2023,2,Feb,COHORT_029,Tier 3,86000,12700,15500,4300,3100,3400,5400,4800,1800,0,51000,35000,5.08,0
2023-03,2023,3,Mar,COHORT_029,Tier 3,86000,13500,15500,4300,3200,3400,5600,3400,1900,21024,71824,14176,5.43,1
2023-04,2023,4,Apr,COHORT_029,Tier 3,86000,14000,15500,4300,2700,3400,5300,4800,1800,0,51800,34200,5.13,0
2023-05,2023,5,May,COHORT_029,Tier 3,86000,14900,15500,6000,2200,3400,4700,2700,2400,0,51800,34200,5.24,0
2023-06,2023,6,Jun,COHORT_029,Tier 3,86000,12700,15500,6000,2200,8600,4400,4200,2500,0,56100,29900,5.8,0
2023-07,2023,7,Jul,COHORT_029,Tier 3,86000,14500,15500,6000,2700,8600,4200,4000,2700,0,58200,27800,5.1,0
2023-08,2023,8,Aug,COHORT_029,Tier 3,86000,13200,15500,4300,2600,3400,5600,4400,3300,0,52300,33700,5.39,0
2023-09,2023,9,Sep,COHORT_029,Tier 3,86000,13300,15500,4300,2200,3400,5600,4100,3200,0,51600,34400,5.37,0
2023-10,2023,10,Oct,COHORT_029,Tier 3,86000,15100,15500,4300,1800,3400,8900,4500,2800,15500,71800,14200,5.49,1
2023-11,2023,11,Nov,COHORT_029,Tier 3,86000,13700,15500,4300,2800,3400,6600,4800,1900,20706,73706,12294,5.55,1
2023-12,2023,12,Dec,COHORT_029,Tier 3,86000,14100,15500,4300,2300,3400,5700,2700,2700,0,50700,35300,5.73,0
2024-01,2024,1,Jan,COHORT_029,Tier 3,92000,14400,16500,4600,1900,3700,5900,3100,1900,0,52000,40000,5.04,0
2024-02,2024,2,Feb,COHORT_029,Tier 3,92000,16500,16500,4600,2600,3700,4300,3200,2100,0,53500,38500,5.17,0
2024-03,2024,3,Mar,COHORT_029,Tier 3,92000,14500,16500,4600,3500,3700,5500,6000,3100,14136,71536,20464,4.67,1
2024-04,2024,4,Apr,COHORT_029,Tier 3,92000,13500,16500,4600,3000,3700,5500,3100,2300,0,52200,39800,5.09,0
2024-05,2024,5,May,COHORT_029,Tier 3,92000,14200,16500,6400,2200,3700,5400,4500,2700,0,55600,36400,4.92,0
2024-06,2024,6,Jun,COHORT_029,Tier 3,92000,15400,16500,6400,2100,9200,3800,3500,3600,0,60500,31500,4.52,0
2024-07,2024,7,Jul,COHORT_029,Tier 3,92000,16200,16500,6400,2100,9200,6300,4400,3400,0,64500,27500,4.54,0
2024-08,2024,8,Aug,COHORT_029,Tier 3,92000,15400,16500,4600,3200,3700,5500,3800,2600,0,55300,36700,4.93,0
2024-09,2024,9,Sep,COHORT_029,Tier 3,92000,12900,16500,4600,2600,3700,4000,5300,2600,0,52200,39800,4.67,0
2024-10,2024,10,Oct,COHORT_029,Tier 3,92000,16300,16500,4600,2600,3700,5900,5600,3500,13885,72585,19415,4.69,1
2024-11,2024,11,Nov,COHORT_029,Tier 3,92000,14900,16500,4600,3300,3700,7800,4400,3600,19096,77896,14104,4.44,1
2024-12,2024,12,Dec,COHORT_029,Tier 3,92000,14400,16500,4600,1900,3700,4800,4600,3200,0,53700,38300,4.78,0
2025-01,2025,1,Jan,COHORT_029,Tier 3,98000,16800,17500,4900,3200,3900,4500,4200,2000,0,57000,41000,4.74,0
2025-02,2025,2,Feb,COHORT_029,Tier 3,98000,16600,17500,4900,3600,3900,5500,5600,3700,0,61300,36700,4.44,0
2025-03,2025,3,Mar,COHORT_029,Tier 3,98000,14700,17500,4900,3200,3900,7900,5300,2200,23817,83417,14583,4.3,1
2025-04,2025,4,Apr,COHORT_029,Tier 3,98000,16000,17500,4900,3800,3900,4000,4900,3400,0,58400,39600,4.5,0
2025-05,2025,5,May,COHORT_029,Tier 3,98000,15800,17500,6900,2300,3900,6500,4600,3500,0,61000,37000,4.26,0
2025-06,2025,6,Jun,COHORT_029,Tier 3,98000,13700,17500,6900,3300,9800,5700,3300,2600,0,62800,35200,4.44,0
2025-07,2025,7,Jul,COHORT_029,Tier 3,98000,13900,17500,6900,2500,9800,5300,3200,2400,0,61500,36500,4.48,0
2025-08,2025,8,Aug,COHORT_029,Tier 3,98000,16300,17500,4900,2000,3900,4500,4400,3700,0,57200,40800,4.49,0
2025-09,2025,9,Sep,COHORT_029,Tier 3,98000,13900,17500,4900,2300,3900,4100,5100,3800,0,55500,42500,4.85,0
2025-10,2025,10,Oct,COHORT_029,Tier 3,98000,15200,17500,4900,3200,3900,6400,6800,3800,19135,80835,17165,4.83,1
2025-11,2025,11,Nov,COHORT_029,Tier 3,98000,13900,17500,4900,2600,3900,6700,7100,2500,14625,73725,24275,4.38,1
2025-12,2025,12,Dec,COHORT_029,Tier 3,98000,16300,17500,4900,3700,3900,4500,3500,3200,0,57500,40500,4.65,0
2021-01,2021,1,Jan,COHORT_030,Tier 1,81000,13400,22500,4000,1800,3200,3700,3200,2900,0,54700,26300,4.81,0
2021-02,2021,2,Feb,COHORT_030,Tier 1,81000,13000,22500,4000,2700,3200,3700,4100,2000,0,55200,25800,5.2,0
2021-03,2021,3,Mar,COHORT_030,Tier 1,81000,12100,22500,4000,1800,3200,5300,4100,2600,19101,74701,6299,5.36,1
2021-04,2021,4,Apr,COHORT_030,Tier 1,81000,13500,22500,4000,2400,3200,4800,3200,3100,0,56700,24300,5.39,0
2021-05,2021,5,May,COHORT_030,Tier 1,81000,11400,22500,5700,2600,3200,4500,2700,1700,0,54300,26700,5.29,0
2021-06,2021,6,Jun,COHORT_030,Tier 1,81000,14300,22500,5700,2800,8100,3300,4200,2500,0,63400,17600,5.04,0
2021-07,2021,7,Jul,COHORT_030,Tier 1,81000,12600,22500,5700,2500,8100,4100,4800,1900,0,62200,18800,5.21,0
2021-08,2021,8,Aug,COHORT_030,Tier 1,81000,12000,22500,4000,2000,3200,4900,3500,2100,0,54200,26800,5.06,0
2021-09,2021,9,Sep,COHORT_030,Tier 1,81000,13900,22500,4000,2700,3200,4500,4700,1700,0,57200,23800,4.86,0
2021-10,2021,10,Oct,COHORT_030,Tier 1,81000,14500,22500,4000,3000,3200,5600,4400,2800,13155,73155,7845,5.04,1
2021-11,2021,11,Nov,COHORT_030,Tier 1,81000,12400,22500,4000,2000,3200,8300,7000,1800,19641,80841,159,5.34,1
2021-12,2021,12,Dec,COHORT_030,Tier 1,81000,12600,22500,4000,2900,3200,5000,4300,2500,0,57000,24000,5.42,0
2022-01,2022,1,Jan,COHORT_030,Tier 1,88000,13300,24500,4400,3300,3500,5300,3800,3400,0,61500,26500,6.63,0
2022-02,2022,2,Feb,COHORT_030,Tier 1,88000,15400,24500,4400,2400,3500,5700,2700,2200,0,60800,27200,6.82,0
2022-03,2022,3,Mar,COHORT_030,Tier 1,88000,15200,24500,4400,3100,3500,4200,4600,2200,21139,82839,5161,6.62,1
2022-04,2022,4,Apr,COHORT_030,Tier 1,88000,14500,24500,4400,2000,3500,5800,3000,2700,0,60400,27600,6.32,0
2022-05,2022,5,May,COHORT_030,Tier 1,88000,13000,24500,6200,2300,3500,3600,4200,2600,0,59900,28100,6.37,0
2022-06,2022,6,Jun,COHORT_030,Tier 1,88000,15500,24500,6200,1800,8800,4000,3300,2900,0,67000,21000,6.86,0
2022-07,2022,7,Jul,COHORT_030,Tier 1,88000,15800,24500,6200,2800,8800,5600,3700,2500,0,69900,18100,6.98,0
2022-08,2022,8,Aug,COHORT_030,Tier 1,88000,14300,24500,4400,3400,3500,5200,3400,3100,0,61800,26200,6.79,0
2022-09,2022,9,Sep,COHORT_030,Tier 1,88000,14700,24500,4400,2700,3500,3800,4800,1900,0,60300,27700,7.0,0
2022-10,2022,10,Oct,COHORT_030,Tier 1,88000,12500,24500,4400,2000,3500,7600,7100,2300,12547,76447,11553,6.43,1
2022-11,2022,11,Nov,COHORT_030,Tier 1,88000,13100,24500,4400,2300,3500,6100,4500,3100,20608,82108,5892,6.48,1
2022-12,2022,12,Dec,COHORT_030,Tier 1,88000,12500,24500,4400,1900,3500,3700,4600,2100,0,57200,30800,6.56,0
2023-01,2023,1,Jan,COHORT_030,Tier 1,94000,13200,26500,4700,1900,3800,4100,3400,1900,0,59500,34500,5.27,0
2023-02,2023,2,Feb,COHORT_030,Tier 1,94000,15100,26500,4700,3100,3800,3800,2900,2700,0,62600,31400,5.12,0
2023-03,2023,3,Mar,COHORT_030,Tier 1,94000,13200,26500,4700,3200,3800,5600,4700,2300,17530,81530,12470,5.35,1
2023-04,2023,4,Apr,COHORT_030,Tier 1,94000,14800,26500,4700,2200,3800,6100,5000,2400,0,65500,28500,5.42,0
2023-05,2023,5,May,COHORT_030,Tier 1,94000,14200,26500,6600,2300,3800,6200,2800,2300,0,64700,29300,5.28,0
2023-06,2023,6,Jun,COHORT_030,Tier 1,94000,14700,26500,6600,3700,9400,4900,2900,3300,0,72000,22000,5.79,0
2023-07,2023,7,Jul,COHORT_030,Tier 1,94000,15000,26500,6600,3300,9400,6400,4600,2500,0,74300,19700,5.37,0
2023-08,2023,8,Aug,COHORT_030,Tier 1,94000,14100,26500,4700,2700,3800,4800,5600,2400,0,64600,29400,5.44,0
2023-09,2023,9,Sep,COHORT_030,Tier 1,94000,14000,26500,4700,3000,3800,4500,5300,2300,0,64100,29900,5.4,0
2023-10,2023,10,Oct,COHORT_030,Tier 1,94000,16100,26500,4700,3000,3800,7000,7600,2300,21496,92496,1504,5.02,1
2023-11,2023,11,Nov,COHORT_030,Tier 1,94000,14000,26500,4700,2900,3800,7600,6600,2200,18762,87062,6938,5.19,1
2023-12,2023,12,Dec,COHORT_030,Tier 1,94000,16100,26500,4700,3200,3800,5100,4300,3000,0,66700,27300,5.71,0
2024-01,2024,1,Jan,COHORT_030,Tier 1,101000,17200,28500,5000,3100,4000,4900,5400,3400,0,71500,29500,4.83,0
2024-02,2024,2,Feb,COHORT_030,Tier 1,101000,17300,28500,5000,3800,4000,5200,5100,3000,0,71900,29100,4.55,0
2024-03,2024,3,Mar,COHORT_030,Tier 1,101000,16300,28500,5000,2700,4000,5100,6400,2100,15886,85986,15014,4.47,1
2024-04,2024,4,Apr,COHORT_030,Tier 1,101000,15200,28500,5000,3100,4000,6600,4100,2200,0,68700,32300,5.12,0
2024-05,2024,5,May,COHORT_030,Tier 1,101000,15600,28500,7100,3700,4000,4800,5800,3700,0,73200,27800,4.55,0
2024-06,2024,6,Jun,COHORT_030,Tier 1,101000,17500,28500,7100,3900,10100,5600,3100,3300,0,79100,21900,4.98,0
2024-07,2024,7,Jul,COHORT_030,Tier 1,101000,17100,28500,7100,3100,10100,6700,4700,2600,0,79900,21100,5.03,0
2024-08,2024,8,Aug,COHORT_030,Tier 1,101000,16800,28500,5000,2800,4000,4800,3400,3600,0,68900,32100,4.73,0
2024-09,2024,9,Sep,COHORT_030,Tier 1,101000,16300,28500,5000,2100,4000,5300,3200,2700,0,67100,33900,4.71,0
2024-10,2024,10,Oct,COHORT_030,Tier 1,101000,16900,28500,5000,4000,4000,10000,5200,3400,17802,94802,6198,4.55,1
2024-11,2024,11,Nov,COHORT_030,Tier 1,101000,15900,28500,5000,2800,4000,6600,7600,3300,13805,87505,13495,5.05,1
2024-12,2024,12,Dec,COHORT_030,Tier 1,101000,15100,28500,5000,3400,4000,6600,6000,2300,0,70900,30100,4.62,0
2025-01,2025,1,Jan,COHORT_030,Tier 1,107000,17900,30000,5400,2800,4300,7300,5400,3100,0,76200,30800,4.81,0
2025-02,2025,2,Feb,COHORT_030,Tier 1,107000,17500,30000,5400,2700,4300,7100,4100,2400,0,73500,33500,4.28,0
2025-03,2025,3,Mar,COHORT_030,Tier 1,107000,15900,30000,5400,2300,4300,7900,5000,2800,23047,96647,10353,4.1,1
2025-04,2025,4,Apr,COHORT_030,Tier 1,107000,18100,30000,5400,3200,4300,4300,5600,3600,0,74500,32500,4.41,0
2025-05,2025,5,May,COHORT_030,Tier 1,107000,15600,30000,7500,3200,4300,7200,3400,3700,0,74900,32100,4.83,0
2025-06,2025,6,Jun,COHORT_030,Tier 1,107000,18200,30000,7500,2400,10700,5700,4200,2300,0,81000,26000,4.71,0
2025-07,2025,7,Jul,COHORT_030,Tier 1,107000,18300,30000,7500,2500,10700,5400,5600,3000,0,83000,24000,4.6,0
2025-08,2025,8,Aug,COHORT_030,Tier 1,107000,17700,30000,5400,3200,4300,4300,5700,3300,0,73900,33100,4.78,0
2025-09,2025,9,Sep,COHORT_030,Tier 1,107000,15400,30000,5400,3300,4300,6000,5100,3000,0,72500,34500,4.85,0
2025-10,2025,10,Oct,COHORT_030,Tier 1,107000,16400,30000,5400,2300,4300,6700,6200,3700,26248,101248,5752,4.58,1
2025-11,2025,11,Nov,COHORT_030,Tier 1,107000,19200,30000,5400,2300,4300,10100,5200,3800,15360,95660,11340,4.68,1
2025-12,2025,12,Dec,COHORT_030,Tier 1,107000,17000,30000,5400,2500,4300,6800,4200,2400,0,72600,34400,4.16,0
2021-01,2021,1,Jan,COHORT_031,Tier 2,101000,15900,18000,5000,3700,4000,4700,5700,3200,0,60200,40800,5.09,0
2021-02,2021,2,Feb,COHORT_031,Tier 2,101000,15900,18000,5000,2900,4000,6200,4800,3400,0,60200,40800,5.15,0
2021-03,2021,3,Mar,COHORT_031,Tier 2,101000,15000,18000,5000,3100,4000,7800,6000,2700,19863,81463,19537,5.06,1
2021-04,2021,4,Apr,COHORT_031,Tier 2,101000,14600,18000,5000,3700,4000,4300,4600,3800,0,58000,43000,5.26,0
2021-05,2021,5,May,COHORT_031,Tier 2,101000,15300,18000,7100,3100,4000,4400,5200,2100,0,59200,41800,5.05,0
2021-06,2021,6,Jun,COHORT_031,Tier 2,101000,15000,18000,7100,3300,10100,6600,3800,2900,0,66800,34200,5.27,0
2021-07,2021,7,Jul,COHORT_031,Tier 2,101000,17200,18000,7100,2900,10100,4700,5600,3500,0,69100,31900,4.79,0
2021-08,2021,8,Aug,COHORT_031,Tier 2,101000,15800,18000,5000,2700,4000,6000,4900,2800,0,59200,41800,4.74,0
2021-09,2021,9,Sep,COHORT_031,Tier 2,101000,16900,18000,5000,2300,4000,6200,4900,2400,0,59700,41300,5.24,0
2021-10,2021,10,Oct,COHORT_031,Tier 2,101000,14800,18000,5000,3700,4000,6200,5900,4000,25091,86691,14309,4.96,1
2021-11,2021,11,Nov,COHORT_031,Tier 2,101000,16600,18000,5000,2400,4000,9900,4900,2500,22371,85671,15329,4.92,1
2021-12,2021,12,Dec,COHORT_031,Tier 2,101000,16600,18000,5000,3500,4000,6200,3800,3700,0,60800,40200,4.93,0
2022-01,2022,1,Jan,COHORT_031,Tier 2,110000,18400,20000,5500,2800,4400,4700,4500,2500,0,62800,47200,6.98,0
2022-02,2022,2,Feb,COHORT_031,Tier 2,110000,16500,20000,5500,3900,4400,6800,5600,2500,0,65200,44800,6.48,0
2022-03,2022,3,Mar,COHORT_031,Tier 2,110000,16400,20000,5500,4300,4400,6600,4200,4200,18666,84266,25734,6.84,1
2022-04,2022,4,Apr,COHORT_031,Tier 2,110000,19400,20000,5500,3500,4400,7600,4500,2300,0,67200,42800,6.5,0
2022-05,2022,5,May,COHORT_031,Tier 2,110000,18800,20000,7700,3000,4400,5400,6600,3900,0,69800,40200,6.83,0
2022-06,2022,6,Jun,COHORT_031,Tier 2,110000,16000,20000,7700,4400,11000,5000,5200,2500,0,71800,38200,6.5,0
2022-07,2022,7,Jul,COHORT_031,Tier 2,110000,19100,20000,7700,4300,11000,7600,4800,3100,0,77600,32400,6.66,0
2022-08,2022,8,Aug,COHORT_031,Tier 2,110000,18200,20000,5500,3600,4400,5300,6000,3100,0,66100,43900,6.41,0
2022-09,2022,9,Sep,COHORT_031,Tier 2,110000,17100,20000,5500,3500,4400,6000,6100,2300,0,64900,45100,6.92,0
2022-10,2022,10,Oct,COHORT_031,Tier 2,110000,16000,20000,5500,2600,4400,7700,5300,3200,22554,87254,22746,6.77,1
2022-11,2022,11,Nov,COHORT_031,Tier 2,110000,18500,20000,5500,3900,4400,10400,8700,4300,14705,90405,19595,6.35,1
2022-12,2022,12,Dec,COHORT_031,Tier 2,110000,17000,20000,5500,2800,4400,7200,4600,3600,0,65100,44900,6.38,0
2023-01,2023,1,Jan,COHORT_031,Tier 2,118000,20100,21000,5900,4400,4700,6400,6500,3700,0,72700,45300,5.43,0
2023-02,2023,2,Feb,COHORT_031,Tier 2,118000,20800,21000,5900,2700,4700,7500,5800,3700,0,72100,45900,5.16,0
2023-03,2023,3,Mar,COHORT_031,Tier 2,118000,16900,21000,5900,2800,4700,6100,7600,4300,23642,92942,25058,5.39,1
2023-04,2023,4,Apr,COHORT_031,Tier 2,118000,18700,21000,5900,3600,4700,6200,4200,4500,0,68800,49200,5.78,0
2023-05,2023,5,May,COHORT_031,Tier 2,118000,19800,21000,8300,2600,4700,6200,5000,3600,0,71200,46800,5.32,0
2023-06,2023,6,Jun,COHORT_031,Tier 2,118000,21200,21000,8300,3300,11800,7100,5800,3000,0,81500,36500,5.26,0
2023-07,2023,7,Jul,COHORT_031,Tier 2,118000,19200,21000,8300,2400,11800,7400,6800,2700,0,79600,38400,5.28,0
2023-08,2023,8,Aug,COHORT_031,Tier 2,118000,18300,21000,5900,4300,4700,7000,6100,4300,0,71600,46400,5.48,0
2023-09,2023,9,Sep,COHORT_031,Tier 2,118000,19200,21000,5900,4300,4700,6600,6900,3500,0,72100,45900,5.06,0
2023-10,2023,10,Oct,COHORT_031,Tier 2,118000,20100,21000,5900,4300,4700,8200,9100,2900,25976,102176,15824,5.15,1
2023-11,2023,11,Nov,COHORT_031,Tier 2,118000,17100,21000,5900,2900,4700,7700,9000,4000,21662,93962,24038,5.04,1
2023-12,2023,12,Dec,COHORT_031,Tier 2,118000,19900,21000,5900,3000,4700,5800,6700,3600,0,70600,47400,5.74,0
2024-01,2024,1,Jan,COHORT_031,Tier 2,126000,22200,22500,6300,4000,5000,7500,6900,3200,0,77600,48400,4.86,0
2024-02,2024,2,Feb,COHORT_031,Tier 2,126000,20700,22500,6300,2700,5000,5900,6500,3100,0,72700,53300,4.78,0
2024-03,2024,3,Mar,COHORT_031,Tier 2,126000,20700,22500,6300,3500,5000,10500,6100,2500,25212,102312,23688,4.72,1
2024-04,2024,4,Apr,COHORT_031,Tier 2,126000,17900,22500,6300,3600,5000,6100,3800,3000,0,68200,57800,4.42,0
2024-05,2024,5,May,COHORT_031,Tier 2,126000,21400,22500,8800,3700,5000,6600,6500,2700,0,77200,48800,5.17,0
2024-06,2024,6,Jun,COHORT_031,Tier 2,126000,19600,22500,8800,4400,12600,6500,3900,3200,0,81500,44500,4.85,0
2024-07,2024,7,Jul,COHORT_031,Tier 2,126000,18700,22500,8800,5000,12600,6100,6900,3800,0,84400,41600,4.93,0
2024-08,2024,8,Aug,COHORT_031,Tier 2,126000,18200,22500,6300,3300,5000,6200,7400,3100,0,72000,54000,5.01,0
2024-09,2024,9,Sep,COHORT_031,Tier 2,126000,22300,22500,6300,4600,5000,6200,6200,4300,0,77400,48600,5.02,0
2024-10,2024,10,Oct,COHORT_031,Tier 2,126000,19400,22500,6300,2900,5000,8900,6800,3900,16087,91787,34213,5.08,1
2024-11,2024,11,Nov,COHORT_031,Tier 2,126000,21500,22500,6300,3800,5000,11100,8600,2600,29062,110462,15538,4.57,1
2024-12,2024,12,Dec,COHORT_031,Tier 2,126000,21100,22500,6300,4800,5000,5100,4600,2500,0,71900,54100,5.15,0
2025-01,2025,1,Jan,COHORT_031,Tier 2,134000,22100,24000,6700,4900,5400,6800,5900,3800,0,79600,54400,4.3,0
2025-02,2025,2,Feb,COHORT_031,Tier 2,134000,22400,24000,6700,4100,5400,7400,4500,4400,0,78900,55100,4.58,0
2025-03,2025,3,Mar,COHORT_031,Tier 2,134000,21300,24000,6700,4800,5400,11200,5900,3100,17940,100340,33660,4.58,1
2025-04,2025,4,Apr,COHORT_031,Tier 2,134000,19000,24000,6700,4300,5400,5800,6400,4100,0,75700,58300,4.21,0
2025-05,2025,5,May,COHORT_031,Tier 2,134000,22400,24000,9400,4200,5400,8900,6300,5100,0,85700,48300,4.88,0
2025-06,2025,6,Jun,COHORT_031,Tier 2,134000,23300,24000,9400,3400,13400,7900,6500,4900,0,92800,41200,4.28,0
2025-07,2025,7,Jul,COHORT_031,Tier 2,134000,20800,24000,9400,5300,13400,9000,6400,4400,0,92700,41300,4.44,0
2025-08,2025,8,Aug,COHORT_031,Tier 2,134000,19400,24000,6700,4300,5400,5500,7600,4100,0,77000,57000,4.22,0
2025-09,2025,9,Sep,COHORT_031,Tier 2,134000,22900,24000,6700,3100,5400,8800,6200,4600,0,81700,52300,4.25,0
2025-10,2025,10,Oct,COHORT_031,Tier 2,134000,20800,24000,6700,3900,5400,10000,9000,3000,28135,110935,23065,4.37,1
2025-11,2025,11,Nov,COHORT_031,Tier 2,134000,19500,24000,6700,4400,5400,8200,6400,4100,32003,110703,23297,4.77,1
2025-12,2025,12,Dec,COHORT_031,Tier 2,134000,21100,24000,6700,2800,5400,7800,5500,4700,0,78000,56000,4.73,0
2021-01,2021,1,Jan,COHORT_032,Tier 2,98000,15600,17500,4900,3400,3900,6500,4500,3500,0,59800,38200,5.08,0
2021-02,2021,2,Feb,COHORT_032,Tier 2,98000,14500,17500,4900,2000,3900,5800,5300,2900,0,56800,41200,5.18,0
2021-03,2021,3,Mar,COHORT_032,Tier 2,98000,14200,17500,4900,3800,3900,6100,5000,2200,16023,73623,24377,5.11,1
2021-04,2021,4,Apr,COHORT_032,Tier 2,98000,15800,17500,4900,2700,3900,5200,4400,3500,0,57900,40100,5.31,0
2021-05,2021,5,May,COHORT_032,Tier 2,98000,17500,17500,6900,2700,3900,6400,4800,2800,0,62500,35500,4.75,0
2021-06,2021,6,Jun,COHORT_032,Tier 2,98000,16500,17500,6900,3400,9800,6600,3000,2400,0,66100,31900,4.76,0
2021-07,2021,7,Jul,COHORT_032,Tier 2,98000,16500,17500,6900,2500,9800,4100,3500,3100,0,63900,34100,4.7,0
2021-08,2021,8,Aug,COHORT_032,Tier 2,98000,15100,17500,4900,2400,3900,5000,5600,2000,0,56400,41600,4.99,0
2021-09,2021,9,Sep,COHORT_032,Tier 2,98000,15800,17500,4900,2700,3900,4500,5000,2600,0,56900,41100,5.41,0
2021-10,2021,10,Oct,COHORT_032,Tier 2,98000,14900,17500,4900,2300,3900,7300,4700,3800,23386,82686,15314,5.5,1
2021-11,2021,11,Nov,COHORT_032,Tier 2,98000,15500,17500,4900,3000,3900,6800,8600,3500,16728,80428,17572,4.78,1
2021-12,2021,12,Dec,COHORT_032,Tier 2,98000,15800,17500,4900,3900,3900,4500,4000,3300,0,57800,40200,5.11,0
2022-01,2022,1,Jan,COHORT_032,Tier 2,106000,15300,19000,5300,3600,4200,6100,5400,3700,0,62600,43400,6.82,0
2022-02,2022,2,Feb,COHORT_032,Tier 2,106000,16400,19000,5300,2700,4200,6500,5600,3400,0,63100,42900,6.91,0
2022-03,2022,3,Mar,COHORT_032,Tier 2,106000,16700,19000,5300,2700,4200,7800,5100,4100,13014,77914,28086,6.89,1
2022-04,2022,4,Apr,COHORT_032,Tier 2,106000,17700,19000,5300,3600,4200,4500,6100,4100,0,64500,41500,6.94,0
2022-05,2022,5,May,COHORT_032,Tier 2,106000,17900,19000,7400,3300,4200,5900,5400,3200,0,66300,39700,6.53,0
2022-06,2022,6,Jun,COHORT_032,Tier 2,106000,17900,19000,7400,2700,10600,7400,6000,2900,0,73900,32100,6.87,0
2022-07,2022,7,Jul,COHORT_032,Tier 2,106000,18300,19000,7400,2800,10600,4800,5100,3500,0,71500,34500,6.43,0
2022-08,2022,8,Aug,COHORT_032,Tier 2,106000,15500,19000,5300,3000,4200,6100,3600,3700,0,60400,45600,6.48,0
2022-09,2022,9,Sep,COHORT_032,Tier 2,106000,18000,19000,5300,4000,4200,6200,3700,4200,0,64600,41400,6.65,0
2022-10,2022,10,Oct,COHORT_032,Tier 2,106000,17100,19000,5300,3300,4200,8000,5200,2200,22414,86714,19286,6.48,1
2022-11,2022,11,Nov,COHORT_032,Tier 2,106000,17400,19000,5300,2300,4200,7200,8700,2900,25079,92079,13921,6.32,1
2022-12,2022,12,Dec,COHORT_032,Tier 2,106000,18100,19000,5300,2700,4200,7000,5700,3200,0,65200,40800,6.42,0
2023-01,2023,1,Jan,COHORT_032,Tier 2,114000,19400,20500,5700,4100,4600,4600,6400,3700,0,69000,45000,5.4,0
2023-02,2023,2,Feb,COHORT_032,Tier 2,114000,18500,20500,5700,4300,4600,7400,6500,2800,0,70300,43700,5.68,0
2023-03,2023,3,Mar,COHORT_032,Tier 2,114000,18700,20500,5700,2900,4600,8100,5700,3500,18940,88640,25360,5.11,1
2023-04,2023,4,Apr,COHORT_032,Tier 2,114000,19000,20500,5700,2600,4600,7400,6100,3600,0,69500,44500,5.09,0
2023-05,2023,5,May,COHORT_032,Tier 2,114000,19400,20500,8000,4500,4600,7400,6300,3000,0,73700,40300,5.63,0
2023-06,2023,6,Jun,COHORT_032,Tier 2,114000,19700,20500,8000,4400,11400,7300,4800,4200,0,80300,33700,5.37,0
2023-07,2023,7,Jul,COHORT_032,Tier 2,114000,16700,20500,8000,2300,11400,4800,4900,3400,0,72000,42000,5.45,0
2023-08,2023,8,Aug,COHORT_032,Tier 2,114000,19500,20500,5700,3600,4600,5300,4100,2800,0,66100,47900,5.65,0
2023-09,2023,9,Sep,COHORT_032,Tier 2,114000,16400,20500,5700,4300,4600,5200,6600,4500,0,67800,46200,5.37,0
2023-10,2023,10,Oct,COHORT_032,Tier 2,114000,19200,20500,5700,4100,4600,7300,7900,2900,21008,93208,20792,5.46,1
2023-11,2023,11,Nov,COHORT_032,Tier 2,114000,16000,20500,5700,2600,4600,7400,9500,2900,22116,91316,22684,5.05,1
2023-12,2023,12,Dec,COHORT_032,Tier 2,114000,20400,20500,5700,3100,4600,5700,5200,3400,0,68600,45400,5.26,0
2024-01,2024,1,Jan,COHORT_032,Tier 2,122000,19300,22000,6100,4800,4900,8500,3700,2800,0,72100,49900,5.05,0
2024-02,2024,2,Feb,COHORT_032,Tier 2,122000,21700,22000,6100,3500,4900,7900,7100,3300,0,76500,45500,4.43,0
2024-03,2024,3,Mar,COHORT_032,Tier 2,122000,20900,22000,6100,4000,4900,6700,7400,4300,14643,90943,31057,5.18,1
2024-04,2024,4,Apr,COHORT_032,Tier 2,122000,19100,22000,6100,4800,4900,7900,6200,3800,0,74800,47200,4.69,0
2024-05,2024,5,May,COHORT_032,Tier 2,122000,17400,22000,8500,4200,4900,8300,5900,4200,0,75400,46600,4.56,0
2024-06,2024,6,Jun,COHORT_032,Tier 2,122000,17400,22000,8500,3700,12200,6200,7000,2600,0,79600,42400,4.5,0
2024-07,2024,7,Jul,COHORT_032,Tier 2,122000,21400,22000,8500,4900,12200,7600,6600,3100,0,86300,35700,4.66,0
2024-08,2024,8,Aug,COHORT_032,Tier 2,122000,19700,22000,6100,2700,4900,7800,6100,2900,0,72200,49800,5.05,0
2024-09,2024,9,Sep,COHORT_032,Tier 2,122000,21300,22000,6100,2500,4900,7800,7100,2600,0,74300,47700,4.54,0
2024-10,2024,10,Oct,COHORT_032,Tier 2,122000,18600,22000,6100,2500,4900,10600,5900,3600,29304,103504,18496,4.97,1
2024-11,2024,11,Nov,COHORT_032,Tier 2,122000,19800,22000,6100,2500,4900,12600,8000,4200,14821,94921,27079,5.19,1
2024-12,2024,12,Dec,COHORT_032,Tier 2,122000,18000,22000,6100,3200,4900,8000,3800,4700,0,70700,51300,5.05,0
2025-01,2025,1,Jan,COHORT_032,Tier 2,130000,19900,23500,6500,2800,5200,7900,7000,4300,0,77100,52900,4.13,0
2025-02,2025,2,Feb,COHORT_032,Tier 2,130000,21300,23500,6500,3100,5200,8500,7000,3200,0,78300,51700,4.8,0
2025-03,2025,3,Mar,COHORT_032,Tier 2,130000,21800,23500,6500,4300,5200,8500,6900,4500,26246,107446,22554,4.44,1
2025-04,2025,4,Apr,COHORT_032,Tier 2,130000,18500,23500,6500,3500,5200,7600,7400,2900,0,75100,54900,4.26,0
2025-05,2025,5,May,COHORT_032,Tier 2,130000,22600,23500,9100,4700,5200,8600,4900,2800,0,81400,48600,4.18,0
2025-06,2025,6,Jun,COHORT_032,Tier 2,130000,22000,23500,9100,3400,13000,7200,4500,5000,0,87700,42300,4.17,0
2025-07,2025,7,Jul,COHORT_032,Tier 2,130000,21900,23500,9100,4000,13000,8300,4300,5100,0,89200,40800,4.65,0
2025-08,2025,8,Aug,COHORT_032,Tier 2,130000,21800,23500,6500,3300,5200,5500,6300,3700,0,75800,54200,4.27,0
2025-09,2025,9,Sep,COHORT_032,Tier 2,130000,18300,23500,6500,3300,5200,8400,6500,4200,0,75900,54100,4.52,0
2025-10,2025,10,Oct,COHORT_032,Tier 2,130000,19400,23500,6500,3400,5200,8100,11000,5100,26170,108370,21630,4.61,1
2025-11,2025,11,Nov,COHORT_032,Tier 2,130000,19500,23500,6500,3200,5200,11300,11000,4800,17311,102311,27689,4.69,1
2025-12,2025,12,Dec,COHORT_032,Tier 2,130000,20000,23500,6500,3400,5200,6300,6000,3700,0,74600,55400,4.14,0
2021-01,2021,1,Jan,COHORT_033,Tier 3,69000,11900,12500,3400,2400,2800,3800,2800,2700,0,42300,26700,5.36,0
2021-02,2021,2,Feb,COHORT_033,Tier 3,69000,9800,12500,3400,1600,2800,2900,3900,2200,0,39100,29900,4.85,0
2021-03,2021,3,Mar,COHORT_033,Tier 3,69000,12400,12500,3400,2400,2800,5300,2500,1400,12025,54725,14275,5.14,1
2021-04,2021,4,Apr,COHORT_033,Tier 3,69000,11900,12500,3400,1400,2800,3200,3700,2100,0,41000,28000,4.97,0
2021-05,2021,5,May,COHORT_033,Tier 3,69000,10100,12500,4800,1500,2800,3300,3000,1800,0,39800,29200,5.36,0
2021-06,2021,6,Jun,COHORT_033,Tier 3,69000,12200,12500,4800,2600,6900,4500,3900,1600,0,49000,20000,5.0,0
2021-07,2021,7,Jul,COHORT_033,Tier 3,69000,12400,12500,4800,1700,6900,3100,2300,1900,0,45600,23400,4.71,0
2021-08,2021,8,Aug,COHORT_033,Tier 3,69000,10500,12500,3400,2400,2800,4200,2800,2600,0,41200,27800,4.75,0
2021-09,2021,9,Sep,COHORT_033,Tier 3,69000,9800,12500,3400,2200,2800,4100,3400,2500,0,40700,28300,5.19,0
2021-10,2021,10,Oct,COHORT_033,Tier 3,69000,10200,12500,3400,2500,2800,7200,4000,2200,15130,59930,9070,4.71,1
2021-11,2021,11,Nov,COHORT_033,Tier 3,69000,9700,12500,3400,1800,2800,5300,3300,1900,9506,50206,18794,5.42,1
2021-12,2021,12,Dec,COHORT_033,Tier 3,69000,10100,12500,3400,2600,2800,3600,4000,2200,0,41200,27800,4.99,0
2022-01,2022,1,Jan,COHORT_033,Tier 3,75000,12000,13500,3800,2700,3000,4800,2900,2500,0,45200,29800,6.88,0
2022-02,2022,2,Feb,COHORT_033,Tier 3,75000,11300,13500,3800,1900,3000,4300,3200,2000,0,43000,32000,6.99,0
2022-03,2022,3,Mar,COHORT_033,Tier 3,75000,12100,13500,3800,2700,3000,5200,3500,2500,13892,60192,14808,6.61,1
2022-04,2022,4,Apr,COHORT_033,Tier 3,75000,11800,13500,3800,1600,3000,5000,2500,2300,0,43500,31500,6.98,0
2022-05,2022,5,May,COHORT_033,Tier 3,75000,13100,13500,5300,2800,3000,4000,3600,2600,0,47900,27100,6.79,0
2022-06,2022,6,Jun,COHORT_033,Tier 3,75000,10500,13500,5300,2100,7500,4200,2600,1500,0,47200,27800,6.45,0
2022-07,2022,7,Jul,COHORT_033,Tier 3,75000,11600,13500,5300,2100,7500,4000,4200,2000,0,50200,24800,6.39,0
2022-08,2022,8,Aug,COHORT_033,Tier 3,75000,13100,13500,3800,1800,3000,4400,4300,2400,0,46300,28700,6.89,0
2022-09,2022,9,Sep,COHORT_033,Tier 3,75000,11400,13500,3800,2700,3000,5000,2300,2200,0,43900,31100,6.56,0
2022-10,2022,10,Oct,COHORT_033,Tier 3,75000,11900,13500,3800,3000,3000,6200,3700,2000,12621,59721,15279,6.49,1
2022-11,2022,11,Nov,COHORT_033,Tier 3,75000,12100,13500,3800,2200,3000,7700,6600,2500,15502,66902,8098,6.99,1
2022-12,2022,12,Dec,COHORT_033,Tier 3,75000,10900,13500,3800,2900,3000,4100,3400,1900,0,43500,31500,6.43,0
2023-01,2023,1,Jan,COHORT_033,Tier 3,80000,11700,14500,4000,2800,3200,5600,4300,2800,0,48900,31100,5.64,0
2023-02,2023,2,Feb,COHORT_033,Tier 3,80000,11200,14500,4000,1800,3200,4000,4600,1900,0,45200,34800,5.1,0
2023-03,2023,3,Mar,COHORT_033,Tier 3,80000,13200,14500,4000,2800,3200,4200,5500,2000,10646,60046,19954,5.47,1
2023-04,2023,4,Apr,COHORT_033,Tier 3,80000,13500,14500,4000,2100,3200,4400,2900,3000,0,47600,32400,5.06,0
2023-05,2023,5,May,COHORT_033,Tier 3,80000,12800,14500,5600,2300,3200,3200,2500,2700,0,46800,33200,5.09,0
2023-06,2023,6,Jun,COHORT_033,Tier 3,80000,12100,14500,5600,1700,8000,3700,4600,3200,0,53400,26600,5.2,0
2023-07,2023,7,Jul,COHORT_033,Tier 3,80000,11800,14500,5600,2200,8000,3300,4300,2700,0,52400,27600,5.12,0
2023-08,2023,8,Aug,COHORT_033,Tier 3,80000,13600,14500,4000,2700,3200,3700,2600,2900,0,47200,32800,5.61,0
2023-09,2023,9,Sep,COHORT_033,Tier 3,80000,12500,14500,4000,3000,3200,4200,2800,2000,0,46200,33800,5.68,0
2023-10,2023,10,Oct,COHORT_033,Tier 3,80000,12300,14500,4000,1800,3200,5600,3700,1800,13517,60417,19583,5.06,1
2023-11,2023,11,Nov,COHORT_033,Tier 3,80000,11400,14500,4000,1700,3200,7600,4400,2300,15639,64739,15261,5.61,1
2023-12,2023,12,Dec,COHORT_033,Tier 3,80000,11700,14500,4000,1900,3200,5400,2400,2200,0,45300,34700,5.6,0
2024-01,2024,1,Jan,COHORT_033,Tier 3,86000,13300,15500,4300,1800,3400,5600,4300,2800,0,51000,35000,4.58,0
2024-02,2024,2,Feb,COHORT_033,Tier 3,86000,15300,15500,4300,2000,3400,5600,2800,3100,0,52000,34000,5.11,0
2024-03,2024,3,Mar,COHORT_033,Tier 3,86000,12600,15500,4300,3200,3400,4100,6100,3100,16621,68921,17079,4.47,1
2024-04,2024,4,Apr,COHORT_033,Tier 3,86000,13700,15500,4300,1800,3400,4900,4400,2000,0,50000,36000,4.79,0
2024-05,2024,5,May,COHORT_033,Tier 3,86000,14300,15500,6000,3100,3400,4600,3400,2600,0,52900,33100,4.66,0
2024-06,2024,6,Jun,COHORT_033,Tier 3,86000,14200,15500,6000,2500,8600,4500,2900,1900,0,56100,29900,4.76,0
2024-07,2024,7,Jul,COHORT_033,Tier 3,86000,14500,15500,6000,3000,8600,6000,3200,1900,0,58700,27300,5.07,0
2024-08,2024,8,Aug,COHORT_033,Tier 3,86000,13300,15500,4300,2200,3400,5900,4800,3200,0,52600,33400,5.11,0
2024-09,2024,9,Sep,COHORT_033,Tier 3,86000,13200,15500,4300,3400,3400,5000,3100,3300,0,51200,34800,4.46,0
2024-10,2024,10,Oct,COHORT_033,Tier 3,86000,12500,15500,4300,2600,3400,8800,5800,1700,11380,65980,20020,4.54,1
2024-11,2024,11,Nov,COHORT_033,Tier 3,86000,14400,15500,4300,2300,3400,6200,4900,2500,12435,65935,20065,4.53,1
2024-12,2024,12,Dec,COHORT_033,Tier 3,86000,12900,15500,4300,3100,3400,3700,4400,2200,0,49500,36500,4.9,0
2025-01,2025,1,Jan,COHORT_033,Tier 3,91000,14800,16500,4600,2200,3600,3800,3900,3100,0,52500,38500,4.21,0
2025-02,2025,2,Feb,COHORT_033,Tier 3,91000,13900,16500,4600,3600,3600,4400,3900,2400,0,52900,38100,4.74,0
2025-03,2025,3,Mar,COHORT_033,Tier 3,91000,13000,16500,4600,2100,3600,4600,5000,2100,14695,66195,24805,4.22,1
2025-04,2025,4,Apr,COHORT_033,Tier 3,91000,14900,16500,4600,2600,3600,5200,3100,3200,0,53700,37300,4.26,0
2025-05,2025,5,May,COHORT_033,Tier 3,91000,12900,16500,6400,3000,3600,6200,4400,2000,0,55000,36000,4.27,0
2025-06,2025,6,Jun,COHORT_033,Tier 3,91000,15200,16500,6400,3400,9100,6100,3000,3300,0,63000,28000,4.77,0
2025-07,2025,7,Jul,COHORT_033,Tier 3,91000,13300,16500,6400,3100,9100,6300,3000,2800,0,60500,30500,4.72,0
2025-08,2025,8,Aug,COHORT_033,Tier 3,91000,14000,16500,4600,2000,3600,6100,4200,3400,0,54400,36600,4.65,0
2025-09,2025,9,Sep,COHORT_033,Tier 3,91000,16100,16500,4600,2100,3600,4000,3600,2200,0,52700,38300,4.17,0
2025-10,2025,10,Oct,COHORT_033,Tier 3,91000,15300,16500,4600,2200,3600,8000,5500,1900,14367,71967,19033,4.81,1
2025-11,2025,11,Nov,COHORT_033,Tier 3,91000,15000,16500,4600,3400,3600,8400,7600,2000,20700,81800,9200,4.4,1
2025-12,2025,12,Dec,COHORT_033,Tier 3,91000,13600,16500,4600,2600,3600,5400,3900,3000,0,53200,37800,4.52,0
2021-01,2021,1,Jan,COHORT_034,Tier 3,47000,7600,8500,2400,1100,1900,2600,2200,1700,0,28000,19000,4.81,0
2021-02,2021,2,Feb,COHORT_034,Tier 3,47000,7500,8500,2400,1200,1900,3000,2100,1600,0,28200,18800,5.3,0
2021-03,2021,3,Mar,COHORT_034,Tier 3,47000,7600,8500,2400,1100,1900,2500,1800,1600,9706,37106,9894,4.98,1
2021-04,2021,4,Apr,COHORT_034,Tier 3,47000,7600,8500,2400,1700,1900,3100,1600,1600,0,28400,18600,4.93,0
2021-05,2021,5,May,COHORT_034,Tier 3,47000,7800,8500,3300,1000,1900,2800,1700,1700,0,28700,18300,5.01,0
2021-06,2021,6,Jun,COHORT_034,Tier 3,47000,6700,8500,3300,1400,4700,2000,1600,1000,0,29200,17800,4.73,0
2021-07,2021,7,Jul,COHORT_034,Tier 3,47000,6600,8500,3300,1600,4700,2600,2300,1900,0,31500,15500,5.08,0
2021-08,2021,8,Aug,COHORT_034,Tier 3,47000,7500,8500,2400,1400,1900,2400,1600,1600,0,27300,19700,5.28,0
2021-09,2021,9,Sep,COHORT_034,Tier 3,47000,6800,8500,2400,1400,1900,2200,2600,1700,0,27500,19500,4.74,0
2021-10,2021,10,Oct,COHORT_034,Tier 3,47000,6700,8500,2400,1600,1900,4900,3000,1500,8783,39283,7717,4.75,1
2021-11,2021,11,Nov,COHORT_034,Tier 3,47000,6700,8500,2400,1800,1900,3800,3300,1600,8669,38669,8331,5.09,1
2021-12,2021,12,Dec,COHORT_034,Tier 3,47000,8000,8500,2400,1200,1900,2800,2000,1700,0,28500,18500,5.02,0
2022-01,2022,1,Jan,COHORT_034,Tier 3,51000,8300,9000,2600,1900,2000,3500,2800,1800,0,31900,19100,6.73,0
2022-02,2022,2,Feb,COHORT_034,Tier 3,51000,7700,9000,2600,1700,2000,2500,2500,1300,0,29300,21700,6.35,0
2022-03,2022,3,Mar,COHORT_034,Tier 3,51000,7700,9000,2600,1600,2000,3400,2600,1900,7593,38393,12607,6.64,1
2022-04,2022,4,Apr,COHORT_034,Tier 3,51000,9200,9000,2600,1800,2000,2500,1800,1400,0,30300,20700,6.44,0
2022-05,2022,5,May,COHORT_034,Tier 3,51000,9000,9000,3600,1500,2000,3500,3000,1300,0,32900,18100,6.39,0
2022-06,2022,6,Jun,COHORT_034,Tier 3,51000,7900,9000,3600,1300,5100,2500,2600,1900,0,33900,17100,7.09,0
2022-07,2022,7,Jul,COHORT_034,Tier 3,51000,9000,9000,3600,1100,5100,2300,3000,2000,0,35100,15900,6.74,0
2022-08,2022,8,Aug,COHORT_034,Tier 3,51000,8200,9000,2600,1000,2000,3600,1900,1400,0,29700,21300,7.07,0
2022-09,2022,9,Sep,COHORT_034,Tier 3,51000,8500,9000,2600,1400,2000,3100,2300,1500,0,30400,20600,6.3,0
2022-10,2022,10,Oct,COHORT_034,Tier 3,51000,7900,9000,2600,2000,2000,4200,4200,1900,7337,41137,9863,7.03,1
2022-11,2022,11,Nov,COHORT_034,Tier 3,51000,7600,9000,2600,1200,2000,3800,2800,1600,9637,40237,10763,6.72,1
2022-12,2022,12,Dec,COHORT_034,Tier 3,51000,8100,9000,2600,1900,2000,2500,2100,1800,0,30000,21000,6.62,0
2023-01,2023,1,Jan,COHORT_034,Tier 3,55000,8700,10000,2800,2200,2200,2500,2500,2100,0,33000,22000,5.09,0
2023-02,2023,2,Feb,COHORT_034,Tier 3,55000,8100,10000,2800,1200,2200,2600,2800,1400,0,31100,23900,5.75,0
2023-03,2023,3,Mar,COHORT_034,Tier 3,55000,8800,10000,2800,1400,2200,3500,2700,2000,9944,43344,11656,5.64,1
2023-04,2023,4,Apr,COHORT_034,Tier 3,55000,7900,10000,2800,1900,2200,3700,2400,1600,0,32500,22500,5.15,0
2023-05,2023,5,May,COHORT_034,Tier 3,55000,9700,10000,3900,1300,2200,2300,2300,1200,0,32900,22100,5.52,0
2023-06,2023,6,Jun,COHORT_034,Tier 3,55000,9000,10000,3900,1300,5500,3100,2200,1300,0,36300,18700,5.56,0
2023-07,2023,7,Jul,COHORT_034,Tier 3,55000,9500,10000,3900,2000,5500,3800,2900,1100,0,38700,16300,5.69,0
2023-08,2023,8,Aug,COHORT_034,Tier 3,55000,8100,10000,2800,1800,2200,2800,2000,2100,0,31800,23200,5.5,0
2023-09,2023,9,Sep,COHORT_034,Tier 3,55000,9200,10000,2800,1800,2200,2600,2600,2200,0,33400,21600,5.52,0
2023-10,2023,10,Oct,COHORT_034,Tier 3,55000,8400,10000,2800,1200,2200,4000,4900,1500,13533,48533,6467,5.42,1
2023-11,2023,11,Nov,COHORT_034,Tier 3,55000,8000,10000,2800,1500,2200,4400,3000,1800,11982,45682,9318,5.04,1
2023-12,2023,12,Dec,COHORT_034,Tier 3,55000,9200,10000,2800,1600,2200,2700,2900,2000,0,33400,21600,5.01,0
2024-01,2024,1,Jan,COHORT_034,Tier 3,58000,8500,10500,2900,2100,2300,2900,2700,1600,0,33500,24500,4.81,0
2024-02,2024,2,Feb,COHORT_034,Tier 3,58000,9500,10500,2900,1400,2300,2700,3100,1700,0,34100,23900,4.76,0
2024-03,2024,3,Mar,COHORT_034,Tier 3,58000,9100,10500,2900,2100,2300,3500,3100,2200,9004,44704,13296,4.89,1
2024-04,2024,4,Apr,COHORT_034,Tier 3,58000,8700,10500,2900,1800,2300,3800,3000,1700,0,34700,23300,4.52,0
2024-05,2024,5,May,COHORT_034,Tier 3,58000,9500,10500,4100,1700,2300,3200,2800,1300,0,35400,22600,5.18,0
2024-06,2024,6,Jun,COHORT_034,Tier 3,58000,9800,10500,4100,1200,5800,2300,1800,2200,0,37700,20300,4.63,0
2024-07,2024,7,Jul,COHORT_034,Tier 3,58000,9000,10500,4100,1500,5800,3200,2800,1300,0,38200,19800,4.78,0
2024-08,2024,8,Aug,COHORT_034,Tier 3,58000,9100,10500,2900,1800,2300,4000,2300,2000,0,34900,23100,4.52,0
2024-09,2024,9,Sep,COHORT_034,Tier 3,58000,10200,10500,2900,1300,2300,2500,2200,1400,0,33300,24700,4.43,0
2024-10,2024,10,Oct,COHORT_034,Tier 3,58000,10400,10500,2900,1300,2300,5400,2700,1400,12138,49038,8962,4.92,1
2024-11,2024,11,Nov,COHORT_034,Tier 3,58000,8900,10500,2900,1900,2300,5900,3400,1300,14060,51160,6840,4.47,1
2024-12,2024,12,Dec,COHORT_034,Tier 3,58000,8400,10500,2900,2300,2300,3500,2700,1500,0,34100,23900,4.74,0
2025-01,2025,1,Jan,COHORT_034,Tier 3,62000,9100,11000,3100,1900,2500,3900,3200,2400,0,37100,24900,4.64,0
2025-02,2025,2,Feb,COHORT_034,Tier 3,62000,9300,11000,3100,1800,2500,3300,3000,1300,0,35300,26700,4.47,0
2025-03,2025,3,Mar,COHORT_034,Tier 3,62000,8700,11000,3100,1700,2500,4400,3800,1600,9286,46086,15914,4.26,1
2025-04,2025,4,Apr,COHORT_034,Tier 3,62000,8800,11000,3100,1400,2500,3700,2600,2000,0,35100,26900,4.69,0
2025-05,2025,5,May,COHORT_034,Tier 3,62000,10000,11000,4300,2200,2500,3200,2500,1300,0,37000,25000,4.31,0
2025-06,2025,6,Jun,COHORT_034,Tier 3,62000,10900,11000,4300,2400,6200,3200,2700,1900,0,42600,19400,4.67,0
2025-07,2025,7,Jul,COHORT_034,Tier 3,62000,10100,11000,4300,1700,6200,3800,2200,2000,0,41300,20700,4.73,0
2025-08,2025,8,Aug,COHORT_034,Tier 3,62000,9100,11000,3100,1800,2500,2800,2500,2200,0,35000,27000,4.81,0
2025-09,2025,9,Sep,COHORT_034,Tier 3,62000,8700,11000,3100,2200,2500,3300,2000,2400,0,35200,26800,4.3,0
2025-10,2025,10,Oct,COHORT_034,Tier 3,62000,10500,11000,3100,1800,2500,4600,3600,1300,13435,51835,10165,4.57,1
2025-11,2025,11,Nov,COHORT_034,Tier 3,62000,10400,11000,3100,1300,2500,6100,4100,2300,11600,52400,9600,4.71,1
2025-12,2025,12,Dec,COHORT_034,Tier 3,62000,9300,11000,3100,2300,2500,3600,2100,2200,0,36100,25900,4.87,0
2021-01,2021,1,Jan,COHORT_035,Tier 1,93000,14000,26000,4600,3500,3700,4800,3700,2600,0,62900,30100,4.75,0
2021-02,2021,2,Feb,COHORT_035,Tier 1,93000,13500,26000,4600,3600,3700,5600,4000,2400,0,63400,29600,4.99,0
2021-03,2021,3,Mar,COHORT_035,Tier 1,93000,13300,26000,4600,3200,3700,7500,4600,3500,15247,81647,11353,5.04,1
2021-04,2021,4,Apr,COHORT_035,Tier 1,93000,15600,26000,4600,3000,3700,4500,5100,2300,0,64800,28200,5.45,0
2021-05,2021,5,May,COHORT_035,Tier 1,93000,13500,26000,6500,3400,3700,5200,3500,3400,0,65200,27800,4.89,0
2021-06,2021,6,Jun,COHORT_035,Tier 1,93000,16300,26000,6500,1900,9300,5000,3300,3500,0,71800,21200,5.35,0
2021-07,2021,7,Jul,COHORT_035,Tier 1,93000,14900,26000,6500,2700,9300,4400,4500,2600,0,70900,22100,5.19,0
2021-08,2021,8,Aug,COHORT_035,Tier 1,93000,13700,26000,4600,2300,3700,5300,4500,2300,0,62400,30600,5.09,0
2021-09,2021,9,Sep,COHORT_035,Tier 1,93000,14500,26000,4600,3400,3700,4800,3400,2800,0,63200,29800,5.12,0
2021-10,2021,10,Oct,COHORT_035,Tier 1,93000,15900,26000,4600,2700,3700,8800,4800,2100,20836,89436,3564,5.08,1
2021-11,2021,11,Nov,COHORT_035,Tier 1,93000,14900,26000,4600,3500,3700,8900,4900,2700,11787,80987,12013,5.0,1
2021-12,2021,12,Dec,COHORT_035,Tier 1,93000,13900,26000,4600,2800,3700,5500,2800,2500,0,61800,31200,4.92,0
2022-01,2022,1,Jan,COHORT_035,Tier 1,100000,14100,28000,5000,2800,4000,5800,4800,2500,0,67000,33000,6.94,0
2022-02,2022,2,Feb,COHORT_035,Tier 1,100000,17400,28000,5000,2100,4000,6100,4600,3500,0,70700,29300,6.76,0
2022-03,2022,3,Mar,COHORT_035,Tier 1,100000,17000,28000,5000,2700,4000,8300,5000,3800,17891,91691,8309,7.05,1
2022-04,2022,4,Apr,COHORT_035,Tier 1,100000,17600,28000,5000,2300,4000,5400,3200,2500,0,68000,32000,6.75,0
2022-05,2022,5,May,COHORT_035,Tier 1,100000,15700,28000,7000,4000,4000,5800,5100,3100,0,72700,27300,6.31,0
2022-06,2022,6,Jun,COHORT_035,Tier 1,100000,14700,28000,7000,2300,10000,4800,3300,2400,0,72500,27500,6.43,0
2022-07,2022,7,Jul,COHORT_035,Tier 1,100000,14300,28000,7000,3200,10000,6600,5700,3500,0,78300,21700,6.55,0
2022-08,2022,8,Aug,COHORT_035,Tier 1,100000,17800,28000,5000,2300,4000,5900,4500,2000,0,69500,30500,6.3,0
2022-09,2022,9,Sep,COHORT_035,Tier 1,100000,16500,28000,5000,2000,4000,4900,4300,2200,0,66900,33100,6.53,0
2022-10,2022,10,Oct,COHORT_035,Tier 1,100000,14500,28000,5000,2700,4000,8100,8700,2400,23632,97032,2968,7.0,1
2022-11,2022,11,Nov,COHORT_035,Tier 1,100000,15600,28000,5000,3700,4000,7000,4700,4000,23715,95715,4285,6.36,1
2022-12,2022,12,Dec,COHORT_035,Tier 1,100000,14800,28000,5000,2100,4000,5400,3700,2700,0,65700,34300,6.45,0
2023-01,2023,1,Jan,COHORT_035,Tier 1,108000,19300,30000,5400,2400,4300,4900,4000,2400,0,72700,35300,5.39,0
2023-02,2023,2,Feb,COHORT_035,Tier 1,108000,16900,30000,5400,2500,4300,7200,4600,4200,0,75100,32900,5.72,0
2023-03,2023,3,Mar,COHORT_035,Tier 1,108000,17500,30000,5400,3600,4300,8200,5100,4300,16992,95392,12608,5.65,1
2023-04,2023,4,Apr,COHORT_035,Tier 1,108000,17900,30000,5400,2700,4300,5400,6200,2500,0,74400,33600,5.08,0
2023-05,2023,5,May,COHORT_035,Tier 1,108000,16900,30000,7600,2500,4300,6500,6500,2800,0,77100,30900,5.65,0
2023-06,2023,6,Jun,COHORT_035,Tier 1,108000,18800,30000,7600,3900,10800,5900,6200,4200,0,87400,20600,5.42,0
2023-07,2023,7,Jul,COHORT_035,Tier 1,108000,19200,30000,7600,4300,10800,4700,4800,3300,0,84700,23300,5.28,0
2023-08,2023,8,Aug,COHORT_035,Tier 1,108000,15400,30000,5400,3200,4300,5000,4400,3900,0,71600,36400,5.46,0
2023-09,2023,9,Sep,COHORT_035,Tier 1,108000,19000,30000,5400,3500,4300,7100,5000,3700,0,78000,30000,5.01,0
2023-10,2023,10,Oct,COHORT_035,Tier 1,108000,17300,30000,5400,3500,4300,7900,7100,4300,26943,106743,1257,5.38,1
2023-11,2023,11,Nov,COHORT_035,Tier 1,108000,17900,30000,5400,2600,4300,10200,5900,3400,20978,100678,7322,5.59,1
2023-12,2023,12,Dec,COHORT_035,Tier 1,108000,18900,30000,5400,3400,4300,5400,4800,2200,0,74400,33600,5.04,0
2024-01,2024,1,Jan,COHORT_035,Tier 1,115000,20200,32000,5800,2700,4600,4800,5300,4400,0,79800,35200,4.49,0
2024-02,2024,2,Feb,COHORT_035,Tier 1,115000,19900,32000,5800,4400,4600,6400,3800,4300,0,81200,33800,5.08,0
2024-03,2024,3,Mar,COHORT_035,Tier 1,115000,19800,32000,5800,3700,4600,9500,5100,2800,20236,103536,11464,4.95,1
2024-04,2024,4,Apr,COHORT_035,Tier 1,115000,19100,32000,5800,3000,4600,5100,6200,3900,0,79700,35300,4.95,0
2024-05,2024,5,May,COHORT_035,Tier 1,115000,16700,32000,8100,2900,4600,5300,6000,2600,0,78200,36800,5.13,0
2024-06,2024,6,Jun,COHORT_035,Tier 1,115000,16600,32000,8100,3200,11500,7400,5400,3100,0,87300,27700,4.96,0
2024-07,2024,7,Jul,COHORT_035,Tier 1,115000,20400,32000,8100,2500,11500,4600,5700,4500,0,89300,25700,5.1,0
2024-08,2024,8,Aug,COHORT_035,Tier 1,115000,16400,32000,5800,2900,4600,4700,4400,2800,0,73600,41400,4.89,0
2024-09,2024,9,Sep,COHORT_035,Tier 1,115000,18300,32000,5800,4500,4600,6000,3800,3500,0,78500,36500,4.84,0
2024-10,2024,10,Oct,COHORT_035,Tier 1,115000,18100,32000,5800,2400,4600,8200,9900,3700,15412,100112,14888,4.92,1
2024-11,2024,11,Nov,COHORT_035,Tier 1,115000,16800,32000,5800,3700,4600,9900,5800,2300,15992,96892,18108,5.17,1
2024-12,2024,12,Dec,COHORT_035,Tier 1,115000,20400,32000,5800,2400,4600,5700,3500,3800,0,78200,36800,4.73,0
2025-01,2025,1,Jan,COHORT_035,Tier 1,123000,19300,34500,6200,3200,4900,7400,4900,4900,0,85300,37700,4.58,0
2025-02,2025,2,Feb,COHORT_035,Tier 1,123000,19000,34500,6200,3700,4900,7900,4900,3800,0,84900,38100,4.17,0
2025-03,2025,3,Mar,COHORT_035,Tier 1,123000,20400,34500,6200,3100,4900,6200,5400,2900,18313,101913,21087,4.18,1
2025-04,2025,4,Apr,COHORT_035,Tier 1,123000,20100,34500,6200,3900,4900,8200,5600,2800,0,86200,36800,4.23,0
2025-05,2025,5,May,COHORT_035,Tier 1,123000,19000,34500,8600,4000,4900,6400,4700,4200,0,86300,36700,4.76,0
2025-06,2025,6,Jun,COHORT_035,Tier 1,123000,18000,34500,8600,4500,12300,5500,4700,3600,0,91700,31300,4.82,0
2025-07,2025,7,Jul,COHORT_035,Tier 1,123000,21000,34500,8600,3000,12300,5300,4900,4800,0,94400,28600,4.46,0
2025-08,2025,8,Aug,COHORT_035,Tier 1,123000,21600,34500,6200,4900,4900,8100,7100,2500,0,89800,33200,4.48,0
2025-09,2025,9,Sep,COHORT_035,Tier 1,123000,17900,34500,6200,3100,4900,5000,5200,3800,0,80600,42400,4.82,0
2025-10,2025,10,Oct,COHORT_035,Tier 1,123000,17300,34500,6200,4200,4900,11100,7500,4900,19354,109954,13046,4.45,1
2025-11,2025,11,Nov,COHORT_035,Tier 1,123000,18500,34500,6200,4600,4900,12700,10800,3400,29542,125142,0,4.44,1
2025-12,2025,12,Dec,COHORT_035,Tier 1,123000,21900,34500,6200,3700,4900,6700,5500,4200,0,87600,35400,4.7,0
2021-01,2021,1,Jan,COHORT_036,Tier 1,145000,21000,40500,7200,3300,5800,8600,5800,3900,0,96100,48900,4.93,0
2021-02,2021,2,Feb,COHORT_036,Tier 1,145000,20900,40500,7200,4600,5800,5800,4700,5300,0,94800,50200,5.19,0
2021-03,2021,3,Mar,COHORT_036,Tier 1,145000,21600,40500,7200,4500,5800,8300,5300,3000,20495,116695,28305,5.47,1
2021-04,2021,4,Apr,COHORT_036,Tier 1,145000,23200,40500,7200,5200,5800,6700,5500,3800,0,97900,47100,5.01,0
2021-05,2021,5,May,COHORT_036,Tier 1,145000,21500,40500,10200,4600,5800,9500,7200,4000,0,103300,41700,5.16,0
2021-06,2021,6,Jun,COHORT_036,Tier 1,145000,23500,40500,10200,5600,14500,7000,7000,3000,0,111300,33700,5.01,0
2021-07,2021,7,Jul,COHORT_036,Tier 1,145000,22700,40500,10200,5600,14500,7200,8100,3100,0,111900,33100,5.07,0
2021-08,2021,8,Aug,COHORT_036,Tier 1,145000,23100,40500,7200,4600,5800,8800,8600,2900,0,101500,43500,4.81,0
2021-09,2021,9,Sep,COHORT_036,Tier 1,145000,23200,40500,7200,5600,5800,7000,8600,3300,0,101200,43800,5.13,0
2021-10,2021,10,Oct,COHORT_036,Tier 1,145000,25000,40500,7200,3900,5800,13600,12200,4300,33257,145757,0,5.35,1
2021-11,2021,11,Nov,COHORT_036,Tier 1,145000,25000,40500,7200,4900,5800,9600,10100,3500,26596,133196,11804,5.16,1
2021-12,2021,12,Dec,COHORT_036,Tier 1,145000,21900,40500,7200,3000,5800,6000,4600,5500,0,94500,50500,4.96,0
2022-01,2022,1,Jan,COHORT_036,Tier 1,157000,25300,44000,7800,6000,6300,10700,6900,3300,0,110300,46700,7.05,0
2022-02,2022,2,Feb,COHORT_036,Tier 1,157000,26500,44000,7800,5700,6300,10500,7600,4100,0,112500,44500,6.41,0
2022-03,2022,3,Mar,COHORT_036,Tier 1,157000,26200,44000,7800,5800,6300,8200,7900,4400,32788,143388,13612,6.79,1
2022-04,2022,4,Apr,COHORT_036,Tier 1,157000,23000,44000,7800,4700,6300,8900,7500,4600,0,106800,50200,6.95,0
2022-05,2022,5,May,COHORT_036,Tier 1,157000,23400,44000,11000,4100,6300,10400,6200,4500,0,109900,47100,7.01,0
2022-06,2022,6,Jun,COHORT_036,Tier 1,157000,27300,44000,11000,4600,15700,6900,8900,3800,0,122200,34800,6.37,0
2022-07,2022,7,Jul,COHORT_036,Tier 1,157000,22800,44000,11000,6200,15700,8200,6400,6300,0,120600,36400,6.77,0
2022-08,2022,8,Aug,COHORT_036,Tier 1,157000,25400,44000,7800,4100,6300,7800,5300,3200,0,103900,53100,6.36,0
2022-09,2022,9,Sep,COHORT_036,Tier 1,157000,24300,44000,7800,4100,6300,8000,5600,6200,0,106300,50700,6.69,0
2022-10,2022,10,Oct,COHORT_036,Tier 1,157000,25000,44000,7800,4900,6300,13200,10700,3300,20004,135204,21796,6.94,1
2022-11,2022,11,Nov,COHORT_036,Tier 1,157000,27100,44000,7800,3800,6300,15500,10700,5800,34369,155369,1631,6.65,1
2022-12,2022,12,Dec,COHORT_036,Tier 1,157000,25300,44000,7800,5000,6300,8100,5000,4800,0,106300,50700,7.0,0
2023-01,2023,1,Jan,COHORT_036,Tier 1,168000,25100,47000,8400,3900,6700,11200,5700,5600,0,113600,54400,5.48,0
2023-02,2023,2,Feb,COHORT_036,Tier 1,168000,24200,47000,8400,4600,6700,10900,7300,3900,0,113000,55000,5.75,0
2023-03,2023,3,Mar,COHORT_036,Tier 1,168000,24800,47000,8400,5700,6700,10500,6300,4900,27999,142299,25701,5.12,1
2023-04,2023,4,Apr,COHORT_036,Tier 1,168000,27700,47000,8400,5800,6700,9400,9000,4100,0,118100,49900,5.05,0
2023-05,2023,5,May,COHORT_036,Tier 1,168000,29600,47000,11800,5300,6700,9900,5700,3900,0,119900,48100,5.25,0
2023-06,2023,6,Jun,COHORT_036,Tier 1,168000,24800,47000,11800,5400,16800,10500,5200,4800,0,126300,41700,5.56,0
2023-07,2023,7,Jul,COHORT_036,Tier 1,168000,25300,47000,11800,4500,16800,10200,7500,4800,0,127900,40100,5.28,0
2023-08,2023,8,Aug,COHORT_036,Tier 1,168000,24800,47000,8400,3800,6700,11400,6100,5900,0,114100,53900,5.66,0
2023-09,2023,9,Sep,COHORT_036,Tier 1,168000,27300,47000,8400,5000,6700,8900,6400,4900,0,114600,53400,5.16,0
2023-10,2023,10,Oct,COHORT_036,Tier 1,168000,27500,47000,8400,5800,6700,14800,8500,5900,21027,145627,22373,5.42,1
2023-11,2023,11,Nov,COHORT_036,Tier 1,168000,29100,47000,8400,5000,6700,10200,14600,4000,22712,147712,20288,5.47,1
2023-12,2023,12,Dec,COHORT_036,Tier 1,168000,27800,47000,8400,5800,6700,10700,6300,3600,0,116300,51700,5.42,0
2024-01,2024,1,Jan,COHORT_036,Tier 1,180000,32100,50500,9000,6300,7200,11900,7800,5100,0,129900,50100,4.94,0
2024-02,2024,2,Feb,COHORT_036,Tier 1,180000,31700,50500,9000,6700,7200,12500,7400,3800,0,128800,51200,4.48,0
2024-03,2024,3,Mar,COHORT_036,Tier 1,180000,28100,50500,9000,4500,7200,10800,10100,3900,28687,152787,27213,4.69,1
2024-04,2024,4,Apr,COHORT_036,Tier 1,180000,28600,50500,9000,6300,7200,8500,7600,5600,0,123300,56700,4.89,0
2024-05,2024,5,May,COHORT_036,Tier 1,180000,29200,50500,12600,4700,7200,7200,9700,6800,0,127900,52100,4.56,0
2024-06,2024,6,Jun,COHORT_036,Tier 1,180000,32200,50500,12600,4400,18000,8900,8600,6200,0,141400,38600,4.56,0
2024-07,2024,7,Jul,COHORT_036,Tier 1,180000,28400,50500,12600,3600,18000,12000,9200,6100,0,140400,39600,5.05,0
2024-08,2024,8,Aug,COHORT_036,Tier 1,180000,25300,50500,9000,5900,7200,11000,10600,6700,0,126200,53800,4.4,0
2024-09,2024,9,Sep,COHORT_036,Tier 1,180000,26400,50500,9000,4100,7200,9200,8100,4500,0,119000,61000,5.05,0
2024-10,2024,10,Oct,COHORT_036,Tier 1,180000,28500,50500,9000,3800,7200,17300,15100,3900,30706,166006,13994,5.05,1
2024-11,2024,11,Nov,COHORT_036,Tier 1,180000,31900,50500,9000,6300,7200,11500,10000,6500,26841,159741,20259,4.53,1
2024-12,2024,12,Dec,COHORT_036,Tier 1,180000,32300,50500,9000,4200,7200,9100,7000,4300,0,123600,56400,4.8,0
2025-01,2025,1,Jan,COHORT_036,Tier 1,191000,33700,53500,9600,5000,7600,12300,9800,5100,0,136600,54400,4.13,0
2025-02,2025,2,Feb,COHORT_036,Tier 1,191000,27800,53500,9600,5600,7600,9400,6300,4500,0,124300,66700,4.78,0
2025-03,2025,3,Mar,COHORT_036,Tier 1,191000,28400,53500,9600,5800,7600,10900,10900,5300,27553,159553,31447,4.86,1
2025-04,2025,4,Apr,COHORT_036,Tier 1,191000,28500,53500,9600,6200,7600,10400,7300,7400,0,130500,60500,4.75,0
2025-05,2025,5,May,COHORT_036,Tier 1,191000,28400,53500,13400,5500,7600,11900,9800,6100,0,136200,54800,4.57,0
2025-06,2025,6,Jun,COHORT_036,Tier 1,191000,32100,53500,13400,6900,19100,11000,9100,4100,0,149200,41800,4.38,0
2025-07,2025,7,Jul,COHORT_036,Tier 1,191000,27500,53500,13400,6200,19100,11900,6100,7100,0,144800,46200,4.85,0
2025-08,2025,8,Aug,COHORT_036,Tier 1,191000,30800,53500,9600,4100,7600,12000,10500,4600,0,132700,58300,4.79,0
2025-09,2025,9,Sep,COHORT_036,Tier 1,191000,31100,53500,9600,6300,7600,9700,9500,6800,0,134100,56900,4.61,0
2025-10,2025,10,Oct,COHORT_036,Tier 1,191000,28300,53500,9600,7100,7600,12000,13900,6000,39162,177162,13838,4.29,1
2025-11,2025,11,Nov,COHORT_036,Tier 1,191000,27900,53500,9600,4900,7600,16600,8700,4100,46611,179511,11489,4.24,1
2025-12,2025,12,Dec,COHORT_036,Tier 1,191000,32300,53500,9600,5900,7600,7700,9900,5400,0,131900,59100,4.77,0
2021-01,2021,1,Jan,COHORT_037,Tier 2,61000,10900,11000,3000,1600,2400,3600,3300,1900,0,37700,23300,5.42,0
2021-02,2021,2,Feb,COHORT_037,Tier 2,61000,10200,11000,3000,1500,2400,3700,3000,2100,0,36900,24100,5.18,0
2021-03,2021,3,Mar,COHORT_037,Tier 2,61000,9000,11000,3000,1900,2400,4200,2600,1900,12475,48475,12525,5.16,1
2021-04,2021,4,Apr,COHORT_037,Tier 2,61000,9800,11000,3000,1300,2400,3700,2500,2100,0,35800,25200,4.85,0
2021-05,2021,5,May,COHORT_037,Tier 2,61000,8700,11000,4300,1600,2400,3300,2300,2300,0,35900,25100,4.84,0
2021-06,2021,6,Jun,COHORT_037,Tier 2,61000,9200,11000,4300,1600,6100,2700,2900,2200,0,40000,21000,4.77,0
2021-07,2021,7,Jul,COHORT_037,Tier 2,61000,9800,11000,4300,1500,6100,3100,2000,1400,0,39200,21800,5.02,0
2021-08,2021,8,Aug,COHORT_037,Tier 2,61000,10900,11000,3000,2400,2400,2600,3000,1400,0,36700,24300,5.05,0
2021-09,2021,9,Sep,COHORT_037,Tier 2,61000,10000,11000,3000,2300,2400,2600,2600,2100,0,36000,25000,5.15,0
2021-10,2021,10,Oct,COHORT_037,Tier 2,61000,9600,11000,3000,1400,2400,4000,3800,1300,10140,46640,14360,4.74,1
2021-11,2021,11,Nov,COHORT_037,Tier 2,61000,10300,11000,3000,1600,2400,3800,5400,1200,12698,51398,9602,4.95,1
2021-12,2021,12,Dec,COHORT_037,Tier 2,61000,10700,11000,3000,2300,2400,3200,3000,2000,0,37600,23400,4.79,0
2022-01,2022,1,Jan,COHORT_037,Tier 2,66000,11700,12000,3300,2000,2600,4300,2400,1800,0,40100,25900,6.32,0
2022-02,2022,2,Feb,COHORT_037,Tier 2,66000,10500,12000,3300,1400,2600,4300,2300,2200,0,38600,27400,7.06,0
2022-03,2022,3,Mar,COHORT_037,Tier 2,66000,10400,12000,3300,1900,2600,3900,4100,1900,11041,51141,14859,6.77,1
2022-04,2022,4,Apr,COHORT_037,Tier 2,66000,9900,12000,3300,1300,2600,4000,3600,1500,0,38200,27800,6.78,0
2022-05,2022,5,May,COHORT_037,Tier 2,66000,9600,12000,4600,1600,2600,3300,3600,1500,0,38800,27200,6.68,0
2022-06,2022,6,Jun,COHORT_037,Tier 2,66000,11700,12000,4600,2200,6600,3900,3500,2100,0,46600,19400,6.95,0
2022-07,2022,7,Jul,COHORT_037,Tier 2,66000,11600,12000,4600,1400,6600,3400,2300,1800,0,43700,22300,6.8,0
2022-08,2022,8,Aug,COHORT_037,Tier 2,66000,9800,12000,3300,2500,2600,3200,3400,2500,0,39300,26700,7.01,0
2022-09,2022,9,Sep,COHORT_037,Tier 2,66000,11500,12000,3300,1700,2600,2700,3300,1700,0,38800,27200,6.46,0
2022-10,2022,10,Oct,COHORT_037,Tier 2,66000,9900,12000,3300,2500,2600,5200,5600,2400,9168,52668,13332,6.82,1
2022-11,2022,11,Nov,COHORT_037,Tier 2,66000,9600,12000,3300,2000,2600,4900,5600,1500,8884,50384,15616,6.46,1
2022-12,2022,12,Dec,COHORT_037,Tier 2,66000,9600,12000,3300,2000,2600,4300,3700,2100,0,39600,26400,6.44,0
2023-01,2023,1,Jan,COHORT_037,Tier 2,71000,10300,13000,3600,1600,2800,5000,3000,1900,0,41200,29800,5.6,0
2023-02,2023,2,Feb,COHORT_037,Tier 2,71000,11000,13000,3600,2800,2800,4800,3200,2500,0,43700,27300,5.59,0
2023-03,2023,3,Mar,COHORT_037,Tier 2,71000,10300,13000,3600,2200,2800,4500,4400,2600,13290,56690,14310,5.02,1
2023-04,2023,4,Apr,COHORT_037,Tier 2,71000,11400,13000,3600,1800,2800,4600,3400,2000,0,42600,28400,5.02,0
2023-05,2023,5,May,COHORT_037,Tier 2,71000,11800,13000,5000,2800,2800,3300,2800,2100,0,43600,27400,5.19,0
2023-06,2023,6,Jun,COHORT_037,Tier 2,71000,12100,13000,5000,2200,7100,4000,4000,1800,0,49200,21800,5.37,0
2023-07,2023,7,Jul,COHORT_037,Tier 2,71000,11000,13000,5000,1700,7100,4100,3600,2300,0,47800,23200,5.46,0
2023-08,2023,8,Aug,COHORT_037,Tier 2,71000,12600,13000,3600,1900,2800,4800,4100,1800,0,44600,26400,5.73,0
2023-09,2023,9,Sep,COHORT_037,Tier 2,71000,10500,13000,3600,1700,2800,3400,3500,1800,0,40300,30700,5.79,0
2023-10,2023,10,Oct,COHORT_037,Tier 2,71000,12400,13000,3600,1900,2800,4300,5000,2200,11199,56399,14601,5.24,1
2023-11,2023,11,Nov,COHORT_037,Tier 2,71000,10600,13000,3600,2200,2800,4300,4200,1800,15422,57922,13078,5.53,1
2023-12,2023,12,Dec,COHORT_037,Tier 2,71000,10400,13000,3600,2800,2800,2900,3800,2000,0,41300,29700,5.6,0
2024-01,2024,1,Jan,COHORT_037,Tier 2,76000,12300,13500,3800,3000,3000,5200,4100,2700,0,47600,28400,4.95,0
2024-02,2024,2,Feb,COHORT_037,Tier 2,76000,11800,13500,3800,2400,3000,3900,4400,2100,0,44900,31100,4.65,0
2024-03,2024,3,Mar,COHORT_037,Tier 2,76000,11100,13500,3800,2700,3000,3800,3000,2300,11133,54333,21667,4.44,1
2024-04,2024,4,Apr,COHORT_037,Tier 2,76000,13600,13500,3800,3000,3000,4900,4300,2600,0,48700,27300,4.41,0
2024-05,2024,5,May,COHORT_037,Tier 2,76000,12800,13500,5300,2900,3000,3800,3000,2100,0,46400,29600,4.67,0
2024-06,2024,6,Jun,COHORT_037,Tier 2,76000,11700,13500,5300,2500,7600,4900,2700,1900,0,50100,25900,5.17,0
2024-07,2024,7,Jul,COHORT_037,Tier 2,76000,11900,13500,5300,3000,7600,3800,3700,1700,0,50500,25500,4.91,0
2024-08,2024,8,Aug,COHORT_037,Tier 2,76000,12300,13500,3800,1800,3000,3800,3500,1900,0,43600,32400,4.43,0
2024-09,2024,9,Sep,COHORT_037,Tier 2,76000,12600,13500,3800,3000,3000,4600,3600,2000,0,46100,29900,4.93,0
2024-10,2024,10,Oct,COHORT_037,Tier 2,76000,12900,13500,3800,2600,3000,6800,3800,2000,12254,60654,15346,4.95,1
2024-11,2024,11,Nov,COHORT_037,Tier 2,76000,13600,13500,3800,2500,3000,6400,3500,2600,16039,64939,11061,5.13,1
2024-12,2024,12,Dec,COHORT_037,Tier 2,76000,11700,13500,3800,2400,3000,4800,3200,2000,0,44400,31600,4.62,0
2025-01,2025,1,Jan,COHORT_037,Tier 2,81000,12400,14500,4000,2200,3200,4600,3100,2300,0,46300,34700,4.21,0
2025-02,2025,2,Feb,COHORT_037,Tier 2,81000,13700,14500,4000,2100,3200,4500,3000,2600,0,47600,33400,4.21,0
2025-03,2025,3,Mar,COHORT_037,Tier 2,81000,11500,14500,4000,1700,3200,5900,4000,1700,11194,57694,23306,4.51,1
2025-04,2025,4,Apr,COHORT_037,Tier 2,81000,13500,14500,4000,2300,3200,4400,3600,2800,0,48300,32700,4.57,0
2025-05,2025,5,May,COHORT_037,Tier 2,81000,11500,14500,5700,2600,3200,4400,3000,2300,0,47200,33800,4.38,0
2025-06,2025,6,Jun,COHORT_037,Tier 2,81000,12500,14500,5700,2900,8100,4800,3200,2000,0,53700,27300,4.64,0
2025-07,2025,7,Jul,COHORT_037,Tier 2,81000,13300,14500,5700,3000,8100,5600,3500,1800,0,55500,25500,4.42,0
2025-08,2025,8,Aug,COHORT_037,Tier 2,81000,14000,14500,4000,1900,3200,3700,4800,3000,0,49100,31900,4.88,0
2025-09,2025,9,Sep,COHORT_037,Tier 2,81000,13200,14500,4000,1900,3200,5400,4000,2500,0,48700,32300,4.61,0
2025-10,2025,10,Oct,COHORT_037,Tier 2,81000,12000,14500,4000,2700,3200,7200,6600,2200,17845,70245,10755,4.89,1
2025-11,2025,11,Nov,COHORT_037,Tier 2,81000,12800,14500,4000,1800,3200,6200,4000,1700,18851,67051,13949,4.36,1
2025-12,2025,12,Dec,COHORT_037,Tier 2,81000,13700,14500,4000,1900,3200,3300,2600,2000,0,45200,35800,4.52,0
2021-01,2021,1,Jan,COHORT_038,Tier 2,107000,17800,19500,5400,4200,4300,6100,4200,3500,0,65000,42000,5.06,0
2021-02,2021,2,Feb,COHORT_038,Tier 2,107000,16100,19500,5400,2900,4300,6300,4100,2400,0,61000,46000,5.46,0
2021-03,2021,3,Mar,COHORT_038,Tier 2,107000,18700,19500,5400,2800,4300,6700,4500,3900,17350,83150,23850,5.0,1
2021-04,2021,4,Apr,COHORT_038,Tier 2,107000,16700,19500,5400,3600,4300,6600,3200,4200,0,63500,43500,5.38,0
2021-05,2021,5,May,COHORT_038,Tier 2,107000,17000,19500,7500,2200,4300,5400,5500,2600,0,64000,43000,4.95,0
2021-06,2021,6,Jun,COHORT_038,Tier 2,107000,15500,19500,7500,4100,10700,5600,4200,3200,0,70300,36700,4.73,0
2021-07,2021,7,Jul,COHORT_038,Tier 2,107000,18600,19500,7500,3200,10700,5700,3400,4100,0,72700,34300,4.89,0
2021-08,2021,8,Aug,COHORT_038,Tier 2,107000,18100,19500,5400,2500,4300,5800,4000,3200,0,62800,44200,5.37,0
2021-09,2021,9,Sep,COHORT_038,Tier 2,107000,17200,19500,5400,3100,4300,4800,4500,2600,0,61400,45600,5.33,0
2021-10,2021,10,Oct,COHORT_038,Tier 2,107000,18600,19500,5400,3500,4300,6700,6300,3100,19749,87149,19851,5.05,1
2021-11,2021,11,Nov,COHORT_038,Tier 2,107000,16100,19500,5400,3700,4300,8500,6800,2700,16704,83704,23296,5.15,1
2021-12,2021,12,Dec,COHORT_038,Tier 2,107000,16700,19500,5400,3600,4300,7300,5900,3500,0,66200,40800,5.05,0
2022-01,2022,1,Jan,COHORT_038,Tier 2,116000,16300,21000,5800,2300,4600,5600,4200,4000,0,63800,52200,6.48,0
2022-02,2022,2,Feb,COHORT_038,Tier 2,116000,17800,21000,5800,4600,4600,5000,3600,3900,0,66300,49700,6.68,0
2022-03,2022,3,Mar,COHORT_038,Tier 2,116000,19900,21000,5800,4000,4600,8200,4300,4400,24264,96464,19536,6.91,1
2022-04,2022,4,Apr,COHORT_038,Tier 2,116000,17900,21000,5800,2400,4600,6900,5900,3800,0,68300,47700,6.52,0
2022-05,2022,5,May,COHORT_038,Tier 2,116000,17900,21000,8100,3400,4600,7300,4000,2500,0,68800,47200,6.41,0
2022-06,2022,6,Jun,COHORT_038,Tier 2,116000,16800,21000,8100,2800,11600,4800,6800,2900,0,74800,41200,7.05,0
2022-07,2022,7,Jul,COHORT_038,Tier 2,116000,16500,21000,8100,4100,11600,7700,5400,3500,0,77900,38100,6.87,0
2022-08,2022,8,Aug,COHORT_038,Tier 2,116000,19800,21000,5800,3400,4600,5700,6500,2700,0,69500,46500,6.63,0
2022-09,2022,9,Sep,COHORT_038,Tier 2,116000,16400,21000,5800,2700,4600,7900,5700,4000,0,68100,47900,6.51,0
2022-10,2022,10,Oct,COHORT_038,Tier 2,116000,19400,21000,5800,3500,4600,7300,7900,3800,28954,102254,13746,6.4,1
2022-11,2022,11,Nov,COHORT_038,Tier 2,116000,16400,21000,5800,2700,4600,11400,8000,3400,15878,89178,26822,6.83,1
2022-12,2022,12,Dec,COHORT_038,Tier 2,116000,16400,21000,5800,2700,4600,6600,4700,2800,0,64600,51400,6.9,0
2023-01,2023,1,Jan,COHORT_038,Tier 2,125000,19200,22500,6200,3300,5000,5600,4900,4500,0,71200,53800,5.23,0
2023-02,2023,2,Feb,COHORT_038,Tier 2,125000,20100,22500,6200,3100,5000,5700,5100,3400,0,71100,53900,5.62,0
2023-03,2023,3,Mar,COHORT_038,Tier 2,125000,19500,22500,6200,4700,5000,6300,6000,3200,22429,95829,29171,5.15,1
2023-04,2023,4,Apr,COHORT_038,Tier 2,125000,17600,22500,6200,4100,5000,6100,4900,3900,0,70300,54700,5.55,0
2023-05,2023,5,May,COHORT_038,Tier 2,125000,19700,22500,8800,4600,5000,5300,5600,3000,0,74500,50500,5.52,0
2023-06,2023,6,Jun,COHORT_038,Tier 2,125000,19200,22500,8800,3200,12500,5900,4800,3700,0,80600,44400,5.29,0
2023-07,2023,7,Jul,COHORT_038,Tier 2,125000,18900,22500,8800,4200,12500,7800,6700,3300,0,84700,40300,5.24,0
2023-08,2023,8,Aug,COHORT_038,Tier 2,125000,21000,22500,6200,3600,5000,5700,5300,3900,0,73200,51800,5.19,0
2023-09,2023,9,Sep,COHORT_038,Tier 2,125000,20700,22500,6200,3200,5000,6900,5200,3700,0,73400,51600,5.36,0
2023-10,2023,10,Oct,COHORT_038,Tier 2,125000,22100,22500,6200,3000,5000,11500,8300,4500,22776,105876,19124,5.21,1
2023-11,2023,11,Nov,COHORT_038,Tier 2,125000,18200,22500,6200,3600,5000,11600,6100,2900,25925,102025,22975,5.29,1
2023-12,2023,12,Dec,COHORT_038,Tier 2,125000,18100,22500,6200,3400,5000,8000,5700,2600,0,71500,53500,5.43,0
2024-01,2024,1,Jan,COHORT_038,Tier 2,133000,21700,24000,6600,4200,5300,5400,4400,5100,0,76700,56300,4.44,0
2024-02,2024,2,Feb,COHORT_038,Tier 2,133000,20600,24000,6600,5000,5300,7600,4100,4400,0,77600,55400,5.09,0
2024-03,2024,3,Mar,COHORT_038,Tier 2,133000,21800,24000,6600,2700,5300,9800,7500,3400,29042,110142,22858,4.6,1
2024-04,2024,4,Apr,COHORT_038,Tier 2,133000,18600,24000,6600,3200,5300,5500,6700,3900,0,73800,59200,4.78,0
2024-05,2024,5,May,COHORT_038,Tier 2,133000,23300,24000,9300,2800,5300,7400,7200,3100,0,82400,50600,5.1,0
2024-06,2024,6,Jun,COHORT_038,Tier 2,133000,21200,24000,9300,3200,13300,6600,6700,4100,0,88400,44600,5.07,0
2024-07,2024,7,Jul,COHORT_038,Tier 2,133000,22000,24000,9300,4600,13300,8000,4700,3300,0,89200,43800,4.72,0
2024-08,2024,8,Aug,COHORT_038,Tier 2,133000,22700,24000,6600,3400,5300,8600,4800,4300,0,79700,53300,5.12,0
2024-09,2024,9,Sep,COHORT_038,Tier 2,133000,21100,24000,6600,3100,5300,6600,6000,5300,0,78000,55000,4.81,0
2024-10,2024,10,Oct,COHORT_038,Tier 2,133000,18700,24000,6600,4900,5300,8800,7600,3200,18730,97830,35170,5.04,1
2024-11,2024,11,Nov,COHORT_038,Tier 2,133000,19900,24000,6600,2900,5300,12300,6200,4900,19736,101836,31164,5.02,1
2024-12,2024,12,Dec,COHORT_038,Tier 2,133000,23400,24000,6600,4400,5300,8400,4500,3900,0,80500,52500,4.54,0
2025-01,2025,1,Jan,COHORT_038,Tier 2,142000,21800,25500,7100,3100,5700,8200,5500,4000,0,80900,61100,4.33,0
2025-02,2025,2,Feb,COHORT_038,Tier 2,142000,24500,25500,7100,3900,5700,8200,6600,3300,0,84800,57200,4.39,0
2025-03,2025,3,Mar,COHORT_038,Tier 2,142000,25200,25500,7100,3400,5700,7200,7800,5300,30243,117443,24557,4.31,1
2025-04,2025,4,Apr,COHORT_038,Tier 2,142000,24800,25500,7100,4800,5700,7300,4400,4300,0,83900,58100,4.26,0
2025-05,2025,5,May,COHORT_038,Tier 2,142000,22100,25500,9900,5500,5700,7800,7700,4100,0,88300,53700,4.62,0
2025-06,2025,6,Jun,COHORT_038,Tier 2,142000,20200,25500,9900,5300,14200,7700,4600,5600,0,93000,49000,4.69,0
2025-07,2025,7,Jul,COHORT_038,Tier 2,142000,25500,25500,9900,4000,14200,6800,5900,5500,0,97300,44700,4.14,0
2025-08,2025,8,Aug,COHORT_038,Tier 2,142000,21000,25500,7100,4000,5700,7000,4600,5000,0,79900,62100,4.48,0
2025-09,2025,9,Sep,COHORT_038,Tier 2,142000,20500,25500,7100,3600,5700,6300,7300,2900,0,78900,63100,4.35,0
2025-10,2025,10,Oct,COHORT_038,Tier 2,142000,21800,25500,7100,5100,5700,9100,9200,4300,30139,117939,24061,4.81,1
2025-11,2025,11,Nov,COHORT_038,Tier 2,142000,24600,25500,7100,4600,5700,13000,10100,5100,28323,124023,17977,4.15,1
2025-12,2025,12,Dec,COHORT_038,Tier 2,142000,24900,25500,7100,5300,5700,7600,6600,3900,0,86600,55400,4.64,0
2021-01,2021,1,Jan,COHORT_039,Tier 2,125000,21500,22500,6200,4100,5000,5300,6100,3800,0,74500,50500,5.24,0
2021-02,2021,2,Feb,COHORT_039,Tier 2,125000,18200,22500,6200,4500,5000,6700,7500,5000,0,75600,49400,5.37,0
2021-03,2021,3,Mar,COHORT_039,Tier 2,125000,21500,22500,6200,4800,5000,7000,6900,3100,22979,99979,25021,5.37,1
2021-04,2021,4,Apr,COHORT_039,Tier 2,125000,19700,22500,6200,3500,5000,6600,4100,3500,0,71100,53900,4.97,0
2021-05,2021,5,May,COHORT_039,Tier 2,125000,20700,22500,8800,2700,5000,6500,5000,3100,0,74300,50700,5.49,0
2021-06,2021,6,Jun,COHORT_039,Tier 2,125000,21900,22500,8800,4700,12500,7800,3800,4100,0,86100,38900,5.13,0
2021-07,2021,7,Jul,COHORT_039,Tier 2,125000,19500,22500,8800,4900,12500,5400,7400,3100,0,84100,40900,5.25,0
2021-08,2021,8,Aug,COHORT_039,Tier 2,125000,19700,22500,6200,2600,5000,6100,6200,2600,0,70900,54100,5.1,0
2021-09,2021,9,Sep,COHORT_039,Tier 2,125000,19500,22500,6200,3000,5000,8500,6300,4500,0,75500,49500,5.0,0
2021-10,2021,10,Oct,COHORT_039,Tier 2,125000,18200,22500,6200,4900,5000,7700,8100,3600,17728,93928,31072,5.15,1
2021-11,2021,11,Nov,COHORT_039,Tier 2,125000,21700,22500,6200,4300,5000,12800,8700,3000,26172,110372,14628,5.16,1
2021-12,2021,12,Dec,COHORT_039,Tier 2,125000,17600,22500,6200,3500,5000,7900,5900,2700,0,71300,53700,4.75,0
2022-01,2022,1,Jan,COHORT_039,Tier 2,135000,22100,24500,6800,3700,5400,6700,4500,2900,0,76600,58400,6.54,0
2022-02,2022,2,Feb,COHORT_039,Tier 2,135000,22600,24500,6800,5100,5400,6600,6200,3900,0,81100,53900,6.98,0
2022-03,2022,3,Mar,COHORT_039,Tier 2,135000,21100,24500,6800,3200,5400,9900,8400,4800,18392,102492,32508,6.61,1
2022-04,2022,4,Apr,COHORT_039,Tier 2,135000,18900,24500,6800,5000,5400,7200,4400,3100,0,75300,59700,6.63,0
2022-05,2022,5,May,COHORT_039,Tier 2,135000,20800,24500,9400,2800,5400,7900,7800,4500,0,83100,51900,6.62,0
2022-06,2022,6,Jun,COHORT_039,Tier 2,135000,23600,24500,9400,2700,13500,7800,4900,4200,0,90600,44400,6.35,0
2022-07,2022,7,Jul,COHORT_039,Tier 2,135000,20200,24500,9400,3500,13500,6800,7200,3200,0,88300,46700,6.81,0
2022-08,2022,8,Aug,COHORT_039,Tier 2,135000,20600,24500,6800,3100,5400,5800,5500,4300,0,76000,59000,6.38,0
2022-09,2022,9,Sep,COHORT_039,Tier 2,135000,20800,24500,6800,4700,5400,7300,8000,4200,0,81700,53300,6.37,0
2022-10,2022,10,Oct,COHORT_039,Tier 2,135000,20000,24500,6800,5000,5400,10800,12000,4500,22195,111195,23805,6.96,1
2022-11,2022,11,Nov,COHORT_039,Tier 2,135000,23600,24500,6800,4300,5400,14100,6400,5100,27048,117248,17752,6.61,1
2022-12,2022,12,Dec,COHORT_039,Tier 2,135000,21800,24500,6800,3400,5400,5700,7300,4400,0,79300,55700,7.06,0
2023-01,2023,1,Jan,COHORT_039,Tier 2,145000,23900,26000,7200,3200,5800,6100,7300,5100,0,84600,60400,5.65,0
2023-02,2023,2,Feb,COHORT_039,Tier 2,145000,22200,26000,7200,4500,5800,9300,5600,3400,0,84000,61000,5.69,0
2023-03,2023,3,Mar,COHORT_039,Tier 2,145000,21000,26000,7200,3400,5800,10600,9700,5000,27538,116238,28762,5.6,1
2023-04,2023,4,Apr,COHORT_039,Tier 2,145000,21300,26000,7200,3200,5800,7300,8200,4300,0,83300,61700,5.52,0
2023-05,2023,5,May,COHORT_039,Tier 2,145000,22200,26000,10200,5700,5800,9800,5300,3200,0,88200,56800,5.26,0
2023-06,2023,6,Jun,COHORT_039,Tier 2,145000,24400,26000,10200,4800,14500,9700,5200,5500,0,100300,44700,5.22,0
2023-07,2023,7,Jul,COHORT_039,Tier 2,145000,24400,26000,10200,5000,14500,6600,4600,4300,0,95600,49400,5.78,0
2023-08,2023,8,Aug,COHORT_039,Tier 2,145000,24000,26000,7200,5300,5800,7200,8200,5300,0,89000,56000,5.47,0
2023-09,2023,9,Sep,COHORT_039,Tier 2,145000,24300,26000,7200,4600,5800,7000,7600,5100,0,87600,57400,5.55,0
2023-10,2023,10,Oct,COHORT_039,Tier 2,145000,20800,26000,7200,4700,5800,11700,8100,5100,21432,110832,34168,5.47,1
2023-11,2023,11,Nov,COHORT_039,Tier 2,145000,22500,26000,7200,5000,5800,9000,7900,4000,23382,110782,34218,5.79,1
2023-12,2023,12,Dec,COHORT_039,Tier 2,145000,22000,26000,7200,3500,5800,7600,8200,4600,0,84900,60100,5.06,0
2024-01,2024,1,Jan,COHORT_039,Tier 2,155000,23500,28000,7800,5200,6200,10300,6100,3400,0,90500,64500,4.62,0
2024-02,2024,2,Feb,COHORT_039,Tier 2,155000,23700,28000,7800,3700,6200,8500,8200,3500,0,89600,65400,4.79,0
2024-03,2024,3,Mar,COHORT_039,Tier 2,155000,22300,28000,7800,4100,6200,8700,10400,3100,22408,113008,41992,4.43,1
2024-04,2024,4,Apr,COHORT_039,Tier 2,155000,24300,28000,7800,6200,6200,7000,7700,4900,0,92100,62900,4.86,0
2024-05,2024,5,May,COHORT_039,Tier 2,155000,24000,28000,10900,3600,6200,10400,5700,6000,0,94800,60200,4.49,0
2024-06,2024,6,Jun,COHORT_039,Tier 2,155000,26500,28000,10900,4200,15500,9000,6700,6000,0,106800,48200,5.14,0
2024-07,2024,7,Jul,COHORT_039,Tier 2,155000,22900,28000,10900,4700,15500,8500,4800,5900,0,101200,53800,4.97,0
2024-08,2024,8,Aug,COHORT_039,Tier 2,155000,25700,28000,7800,6000,6200,8300,6300,3700,0,92000,63000,5.03,0
2024-09,2024,9,Sep,COHORT_039,Tier 2,155000,26500,28000,7800,5700,6200,9400,6100,5800,0,95500,59500,4.48,0
2024-10,2024,10,Oct,COHORT_039,Tier 2,155000,23100,28000,7800,4900,6200,15100,12500,5400,32811,135811,19189,5.05,1
2024-11,2024,11,Nov,COHORT_039,Tier 2,155000,25500,28000,7800,4000,6200,13700,9400,4700,36979,136279,18721,4.52,1
2024-12,2024,12,Dec,COHORT_039,Tier 2,155000,22200,28000,7800,3600,6200,6600,9200,3300,0,86900,68100,4.43,0
2025-01,2025,1,Jan,COHORT_039,Tier 2,165000,26700,29500,8200,6000,6600,10100,7600,4400,0,99100,65900,4.14,0
2025-02,2025,2,Feb,COHORT_039,Tier 2,165000,25800,29500,8200,4500,6600,10500,9100,4400,0,98600,66400,4.77,0
2025-03,2025,3,Mar,COHORT_039,Tier 2,165000,27800,29500,8200,6200,6600,8100,10200,4300,27313,128213,36787,4.81,1
2025-04,2025,4,Apr,COHORT_039,Tier 2,165000,29000,29500,8200,6000,6600,8500,6900,5300,0,100000,65000,4.75,0
2025-05,2025,5,May,COHORT_039,Tier 2,165000,26300,29500,11600,4300,6600,9000,5000,4900,0,97200,67800,4.58,0
2025-06,2025,6,Jun,COHORT_039,Tier 2,165000,27900,29500,11600,3900,16500,8100,9600,4200,0,111300,53700,4.58,0
2025-07,2025,7,Jul,COHORT_039,Tier 2,165000,26700,29500,11600,4800,16500,11000,7800,4500,0,112400,52600,4.14,0
2025-08,2025,8,Aug,COHORT_039,Tier 2,165000,25700,29500,8200,4300,6600,10000,6600,5100,0,96000,69000,4.12,0
2025-09,2025,9,Sep,COHORT_039,Tier 2,165000,29000,29500,8200,4400,6600,11200,6700,5800,0,101400,63600,4.43,0
2025-10,2025,10,Oct,COHORT_039,Tier 2,165000,28100,29500,8200,4400,6600,10700,14600,6400,35034,143534,21466,4.45,1
2025-11,2025,11,Nov,COHORT_039,Tier 2,165000,26600,29500,8200,5400,6600,11600,9500,4300,29781,131481,33519,4.81,1
2025-12,2025,12,Dec,COHORT_039,Tier 2,165000,29000,29500,8200,5400,6600,9100,9500,5500,0,102800,62200,4.15,0
2021-01,2021,1,Jan,COHORT_040,Tier 3,123000,19200,22000,6200,4500,4900,7300,6500,3000,0,73600,49400,4.86,0
2021-02,2021,2,Feb,COHORT_040,Tier 3,123000,17300,22000,6200,3800,4900,7300,5000,4600,0,71100,51900,4.8,0
2021-03,2021,3,Mar,COHORT_040,Tier 3,123000,19500,22000,6200,4700,4900,10000,7600,3400,21483,99783,23217,5.33,1
2021-04,2021,4,Apr,COHORT_040,Tier 3,123000,19800,22000,6200,2900,4900,8400,4900,4100,0,73200,49800,4.71,0
2021-05,2021,5,May,COHORT_040,Tier 3,123000,20600,22000,8600,3800,4900,7600,4400,4600,0,76500,46500,5.22,0
2021-06,2021,6,Jun,COHORT_040,Tier 3,123000,20100,22000,8600,4300,12300,6400,7300,3000,0,84000,39000,5.2,0
2021-07,2021,7,Jul,COHORT_040,Tier 3,123000,17900,22000,8600,3500,12300,5100,6500,3600,0,79500,43500,5.01,0
2021-08,2021,8,Aug,COHORT_040,Tier 3,123000,21200,22000,6200,4000,4900,8500,5200,3800,0,75800,47200,4.88,0
2021-09,2021,9,Sep,COHORT_040,Tier 3,123000,20000,22000,6200,4600,4900,7800,3800,4100,0,73400,49600,5.14,0
2021-10,2021,10,Oct,COHORT_040,Tier 3,123000,20700,22000,6200,2500,4900,12600,8800,3000,21470,102170,20830,5.22,1
2021-11,2021,11,Nov,COHORT_040,Tier 3,123000,17300,22000,6200,4300,4900,12600,10900,2600,15096,95896,27104,4.95,1
2021-12,2021,12,Dec,COHORT_040,Tier 3,123000,20000,22000,6200,4600,4900,5500,5600,4600,0,73400,49600,4.85,0
2022-01,2022,1,Jan,COHORT_040,Tier 3,133000,21300,24000,6600,4400,5300,6700,7200,3900,0,79400,53600,6.53,0
2022-02,2022,2,Feb,COHORT_040,Tier 3,133000,21400,24000,6600,3700,5300,6000,7000,5000,0,79000,54000,6.68,0
2022-03,2022,3,Mar,COHORT_040,Tier 3,133000,21300,24000,6600,2900,5300,10400,8000,3700,26135,108335,24665,6.85,1
2022-04,2022,4,Apr,COHORT_040,Tier 3,133000,20900,24000,6600,4900,5300,6300,6600,3600,0,78200,54800,6.97,0
2022-05,2022,5,May,COHORT_040,Tier 3,133000,21200,24000,9300,3900,5300,8800,5100,5100,0,82700,50300,6.9,0
2022-06,2022,6,Jun,COHORT_040,Tier 3,133000,18600,24000,9300,3600,13300,8300,4700,3800,0,85600,47400,7.08,0
2022-07,2022,7,Jul,COHORT_040,Tier 3,133000,21400,24000,9300,3800,13300,7000,7300,2700,0,88800,44200,6.57,0
2022-08,2022,8,Aug,COHORT_040,Tier 3,133000,20900,24000,6600,3100,5300,8100,7600,4700,0,80300,52700,6.68,0
2022-09,2022,9,Sep,COHORT_040,Tier 3,133000,21400,24000,6600,4800,5300,6500,7300,5200,0,81100,51900,6.86,0
2022-10,2022,10,Oct,COHORT_040,Tier 3,133000,23900,24000,6600,3900,5300,12300,8400,5100,20510,110010,22990,6.72,1
2022-11,2022,11,Nov,COHORT_040,Tier 3,133000,21200,24000,6600,4500,5300,8900,10800,4100,31313,116713,16287,6.85,1
2022-12,2022,12,Dec,COHORT_040,Tier 3,133000,22300,24000,6600,3000,5300,7700,5100,3000,0,77000,56000,6.59,0
2023-01,2023,1,Jan,COHORT_040,Tier 3,142000,20300,25500,7100,4100,5700,7400,5900,5200,0,81200,60800,5.65,0
2023-02,2023,2,Feb,COHORT_040,Tier 3,142000,25500,25500,7100,3200,5700,7700,7600,3800,0,86100,55900,5.68,0
2023-03,2023,3,Mar,COHORT_040,Tier 3,142000,25000,25500,7100,3600,5700,11500,8200,4300,18243,109143,32857,5.16,1
2023-04,2023,4,Apr,COHORT_040,Tier 3,142000,20200,25500,7100,5500,5700,9800,5200,3100,0,82100,59900,5.46,0
2023-05,2023,5,May,COHORT_040,Tier 3,142000,24700,25500,9900,3100,5700,8400,5800,4800,0,87900,54100,5.04,0
2023-06,2023,6,Jun,COHORT_040,Tier 3,142000,23700,25500,9900,4900,14200,7300,7700,3600,0,96800,45200,5.17,0
2023-07,2023,7,Jul,COHORT_040,Tier 3,142000,21200,25500,9900,4300,14200,5900,6400,4600,0,92000,50000,5.39,0
2023-08,2023,8,Aug,COHORT_040,Tier 3,142000,20900,25500,7100,5500,5700,7900,7100,4600,0,84300,57700,5.6,0
2023-09,2023,9,Sep,COHORT_040,Tier 3,142000,23700,25500,7100,3900,5700,9600,6300,5200,0,87000,55000,5.62,0
2023-10,2023,10,Oct,COHORT_040,Tier 3,142000,23600,25500,7100,5300,5700,9300,11900,4800,28362,121562,20438,5.56,1
2023-11,2023,11,Nov,COHORT_040,Tier 3,142000,22800,25500,7100,3100,5700,13600,10600,5100,33911,127411,14589,5.18,1
2023-12,2023,12,Dec,COHORT_040,Tier 3,142000,25100,25500,7100,3600,5700,8500,5800,5400,0,86700,55300,5.79,0
2024-01,2024,1,Jan,COHORT_040,Tier 3,152000,23100,27500,7600,5700,6100,8500,6200,3200,0,87900,64100,4.99,0
2024-02,2024,2,Feb,COHORT_040,Tier 3,152000,23900,27500,7600,3600,6100,10500,8900,5000,0,93100,58900,4.88,0
2024-03,2024,3,Mar,COHORT_040,Tier 3,152000,23100,27500,7600,5300,6100,8600,7000,4300,24611,114111,37889,4.74,1
2024-04,2024,4,Apr,COHORT_040,Tier 3,152000,24600,27500,7600,6000,6100,8800,8300,3900,0,92800,59200,4.42,0
2024-05,2024,5,May,COHORT_040,Tier 3,152000,25100,27500,10600,4700,6100,8800,7900,4700,0,95400,56600,4.61,0
2024-06,2024,6,Jun,COHORT_040,Tier 3,152000,22500,27500,10600,6100,15200,6200,6900,3100,0,98100,53900,5.09,0
2024-07,2024,7,Jul,COHORT_040,Tier 3,152000,22400,27500,10600,3200,15200,9800,5800,3400,0,97900,54100,4.52,0
2024-08,2024,8,Aug,COHORT_040,Tier 3,152000,23600,27500,7600,3200,6100,9200,8100,4600,0,89900,62100,5.14,0
2024-09,2024,9,Sep,COHORT_040,Tier 3,152000,25700,27500,7600,4500,6100,8100,6500,5600,0,91600,60400,4.92,0
2024-10,2024,10,Oct,COHORT_040,Tier 3,152000,24300,27500,7600,5400,6100,11500,10200,3900,21577,118077,33923,4.68,1
2024-11,2024,11,Nov,COHORT_040,Tier 3,152000,25200,27500,7600,4700,6100,15200,13400,3200,31162,134062,17938,4.73,1
2024-12,2024,12,Dec,COHORT_040,Tier 3,152000,21300,27500,7600,4300,6100,6400,5100,4900,0,83200,68800,4.41,0
2025-01,2025,1,Jan,COHORT_040,Tier 3,162000,25200,29000,8100,5000,6500,8800,4900,5600,0,93100,68900,4.13,0
2025-02,2025,2,Feb,COHORT_040,Tier 3,162000,23000,29000,8100,4200,6500,7700,9500,5600,0,93600,68400,4.78,0
2025-03,2025,3,Mar,COHORT_040,Tier 3,162000,24100,29000,8100,4100,6500,10100,7800,5300,25025,120025,41975,4.13,1
2025-04,2025,4,Apr,COHORT_040,Tier 3,162000,25800,29000,8100,5400,6500,10400,8000,6000,0,99200,62800,4.21,0
2025-05,2025,5,May,COHORT_040,Tier 3,162000,22800,29000,11300,3400,6500,7600,8000,4300,0,92900,69100,4.2,0
2025-06,2025,6,Jun,COHORT_040,Tier 3,162000,25700,29000,11300,4600,16200,7800,8200,4000,0,106800,55200,4.55,0
2025-07,2025,7,Jul,COHORT_040,Tier 3,162000,23700,29000,11300,4600,16200,7100,8000,5800,0,105700,56300,4.75,0
2025-08,2025,8,Aug,COHORT_040,Tier 3,162000,27100,29000,8100,4800,6500,7100,6500,6000,0,95100,66900,4.48,0
2025-09,2025,9,Sep,COHORT_040,Tier 3,162000,24700,29000,8100,5300,6500,10900,6900,3600,0,95000,67000,4.66,0
2025-10,2025,10,Oct,COHORT_040,Tier 3,162000,27400,29000,8100,4900,6500,14700,11100,5500,39947,147147,14853,4.32,1
2025-11,2025,11,Nov,COHORT_040,Tier 3,162000,26900,29000,8100,4600,6500,15200,11500,4000,39733,145533,16467,4.18,1
2025-12,2025,12,Dec,COHORT_040,Tier 3,162000,27100,29000,8100,4500,6500,11300,8100,5300,0,99900,62100,4.53,0
2021-01,2021,1,Jan,COHORT_041,Tier 1,175000,26300,49000,8800,3900,7000,8900,8700,6700,0,119300,55700,5.21,0
2021-02,2021,2,Feb,COHORT_041,Tier 1,175000,26800,49000,8800,5100,7000,7100,8800,6500,0,119100,55900,5.09,0
2021-03,2021,3,Mar,COHORT_041,Tier 1,175000,25800,49000,8800,4300,7000,10500,12300,3900,24876,146476,28524,5.2,1
2021-04,2021,4,Apr,COHORT_041,Tier 1,175000,29400,49000,8800,4300,7000,11000,8000,4200,0,121700,53300,4.97,0
2021-05,2021,5,May,COHORT_041,Tier 1,175000,27600,49000,12300,3800,7000,7200,7500,5800,0,120200,54800,5.2,0
2021-06,2021,6,Jun,COHORT_041,Tier 1,175000,29500,49000,12300,4800,17500,10000,10200,4700,0,138000,37000,4.9,0
2021-07,2021,7,Jul,COHORT_041,Tier 1,175000,29800,49000,12300,6600,17500,8200,5300,4600,0,133300,41700,4.72,0
2021-08,2021,8,Aug,COHORT_041,Tier 1,175000,29500,49000,8800,4800,7000,11300,8300,4600,0,123300,51700,5.23,0
2021-09,2021,9,Sep,COHORT_041,Tier 1,175000,31200,49000,8800,3500,7000,12200,9100,5500,0,126300,48700,5.15,0
2021-10,2021,10,Oct,COHORT_041,Tier 1,175000,25600,49000,8800,5800,7000,11600,8800,4700,27975,149275,25725,5.35,1
2021-11,2021,11,Nov,COHORT_041,Tier 1,175000,29900,49000,8800,5800,7000,16200,9400,3500,26353,155953,19047,5.26,1
2021-12,2021,12,Dec,COHORT_041,Tier 1,175000,27900,49000,8800,5200,7000,10400,7000,7000,0,122300,52700,5.43,0
2022-01,2022,1,Jan,COHORT_041,Tier 1,189000,28200,53000,9400,5900,7600,11100,7600,4900,0,127700,61300,6.77,0
2022-02,2022,2,Feb,COHORT_041,Tier 1,189000,27100,53000,9400,3900,7600,12100,6900,5800,0,125800,63200,6.63,0
2022-03,2022,3,Mar,COHORT_041,Tier 1,189000,30900,53000,9400,5200,7600,10800,11000,5600,33674,167174,21826,6.99,1
2022-04,2022,4,Apr,COHORT_041,Tier 1,189000,28700,53000,9400,4500,7600,10700,6600,4700,0,125200,63800,6.88,0
2022-05,2022,5,May,COHORT_041,Tier 1,189000,26700,53000,13200,4200,7600,7700,8500,6400,0,127300,61700,6.56,0
2022-06,2022,6,Jun,COHORT_041,Tier 1,189000,33400,53000,13200,7500,18900,9300,6900,5800,0,148000,41000,6.64,0
2022-07,2022,7,Jul,COHORT_041,Tier 1,189000,30500,53000,13200,5900,18900,10100,9000,5700,0,146300,42700,6.66,0
2022-08,2022,8,Aug,COHORT_041,Tier 1,189000,30400,53000,9400,3900,7600,10800,10000,4000,0,129100,59900,6.58,0
2022-09,2022,9,Sep,COHORT_041,Tier 1,189000,31700,53000,9400,4200,7600,10000,10300,6000,0,132200,56800,6.8,0
2022-10,2022,10,Oct,COHORT_041,Tier 1,189000,28000,53000,9400,6100,7600,14500,14200,4800,35071,172671,16329,6.44,1
2022-11,2022,11,Nov,COHORT_041,Tier 1,189000,29400,53000,9400,4700,7600,14500,13000,6600,35029,173229,15771,7.02,1
2022-12,2022,12,Dec,COHORT_041,Tier 1,189000,32500,53000,9400,5800,7600,8200,9300,7000,0,132800,56200,6.69,0
2023-01,2023,1,Jan,COHORT_041,Tier 1,203000,32700,57000,10200,5900,8100,13600,11500,7900,0,146900,56100,5.42,0
2023-02,2023,2,Feb,COHORT_041,Tier 1,203000,31400,57000,10200,6900,8100,10000,6700,5400,0,135700,67300,5.23,0
2023-03,2023,3,Mar,COHORT_041,Tier 1,203000,35000,57000,10200,8000,8100,15200,12800,7300,24850,178450,24550,5.03,1
2023-04,2023,4,Apr,COHORT_041,Tier 1,203000,34600,57000,10200,4100,8100,8400,8200,4600,0,135200,67800,5.53,0
2023-05,2023,5,May,COHORT_041,Tier 1,203000,31100,57000,14200,4500,8100,12000,9300,5000,0,141200,61800,5.22,0
2023-06,2023,6,Jun,COHORT_041,Tier 1,203000,30900,57000,14200,7500,20300,11100,10800,6100,0,157900,45100,5.78,0
2023-07,2023,7,Jul,COHORT_041,Tier 1,203000,30400,57000,14200,7800,20300,14100,10500,4200,0,158500,44500,5.12,0
2023-08,2023,8,Aug,COHORT_041,Tier 1,203000,32500,57000,10200,7000,8100,12400,10000,7000,0,144200,58800,5.15,0
2023-09,2023,9,Sep,COHORT_041,Tier 1,203000,32500,57000,10200,5300,8100,10600,6700,7600,0,138000,65000,5.59,0
2023-10,2023,10,Oct,COHORT_041,Tier 1,203000,35200,57000,10200,6000,8100,12900,14300,4900,39076,187676,15324,5.62,1
2023-11,2023,11,Nov,COHORT_041,Tier 1,203000,29400,57000,10200,6000,8100,13400,14100,5700,35804,179704,23296,5.3,1
2023-12,2023,12,Dec,COHORT_041,Tier 1,203000,35300,57000,10200,8100,8100,12700,7800,5100,0,144300,58700,5.39,0
2024-01,2024,1,Jan,COHORT_041,Tier 1,217000,32900,61000,10800,5400,8700,11600,7800,4900,0,143100,73900,4.42,0
2024-02,2024,2,Feb,COHORT_041,Tier 1,217000,37800,61000,10800,5500,8700,13300,6700,8600,0,152400,64600,5.1,0
2024-03,2024,3,Mar,COHORT_041,Tier 1,217000,32800,61000,10800,5800,8700,14400,10700,6800,50197,201197,15803,5.02,1
2024-04,2024,4,Apr,COHORT_041,Tier 1,217000,34700,61000,10800,6500,8700,14700,8200,7400,0,152000,65000,5.11,0
2024-05,2024,5,May,COHORT_041,Tier 1,217000,37000,61000,15200,4900,8700,15200,12800,5800,0,160600,56400,4.53,0
2024-06,2024,6,Jun,COHORT_041,Tier 1,217000,30900,61000,15200,6900,21700,8700,6800,7100,0,158300,58700,4.97,0
2024-07,2024,7,Jul,COHORT_041,Tier 1,217000,38600,61000,15200,5600,21700,9100,12100,6300,0,169600,47400,4.59,0
2024-08,2024,8,Aug,COHORT_041,Tier 1,217000,30500,61000,10800,5100,8700,14400,9000,7700,0,147200,69800,4.54,0
2024-09,2024,9,Sep,COHORT_041,Tier 1,217000,36400,61000,10800,7300,8700,14200,7600,4600,0,150600,66400,4.7,0
2024-10,2024,10,Oct,COHORT_041,Tier 1,217000,33600,61000,10800,5400,8700,18100,15100,4900,46095,203695,13305,5.15,1
2024-11,2024,11,Nov,COHORT_041,Tier 1,217000,34800,61000,10800,4500,8700,14400,18200,6200,44411,203011,13989,4.57,1
2024-12,2024,12,Dec,COHORT_041,Tier 1,217000,35400,61000,10800,7700,8700,10000,12600,6900,0,153100,63900,4.8,0
2025-01,2025,1,Jan,COHORT_041,Tier 1,231000,36400,64500,11600,7900,9200,16000,11600,6000,0,163200,67800,4.18,0
2025-02,2025,2,Feb,COHORT_041,Tier 1,231000,40300,64500,11600,5400,9200,12500,11400,7700,0,162600,68400,4.87,0
2025-03,2025,3,Mar,COHORT_041,Tier 1,231000,40100,64500,11600,8400,9200,14600,8400,6700,48685,212185,18815,4.33,1
2025-04,2025,4,Apr,COHORT_041,Tier 1,231000,38300,64500,11600,5200,9200,9300,10100,6900,0,155100,75900,4.18,0
2025-05,2025,5,May,COHORT_041,Tier 1,231000,41000,64500,16200,6300,9200,13200,8000,5700,0,164100,66900,4.3,0
2025-06,2025,6,Jun,COHORT_041,Tier 1,231000,34000,64500,16200,7500,23100,12700,7700,7000,0,172700,58300,4.44,0
2025-07,2025,7,Jul,COHORT_041,Tier 1,231000,38600,64500,16200,8700,23100,11600,7800,9200,0,179700,51300,4.8,0
2025-08,2025,8,Aug,COHORT_041,Tier 1,231000,38400,64500,11600,6400,9200,10200,12300,5900,0,158500,72500,4.51,0
2025-09,2025,9,Sep,COHORT_041,Tier 1,231000,37800,64500,11600,8800,9200,12000,11800,6000,0,161700,69300,4.67,0
2025-10,2025,10,Oct,COHORT_041,Tier 1,231000,35500,64500,11600,6300,9200,17100,11000,5900,35363,196463,34537,4.37,1
2025-11,2025,11,Nov,COHORT_041,Tier 1,231000,37000,64500,11600,7500,9200,20800,20200,6300,50268,227368,3632,4.15,1
2025-12,2025,12,Dec,COHORT_041,Tier 1,231000,35700,64500,11600,8300,9200,15600,10100,8500,0,163500,67500,4.4,0
2021-01,2021,1,Jan,COHORT_042,Tier 3,37000,6200,6500,1800,1100,1500,2500,1500,900,0,22000,15000,4.84,0
2021-02,2021,2,Feb,COHORT_042,Tier 3,37000,5600,6500,1800,900,1500,1600,1700,800,0,20400,16600,4.88,0
2021-03,2021,3,Mar,COHORT_042,Tier 3,37000,5400,6500,1800,700,1500,2500,2200,1300,9041,30941,6059,4.93,1
2021-04,2021,4,Apr,COHORT_042,Tier 3,37000,6000,6500,1800,1300,1500,2000,1600,1300,0,22000,15000,5.21,0
2021-05,2021,5,May,COHORT_042,Tier 3,37000,5800,6500,2600,1300,1500,2500,2000,900,0,23100,13900,4.78,0
2021-06,2021,6,Jun,COHORT_042,Tier 3,37000,6000,6500,2600,1100,3700,2400,1200,1200,0,24700,12300,5.18,0
2021-07,2021,7,Jul,COHORT_042,Tier 3,37000,6400,6500,2600,1500,3700,2600,1300,1100,0,25700,11300,5.46,0
2021-08,2021,8,Aug,COHORT_042,Tier 3,37000,5800,6500,1800,1500,1500,2400,2100,1200,0,22800,14200,4.89,0
2021-09,2021,9,Sep,COHORT_042,Tier 3,37000,6600,6500,1800,1200,1500,1600,2000,1200,0,22400,14600,5.14,0
2021-10,2021,10,Oct,COHORT_042,Tier 3,37000,6400,6500,1800,1400,1500,3300,1800,1100,4827,28627,8373,5.12,1
2021-11,2021,11,Nov,COHORT_042,Tier 3,37000,6000,6500,1800,900,1500,2600,2800,1000,5021,28121,8879,4.98,1
2021-12,2021,12,Dec,COHORT_042,Tier 3,37000,5200,6500,1800,1200,1500,2100,2100,1000,0,21400,15600,5.05,0
2022-01,2022,1,Jan,COHORT_042,Tier 3,40000,5700,7000,2000,1500,1600,2700,1500,1300,0,23300,16700,6.72,0
2022-02,2022,2,Feb,COHORT_042,Tier 3,40000,5900,7000,2000,1200,1600,2800,2200,1400,0,24100,15900,6.64,0
2022-03,2022,3,Mar,COHORT_042,Tier 3,40000,5700,7000,2000,1400,1600,2000,2100,1500,6960,30260,9740,7.05,1
2022-04,2022,4,Apr,COHORT_042,Tier 3,40000,5800,7000,2000,1400,1600,1700,2100,1500,0,23100,16900,6.51,0
2022-05,2022,5,May,COHORT_042,Tier 3,40000,6200,7000,2800,1200,1600,2300,2300,1500,0,24900,15100,6.85,0
2022-06,2022,6,Jun,COHORT_042,Tier 3,40000,7000,7000,2800,1000,4000,2600,1300,900,0,26600,13400,6.32,0
2022-07,2022,7,Jul,COHORT_042,Tier 3,40000,6900,7000,2800,1200,4000,2100,2400,1000,0,27400,12600,6.51,0
2022-08,2022,8,Aug,COHORT_042,Tier 3,40000,5700,7000,2000,1100,1600,1700,1300,1100,0,21500,18500,7.04,0
2022-09,2022,9,Sep,COHORT_042,Tier 3,40000,7100,7000,2000,1300,1600,1700,2000,1400,0,24100,15900,6.52,0
2022-10,2022,10,Oct,COHORT_042,Tier 3,40000,6700,7000,2000,900,1600,3800,1900,1200,7115,32215,7785,6.56,1
2022-11,2022,11,Nov,COHORT_042,Tier 3,40000,7100,7000,2000,1000,1600,3500,3100,1400,9457,36157,3843,7.09,1
2022-12,2022,12,Dec,COHORT_042,Tier 3,40000,6000,7000,2000,1400,1600,2400,1900,1200,0,23500,16500,7.0,0
2023-01,2023,1,Jan,COHORT_042,Tier 3,43000,6800,7500,2200,1000,1700,1900,1800,1100,0,24000,19000,5.71,0
2023-02,2023,2,Feb,COHORT_042,Tier 3,43000,6200,7500,2200,1200,1700,1900,2000,1000,0,23700,19300,5.2,0
2023-03,2023,3,Mar,COHORT_042,Tier 3,43000,6500,7500,2200,1400,1700,2800,2400,1500,5333,31333,11667,5.67,1
2023-04,2023,4,Apr,COHORT_042,Tier 3,43000,7300,7500,2200,1000,1700,1900,2000,1700,0,25300,17700,5.34,0
2023-05,2023,5,May,COHORT_042,Tier 3,43000,6700,7500,3000,1300,1700,2900,2000,1600,0,26700,16300,5.54,0
2023-06,2023,6,Jun,COHORT_042,Tier 3,43000,6000,7500,3000,1100,4300,2900,2300,900,0,28000,15000,5.79,0
2023-07,2023,7,Jul,COHORT_042,Tier 3,43000,6900,7500,3000,1500,4300,2000,2400,1500,0,29100,13900,5.28,0
2023-08,2023,8,Aug,COHORT_042,Tier 3,43000,7200,7500,2200,1200,1700,2700,2300,1200,0,26000,17000,5.11,0
2023-09,2023,9,Sep,COHORT_042,Tier 3,43000,6900,7500,2200,1000,1700,2900,2300,1100,0,25600,17400,5.16,0
2023-10,2023,10,Oct,COHORT_042,Tier 3,43000,6600,7500,2200,1300,1700,3700,3300,1000,6122,33422,9578,5.65,1
2023-11,2023,11,Nov,COHORT_042,Tier 3,43000,6000,7500,2200,1100,1700,3300,3300,1000,8034,34134,8866,5.42,1
2023-12,2023,12,Dec,COHORT_042,Tier 3,43000,7000,7500,2200,1500,1700,2700,1900,1000,0,25500,17500,5.75,0
2024-01,2024,1,Jan,COHORT_042,Tier 3,46000,7700,8500,2300,1700,1800,3200,2200,1000,0,28400,17600,4.64,0
2024-02,2024,2,Feb,COHORT_042,Tier 3,46000,7100,8500,2300,1700,1800,2200,2400,1000,0,27000,19000,4.61,0
2024-03,2024,3,Mar,COHORT_042,Tier 3,46000,7400,8500,2300,1500,1800,3400,3300,1600,10442,40242,5758,4.79,1
2024-04,2024,4,Apr,COHORT_042,Tier 3,46000,6700,8500,2300,1500,1800,2500,1500,1600,0,26400,19600,4.7,0
2024-05,2024,5,May,COHORT_042,Tier 3,46000,7000,8500,3200,1700,1800,2600,2500,1800,0,29100,16900,4.77,0
2024-06,2024,6,Jun,COHORT_042,Tier 3,46000,6800,8500,3200,1200,4600,2400,2500,1100,0,30300,15700,4.96,0
2024-07,2024,7,Jul,COHORT_042,Tier 3,46000,6700,8500,3200,1000,4600,3000,2700,1200,0,30900,15100,4.87,0
2024-08,2024,8,Aug,COHORT_042,Tier 3,46000,6500,8500,2300,1300,1800,2400,1400,1400,0,25600,20400,4.8,0
2024-09,2024,9,Sep,COHORT_042,Tier 3,46000,7200,8500,2300,1000,1800,1900,2800,1400,0,26900,19100,5.16,0
2024-10,2024,10,Oct,COHORT_042,Tier 3,46000,6800,8500,2300,1800,1800,2800,3300,1400,6903,35603,10397,4.66,1
2024-11,2024,11,Nov,COHORT_042,Tier 3,46000,7500,8500,2300,1500,1800,3100,2700,900,6371,34671,11329,5.16,1
2024-12,2024,12,Dec,COHORT_042,Tier 3,46000,7700,8500,2300,1100,1800,2600,1900,1800,0,27700,18300,4.46,0
2025-01,2025,1,Jan,COHORT_042,Tier 3,49000,7600,9000,2400,1500,2000,3000,2900,1300,0,29700,19300,4.73,0
2025-02,2025,2,Feb,COHORT_042,Tier 3,49000,7300,9000,2400,1400,2000,3100,2400,1000,0,28600,20400,4.41,0
2025-03,2025,3,Mar,COHORT_042,Tier 3,49000,8500,9000,2400,1500,2000,2800,2800,1400,6936,37336,11664,4.74,1
2025-04,2025,4,Apr,COHORT_042,Tier 3,49000,7900,9000,2400,1200,2000,2300,2300,1600,0,28700,20300,4.45,0
2025-05,2025,5,May,COHORT_042,Tier 3,49000,7800,9000,3400,1900,2000,2300,1500,1200,0,29100,19900,4.6,0
2025-06,2025,6,Jun,COHORT_042,Tier 3,49000,7600,9000,3400,1200,4900,2400,2300,1500,0,32300,16700,4.85,0
2025-07,2025,7,Jul,COHORT_042,Tier 3,49000,7800,9000,3400,1300,4900,2200,2700,1400,0,32700,16300,4.82,0
2025-08,2025,8,Aug,COHORT_042,Tier 3,49000,7900,9000,2400,1200,2000,3000,1800,1700,0,29000,20000,4.9,0
2025-09,2025,9,Sep,COHORT_042,Tier 3,49000,8600,9000,2400,1600,2000,2900,1500,1700,0,29700,19300,4.83,0
2025-10,2025,10,Oct,COHORT_042,Tier 3,49000,7000,9000,2400,1700,2000,3500,3600,1100,12249,42549,6451,4.53,1
2025-11,2025,11,Nov,COHORT_042,Tier 3,49000,7300,9000,2400,1400,2000,3200,3800,1700,6785,37585,11415,4.48,1
2025-12,2025,12,Dec,COHORT_042,Tier 3,49000,7400,9000,2400,1200,2000,2100,1600,1000,0,26700,22300,4.5,0
2021-01,2021,1,Jan,COHORT_043,Tier 1,63000,11000,17500,3200,1900,2500,2700,2100,1500,0,42400,20600,5.04,0
2021-02,2021,2,Feb,COHORT_043,Tier 1,63000,9300,17500,3200,2000,2500,4100,3500,1900,0,44000,19000,5.21,0
2021-03,2021,3,Mar,COHORT_043,Tier 1,63000,9100,17500,3200,1900,2500,5000,4500,1800,8445,53945,9055,5.03,1
2021-04,2021,4,Apr,COHORT_043,Tier 1,63000,9200,17500,3200,1800,2500,3000,3200,1500,0,41900,21100,5.37,0
2021-05,2021,5,May,COHORT_043,Tier 1,63000,11100,17500,4400,1800,2500,3500,3400,1400,0,45600,17400,5.24,0
2021-06,2021,6,Jun,COHORT_043,Tier 1,63000,10600,17500,4400,2400,6300,3600,3300,2000,0,50100,12900,5.03,0
2021-07,2021,7,Jul,COHORT_043,Tier 1,63000,9800,17500,4400,2000,6300,3600,2300,2400,0,48300,14700,4.75,0
2021-08,2021,8,Aug,COHORT_043,Tier 1,63000,9200,17500,3200,2300,2500,3900,3600,1400,0,43600,19400,5.05,0
2021-09,2021,9,Sep,COHORT_043,Tier 1,63000,10500,17500,3200,1700,2500,2900,3700,1300,0,43300,19700,5.13,0
2021-10,2021,10,Oct,COHORT_043,Tier 1,63000,9100,17500,3200,2400,2500,6200,3600,2100,13193,59793,3207,4.88,1
2021-11,2021,11,Nov,COHORT_043,Tier 1,63000,9100,17500,3200,1400,2500,5400,2900,1800,15428,59228,3772,5.48,1
2021-12,2021,12,Dec,COHORT_043,Tier 1,63000,9300,17500,3200,1400,2500,3600,2300,2300,0,42100,20900,4.98,0
2022-01,2022,1,Jan,COHORT_043,Tier 1,68000,10800,19000,3400,1400,2700,4100,3400,2500,0,47300,20700,6.77,0
2022-02,2022,2,Feb,COHORT_043,Tier 1,68000,9800,19000,3400,2300,2700,3200,2600,2600,0,45600,22400,6.67,0
2022-03,2022,3,Mar,COHORT_043,Tier 1,68000,12100,19000,3400,1600,2700,4500,4400,2100,8251,58051,9949,6.32,1
2022-04,2022,4,Apr,COHORT_043,Tier 1,68000,9800,19000,3400,2400,2700,2900,3800,2300,0,46300,21700,7.07,0
2022-05,2022,5,May,COHORT_043,Tier 1,68000,11100,19000,4800,1900,2700,3000,4100,2100,0,48700,19300,6.64,0
2022-06,2022,6,Jun,COHORT_043,Tier 1,68000,10200,19000,4800,2700,6800,3200,3100,1700,0,51500,16500,6.92,0
2022-07,2022,7,Jul,COHORT_043,Tier 1,68000,10000,19000,4800,1800,6800,3800,4000,2700,0,52900,15100,7.08,0
2022-08,2022,8,Aug,COHORT_043,Tier 1,68000,9700,19000,3400,1500,2700,4500,3300,1500,0,45600,22400,6.62,0
2022-09,2022,9,Sep,COHORT_043,Tier 1,68000,11600,19000,3400,1900,2700,2900,2200,1700,0,45400,22600,6.65,0
2022-10,2022,10,Oct,COHORT_043,Tier 1,68000,12200,19000,3400,2400,2700,4800,3900,2700,11965,63065,4935,6.8,1
2022-11,2022,11,Nov,COHORT_043,Tier 1,68000,10300,19000,3400,2200,2700,6100,5100,2200,16195,67195,805,6.94,1
2022-12,2022,12,Dec,COHORT_043,Tier 1,68000,9500,19000,3400,1700,2700,2800,2800,2400,0,44300,23700,6.34,0
2023-01,2023,1,Jan,COHORT_043,Tier 1,73000,13100,20500,3600,1600,2900,4400,3200,2900,0,52200,20800,5.28,0
2023-02,2023,2,Feb,COHORT_043,Tier 1,73000,12000,20500,3600,2000,2900,3500,3200,2700,0,50400,22600,5.7,0
2023-03,2023,3,Mar,COHORT_043,Tier 1,73000,11700,20500,3600,2100,2900,5300,5200,2700,15887,69887,3113,5.5,1
2023-04,2023,4,Apr,COHORT_043,Tier 1,73000,11400,20500,3600,1800,2900,5100,4000,1700,0,51000,22000,5.5,0
2023-05,2023,5,May,COHORT_043,Tier 1,73000,10600,20500,5100,1800,2900,4500,2900,2200,0,50500,22500,5.3,0
2023-06,2023,6,Jun,COHORT_043,Tier 1,73000,12100,20500,5100,1800,7300,4800,3500,2600,0,57700,15300,5.06,0
2023-07,2023,7,Jul,COHORT_043,Tier 1,73000,10900,20500,5100,1800,7300,3000,2400,1800,0,52800,20200,5.65,0
2023-08,2023,8,Aug,COHORT_043,Tier 1,73000,12300,20500,3600,2400,2900,3900,4400,2000,0,52000,21000,5.49,0
2023-09,2023,9,Sep,COHORT_043,Tier 1,73000,12700,20500,3600,2700,2900,4500,4200,2400,0,53500,19500,5.44,0
2023-10,2023,10,Oct,COHORT_043,Tier 1,73000,12600,20500,3600,1600,2900,7300,5400,2900,17893,74693,0,5.21,1
2023-11,2023,11,Nov,COHORT_043,Tier 1,73000,10500,20500,3600,1900,2900,7400,4500,2600,10322,64222,8778,5.1,1
2023-12,2023,12,Dec,COHORT_043,Tier 1,73000,11500,20500,3600,1900,2900,3000,3600,2100,0,49100,23900,5.65,0
2024-01,2024,1,Jan,COHORT_043,Tier 1,78000,13300,22000,3900,3000,3100,3500,3400,2700,0,54900,23100,5.15,0
2024-02,2024,2,Feb,COHORT_043,Tier 1,78000,11100,22000,3900,2200,3100,3900,4700,2800,0,53700,24300,4.85,0
2024-03,2024,3,Mar,COHORT_043,Tier 1,78000,12200,22000,3900,2200,3100,5900,3500,1900,12163,66863,11137,4.83,1
2024-04,2024,4,Apr,COHORT_043,Tier 1,78000,13700,22000,3900,2900,3100,3300,3400,3000,0,55300,22700,4.88,0
2024-05,2024,5,May,COHORT_043,Tier 1,78000,11000,22000,5500,2300,3100,4600,3500,3100,0,55100,22900,4.41,0
2024-06,2024,6,Jun,COHORT_043,Tier 1,78000,13600,22000,5500,2100,7800,5300,3600,1800,0,61700,16300,4.49,0
2024-07,2024,7,Jul,COHORT_043,Tier 1,78000,13700,22000,5500,1600,7800,4900,4500,1900,0,61900,16100,4.63,0
2024-08,2024,8,Aug,COHORT_043,Tier 1,78000,13600,22000,3900,3100,3100,3400,2300,1800,0,53200,24800,4.46,0
2024-09,2024,9,Sep,COHORT_043,Tier 1,78000,12700,22000,3900,1700,3100,3200,4400,3000,0,54000,24000,4.52,0
2024-10,2024,10,Oct,COHORT_043,Tier 1,78000,12600,22000,3900,3000,3100,8000,5100,2700,15413,75813,2187,4.9,1
2024-11,2024,11,Nov,COHORT_043,Tier 1,78000,12400,22000,3900,1800,3100,6100,4400,2400,18635,74735,3265,4.58,1
2024-12,2024,12,Dec,COHORT_043,Tier 1,78000,13700,22000,3900,3000,3100,3100,4200,1800,0,54800,23200,4.96,0
2025-01,2025,1,Jan,COHORT_043,Tier 1,83000,12200,23000,4200,1900,3300,3300,3500,1900,0,53300,29700,4.32,0
2025-02,2025,2,Feb,COHORT_043,Tier 1,83000,13200,23000,4200,2200,3300,4600,2600,2300,0,55400,27600,4.74,0
2025-03,2025,3,Mar,COHORT_043,Tier 1,83000,13600,23000,4200,2500,3300,6200,3700,2800,16533,75833,7167,4.61,1
2025-04,2025,4,Apr,COHORT_043,Tier 1,83000,14800,23000,4200,2600,3300,5500,2900,2300,0,58600,24400,4.67,0
2025-05,2025,5,May,COHORT_043,Tier 1,83000,13600,23000,5800,3000,3300,5400,4700,1700,0,60500,22500,4.88,0
2025-06,2025,6,Jun,COHORT_043,Tier 1,83000,12200,23000,5800,3000,8300,5600,4400,2900,0,65200,17800,4.68,0
2025-07,2025,7,Jul,COHORT_043,Tier 1,83000,14900,23000,5800,1900,8300,4700,4500,2700,0,65800,17200,4.23,0
2025-08,2025,8,Aug,COHORT_043,Tier 1,83000,14100,23000,4200,2200,3300,4800,3000,3200,0,57800,25200,4.33,0
2025-09,2025,9,Sep,COHORT_043,Tier 1,83000,12400,23000,4200,2100,3300,3500,3000,2600,0,54100,28900,4.7,0
2025-10,2025,10,Oct,COHORT_043,Tier 1,83000,11700,23000,4200,3200,3300,8400,5000,2100,11499,72399,10601,4.11,1
2025-11,2025,11,Nov,COHORT_043,Tier 1,83000,14200,23000,4200,2200,3300,7300,7300,1900,20620,84020,0,4.51,1
2025-12,2025,12,Dec,COHORT_043,Tier 1,83000,14100,23000,4200,2500,3300,5700,4900,2700,0,60400,22600,4.41,0
2021-01,2021,1,Jan,COHORT_044,Tier 2,146000,25400,26500,7300,3800,5800,7800,5500,4600,0,86700,59300,4.96,0
2021-02,2021,2,Feb,COHORT_044,Tier 2,146000,21100,26500,7300,5400,5800,6400,6300,5700,0,84500,61500,4.76,0
2021-03,2021,3,Mar,COHORT_044,Tier 2,146000,21500,26500,7300,4000,5800,8200,10200,5200,30299,118999,27001,4.75,1
2021-04,2021,4,Apr,COHORT_044,Tier 2,146000,24300,26500,7300,3600,5800,9100,8600,4800,0,90000,56000,5.19,0
2021-05,2021,5,May,COHORT_044,Tier 2,146000,22400,26500,10200,5200,5800,6900,7800,3700,0,88500,57500,5.22,0
2021-06,2021,6,Jun,COHORT_044,Tier 2,146000,20800,26500,10200,3400,14600,8800,5300,4800,0,94400,51600,5.11,0
2021-07,2021,7,Jul,COHORT_044,Tier 2,146000,26000,26500,10200,4800,14600,9200,7600,3600,0,102500,43500,5.21,0
2021-08,2021,8,Aug,COHORT_044,Tier 2,146000,23600,26500,7300,4300,5800,7500,7300,4900,0,87200,58800,5.19,0
2021-09,2021,9,Sep,COHORT_044,Tier 2,146000,22100,26500,7300,3000,5800,9400,8300,5300,0,87700,58300,4.71,0
2021-10,2021,10,Oct,COHORT_044,Tier 2,146000,21400,26500,7300,5000,5800,11600,9600,5800,32613,125613,20387,5.17,1
2021-11,2021,11,Nov,COHORT_044,Tier 2,146000,21000,26500,7300,4300,5800,15000,6600,3800,18065,108365,37635,4.83,1
2021-12,2021,12,Dec,COHORT_044,Tier 2,146000,21600,26500,7300,3000,5800,8800,5400,5400,0,83800,62200,5.49,0
2022-01,2022,1,Jan,COHORT_044,Tier 2,158000,22500,28500,7900,3200,6300,6500,7500,5800,0,88200,69800,6.39,0
2022-02,2022,2,Feb,COHORT_044,Tier 2,158000,25700,28500,7900,3300,6300,10800,8600,6000,0,97100,60900,6.39,0
2022-03,2022,3,Mar,COHORT_044,Tier 2,158000,28200,28500,7900,3200,6300,12400,8800,6100,28841,130241,27759,6.38,1
2022-04,2022,4,Apr,COHORT_044,Tier 2,158000,22800,28500,7900,4100,6300,8500,7500,3700,0,89300,68700,6.59,0
2022-05,2022,5,May,COHORT_044,Tier 2,158000,28300,28500,11100,5700,6300,10500,9000,3700,0,103100,54900,6.53,0
2022-06,2022,6,Jun,COHORT_044,Tier 2,158000,23000,28500,11100,4300,15800,9500,6500,6100,0,104800,53200,6.71,0
2022-07,2022,7,Jul,COHORT_044,Tier 2,158000,22400,28500,11100,4700,15800,9100,6200,4100,0,101900,56100,7.08,0
2022-08,2022,8,Aug,COHORT_044,Tier 2,158000,23200,28500,7900,5400,6300,10400,6400,5300,0,93400,64600,7.06,0
2022-09,2022,9,Sep,COHORT_044,Tier 2,158000,26600,28500,7900,3900,6300,6600,6500,4800,0,91100,66900,6.69,0
2022-10,2022,10,Oct,COHORT_044,Tier 2,158000,24100,28500,7900,5700,6300,12400,8400,5800,39450,138550,19450,7.04,1
2022-11,2022,11,Nov,COHORT_044,Tier 2,158000,24600,28500,7900,3300,6300,12900,11400,4800,22119,121819,36181,7.02,1
2022-12,2022,12,Dec,COHORT_044,Tier 2,158000,27400,28500,7900,3200,6300,6800,6100,5600,0,91800,66200,6.38,0
2023-01,2023,1,Jan,COHORT_044,Tier 2,170000,24100,30500,8500,3600,6800,10100,8200,5900,0,97700,72300,5.59,0
2023-02,2023,2,Feb,COHORT_044,Tier 2,170000,26900,30500,8500,3600,6800,10500,5200,4300,0,96300,73700,5.76,0
2023-03,2023,3,Mar,COHORT_044,Tier 2,170000,30000,30500,8500,5500,6800,13800,6300,5800,20695,127895,42105,5.21,1
2023-04,2023,4,Apr,COHORT_044,Tier 2,170000,25000,30500,8500,4100,6800,8600,6500,4600,0,94600,75400,5.77,0
2023-05,2023,5,May,COHORT_044,Tier 2,170000,29000,30500,11900,6700,6800,7400,6300,6200,0,104800,65200,5.76,0
2023-06,2023,6,Jun,COHORT_044,Tier 2,170000,28500,30500,11900,5600,17000,7400,5500,4300,0,110700,59300,5.59,0
2023-07,2023,7,Jul,COHORT_044,Tier 2,170000,25400,30500,11900,5900,17000,9700,6800,5000,0,112200,57800,5.73,0
2023-08,2023,8,Aug,COHORT_044,Tier 2,170000,28700,30500,8500,5400,6800,7300,6900,6400,0,100500,69500,5.66,0
2023-09,2023,9,Sep,COHORT_044,Tier 2,170000,24800,30500,8500,5800,6800,8800,6600,6200,0,98000,72000,5.42,0
2023-10,2023,10,Oct,COHORT_044,Tier 2,170000,24500,30500,8500,3800,6800,14400,10600,6100,24793,129993,40007,5.32,1
2023-11,2023,11,Nov,COHORT_044,Tier 2,170000,25600,30500,8500,5600,6800,15300,12100,5000,41887,151287,18713,5.5,1
2023-12,2023,12,Dec,COHORT_044,Tier 2,170000,28600,30500,8500,5400,6800,9700,5900,4600,0,100000,70000,5.24,0
2024-01,2024,1,Jan,COHORT_044,Tier 2,181000,30600,32500,9000,6300,7200,9100,7200,6400,0,108300,72700,4.71,0
2024-02,2024,2,Feb,COHORT_044,Tier 2,181000,30300,32500,9000,3900,7200,8200,5500,6700,0,103300,77700,5.09,0
2024-03,2024,3,Mar,COHORT_044,Tier 2,181000,28200,32500,9000,6600,7200,14300,12200,4100,34748,148848,32152,4.74,1
2024-04,2024,4,Apr,COHORT_044,Tier 2,181000,31400,32500,9000,5600,7200,11500,7100,6800,0,111100,69900,4.74,0
2024-05,2024,5,May,COHORT_044,Tier 2,181000,25600,32500,12700,5400,7200,9900,8200,5700,0,107200,73800,4.82,0
2024-06,2024,6,Jun,COHORT_044,Tier 2,181000,28100,32500,12700,6700,18100,10100,8100,4700,0,121000,60000,4.59,0
2024-07,2024,7,Jul,COHORT_044,Tier 2,181000,31300,32500,12700,5900,18100,12300,9500,6900,0,129200,51800,4.82,0
2024-08,2024,8,Aug,COHORT_044,Tier 2,181000,27800,32500,9000,6500,7200,8100,9500,5600,0,106200,74800,4.45,0
2024-09,2024,9,Sep,COHORT_044,Tier 2,181000,29500,32500,9000,5100,7200,8100,6300,7200,0,104900,76100,4.66,0
2024-10,2024,10,Oct,COHORT_044,Tier 2,181000,29400,32500,9000,6800,7200,16600,14500,4400,39290,159690,21310,5.04,1
2024-11,2024,11,Nov,COHORT_044,Tier 2,181000,25800,32500,9000,6300,7200,11500,11000,4100,28842,136242,44758,4.81,1
2024-12,2024,12,Dec,COHORT_044,Tier 2,181000,30100,32500,9000,7200,7200,7700,6900,6400,0,107000,74000,5.16,0
2025-01,2025,1,Jan,COHORT_044,Tier 2,193000,31700,34500,9600,4600,7700,13100,8200,4200,0,113600,79400,4.57,0
2025-02,2025,2,Feb,COHORT_044,Tier 2,193000,30500,34500,9600,6500,7700,9100,7500,5600,0,111000,82000,4.44,0
2025-03,2025,3,Mar,COHORT_044,Tier 2,193000,29900,34500,9600,4600,7700,15700,11500,6700,23237,143437,49563,4.19,1
2025-04,2025,4,Apr,COHORT_044,Tier 2,193000,32300,34500,9600,7700,7700,11900,11400,7300,0,122400,70600,4.18,0
2025-05,2025,5,May,COHORT_044,Tier 2,193000,30300,34500,13500,5900,7700,12400,8600,6400,0,119300,73700,4.83,0
2025-06,2025,6,Jun,COHORT_044,Tier 2,193000,29800,34500,13500,6300,19300,10900,11200,4300,0,129800,63200,4.87,0
2025-07,2025,7,Jul,COHORT_044,Tier 2,193000,32900,34500,13500,7500,19300,13300,6000,5900,0,132900,60100,4.36,0
2025-08,2025,8,Aug,COHORT_044,Tier 2,193000,27700,34500,9600,7200,7700,12100,8900,3900,0,111600,81400,4.77,0
2025-09,2025,9,Sep,COHORT_044,Tier 2,193000,27100,34500,9600,6500,7700,9700,8600,4100,0,107800,85200,4.36,0
2025-10,2025,10,Oct,COHORT_044,Tier 2,193000,31200,34500,9600,7600,7700,12100,14100,4300,42053,163153,29847,4.17,1
2025-11,2025,11,Nov,COHORT_044,Tier 2,193000,32900,34500,9600,5100,7700,12700,17200,6500,25093,151293,41707,4.15,1
2025-12,2025,12,Dec,COHORT_044,Tier 2,193000,30300,34500,9600,5300,7700,10200,11300,5500,0,114400,78600,4.22,0
2021-01,2021,1,Jan,COHORT_045,Tier 3,114000,18100,20500,5700,3500,4600,4800,4600,2900,0,64700,49300,5.42,0
2021-02,2021,2,Feb,COHORT_045,Tier 3,114000,17500,20500,5700,4500,4600,7100,4800,3700,0,68400,45600,4.97,0
2021-03,2021,3,Mar,COHORT_045,Tier 3,114000,17400,20500,5700,4500,4600,7900,7400,3000,24840,95840,18160,4.91,1
2021-04,2021,4,Apr,COHORT_045,Tier 3,114000,18100,20500,5700,3000,4600,4800,3500,3100,0,63300,50700,5.21,0
2021-05,2021,5,May,COHORT_045,Tier 3,114000,17500,20500,8000,4300,4600,6900,6500,2900,0,71200,42800,5.32,0
2021-06,2021,6,Jun,COHORT_045,Tier 3,114000,19400,20500,8000,3100,11400,5300,6800,4200,0,78700,35300,4.71,0
2021-07,2021,7,Jul,COHORT_045,Tier 3,114000,17400,20500,8000,3100,11400,6800,6400,2400,0,76000,38000,5.3,0
2021-08,2021,8,Aug,COHORT_045,Tier 3,114000,16900,20500,5700,2300,4600,7400,4700,3500,0,65600,48400,5.3,0
2021-09,2021,9,Sep,COHORT_045,Tier 3,114000,19100,20500,5700,3500,4600,7200,4200,2500,0,67300,46700,5.17,0
2021-10,2021,10,Oct,COHORT_045,Tier 3,114000,16900,20500,5700,3400,4600,9400,7900,4400,17612,90412,23588,4.75,1
2021-11,2021,11,Nov,COHORT_045,Tier 3,114000,19500,20500,5700,2600,4600,11300,9200,3400,14439,91239,22761,4.82,1
2021-12,2021,12,Dec,COHORT_045,Tier 3,114000,16600,20500,5700,2500,4600,6400,5400,2600,0,64300,49700,5.31,0
2022-01,2022,1,Jan,COHORT_045,Tier 3,124000,21000,22500,6200,3000,5000,5000,6500,4700,0,73900,50100,6.83,0
2022-02,2022,2,Feb,COHORT_045,Tier 3,124000,17500,22500,6200,4000,5000,5400,4900,3400,0,68900,55100,6.55,0
2022-03,2022,3,Mar,COHORT_045,Tier 3,124000,18100,22500,6200,3100,5000,8600,7000,2800,16735,90035,33965,6.57,1
2022-04,2022,4,Apr,COHORT_045,Tier 3,124000,19800,22500,6200,2500,5000,8600,4400,3100,0,72100,51900,6.52,0
2022-05,2022,5,May,COHORT_045,Tier 3,124000,18100,22500,8700,4700,5000,6400,6300,3300,0,75000,49000,6.69,0
2022-06,2022,6,Jun,COHORT_045,Tier 3,124000,22200,22500,8700,2900,12400,5600,4200,2700,0,81200,42800,6.5,0
2022-07,2022,7,Jul,COHORT_045,Tier 3,124000,18300,22500,8700,4700,12400,7200,6400,3300,0,83500,40500,6.56,0
2022-08,2022,8,Aug,COHORT_045,Tier 3,124000,18900,22500,6200,4000,5000,6000,7100,4300,0,74000,50000,6.81,0
2022-09,2022,9,Sep,COHORT_045,Tier 3,124000,20000,22500,6200,3500,5000,5400,5800,3000,0,71400,52600,6.61,0
2022-10,2022,10,Oct,COHORT_045,Tier 3,124000,19400,22500,6200,4600,5000,9700,8800,2500,15317,94017,29983,6.81,1
2022-11,2022,11,Nov,COHORT_045,Tier 3,124000,17600,22500,6200,3700,5000,10100,9200,3500,29088,106888,17112,6.66,1
2022-12,2022,12,Dec,COHORT_045,Tier 3,124000,21700,22500,6200,3100,5000,5600,4200,3000,0,71300,52700,6.52,0
2023-01,2023,1,Jan,COHORT_045,Tier 3,133000,23700,24000,6600,3300,5300,5400,5000,2900,0,76200,56800,5.14,0
2023-02,2023,2,Feb,COHORT_045,Tier 3,133000,19300,24000,6600,4800,5300,6700,6900,3200,0,76800,56200,5.79,0
2023-03,2023,3,Mar,COHORT_045,Tier 3,133000,20100,24000,6600,2900,5300,9100,5300,3800,17989,95089,37911,5.58,1
2023-04,2023,4,Apr,COHORT_045,Tier 3,133000,19000,24000,6600,4100,5300,5900,7700,4800,0,77400,55600,5.51,0
2023-05,2023,5,May,COHORT_045,Tier 3,133000,23700,24000,9300,3700,5300,6000,5000,3000,0,80000,53000,5.32,0
2023-06,2023,6,Jun,COHORT_045,Tier 3,133000,21500,24000,9300,3000,13300,5700,4800,3900,0,85500,47500,5.38,0
2023-07,2023,7,Jul,COHORT_045,Tier 3,133000,23900,24000,9300,4300,13300,6700,5400,2700,0,89600,43400,5.41,0
2023-08,2023,8,Aug,COHORT_045,Tier 3,133000,22100,24000,6600,3200,5300,5400,7400,3500,0,77500,55500,5.48,0
2023-09,2023,9,Sep,COHORT_045,Tier 3,133000,19800,24000,6600,5100,5300,6400,6400,5300,0,78900,54100,5.67,0
2023-10,2023,10,Oct,COHORT_045,Tier 3,133000,22300,24000,6600,2800,5300,13100,8800,5200,22972,111072,21928,5.06,1
2023-11,2023,11,Nov,COHORT_045,Tier 3,133000,19400,24000,6600,4000,5300,11100,9700,5300,31397,116797,16203,5.05,1
2023-12,2023,12,Dec,COHORT_045,Tier 3,133000,19600,24000,6600,3700,5300,7800,5400,5200,0,77600,55400,5.49,0
2024-01,2024,1,Jan,COHORT_045,Tier 3,142000,24700,25500,7100,4000,5700,8300,5600,3200,0,84100,57900,4.7,0
2024-02,2024,2,Feb,COHORT_045,Tier 3,142000,25000,25500,7100,5200,5700,5800,7400,5300,0,87000,55000,5.11,0
2024-03,2024,3,Mar,COHORT_045,Tier 3,142000,20500,25500,7100,3300,5700,9400,8800,3500,29307,113107,28893,4.63,1
2024-04,2024,4,Apr,COHORT_045,Tier 3,142000,20000,25500,7100,5500,5700,8100,4300,3400,0,79600,62400,4.75,0
2024-05,2024,5,May,COHORT_045,Tier 3,142000,20200,25500,9900,5400,5700,9200,5500,3600,0,85000,57000,5.03,0
2024-06,2024,6,Jun,COHORT_045,Tier 3,142000,24500,25500,9900,3200,14200,6900,5700,4900,0,94800,47200,5.05,0
2024-07,2024,7,Jul,COHORT_045,Tier 3,142000,22900,25500,9900,4100,14200,8100,6800,2900,0,94400,47600,4.66,0
2024-08,2024,8,Aug,COHORT_045,Tier 3,142000,24300,25500,7100,4500,5700,6400,6100,3900,0,83500,58500,4.85,0
2024-09,2024,9,Sep,COHORT_045,Tier 3,142000,24800,25500,7100,5000,5700,9700,8400,4200,0,90400,51600,4.52,0
2024-10,2024,10,Oct,COHORT_045,Tier 3,142000,22500,25500,7100,4100,5700,12300,10500,5500,29873,123073,18927,4.69,1
2024-11,2024,11,Nov,COHORT_045,Tier 3,142000,20200,25500,7100,3500,5700,10200,11500,5000,18637,107337,34663,5.11,1
2024-12,2024,12,Dec,COHORT_045,Tier 3,142000,22500,25500,7100,5200,5700,7400,8300,5100,0,86800,55200,5.07,0
2025-01,2025,1,Jan,COHORT_045,Tier 3,151000,23300,27000,7600,6000,6000,8200,4500,3100,0,85700,65300,4.46,0
2025-02,2025,2,Feb,COHORT_045,Tier 3,151000,22900,27000,7600,4400,6000,7100,7100,4500,0,86600,64400,4.36,0
2025-03,2025,3,Mar,COHORT_045,Tier 3,151000,21800,27000,7600,3100,6000,10400,10300,4800,31166,122166,28834,4.89,1
2025-04,2025,4,Apr,COHORT_045,Tier 3,151000,24300,27000,7600,5100,6000,9900,7600,4600,0,92100,58900,4.36,0
2025-05,2025,5,May,COHORT_045,Tier 3,151000,21500,27000,10600,3800,6000,7800,5600,4200,0,86500,64500,4.87,0
2025-06,2025,6,Jun,COHORT_045,Tier 3,151000,25500,27000,10600,3700,15100,6300,7000,3200,0,98400,52600,4.57,0
2025-07,2025,7,Jul,COHORT_045,Tier 3,151000,24200,27000,10600,3000,15100,8200,7400,5300,0,100800,50200,4.52,0
2025-08,2025,8,Aug,COHORT_045,Tier 3,151000,27000,27000,7600,4900,6000,6600,7400,3200,0,89700,61300,4.49,0
2025-09,2025,9,Sep,COHORT_045,Tier 3,151000,22400,27000,7600,5700,6000,8400,4700,5100,0,86900,64100,4.17,0
2025-10,2025,10,Oct,COHORT_045,Tier 3,151000,25700,27000,7600,4500,6000,11000,12100,3100,30629,127629,23371,4.85,1
2025-11,2025,11,Nov,COHORT_045,Tier 3,151000,26800,27000,7600,4200,6000,13500,10500,3900,27739,127239,23761,4.85,1
2025-12,2025,12,Dec,COHORT_045,Tier 3,151000,27100,27000,7600,4700,6000,9600,4800,5500,0,92300,58700,4.6,0
2021-01,2021,1,Jan,COHORT_046,Tier 3,119000,20000,21500,6000,3200,4800,6300,5500,4600,0,71900,47100,5.16,0
2021-02,2021,2,Feb,COHORT_046,Tier 3,119000,20700,21500,6000,2600,4800,7000,3800,4700,0,71100,47900,4.74,0
2021-03,2021,3,Mar,COHORT_046,Tier 3,119000,18200,21500,6000,4400,4800,7400,6800,2600,26858,98558,20442,5.46,1
2021-04,2021,4,Apr,COHORT_046,Tier 3,119000,18900,21500,6000,4300,4800,7100,4300,3600,0,70500,48500,4.81,0
2021-05,2021,5,May,COHORT_046,Tier 3,119000,19500,21500,8300,3600,4800,5600,4500,3300,0,71100,47900,4.8,0
2021-06,2021,6,Jun,COHORT_046,Tier 3,119000,19800,21500,8300,4100,11900,7700,5800,3900,0,83000,36000,4.72,0
2021-07,2021,7,Jul,COHORT_046,Tier 3,119000,20200,21500,8300,3200,11900,4900,4000,2600,0,76600,42400,5.28,0
2021-08,2021,8,Aug,COHORT_046,Tier 3,119000,20100,21500,6000,4300,4800,7200,5100,3400,0,72400,46600,4.79,0
2021-09,2021,9,Sep,COHORT_046,Tier 3,119000,20900,21500,6000,4500,4800,7500,6900,3000,0,75100,43900,4.86,0
2021-10,2021,10,Oct,COHORT_046,Tier 3,119000,19800,21500,6000,4300,4800,11000,5600,3800,27089,103889,15111,5.05,1
2021-11,2021,11,Nov,COHORT_046,Tier 3,119000,19000,21500,6000,4400,4800,10100,6500,2800,16724,91824,27176,4.71,1
2021-12,2021,12,Dec,COHORT_046,Tier 3,119000,17700,21500,6000,4400,4800,6000,5800,3500,0,69700,49300,5.15,0
2022-01,2022,1,Jan,COHORT_046,Tier 3,128000,22200,23000,6400,3500,5100,6400,4500,4100,0,75200,52800,6.91,0
2022-02,2022,2,Feb,COHORT_046,Tier 3,128000,20000,23000,6400,2900,5100,8600,3900,2800,0,72700,55300,6.81,0
2022-03,2022,3,Mar,COHORT_046,Tier 3,128000,18600,23000,6400,3600,5100,10500,6800,2800,19956,96756,31244,7.09,1
2022-04,2022,4,Apr,COHORT_046,Tier 3,128000,19500,23000,6400,2800,5100,6600,6500,4700,0,74600,53400,6.82,0
2022-05,2022,5,May,COHORT_046,Tier 3,128000,18200,23000,9000,3800,5100,7000,7200,4000,0,77300,50700,6.81,0
2022-06,2022,6,Jun,COHORT_046,Tier 3,128000,19400,23000,9000,4300,12800,6200,6900,2700,0,84300,43700,7.03,0
2022-07,2022,7,Jul,COHORT_046,Tier 3,128000,18500,23000,9000,3900,12800,8300,6100,3000,0,84600,43400,6.64,0
2022-08,2022,8,Aug,COHORT_046,Tier 3,128000,22500,23000,6400,4500,5100,8500,7000,3100,0,80100,47900,6.9,0
2022-09,2022,9,Sep,COHORT_046,Tier 3,128000,22900,23000,6400,3500,5100,6100,5800,3600,0,76400,51600,6.63,0
2022-10,2022,10,Oct,COHORT_046,Tier 3,128000,21700,23000,6400,2600,5100,8600,10000,4100,27932,109432,18568,7.03,1
2022-11,2022,11,Nov,COHORT_046,Tier 3,128000,20400,23000,6400,3100,5100,11100,11300,3400,21600,105400,22600,6.52,1
2022-12,2022,12,Dec,COHORT_046,Tier 3,128000,20400,23000,6400,2700,5100,7400,6500,3800,0,75300,52700,6.68,0
2023-01,2023,1,Jan,COHORT_046,Tier 3,138000,22700,25000,6900,5200,5500,8500,7300,3100,0,84200,53800,5.48,0
2023-02,2023,2,Feb,COHORT_046,Tier 3,138000,20400,25000,6900,4400,5500,7700,5700,5300,0,80900,57100,5.75,0
2023-03,2023,3,Mar,COHORT_046,Tier 3,138000,22000,25000,6900,4100,5500,7100,9200,4800,24260,108860,29140,5.16,1
2023-04,2023,4,Apr,COHORT_046,Tier 3,138000,23800,25000,6900,3600,5500,6800,7100,4500,0,83200,54800,5.07,0
2023-05,2023,5,May,COHORT_046,Tier 3,138000,22400,25000,9700,5500,5500,7900,5400,5000,0,86400,51600,5.21,0
2023-06,2023,6,Jun,COHORT_046,Tier 3,138000,24800,25000,9700,4900,13800,9200,5200,2900,0,95500,42500,5.27,0
2023-07,2023,7,Jul,COHORT_046,Tier 3,138000,22600,25000,9700,3200,13800,7000,5400,3200,0,89900,48100,5.71,0
2023-08,2023,8,Aug,COHORT_046,Tier 3,138000,22700,25000,6900,4800,5500,8100,4200,3800,0,81000,57000,5.03,0
2023-09,2023,9,Sep,COHORT_046,Tier 3,138000,19600,25000,6900,5500,5500,7400,6300,5200,0,81400,56600,5.71,0
2023-10,2023,10,Oct,COHORT_046,Tier 3,138000,22200,25000,6900,4700,5500,11600,8900,5000,33215,123015,14985,5.62,1
2023-11,2023,11,Nov,COHORT_046,Tier 3,138000,20400,25000,6900,3100,5500,11400,9400,4500,29592,115792,22208,5.54,1
2023-12,2023,12,Dec,COHORT_046,Tier 3,138000,23100,25000,6900,5500,5500,6100,8000,5400,0,85500,52500,5.78,0
2024-01,2024,1,Jan,COHORT_046,Tier 3,147000,23900,26500,7400,4500,5900,7400,8200,3500,0,87300,59700,4.88,0
2024-02,2024,2,Feb,COHORT_046,Tier 3,147000,24100,26500,7400,4400,5900,6300,7500,3000,0,85100,61900,4.57,0
2024-03,2024,3,Mar,COHORT_046,Tier 3,147000,25200,26500,7400,5200,5900,11600,9700,3700,18919,114119,32881,4.63,1
2024-04,2024,4,Apr,COHORT_046,Tier 3,147000,25200,26500,7400,5000,5900,6200,5300,4400,0,85900,61100,5.06,0
2024-05,2024,5,May,COHORT_046,Tier 3,147000,25000,26500,10300,3500,5900,8600,7100,4900,0,91800,55200,4.98,0
2024-06,2024,6,Jun,COHORT_046,Tier 3,147000,20800,26500,10300,4300,14700,7100,7100,5300,0,96100,50900,4.49,0
2024-07,2024,7,Jul,COHORT_046,Tier 3,147000,25000,26500,10300,3000,14700,8300,6200,5300,0,99300,47700,5.1,0
2024-08,2024,8,Aug,COHORT_046,Tier 3,147000,24800,26500,7400,4500,5900,8300,8300,5800,0,91500,55500,4.88,0
2024-09,2024,9,Sep,COHORT_046,Tier 3,147000,21200,26500,7400,3300,5900,8100,5700,4400,0,82500,64500,4.61,0
2024-10,2024,10,Oct,COHORT_046,Tier 3,147000,23800,26500,7400,3800,5900,9000,11800,3200,33229,124629,22371,4.63,1
2024-11,2024,11,Nov,COHORT_046,Tier 3,147000,25900,26500,7400,5600,5900,13900,8000,5700,29348,128248,18752,4.74,1
2024-12,2024,12,Dec,COHORT_046,Tier 3,147000,24000,26500,7400,3100,5900,9700,4600,3900,0,85100,61900,4.41,0
2025-01,2025,1,Jan,COHORT_046,Tier 3,157000,24700,28500,7800,3600,6300,8600,9400,4900,0,93800,63200,4.57,0
2025-02,2025,2,Feb,COHORT_046,Tier 3,157000,24600,28500,7800,5900,6300,6600,6800,4500,0,91000,66000,4.42,0
2025-03,2025,3,Mar,COHORT_046,Tier 3,157000,25800,28500,7800,3900,6300,11100,10700,6000,32678,132778,24222,4.4,1
2025-04,2025,4,Apr,COHORT_046,Tier 3,157000,24900,28500,7800,4300,6300,9300,7600,4400,0,93100,63900,4.23,0
2025-05,2025,5,May,COHORT_046,Tier 3,157000,27100,28500,11000,5300,6300,9600,7600,4900,0,100300,56700,4.72,0
2025-06,2025,6,Jun,COHORT_046,Tier 3,157000,23900,28500,11000,4600,15700,9200,7300,5300,0,105500,51500,4.83,0
2025-07,2025,7,Jul,COHORT_046,Tier 3,157000,22200,28500,11000,3800,15700,6500,9200,4500,0,101400,55600,4.41,0
2025-08,2025,8,Aug,COHORT_046,Tier 3,157000,22200,28500,7800,5700,6300,10400,6300,3800,0,91000,66000,4.8,0
2025-09,2025,9,Sep,COHORT_046,Tier 3,157000,23700,28500,7800,4500,6300,10100,4700,4500,0,90100,66900,4.62,0
2025-10,2025,10,Oct,COHORT_046,Tier 3,157000,27900,28500,7800,6100,6300,10800,7600,4600,27642,127242,29758,4.77,1
2025-11,2025,11,Nov,COHORT_046,Tier 3,157000,27300,28500,7800,3600,6300,14300,7500,5300,33375,133975,23025,4.6,1
2025-12,2025,12,Dec,COHORT_046,Tier 3,157000,27800,28500,7800,5800,6300,9000,6400,3500,0,95100,61900,4.12,0
2021-01,2021,1,Jan,COHORT_047,Tier 1,56000,9700,15500,2800,1400,2200,3600,1800,1300,0,38300,17700,4.93,0
2021-02,2021,2,Feb,COHORT_047,Tier 1,56000,8100,15500,2800,1100,2200,2800,1900,1600,0,36000,20000,4.83,0
2021-03,2021,3,Mar,COHORT_047,Tier 1,56000,9700,15500,2800,2100,2200,4000,3600,1600,12395,53895,2105,5.05,1
2021-04,2021,4,Apr,COHORT_047,Tier 1,56000,9800,15500,2800,1500,2200,3400,3000,2100,0,40300,15700,4.79,0
2021-05,2021,5,May,COHORT_047,Tier 1,56000,8200,15500,3900,1700,2200,3800,2600,2000,0,39900,16100,5.23,0
2021-06,2021,6,Jun,COHORT_047,Tier 1,56000,8500,15500,3900,1500,5600,3700,1900,2100,0,42700,13300,4.71,0
2021-07,2021,7,Jul,COHORT_047,Tier 1,56000,9600,15500,3900,1500,5600,2900,3300,1900,0,44200,11800,4.87,0
2021-08,2021,8,Aug,COHORT_047,Tier 1,56000,8200,15500,2800,1800,2200,2900,1900,1400,0,36700,19300,5.29,0
2021-09,2021,9,Sep,COHORT_047,Tier 1,56000,9600,15500,2800,1300,2200,3100,2800,2200,0,39500,16500,5.35,0
2021-10,2021,10,Oct,COHORT_047,Tier 1,56000,10000,15500,2800,2100,2200,5300,3000,2200,10463,53563,2437,5.06,1
2021-11,2021,11,Nov,COHORT_047,Tier 1,56000,9400,15500,2800,1800,2200,4700,2600,1900,8224,49124,6876,5.38,1
2021-12,2021,12,Dec,COHORT_047,Tier 1,56000,10000,15500,2800,2000,2200,3600,2500,1800,0,40400,15600,5.14,0
2022-01,2022,1,Jan,COHORT_047,Tier 1,60000,8500,17000,3000,1600,2400,2600,2600,2200,0,39900,20100,6.98,0
2022-02,2022,2,Feb,COHORT_047,Tier 1,60000,10800,17000,3000,1400,2400,2600,2600,1700,0,41500,18500,6.53,0
2022-03,2022,3,Mar,COHORT_047,Tier 1,60000,8700,17000,3000,1700,2400,3600,3900,1900,7658,49858,10142,6.93,1
2022-04,2022,4,Apr,COHORT_047,Tier 1,60000,9700,17000,3000,1300,2400,3600,3200,1700,0,41900,18100,7.0,0
2022-05,2022,5,May,COHORT_047,Tier 1,60000,9900,17000,4200,2200,2400,3700,1900,1400,0,42700,17300,6.39,0
2022-06,2022,6,Jun,COHORT_047,Tier 1,60000,8700,17000,4200,1800,6000,4000,2400,2200,0,46300,13700,6.91,0
2022-07,2022,7,Jul,COHORT_047,Tier 1,60000,9000,17000,4200,1800,6000,3000,3400,1500,0,45900,14100,6.76,0
2022-08,2022,8,Aug,COHORT_047,Tier 1,60000,10100,17000,3000,1500,2400,3600,2800,1800,0,42200,17800,6.86,0
2022-09,2022,9,Sep,COHORT_047,Tier 1,60000,8800,17000,3000,2400,2400,3400,2200,2000,0,41200,18800,6.89,0
2022-10,2022,10,Oct,COHORT_047,Tier 1,60000,10100,17000,3000,1900,2400,3800,4000,1500,13496,57196,2804,6.38,1
2022-11,2022,11,Nov,COHORT_047,Tier 1,60000,10300,17000,3000,1600,2400,4900,4200,1600,13927,58927,1073,6.35,1
2022-12,2022,12,Dec,COHORT_047,Tier 1,60000,9000,17000,3000,2200,2400,3000,2800,1900,0,41300,18700,6.62,0
2023-01,2023,1,Jan,COHORT_047,Tier 1,64000,9200,18000,3200,2100,2600,4200,3300,1900,0,44500,19500,5.54,0
2023-02,2023,2,Feb,COHORT_047,Tier 1,64000,10700,18000,3200,2300,2600,2800,3500,2000,0,45100,18900,5.21,0
2023-03,2023,3,Mar,COHORT_047,Tier 1,64000,9700,18000,3200,1700,2600,3300,4200,2300,11135,56135,7865,5.4,1
2023-04,2023,4,Apr,COHORT_047,Tier 1,64000,11100,18000,3200,1700,2600,3900,3700,1800,0,46000,18000,5.64,0
2023-05,2023,5,May,COHORT_047,Tier 1,64000,11000,18000,4500,2200,2600,3300,2300,1800,0,45700,18300,5.41,0
2023-06,2023,6,Jun,COHORT_047,Tier 1,64000,10200,18000,4500,2000,6400,3200,1900,2300,0,48500,15500,5.79,0
2023-07,2023,7,Jul,COHORT_047,Tier 1,64000,9700,18000,4500,1400,6400,3600,3200,1400,0,48200,15800,5.24,0
2023-08,2023,8,Aug,COHORT_047,Tier 1,64000,11000,18000,3200,2100,2600,2900,3100,2200,0,45100,18900,5.16,0
2023-09,2023,9,Sep,COHORT_047,Tier 1,64000,10000,18000,3200,1500,2600,3400,2600,2500,0,43800,20200,5.44,0
2023-10,2023,10,Oct,COHORT_047,Tier 1,64000,9900,18000,3200,2300,2600,5900,4600,1900,11270,59670,4330,5.24,1
2023-11,2023,11,Nov,COHORT_047,Tier 1,64000,10900,18000,3200,2300,2600,6200,4800,1300,9757,59057,4943,5.63,1
2023-12,2023,12,Dec,COHORT_047,Tier 1,64000,10500,18000,3200,2100,2600,4400,3100,1800,0,45700,18300,5.37,0
2024-01,2024,1,Jan,COHORT_047,Tier 1,69000,11100,19500,3400,1600,2800,3600,2200,2100,0,46300,22700,5.1,0
2024-02,2024,2,Feb,COHORT_047,Tier 1,69000,10600,19500,3400,1400,2800,2800,2300,2200,0,45000,24000,4.64,0
2024-03,2024,3,Mar,COHORT_047,Tier 1,69000,12000,19500,3400,2500,2800,3600,4800,2500,14722,65822,3178,5.01,1
2024-04,2024,4,Apr,COHORT_047,Tier 1,69000,9700,19500,3400,2500,2800,3200,3600,2500,0,47200,21800,4.6,0
2024-05,2024,5,May,COHORT_047,Tier 1,69000,10700,19500,4800,1700,2800,4000,3200,2100,0,48800,20200,4.87,0
2024-06,2024,6,Jun,COHORT_047,Tier 1,69000,10800,19500,4800,2100,6900,3800,4100,1800,0,53800,15200,4.81,0
2024-07,2024,7,Jul,COHORT_047,Tier 1,69000,12100,19500,4800,2300,6900,4600,4100,2500,0,56800,12200,4.55,0
2024-08,2024,8,Aug,COHORT_047,Tier 1,69000,12100,19500,3400,1500,2800,2800,2500,2600,0,47200,21800,4.93,0
2024-09,2024,9,Sep,COHORT_047,Tier 1,69000,10800,19500,3400,2600,2800,3600,2200,2400,0,47300,21700,4.73,0
2024-10,2024,10,Oct,COHORT_047,Tier 1,69000,12100,19500,3400,1800,2800,6400,3900,2400,14218,66518,2482,4.7,1
2024-11,2024,11,Nov,COHORT_047,Tier 1,69000,11400,19500,3400,1800,2800,6200,5300,1400,12254,64054,4946,4.89,1
2024-12,2024,12,Dec,COHORT_047,Tier 1,69000,11400,19500,3400,2700,2800,3200,3900,1700,0,48600,20400,4.73,0
2025-01,2025,1,Jan,COHORT_047,Tier 1,73000,12800,20500,3600,2400,2900,4800,2400,2900,0,52300,20700,4.47,0
2025-02,2025,2,Feb,COHORT_047,Tier 1,73000,10300,20500,3600,1500,2900,4700,2800,2100,0,48400,24600,4.71,0
2025-03,2025,3,Mar,COHORT_047,Tier 1,73000,13100,20500,3600,2600,2900,4100,4100,2300,10097,63297,9703,4.35,1
2025-04,2025,4,Apr,COHORT_047,Tier 1,73000,13100,20500,3600,2800,2900,4500,3800,2400,0,53600,19400,4.89,0
2025-05,2025,5,May,COHORT_047,Tier 1,73000,11900,20500,5100,2500,2900,4900,2900,2200,0,52900,20100,4.61,0
2025-06,2025,6,Jun,COHORT_047,Tier 1,73000,11200,20500,5100,1600,7300,5000,4300,1600,0,56600,16400,4.29,0
2025-07,2025,7,Jul,COHORT_047,Tier 1,73000,11700,20500,5100,2500,7300,4900,3200,2000,0,57200,15800,4.71,0
2025-08,2025,8,Aug,COHORT_047,Tier 1,73000,11400,20500,3600,2400,2900,4800,4300,1700,0,51600,21400,4.37,0
2025-09,2025,9,Sep,COHORT_047,Tier 1,73000,12000,20500,3600,1500,2900,4900,4300,2800,0,52500,20500,4.67,0
2025-10,2025,10,Oct,COHORT_047,Tier 1,73000,13000,20500,3600,2200,2900,6700,4200,2200,17552,72852,148,4.85,1
2025-11,2025,11,Nov,COHORT_047,Tier 1,73000,10600,20500,3600,2800,2900,5800,6000,2200,14149,68549,4451,4.26,1
2025-12,2025,12,Dec,COHORT_047,Tier 1,73000,12100,20500,3600,2800,2900,4800,4100,1800,0,52600,20400,4.39,0
2021-01,2021,1,Jan,COHORT_048,Tier 3,106000,18400,19000,5300,3200,4200,6700,5400,3600,0,65800,40200,5.37,0
2021-02,2021,2,Feb,COHORT_048,Tier 3,106000,15200,19000,5300,2200,4200,6100,4100,3400,0,59500,46500,5.4,0
2021-03,2021,3,Mar,COHORT_048,Tier 3,106000,15100,19000,5300,2300,4200,6100,4000,3900,13094,72994,33006,4.79,1
2021-04,2021,4,Apr,COHORT_048,Tier 3,106000,16500,19000,5300,2300,4200,6500,5600,4000,0,63400,42600,4.97,0
2021-05,2021,5,May,COHORT_048,Tier 3,106000,16600,19000,7400,2300,4200,5600,3300,4200,0,62600,43400,5.4,0
2021-06,2021,6,Jun,COHORT_048,Tier 3,106000,16400,19000,7400,4200,10600,4800,5400,3400,0,71200,34800,5.38,0
2021-07,2021,7,Jul,COHORT_048,Tier 3,106000,16900,19000,7400,2300,10600,5800,6200,2500,0,70700,35300,5.13,0
2021-08,2021,8,Aug,COHORT_048,Tier 3,106000,16200,19000,5300,4100,4200,6300,4900,4000,0,64000,42000,4.75,0
2021-09,2021,9,Sep,COHORT_048,Tier 3,106000,16300,19000,5300,2400,4200,6100,3400,3800,0,60500,45500,5.25,0
2021-10,2021,10,Oct,COHORT_048,Tier 3,106000,18200,19000,5300,3800,4200,6700,7200,4200,17839,86439,19561,5.23,1
2021-11,2021,11,Nov,COHORT_048,Tier 3,106000,16600,19000,5300,2900,4200,8700,6900,3500,12757,79857,26143,5.42,1
2021-12,2021,12,Dec,COHORT_048,Tier 3,106000,16100,19000,5300,4000,4200,7100,4500,3700,0,63900,42100,5.0,0
2022-01,2022,1,Jan,COHORT_048,Tier 3,114000,20000,20500,5700,2500,4600,5800,4400,4500,0,68000,46000,7.08,0
2022-02,2022,2,Feb,COHORT_048,Tier 3,114000,17400,20500,5700,4000,4600,5000,6700,4500,0,68400,45600,6.91,0
2022-03,2022,3,Mar,COHORT_048,Tier 3,114000,17800,20500,5700,4400,4600,8700,6400,4300,19773,92173,21827,6.64,1
2022-04,2022,4,Apr,COHORT_048,Tier 3,114000,19500,20500,5700,4100,4600,4700,5000,2700,0,66800,47200,6.94,0
2022-05,2022,5,May,COHORT_048,Tier 3,114000,16500,20500,8000,4200,4600,4600,3800,2800,0,65000,49000,6.77,0
2022-06,2022,6,Jun,COHORT_048,Tier 3,114000,19200,20500,8000,3200,11400,6900,4400,3600,0,77200,36800,7.0,0
2022-07,2022,7,Jul,COHORT_048,Tier 3,114000,18200,20500,8000,2800,11400,5400,3700,2800,0,72800,41200,7.0,0
2022-08,2022,8,Aug,COHORT_048,Tier 3,114000,16300,20500,5700,3100,4600,7100,6400,2400,0,66100,47900,6.73,0
2022-09,2022,9,Sep,COHORT_048,Tier 3,114000,16000,20500,5700,3800,4600,6200,4500,4400,0,65700,48300,6.7,0
2022-10,2022,10,Oct,COHORT_048,Tier 3,114000,19400,20500,5700,4500,4600,8800,8600,3900,17973,93973,20027,6.48,1
2022-11,2022,11,Nov,COHORT_048,Tier 3,114000,16700,20500,5700,2600,4600,7800,5400,4100,25451,92851,21149,6.4,1
2022-12,2022,12,Dec,COHORT_048,Tier 3,114000,18600,20500,5700,3700,4600,6800,4300,2800,0,67000,47000,6.66,0
2023-01,2023,1,Jan,COHORT_048,Tier 3,123000,18400,22000,6200,2900,4900,7000,7200,3100,0,71700,51300,5.13,0
2023-02,2023,2,Feb,COHORT_048,Tier 3,123000,19500,22000,6200,2600,4900,7900,5900,4700,0,73700,49300,5.57,0
2023-03,2023,3,Mar,COHORT_048,Tier 3,123000,18800,22000,6200,4000,4900,9400,6600,4500,29377,105777,17223,5.26,1
2023-04,2023,4,Apr,COHORT_048,Tier 3,123000,21800,22000,6200,4900,4900,6300,6200,3500,0,75800,47200,5.36,0
2023-05,2023,5,May,COHORT_048,Tier 3,123000,22100,22000,8600,3500,4900,6700,4200,3000,0,75000,48000,5.58,0
2023-06,2023,6,Jun,COHORT_048,Tier 3,123000,19200,22000,8600,4500,12300,7000,4700,3300,0,81600,41400,5.47,0
2023-07,2023,7,Jul,COHORT_048,Tier 3,123000,18900,22000,8600,4100,12300,8000,5900,4500,0,84300,38700,5.02,0
2023-08,2023,8,Aug,COHORT_048,Tier 3,123000,21400,22000,6200,3000,4900,6500,5800,4000,0,73800,49200,5.32,0
2023-09,2023,9,Sep,COHORT_048,Tier 3,123000,19400,22000,6200,4700,4900,8500,7000,2600,0,75300,47700,5.67,0
2023-10,2023,10,Oct,COHORT_048,Tier 3,123000,20200,22000,6200,4000,4900,11900,6000,2600,20142,97942,25058,5.14,1
2023-11,2023,11,Nov,COHORT_048,Tier 3,123000,19900,22000,6200,3100,4900,11300,10600,2900,20074,100974,22026,5.58,1
2023-12,2023,12,Dec,COHORT_048,Tier 3,123000,19100,22000,6200,3800,4900,8200,4900,2600,0,71700,51300,5.68,0
2024-01,2024,1,Jan,COHORT_048,Tier 3,131000,18700,23500,6600,2800,5200,8500,5300,3400,0,74000,57000,4.48,0
2024-02,2024,2,Feb,COHORT_048,Tier 3,131000,21000,23500,6600,5100,5200,5900,5600,4200,0,77100,53900,4.56,0
2024-03,2024,3,Mar,COHORT_048,Tier 3,131000,22300,23500,6600,4000,5200,7400,6000,4900,31473,111373,19627,4.71,1
2024-04,2024,4,Apr,COHORT_048,Tier 3,131000,18600,23500,6600,3000,5200,5400,7500,4100,0,73900,57100,4.51,0
2024-05,2024,5,May,COHORT_048,Tier 3,131000,20000,23500,9200,3600,5200,7900,6600,2800,0,78800,52200,4.55,0
2024-06,2024,6,Jun,COHORT_048,Tier 3,131000,21000,23500,9200,3600,13100,6600,5500,3400,0,85900,45100,4.43,0
2024-07,2024,7,Jul,COHORT_048,Tier 3,131000,19900,23500,9200,4000,13100,8800,7400,4000,0,89900,41100,5.04,0
2024-08,2024,8,Aug,COHORT_048,Tier 3,131000,21500,23500,6600,2800,5200,7100,4000,4600,0,75300,55700,5.11,0
2024-09,2024,9,Sep,COHORT_048,Tier 3,131000,20500,23500,6600,5000,5200,6200,6700,4600,0,78300,52700,5.19,0
2024-10,2024,10,Oct,COHORT_048,Tier 3,131000,23300,23500,6600,3700,5200,13300,8500,2700,17090,103890,27110,4.57,1
2024-11,2024,11,Nov,COHORT_048,Tier 3,131000,20000,23500,6600,3000,5200,7900,8400,3600,22428,100628,30372,4.48,1
2024-12,2024,12,Dec,COHORT_048,Tier 3,131000,20500,23500,6600,4300,5200,6000,6600,3500,0,76200,54800,4.84,0
2025-01,2025,1,Jan,COHORT_048,Tier 3,140000,21600,25000,7000,4300,5600,6300,4600,3300,0,77700,62300,4.51,0
2025-02,2025,2,Feb,COHORT_048,Tier 3,140000,25000,25000,7000,4300,5600,6500,5500,3500,0,82400,57600,4.18,0
2025-03,2025,3,Mar,COHORT_048,Tier 3,140000,21000,25000,7000,3100,5600,11300,7900,3300,32885,117085,22915,4.47,1
2025-04,2025,4,Apr,COHORT_048,Tier 3,140000,20900,25000,7000,3300,5600,6200,8000,5000,0,81000,59000,4.38,0
2025-05,2025,5,May,COHORT_048,Tier 3,140000,20100,25000,9800,5400,5600,6700,5100,4300,0,82000,58000,4.33,0
2025-06,2025,6,Jun,COHORT_048,Tier 3,140000,20800,25000,9800,2900,14000,5800,5600,2900,0,86800,53200,4.46,0
2025-07,2025,7,Jul,COHORT_048,Tier 3,140000,21200,25000,9800,5000,14000,7400,4600,3100,0,90100,49900,4.28,0
2025-08,2025,8,Aug,COHORT_048,Tier 3,140000,22800,25000,7000,3000,5600,9600,8300,5500,0,86800,53200,4.76,0
2025-09,2025,9,Sep,COHORT_048,Tier 3,140000,23500,25000,7000,4100,5600,7700,6200,3000,0,82100,57900,4.46,0
2025-10,2025,10,Oct,COHORT_048,Tier 3,140000,23000,25000,7000,4500,5600,11500,11300,3000,31826,122726,17274,4.66,1
2025-11,2025,11,Nov,COHORT_048,Tier 3,140000,22600,25000,7000,3400,5600,9900,7600,4000,23089,108189,31811,4.63,1
2025-12,2025,12,Dec,COHORT_048,Tier 3,140000,24800,25000,7000,5000,5600,8800,4500,3800,0,84500,55500,4.2,0
2021-01,2021,1,Jan,COHORT_049,Tier 1,55000,9200,15500,2800,1300,2200,2400,3000,1800,0,38200,16800,4.78,0
2021-02,2021,2,Feb,COHORT_049,Tier 1,55000,8800,15500,2800,2100,2200,2200,1800,1300,0,36700,18300,4.74,0
2021-03,2021,3,Mar,COHORT_049,Tier 1,55000,8500,15500,2800,1900,2200,4300,3300,1600,11250,51350,3650,4.92,1
2021-04,2021,4,Apr,COHORT_049,Tier 1,55000,8900,15500,2800,1800,2200,2600,2800,1200,0,37800,17200,5.15,0
2021-05,2021,5,May,COHORT_049,Tier 1,55000,9000,15500,3900,1700,2200,2800,1700,1300,0,38100,16900,4.96,0
2021-06,2021,6,Jun,COHORT_049,Tier 1,55000,8600,15500,3900,1400,5500,3400,2300,1800,0,42400,12600,5.02,0
2021-07,2021,7,Jul,COHORT_049,Tier 1,55000,9700,15500,3900,2100,5500,3600,1700,1700,0,43700,11300,5.19,0
2021-08,2021,8,Aug,COHORT_049,Tier 1,55000,9800,15500,2800,2000,2200,2300,2500,1300,0,38400,16600,5.45,0
2021-09,2021,9,Sep,COHORT_049,Tier 1,55000,7700,15500,2800,1900,2200,3400,3100,1600,0,38200,16800,4.82,0
2021-10,2021,10,Oct,COHORT_049,Tier 1,55000,8900,15500,2800,1300,2200,5200,3300,1500,10239,50939,4061,4.96,1
2021-11,2021,11,Nov,COHORT_049,Tier 1,55000,8100,15500,2800,1200,2200,4100,3100,1900,7700,46600,8400,4.75,1
2021-12,2021,12,Dec,COHORT_049,Tier 1,55000,8300,15500,2800,1700,2200,2700,3300,1900,0,38400,16600,4.83,0
2022-01,2022,1,Jan,COHORT_049,Tier 1,59000,10100,16500,3000,1500,2400,3800,2300,2400,0,42000,17000,6.7,0
2022-02,2022,2,Feb,COHORT_049,Tier 1,59000,10300,16500,3000,1700,2400,3200,3100,2100,0,42300,16700,7.02,0
2022-03,2022,3,Mar,COHORT_049,Tier 1,59000,10300,16500,3000,2300,2400,4600,2300,1900,7337,50637,8363,7.1,1
2022-04,2022,4,Apr,COHORT_049,Tier 1,59000,10100,16500,3000,2100,2400,3500,3300,2000,0,42900,16100,6.48,0
2022-05,2022,5,May,COHORT_049,Tier 1,59000,10300,16500,4100,1200,2400,2800,2700,1600,0,41600,17400,7.08,0
2022-06,2022,6,Jun,COHORT_049,Tier 1,59000,9300,16500,4100,1400,5900,2400,3400,2400,0,45400,13600,6.83,0
2022-07,2022,7,Jul,COHORT_049,Tier 1,59000,9000,16500,4100,2300,5900,4000,2300,1600,0,45700,13300,6.81,0
2022-08,2022,8,Aug,COHORT_049,Tier 1,59000,10500,16500,3000,1500,2400,2700,2400,1200,0,40200,18800,7.09,0
2022-09,2022,9,Sep,COHORT_049,Tier 1,59000,10100,16500,3000,1700,2400,3700,3300,2000,0,42700,16300,6.88,0
2022-10,2022,10,Oct,COHORT_049,Tier 1,59000,9700,16500,3000,2300,2400,5500,5300,1500,9310,55510,3490,6.32,1
2022-11,2022,11,Nov,COHORT_049,Tier 1,59000,9800,16500,3000,2100,2400,5600,3600,2200,12392,57592,1408,6.38,1
2022-12,2022,12,Dec,COHORT_049,Tier 1,59000,8600,16500,3000,1200,2400,3700,2700,2200,0,40300,18700,7.08,0
2023-01,2023,1,Jan,COHORT_049,Tier 1,63000,9400,17500,3200,2200,2500,4200,2500,1300,0,42800,20200,5.62,0
2023-02,2023,2,Feb,COHORT_049,Tier 1,63000,10400,17500,3200,1600,2500,3700,3400,1700,0,44000,19000,5.58,0
2023-03,2023,3,Mar,COHORT_049,Tier 1,63000,9800,17500,3200,2300,2500,3400,4300,2400,11125,56525,6475,5.54,1
2023-04,2023,4,Apr,COHORT_049,Tier 1,63000,11000,17500,3200,2500,2500,4400,2200,2200,0,45500,17500,5.79,0
2023-05,2023,5,May,COHORT_049,Tier 1,63000,10200,17500,4400,1800,2500,2800,2000,1500,0,42700,20300,5.15,0
2023-06,2023,6,Jun,COHORT_049,Tier 1,63000,10100,17500,4400,1500,6300,4000,2500,1900,0,48200,14800,5.01,0
2023-07,2023,7,Jul,COHORT_049,Tier 1,63000,8900,17500,4400,1600,6300,2900,2400,1800,0,45800,17200,5.74,0
2023-08,2023,8,Aug,COHORT_049,Tier 1,63000,10900,17500,3200,1900,2500,3900,3400,2300,0,45600,17400,5.4,0
2023-09,2023,9,Sep,COHORT_049,Tier 1,63000,10100,17500,3200,1900,2500,3000,2300,1600,0,42100,20900,5.36,0
2023-10,2023,10,Oct,COHORT_049,Tier 1,63000,10500,17500,3200,1600,2500,6400,5100,1600,9523,57923,5077,5.66,1
2023-11,2023,11,Nov,COHORT_049,Tier 1,63000,11300,17500,3200,2400,2500,4200,4400,1400,13118,60018,2982,5.46,1
2023-12,2023,12,Dec,COHORT_049,Tier 1,63000,9600,17500,3200,2000,2500,3600,3300,2500,0,44200,18800,5.28,0
2024-01,2024,1,Jan,COHORT_049,Tier 1,68000,10600,19000,3400,1900,2700,3800,2900,2600,0,46900,21100,4.91,0
2024-02,2024,2,Feb,COHORT_049,Tier 1,68000,12100,19000,3400,2300,2700,3900,4000,2700,0,50100,17900,5.15,0
2024-03,2024,3,Mar,COHORT_049,Tier 1,68000,9500,19000,3400,2400,2700,4900,4400,1500,11890,59690,8310,4.58,1
2024-04,2024,4,Apr,COHORT_049,Tier 1,68000,11600,19000,3400,2200,2700,3500,2500,1500,0,46400,21600,4.55,0
2024-05,2024,5,May,COHORT_049,Tier 1,68000,11800,19000,4800,2400,2700,4400,2600,2400,0,50100,17900,4.71,0
2024-06,2024,6,Jun,COHORT_049,Tier 1,68000,10300,19000,4800,1800,6800,4500,3800,1900,0,52900,15100,4.93,0
2024-07,2024,7,Jul,COHORT_049,Tier 1,68000,10400,19000,4800,2300,6800,2700,3400,2000,0,51400,16600,4.92,0
2024-08,2024,8,Aug,COHORT_049,Tier 1,68000,10300,19000,3400,2400,2700,2900,3900,2400,0,47000,21000,4.87,0
2024-09,2024,9,Sep,COHORT_049,Tier 1,68000,9800,19000,3400,2400,2700,3700,2500,2300,0,45800,22200,5.07,0
2024-10,2024,10,Oct,COHORT_049,Tier 1,68000,11800,19000,3400,2500,2700,6400,4000,2200,8821,60821,7179,4.85,1
2024-11,2024,11,Nov,COHORT_049,Tier 1,68000,11400,19000,3400,1600,2700,5100,3900,2200,10130,59430,8570,5.15,1
2024-12,2024,12,Dec,COHORT_049,Tier 1,68000,10500,19000,3400,2600,2700,3400,3300,1500,0,46400,21600,4.81,0
2025-01,2025,1,Jan,COHORT_049,Tier 1,72000,11000,20000,3600,2300,2900,3600,2200,1600,0,47200,24800,4.68,0
2025-02,2025,2,Feb,COHORT_049,Tier 1,72000,11000,20000,3600,2500,2900,4500,3600,2200,0,50300,21700,4.45,0
2025-03,2025,3,Mar,COHORT_049,Tier 1,72000,11200,20000,3600,1600,2900,4400,3400,1400,17057,65557,6443,4.52,1
2025-04,2025,4,Apr,COHORT_049,Tier 1,72000,10400,20000,3600,2300,2900,4700,3100,2300,0,49300,22700,4.19,0
2025-05,2025,5,May,COHORT_049,Tier 1,72000,11100,20000,5000,1800,2900,4500,2200,1900,0,49400,22600,4.5,0
2025-06,2025,6,Jun,COHORT_049,Tier 1,72000,12900,20000,5000,2800,7200,5000,2300,2400,0,57600,14400,4.79,0
2025-07,2025,7,Jul,COHORT_049,Tier 1,72000,10500,20000,5000,2600,7200,4500,2500,1800,0,54100,17900,4.11,0
2025-08,2025,8,Aug,COHORT_049,Tier 1,72000,12400,20000,3600,2600,2900,3400,2400,2700,0,50000,22000,4.32,0
2025-09,2025,9,Sep,COHORT_049,Tier 1,72000,11800,20000,3600,2800,2900,3500,2900,1700,0,49200,22800,4.73,0
2025-10,2025,10,Oct,COHORT_049,Tier 1,72000,11100,20000,3600,1600,2900,5600,5900,1900,14408,67008,4992,4.69,1
2025-11,2025,11,Nov,COHORT_049,Tier 1,72000,10500,20000,3600,2300,2900,6900,5600,2800,16506,71106,894,4.66,1
2025-12,2025,12,Dec,COHORT_049,Tier 1,72000,10200,20000,3600,1700,2900,3100,2300,1600,0,45400,26600,4.43,0
2021-01,2021,1,Jan,COHORT_050,Tier 1,172000,30000,48000,8600,4700,6900,10000,9100,5100,0,122400,49600,5.29,0
2021-02,2021,2,Feb,COHORT_050,Tier 1,172000,30800,48000,8600,6700,6900,8500,8400,6600,0,124500,47500,5.11,0
2021-03,2021,3,Mar,COHORT_050,Tier 1,172000,30600,48000,8600,5000,6900,14200,8500,5700,39741,167241,4759,4.96,1
2021-04,2021,4,Apr,COHORT_050,Tier 1,172000,26600,48000,8600,6100,6900,9800,7000,4100,0,117100,54900,5.2,0
2021-05,2021,5,May,COHORT_050,Tier 1,172000,25200,48000,12000,5400,6900,12000,7900,6100,0,123500,48500,5.46,0
2021-06,2021,6,Jun,COHORT_050,Tier 1,172000,28700,48000,12000,5600,17200,7100,6600,6800,0,132000,40000,4.9,0
2021-07,2021,7,Jul,COHORT_050,Tier 1,172000,29100,48000,12000,6600,17200,9900,5600,6300,0,134700,37300,5.17,0
2021-08,2021,8,Aug,COHORT_050,Tier 1,172000,25400,48000,8600,5200,6900,8800,9800,3600,0,116300,55700,5.01,0
2021-09,2021,9,Sep,COHORT_050,Tier 1,172000,27800,48000,8600,5800,6900,6900,6800,6400,0,117200,54800,5.02,0
2021-10,2021,10,Oct,COHORT_050,Tier 1,172000,25100,48000,8600,4400,6900,11300,8700,5100,25748,143848,28152,5.41,1
2021-11,2021,11,Nov,COHORT_050,Tier 1,172000,26000,48000,8600,4800,6900,16000,9800,5900,36089,162089,9911,5.15,1
2021-12,2021,12,Dec,COHORT_050,Tier 1,172000,29800,48000,8600,4500,6900,8800,7400,3700,0,117700,54300,5.46,0
2022-01,2022,1,Jan,COHORT_050,Tier 1,185000,28100,52000,9200,6700,7400,8700,9600,6500,0,128200,56800,6.52,0
2022-02,2022,2,Feb,COHORT_050,Tier 1,185000,33200,52000,9200,6400,7400,9500,9600,4100,0,131400,53600,6.34,0
2022-03,2022,3,Mar,COHORT_050,Tier 1,185000,32000,52000,9200,7400,7400,9700,10100,6100,25874,159774,25226,6.39,1
2022-04,2022,4,Apr,COHORT_050,Tier 1,185000,26700,52000,9200,3900,7400,7900,10900,5600,0,123600,61400,7.04,0
2022-05,2022,5,May,COHORT_050,Tier 1,185000,32600,52000,13000,6200,7400,9000,9200,3700,0,133100,51900,6.81,0
2022-06,2022,6,Jun,COHORT_050,Tier 1,185000,28200,52000,13000,6000,18500,12700,5700,4100,0,140200,44800,6.73,0
2022-07,2022,7,Jul,COHORT_050,Tier 1,185000,28300,52000,13000,4300,18500,7900,6300,6600,0,136900,48100,6.41,0
2022-08,2022,8,Aug,COHORT_050,Tier 1,185000,26200,52000,9200,6400,7400,12600,6300,5800,0,125900,59100,6.91,0
2022-09,2022,9,Sep,COHORT_050,Tier 1,185000,30200,52000,9200,7000,7400,12600,6900,4400,0,129700,55300,6.39,0
2022-10,2022,10,Oct,COHORT_050,Tier 1,185000,32300,52000,9200,7000,7400,17600,14900,3700,34600,178700,6300,7.06,1
2022-11,2022,11,Nov,COHORT_050,Tier 1,185000,33100,52000,9200,6800,7400,12300,16000,3800,22408,163008,21992,6.89,1
2022-12,2022,12,Dec,COHORT_050,Tier 1,185000,28600,52000,9200,7000,7400,12700,6200,6200,0,129300,55700,6.74,0
2023-01,2023,1,Jan,COHORT_050,Tier 1,199000,33000,55500,10000,7500,8000,9200,10400,5900,0,139500,59500,5.76,0
2023-02,2023,2,Feb,COHORT_050,Tier 1,199000,30100,55500,10000,5200,8000,11000,9500,5800,0,135100,63900,5.12,0
2023-03,2023,3,Mar,COHORT_050,Tier 1,199000,33400,55500,10000,6600,8000,13700,7700,5600,43990,184490,14510,5.59,1
2023-04,2023,4,Apr,COHORT_050,Tier 1,199000,31100,55500,10000,6600,8000,10300,8300,6500,0,136300,62700,5.15,0
2023-05,2023,5,May,COHORT_050,Tier 1,199000,31300,55500,13900,6600,8000,12400,9000,4500,0,141200,57800,5.77,0
2023-06,2023,6,Jun,COHORT_050,Tier 1,199000,31900,55500,13900,6500,19900,12600,8300,6800,0,155400,43600,5.12,0
2023-07,2023,7,Jul,COHORT_050,Tier 1,199000,30800,55500,13900,6500,19900,11000,7900,5500,0,151000,48000,5.71,0
2023-08,2023,8,Aug,COHORT_050,Tier 1,199000,35300,55500,10000,5700,8000,10000,10600,5200,0,140300,58700,5.41,0
2023-09,2023,9,Sep,COHORT_050,Tier 1,199000,30200,55500,10000,4700,8000,8100,8000,5000,0,129500,69500,5.09,0
2023-10,2023,10,Oct,COHORT_050,Tier 1,199000,35700,55500,10000,4800,8000,13700,16800,4700,41199,190399,8601,5.62,1
2023-11,2023,11,Nov,COHORT_050,Tier 1,199000,31600,55500,10000,6600,8000,19100,9200,4700,35533,180233,18767,5.74,1
2023-12,2023,12,Dec,COHORT_050,Tier 1,199000,30500,55500,10000,5100,8000,9000,11600,7600,0,137300,61700,5.07,0
2024-01,2024,1,Jan,COHORT_050,Tier 1,213000,37800,59500,10600,5000,8500,10000,12700,8300,0,152400,60600,4.99,0
2024-02,2024,2,Feb,COHORT_050,Tier 1,213000,34300,59500,10600,6900,8500,8700,11200,6900,0,146600,66400,4.41,0
2024-03,2024,3,Mar,COHORT_050,Tier 1,213000,32000,59500,10600,4900,8500,17400,14200,6100,44348,197548,15452,4.6,1
2024-04,2024,4,Apr,COHORT_050,Tier 1,213000,35400,59500,10600,6000,8500,9800,10400,6500,0,146700,66300,4.51,0
2024-05,2024,5,May,COHORT_050,Tier 1,213000,34400,59500,14900,7200,8500,9500,12700,8000,0,154700,58300,4.41,0
2024-06,2024,6,Jun,COHORT_050,Tier 1,213000,35800,59500,14900,4700,21300,9500,7100,7400,0,160200,52800,4.53,0
2024-07,2024,7,Jul,COHORT_050,Tier 1,213000,33900,59500,14900,6800,21300,11800,8700,6700,0,163600,49400,4.72,0
2024-08,2024,8,Aug,COHORT_050,Tier 1,213000,35200,59500,10600,4600,8500,9100,12300,8000,0,147800,65200,4.84,0
2024-09,2024,9,Sep,COHORT_050,Tier 1,213000,30000,59500,10600,5000,8500,9200,6700,8400,0,137900,75100,5.17,0
2024-10,2024,10,Oct,COHORT_050,Tier 1,213000,31600,59500,10600,4400,8500,15100,13200,7700,28961,179561,33439,4.8,1
2024-11,2024,11,Nov,COHORT_050,Tier 1,213000,36700,59500,10600,5000,8500,13600,15000,7700,42905,199505,13495,4.9,1
2024-12,2024,12,Dec,COHORT_050,Tier 1,213000,36600,59500,10600,6400,8500,9700,6400,4300,0,142000,71000,4.77,0
2025-01,2025,1,Jan,COHORT_050,Tier 1,227000,33000,63500,11400,7600,9100,10000,12300,7200,0,154100,72900,4.85,0
2025-02,2025,2,Feb,COHORT_050,Tier 1,227000,37100,63500,11400,4800,9100,12000,6800,6900,0,151600,75400,4.26,0
2025-03,2025,3,Mar,COHORT_050,Tier 1,227000,37500,63500,11400,8300,9100,11600,11200,5400,44688,202688,24312,4.76,1
2025-04,2025,4,Apr,COHORT_050,Tier 1,227000,40700,63500,11400,4900,9100,13500,7600,8300,0,159000,68000,4.71,0
2025-05,2025,5,May,COHORT_050,Tier 1,227000,33100,63500,15900,5800,9100,15900,10900,5600,0,159800,67200,4.17,0
2025-06,2025,6,Jun,COHORT_050,Tier 1,227000,34900,63500,15900,8200,22700,10400,13500,8400,0,177500,49500,4.19,0
2025-07,2025,7,Jul,COHORT_050,Tier 1,227000,37200,63500,15900,6300,22700,13200,9200,6200,0,174200,52800,4.34,0
2025-08,2025,8,Aug,COHORT_050,Tier 1,227000,37200,63500,11400,4900,9100,15400,10600,8800,0,160900,66100,4.54,0
2025-09,2025,9,Sep,COHORT_050,Tier 1,227000,40100,63500,11400,6800,9100,10700,7700,7700,0,157000,70000,4.25,0
2025-10,2025,10,Oct,COHORT_050,Tier 1,227000,33800,63500,11400,8600,9100,16300,16800,7700,40544,207744,19256,4.56,1
2025-11,2025,11,Nov,COHORT_050,Tier 1,227000,40500,63500,11400,4800,9100,16400,17500,7700,55795,226695,305,4.32,1
2025-12,2025,12,Dec,COHORT_050,Tier 1,227000,37900,63500,11400,7300,9100,14600,9700,7900,0,161400,65600,4.66,0
